{
  "type": "FeatureCollection",
  "features": [
    {
      "type": "Feature",
      "geometry": {
        "type": "Polygon",
        "coordinates": [
          [
            [
              null,
              null
            ],
            [
              null,
              null
            ],
            [
              null,
              null
            ],
            [
              null,
              null
            ],
            [
              null,
              null
            ]
          ]
        ]
      },
      "properties": {
        "account": "target",
        "name": "Target Import Warehouse Savannah (T3684)",
        "type": "Import Warehouse",
        "archetype": "#9",
        "archetypeName": "Gate + No GS (remote check-in)",
        "confidence": "high",
        "zone": "perimeter",
        "truckGate": true,
        "guardShack": false,
        "remoteGs": true,
        "fastLaneOpportunity": true,
        "backupSensitive": false,
        "dropYard": true,
        "multipleFacilities": false,
        "scale": false,
        "shipRcvSeparate": false,
        "urbanRural": "Rural",
        "dockDoors": "50+",
        "dropArea": "50+",
        "yardMetrics": {
          "dockDoorCount": 120,
          "trailersVisible": 160,
          "trailerParkingCapacity": 250,
          "truckGateCount": 1,
          "buildingCount": 1,
          "siteAreaAcres": 154.3,
          "railServed": false
        }
      }
    },
    {
      "type": "Feature",
      "geometry": {
        "type": "Polygon",
        "coordinates": [
          [
            [
              null,
              null
            ],
            [
              null,
              null
            ],
            [
              null,
              null
            ],
            [
              null,
              null
            ],
            [
              null,
              null
            ]
          ]
        ]
      },
      "properties": {
        "account": "target",
        "name": "Target Import Warehouse Savannah (T3684)",
        "type": "Import Warehouse",
        "archetype": "#9",
        "archetypeName": "Gate + No GS (remote check-in)",
        "confidence": "high",
        "zone": "truckGate"
      }
    },
    {
      "type": "Feature",
      "geometry": {
        "type": "Polygon",
        "coordinates": [
          [
            [
              null,
              null
            ],
            [
              null,
              null
            ],
            [
              null,
              null
            ],
            [
              null,
              null
            ],
            [
              null,
              null
            ]
          ]
        ]
      },
      "properties": {
        "account": "target",
        "name": "Target Import Warehouse Savannah (T3684)",
        "type": "Import Warehouse",
        "archetype": "#9",
        "archetypeName": "Gate + No GS (remote check-in)",
        "confidence": "high",
        "zone": "dropYard",
        "index": 1
      }
    },
    {
      "type": "Feature",
      "geometry": {
        "type": "Polygon",
        "coordinates": [
          [
            [
              null,
              null
            ],
            [
              null,
              null
            ],
            [
              null,
              null
            ],
            [
              null,
              null
            ],
            [
              null,
              null
            ]
          ]
        ]
      },
      "properties": {
        "account": "target",
        "name": "Target Import Warehouse Savannah (T3684)",
        "type": "Import Warehouse",
        "archetype": "#9",
        "archetypeName": "Gate + No GS (remote check-in)",
        "confidence": "high",
        "zone": "dockApron",
        "index": 1
      }
    },
    {
      "type": "Feature",
      "geometry": {
        "type": "Polygon",
        "coordinates": [
          [
            [
              null,
              null
            ],
            [
              null,
              null
            ],
            [
              null,
              null
            ],
            [
              null,
              null
            ],
            [
              null,
              null
            ]
          ]
        ]
      },
      "properties": {
        "account": "target",
        "name": "Target Import Distribution Center Lacey",
        "type": "Import Warehouse",
        "archetype": "#9",
        "archetypeName": "Gate + No GS (remote check-in)",
        "confidence": "medium",
        "zone": "perimeter",
        "truckGate": true,
        "guardShack": false,
        "remoteGs": true,
        "fastLaneOpportunity": true,
        "backupSensitive": false,
        "dropYard": true,
        "multipleFacilities": false,
        "scale": false,
        "shipRcvSeparate": false,
        "urbanRural": "Rural",
        "dockDoors": "50+",
        "dropArea": "50+",
        "yardMetrics": {
          "dockDoorCount": 130,
          "trailersVisible": 120,
          "trailerParkingCapacity": 200,
          "truckGateCount": 1,
          "buildingCount": 1,
          "siteAreaAcres": 62,
          "railServed": false
        }
      }
    },
    {
      "type": "Feature",
      "geometry": {
        "type": "Polygon",
        "coordinates": [
          [
            [
              null,
              null
            ],
            [
              null,
              null
            ],
            [
              null,
              null
            ],
            [
              null,
              null
            ],
            [
              null,
              null
            ]
          ]
        ]
      },
      "properties": {
        "account": "target",
        "name": "Target Import Distribution Center Lacey",
        "type": "Import Warehouse",
        "archetype": "#9",
        "archetypeName": "Gate + No GS (remote check-in)",
        "confidence": "medium",
        "zone": "truckGate"
      }
    },
    {
      "type": "Feature",
      "geometry": {
        "type": "Polygon",
        "coordinates": [
          [
            [
              null,
              null
            ],
            [
              null,
              null
            ],
            [
              null,
              null
            ],
            [
              null,
              null
            ],
            [
              null,
              null
            ]
          ]
        ]
      },
      "properties": {
        "account": "target",
        "name": "Target Import Distribution Center Lacey",
        "type": "Import Warehouse",
        "archetype": "#9",
        "archetypeName": "Gate + No GS (remote check-in)",
        "confidence": "medium",
        "zone": "dropYard",
        "index": 1
      }
    },
    {
      "type": "Feature",
      "geometry": {
        "type": "Polygon",
        "coordinates": [
          [
            [
              null,
              null
            ],
            [
              null,
              null
            ],
            [
              null,
              null
            ],
            [
              null,
              null
            ],
            [
              null,
              null
            ]
          ]
        ]
      },
      "properties": {
        "account": "target",
        "name": "Target Import Distribution Center Lacey",
        "type": "Import Warehouse",
        "archetype": "#9",
        "archetypeName": "Gate + No GS (remote check-in)",
        "confidence": "medium",
        "zone": "dockApron",
        "index": 1
      }
    },
    {
      "type": "Feature",
      "geometry": {
        "type": "Polygon",
        "coordinates": [
          [
            [
              null,
              null
            ],
            [
              null,
              null
            ],
            [
              null,
              null
            ],
            [
              null,
              null
            ],
            [
              null,
              null
            ]
          ]
        ]
      },
      "properties": {
        "account": "target",
        "name": "Target Import Distribution Center Rialto (T3806)",
        "type": "Import Warehouse",
        "archetype": "#6",
        "archetypeName": "Gate + GS (not BU sens.) + campus",
        "confidence": "high",
        "zone": "perimeter",
        "truckGate": true,
        "guardShack": true,
        "remoteGs": false,
        "fastLaneOpportunity": true,
        "backupSensitive": false,
        "dropYard": true,
        "multipleFacilities": true,
        "scale": false,
        "shipRcvSeparate": true,
        "urbanRural": "Urban",
        "dockDoors": "50+",
        "dropArea": "50+",
        "yardMetrics": {
          "dockDoorCount": 320,
          "trailersVisible": 600,
          "trailerParkingCapacity": 800,
          "truckGateCount": 1,
          "buildingCount": 2,
          "siteAreaAcres": 160,
          "railServed": false
        }
      }
    },
    {
      "type": "Feature",
      "geometry": {
        "type": "Polygon",
        "coordinates": [
          [
            [
              null,
              null
            ],
            [
              null,
              null
            ],
            [
              null,
              null
            ],
            [
              null,
              null
            ],
            [
              null,
              null
            ]
          ]
        ]
      },
      "properties": {
        "account": "target",
        "name": "Target Import Distribution Center Rialto (T3806)",
        "type": "Import Warehouse",
        "archetype": "#6",
        "archetypeName": "Gate + GS (not BU sens.) + campus",
        "confidence": "high",
        "zone": "truckGate"
      }
    },
    {
      "type": "Feature",
      "geometry": {
        "type": "Polygon",
        "coordinates": [
          [
            [
              null,
              null
            ],
            [
              null,
              null
            ],
            [
              null,
              null
            ],
            [
              null,
              null
            ],
            [
              null,
              null
            ]
          ]
        ]
      },
      "properties": {
        "account": "target",
        "name": "Target Import Distribution Center Rialto (T3806)",
        "type": "Import Warehouse",
        "archetype": "#6",
        "archetypeName": "Gate + GS (not BU sens.) + campus",
        "confidence": "high",
        "zone": "dropYard",
        "index": 1
      }
    },
    {
      "type": "Feature",
      "geometry": {
        "type": "Polygon",
        "coordinates": [
          [
            [
              null,
              null
            ],
            [
              null,
              null
            ],
            [
              null,
              null
            ],
            [
              null,
              null
            ],
            [
              null,
              null
            ]
          ]
        ]
      },
      "properties": {
        "account": "target",
        "name": "Target Import Distribution Center Rialto (T3806)",
        "type": "Import Warehouse",
        "archetype": "#6",
        "archetypeName": "Gate + GS (not BU sens.) + campus",
        "confidence": "high",
        "zone": "dropYard",
        "index": 2
      }
    },
    {
      "type": "Feature",
      "geometry": {
        "type": "Polygon",
        "coordinates": [
          [
            [
              null,
              null
            ],
            [
              null,
              null
            ],
            [
              null,
              null
            ],
            [
              null,
              null
            ],
            [
              null,
              null
            ]
          ]
        ]
      },
      "properties": {
        "account": "target",
        "name": "Target Import Distribution Center Rialto (T3806)",
        "type": "Import Warehouse",
        "archetype": "#6",
        "archetypeName": "Gate + GS (not BU sens.) + campus",
        "confidence": "high",
        "zone": "dockApron",
        "index": 1
      }
    },
    {
      "type": "Feature",
      "geometry": {
        "type": "Polygon",
        "coordinates": [
          [
            [
              null,
              null
            ],
            [
              null,
              null
            ],
            [
              null,
              null
            ],
            [
              null,
              null
            ],
            [
              null,
              null
            ]
          ]
        ]
      },
      "properties": {
        "account": "target",
        "name": "Target Import Distribution Center Rialto (T3806)",
        "type": "Import Warehouse",
        "archetype": "#6",
        "archetypeName": "Gate + GS (not BU sens.) + campus",
        "confidence": "high",
        "zone": "dockApron",
        "index": 2
      }
    },
    {
      "type": "Feature",
      "geometry": {
        "type": "Polygon",
        "coordinates": [
          [
            [
              null,
              null
            ],
            [
              null,
              null
            ],
            [
              null,
              null
            ],
            [
              null,
              null
            ],
            [
              null,
              null
            ]
          ]
        ]
      },
      "properties": {
        "account": "target",
        "name": "Target Import Warehouse Suffolk (T3841)",
        "type": "Import Warehouse",
        "archetype": "#9",
        "archetypeName": "Gate + No GS (remote check-in)",
        "confidence": "medium",
        "zone": "perimeter",
        "truckGate": true,
        "guardShack": false,
        "remoteGs": true,
        "fastLaneOpportunity": true,
        "backupSensitive": false,
        "dropYard": true,
        "multipleFacilities": false,
        "scale": false,
        "shipRcvSeparate": false,
        "urbanRural": "Rural",
        "dockDoors": "50+",
        "dropArea": "50+",
        "yardMetrics": {
          "dockDoorCount": 120,
          "trailersVisible": 160,
          "trailerParkingCapacity": 250,
          "truckGateCount": 1,
          "buildingCount": 1,
          "siteAreaAcres": 74.6,
          "railServed": false
        }
      }
    },
    {
      "type": "Feature",
      "geometry": {
        "type": "Polygon",
        "coordinates": [
          [
            [
              null,
              null
            ],
            [
              null,
              null
            ],
            [
              null,
              null
            ],
            [
              null,
              null
            ],
            [
              null,
              null
            ]
          ]
        ]
      },
      "properties": {
        "account": "target",
        "name": "Target Import Warehouse Suffolk (T3841)",
        "type": "Import Warehouse",
        "archetype": "#9",
        "archetypeName": "Gate + No GS (remote check-in)",
        "confidence": "medium",
        "zone": "truckGate"
      }
    },
    {
      "type": "Feature",
      "geometry": {
        "type": "Polygon",
        "coordinates": [
          [
            [
              null,
              null
            ],
            [
              null,
              null
            ],
            [
              null,
              null
            ],
            [
              null,
              null
            ],
            [
              null,
              null
            ]
          ]
        ]
      },
      "properties": {
        "account": "target",
        "name": "Target Import Warehouse Suffolk (T3841)",
        "type": "Import Warehouse",
        "archetype": "#9",
        "archetypeName": "Gate + No GS (remote check-in)",
        "confidence": "medium",
        "zone": "dropYard",
        "index": 1
      }
    },
    {
      "type": "Feature",
      "geometry": {
        "type": "Polygon",
        "coordinates": [
          [
            [
              null,
              null
            ],
            [
              null,
              null
            ],
            [
              null,
              null
            ],
            [
              null,
              null
            ],
            [
              null,
              null
            ]
          ]
        ]
      },
      "properties": {
        "account": "target",
        "name": "Target Import Warehouse Suffolk (T3841)",
        "type": "Import Warehouse",
        "archetype": "#9",
        "archetypeName": "Gate + No GS (remote check-in)",
        "confidence": "medium",
        "zone": "dockApron",
        "index": 1
      }
    },
    {
      "type": "Feature",
      "geometry": {
        "type": "Polygon",
        "coordinates": [
          [
            [
              null,
              null
            ],
            [
              null,
              null
            ],
            [
              null,
              null
            ],
            [
              null,
              null
            ],
            [
              null,
              null
            ]
          ]
        ]
      },
      "properties": {
        "account": "target",
        "name": "Target Regional Distribution Center Logan Township (T3857)",
        "type": "RDC",
        "archetype": "#7",
        "archetypeName": "Gate + GS (not BU sens.) + fast lane opp",
        "confidence": "high",
        "zone": "perimeter",
        "truckGate": true,
        "guardShack": true,
        "remoteGs": false,
        "fastLaneOpportunity": true,
        "backupSensitive": false,
        "dropYard": true,
        "multipleFacilities": false,
        "scale": false,
        "shipRcvSeparate": false,
        "urbanRural": "Rural",
        "dockDoors": "50+",
        "dropArea": "50+",
        "yardMetrics": {
          "dockDoorCount": 120,
          "trailersVisible": 240,
          "trailerParkingCapacity": 200,
          "truckGateCount": 1,
          "buildingCount": 1,
          "siteAreaAcres": 78,
          "railServed": false
        }
      }
    },
    {
      "type": "Feature",
      "geometry": {
        "type": "Polygon",
        "coordinates": [
          [
            [
              null,
              null
            ],
            [
              null,
              null
            ],
            [
              null,
              null
            ],
            [
              null,
              null
            ],
            [
              null,
              null
            ]
          ]
        ]
      },
      "properties": {
        "account": "target",
        "name": "Target Regional Distribution Center Logan Township (T3857)",
        "type": "RDC",
        "archetype": "#7",
        "archetypeName": "Gate + GS (not BU sens.) + fast lane opp",
        "confidence": "high",
        "zone": "truckGate"
      }
    },
    {
      "type": "Feature",
      "geometry": {
        "type": "Polygon",
        "coordinates": [
          [
            [
              null,
              null
            ],
            [
              null,
              null
            ],
            [
              null,
              null
            ],
            [
              null,
              null
            ],
            [
              null,
              null
            ]
          ]
        ]
      },
      "properties": {
        "account": "target",
        "name": "Target Regional Distribution Center Logan Township (T3857)",
        "type": "RDC",
        "archetype": "#7",
        "archetypeName": "Gate + GS (not BU sens.) + fast lane opp",
        "confidence": "high",
        "zone": "dropYard",
        "index": 1
      }
    },
    {
      "type": "Feature",
      "geometry": {
        "type": "Polygon",
        "coordinates": [
          [
            [
              null,
              null
            ],
            [
              null,
              null
            ],
            [
              null,
              null
            ],
            [
              null,
              null
            ],
            [
              null,
              null
            ]
          ]
        ]
      },
      "properties": {
        "account": "target",
        "name": "Target Regional Distribution Center Logan Township (T3857)",
        "type": "RDC",
        "archetype": "#7",
        "archetypeName": "Gate + GS (not BU sens.) + fast lane opp",
        "confidence": "high",
        "zone": "dockApron",
        "index": 1
      }
    },
    {
      "type": "Feature",
      "geometry": {
        "type": "Polygon",
        "coordinates": [
          [
            [
              null,
              null
            ],
            [
              null,
              null
            ],
            [
              null,
              null
            ],
            [
              null,
              null
            ],
            [
              null,
              null
            ]
          ]
        ]
      },
      "properties": {
        "account": "target",
        "name": "Target Regional Distribution Center Fontana (T0553)",
        "type": "RDC",
        "archetype": "#10",
        "archetypeName": "Ship/Rcv Separate (Gate+GS)",
        "confidence": "high",
        "zone": "perimeter",
        "truckGate": true,
        "guardShack": true,
        "remoteGs": false,
        "fastLaneOpportunity": true,
        "backupSensitive": false,
        "dropYard": true,
        "multipleFacilities": false,
        "scale": false,
        "shipRcvSeparate": true,
        "urbanRural": "Urban",
        "dockDoors": "50+",
        "dropArea": "50+",
        "yardMetrics": {
          "dockDoorCount": 140,
          "trailersVisible": 360,
          "trailerParkingCapacity": 450,
          "truckGateCount": 1,
          "buildingCount": 1,
          "siteAreaAcres": 46.1,
          "railServed": false
        }
      }
    },
    {
      "type": "Feature",
      "geometry": {
        "type": "Polygon",
        "coordinates": [
          [
            [
              null,
              null
            ],
            [
              null,
              null
            ],
            [
              null,
              null
            ],
            [
              null,
              null
            ],
            [
              null,
              null
            ]
          ]
        ]
      },
      "properties": {
        "account": "target",
        "name": "Target Regional Distribution Center Fontana (T0553)",
        "type": "RDC",
        "archetype": "#10",
        "archetypeName": "Ship/Rcv Separate (Gate+GS)",
        "confidence": "high",
        "zone": "truckGate"
      }
    },
    {
      "type": "Feature",
      "geometry": {
        "type": "Polygon",
        "coordinates": [
          [
            [
              null,
              null
            ],
            [
              null,
              null
            ],
            [
              null,
              null
            ],
            [
              null,
              null
            ],
            [
              null,
              null
            ]
          ]
        ]
      },
      "properties": {
        "account": "target",
        "name": "Target Regional Distribution Center Fontana (T0553)",
        "type": "RDC",
        "archetype": "#10",
        "archetypeName": "Ship/Rcv Separate (Gate+GS)",
        "confidence": "high",
        "zone": "dropYard",
        "index": 1
      }
    },
    {
      "type": "Feature",
      "geometry": {
        "type": "Polygon",
        "coordinates": [
          [
            [
              null,
              null
            ],
            [
              null,
              null
            ],
            [
              null,
              null
            ],
            [
              null,
              null
            ],
            [
              null,
              null
            ]
          ]
        ]
      },
      "properties": {
        "account": "target",
        "name": "Target Regional Distribution Center Fontana (T0553)",
        "type": "RDC",
        "archetype": "#10",
        "archetypeName": "Ship/Rcv Separate (Gate+GS)",
        "confidence": "high",
        "zone": "dropYard",
        "index": 2
      }
    },
    {
      "type": "Feature",
      "geometry": {
        "type": "Polygon",
        "coordinates": [
          [
            [
              null,
              null
            ],
            [
              null,
              null
            ],
            [
              null,
              null
            ],
            [
              null,
              null
            ],
            [
              null,
              null
            ]
          ]
        ]
      },
      "properties": {
        "account": "target",
        "name": "Target Regional Distribution Center Fontana (T0553)",
        "type": "RDC",
        "archetype": "#10",
        "archetypeName": "Ship/Rcv Separate (Gate+GS)",
        "confidence": "high",
        "zone": "dockApron",
        "index": 1
      }
    },
    {
      "type": "Feature",
      "geometry": {
        "type": "Polygon",
        "coordinates": [
          [
            [
              null,
              null
            ],
            [
              null,
              null
            ],
            [
              null,
              null
            ],
            [
              null,
              null
            ],
            [
              null,
              null
            ]
          ]
        ]
      },
      "properties": {
        "account": "target",
        "name": "Target Regional Distribution Center Fontana (T0553)",
        "type": "RDC",
        "archetype": "#10",
        "archetypeName": "Ship/Rcv Separate (Gate+GS)",
        "confidence": "high",
        "zone": "dockApron",
        "index": 2
      }
    },
    {
      "type": "Feature",
      "geometry": {
        "type": "Polygon",
        "coordinates": [
          [
            [
              null,
              null
            ],
            [
              null,
              null
            ],
            [
              null,
              null
            ],
            [
              null,
              null
            ],
            [
              null,
              null
            ]
          ]
        ]
      },
      "properties": {
        "account": "target",
        "name": "Target Regional Distribution Center Shafter (T0593)",
        "type": "RDC",
        "archetype": "#9",
        "archetypeName": "Gate + No GS (remote check-in)",
        "confidence": "high",
        "zone": "perimeter",
        "truckGate": true,
        "guardShack": false,
        "remoteGs": true,
        "fastLaneOpportunity": true,
        "backupSensitive": false,
        "dropYard": true,
        "multipleFacilities": false,
        "scale": false,
        "shipRcvSeparate": false,
        "urbanRural": "Rural",
        "dockDoors": "50+",
        "dropArea": "50+",
        "yardMetrics": {
          "dockDoorCount": 120,
          "trailersVisible": 350,
          "trailerParkingCapacity": 450,
          "truckGateCount": 1,
          "buildingCount": 1,
          "siteAreaAcres": 99.7,
          "railServed": false
        }
      }
    },
    {
      "type": "Feature",
      "geometry": {
        "type": "Polygon",
        "coordinates": [
          [
            [
              null,
              null
            ],
            [
              null,
              null
            ],
            [
              null,
              null
            ],
            [
              null,
              null
            ],
            [
              null,
              null
            ]
          ]
        ]
      },
      "properties": {
        "account": "target",
        "name": "Target Regional Distribution Center Shafter (T0593)",
        "type": "RDC",
        "archetype": "#9",
        "archetypeName": "Gate + No GS (remote check-in)",
        "confidence": "high",
        "zone": "truckGate"
      }
    },
    {
      "type": "Feature",
      "geometry": {
        "type": "Polygon",
        "coordinates": [
          [
            [
              null,
              null
            ],
            [
              null,
              null
            ],
            [
              null,
              null
            ],
            [
              null,
              null
            ],
            [
              null,
              null
            ]
          ]
        ]
      },
      "properties": {
        "account": "target",
        "name": "Target Regional Distribution Center Shafter (T0593)",
        "type": "RDC",
        "archetype": "#9",
        "archetypeName": "Gate + No GS (remote check-in)",
        "confidence": "high",
        "zone": "dropYard",
        "index": 1
      }
    },
    {
      "type": "Feature",
      "geometry": {
        "type": "Polygon",
        "coordinates": [
          [
            [
              null,
              null
            ],
            [
              null,
              null
            ],
            [
              null,
              null
            ],
            [
              null,
              null
            ],
            [
              null,
              null
            ]
          ]
        ]
      },
      "properties": {
        "account": "target",
        "name": "Target Regional Distribution Center Shafter (T0593)",
        "type": "RDC",
        "archetype": "#9",
        "archetypeName": "Gate + No GS (remote check-in)",
        "confidence": "high",
        "zone": "dockApron",
        "index": 1
      }
    },
    {
      "type": "Feature",
      "geometry": {
        "type": "Polygon",
        "coordinates": [
          [
            [
              null,
              null
            ],
            [
              null,
              null
            ],
            [
              null,
              null
            ],
            [
              null,
              null
            ],
            [
              null,
              null
            ]
          ]
        ]
      },
      "properties": {
        "account": "target",
        "name": "Target Regional Distribution Center Madison (T0580)",
        "type": "RDC",
        "archetype": "#10",
        "archetypeName": "Ship/Rcv Separate (Gate+GS)",
        "confidence": "high",
        "zone": "perimeter",
        "truckGate": true,
        "guardShack": true,
        "remoteGs": false,
        "fastLaneOpportunity": true,
        "backupSensitive": false,
        "dropYard": true,
        "multipleFacilities": false,
        "scale": true,
        "shipRcvSeparate": true,
        "urbanRural": "Rural",
        "dockDoors": "50+",
        "dropArea": "50+",
        "yardMetrics": {
          "dockDoorCount": 120,
          "trailersVisible": 180,
          "trailerParkingCapacity": 250,
          "truckGateCount": 1,
          "buildingCount": 3,
          "siteAreaAcres": 88.4,
          "railServed": false
        }
      }
    },
    {
      "type": "Feature",
      "geometry": {
        "type": "Polygon",
        "coordinates": [
          [
            [
              null,
              null
            ],
            [
              null,
              null
            ],
            [
              null,
              null
            ],
            [
              null,
              null
            ],
            [
              null,
              null
            ]
          ]
        ]
      },
      "properties": {
        "account": "target",
        "name": "Target Regional Distribution Center Madison (T0580)",
        "type": "RDC",
        "archetype": "#10",
        "archetypeName": "Ship/Rcv Separate (Gate+GS)",
        "confidence": "high",
        "zone": "truckGate"
      }
    },
    {
      "type": "Feature",
      "geometry": {
        "type": "Polygon",
        "coordinates": [
          [
            [
              null,
              null
            ],
            [
              null,
              null
            ],
            [
              null,
              null
            ],
            [
              null,
              null
            ],
            [
              null,
              null
            ]
          ]
        ]
      },
      "properties": {
        "account": "target",
        "name": "Target Regional Distribution Center Madison (T0580)",
        "type": "RDC",
        "archetype": "#10",
        "archetypeName": "Ship/Rcv Separate (Gate+GS)",
        "confidence": "high",
        "zone": "dropYard",
        "index": 1
      }
    },
    {
      "type": "Feature",
      "geometry": {
        "type": "Polygon",
        "coordinates": [
          [
            [
              null,
              null
            ],
            [
              null,
              null
            ],
            [
              null,
              null
            ],
            [
              null,
              null
            ],
            [
              null,
              null
            ]
          ]
        ]
      },
      "properties": {
        "account": "target",
        "name": "Target Regional Distribution Center Madison (T0580)",
        "type": "RDC",
        "archetype": "#10",
        "archetypeName": "Ship/Rcv Separate (Gate+GS)",
        "confidence": "high",
        "zone": "dockApron",
        "index": 1
      }
    },
    {
      "type": "Feature",
      "geometry": {
        "type": "Polygon",
        "coordinates": [
          [
            [
              null,
              null
            ],
            [
              null,
              null
            ],
            [
              null,
              null
            ],
            [
              null,
              null
            ],
            [
              null,
              null
            ]
          ]
        ]
      },
      "properties": {
        "account": "target",
        "name": "Target Regional Distribution Center Madison (T0580)",
        "type": "RDC",
        "archetype": "#10",
        "archetypeName": "Ship/Rcv Separate (Gate+GS)",
        "confidence": "high",
        "zone": "dockApron",
        "index": 2
      }
    },
    {
      "type": "Feature",
      "geometry": {
        "type": "Polygon",
        "coordinates": [
          [
            [
              null,
              null
            ],
            [
              null,
              null
            ],
            [
              null,
              null
            ],
            [
              null,
              null
            ],
            [
              null,
              null
            ]
          ]
        ]
      },
      "properties": {
        "account": "target",
        "name": "Target Regional Distribution Center Tifton (T0556)",
        "type": "RDC",
        "archetype": "#9",
        "archetypeName": "Gate + No GS (remote check-in)",
        "confidence": "high",
        "zone": "perimeter",
        "truckGate": true,
        "guardShack": false,
        "remoteGs": true,
        "fastLaneOpportunity": true,
        "backupSensitive": false,
        "dropYard": true,
        "multipleFacilities": false,
        "scale": false,
        "shipRcvSeparate": true,
        "urbanRural": "Rural",
        "dockDoors": "50+",
        "dropArea": "50+",
        "yardMetrics": {
          "dockDoorCount": 110,
          "trailersVisible": 320,
          "trailerParkingCapacity": 450,
          "truckGateCount": 2,
          "buildingCount": 2,
          "siteAreaAcres": 83.5,
          "railServed": true
        }
      }
    },
    {
      "type": "Feature",
      "geometry": {
        "type": "Polygon",
        "coordinates": [
          [
            [
              null,
              null
            ],
            [
              null,
              null
            ],
            [
              null,
              null
            ],
            [
              null,
              null
            ],
            [
              null,
              null
            ]
          ]
        ]
      },
      "properties": {
        "account": "target",
        "name": "Target Regional Distribution Center Tifton (T0556)",
        "type": "RDC",
        "archetype": "#9",
        "archetypeName": "Gate + No GS (remote check-in)",
        "confidence": "high",
        "zone": "truckGate"
      }
    },
    {
      "type": "Feature",
      "geometry": {
        "type": "Polygon",
        "coordinates": [
          [
            [
              null,
              null
            ],
            [
              null,
              null
            ],
            [
              null,
              null
            ],
            [
              null,
              null
            ],
            [
              null,
              null
            ]
          ]
        ]
      },
      "properties": {
        "account": "target",
        "name": "Target Regional Distribution Center Tifton (T0556)",
        "type": "RDC",
        "archetype": "#9",
        "archetypeName": "Gate + No GS (remote check-in)",
        "confidence": "high",
        "zone": "dropYard",
        "index": 1
      }
    },
    {
      "type": "Feature",
      "geometry": {
        "type": "Polygon",
        "coordinates": [
          [
            [
              null,
              null
            ],
            [
              null,
              null
            ],
            [
              null,
              null
            ],
            [
              null,
              null
            ],
            [
              null,
              null
            ]
          ]
        ]
      },
      "properties": {
        "account": "target",
        "name": "Target Regional Distribution Center Tifton (T0556)",
        "type": "RDC",
        "archetype": "#9",
        "archetypeName": "Gate + No GS (remote check-in)",
        "confidence": "high",
        "zone": "dockApron",
        "index": 1
      }
    },
    {
      "type": "Feature",
      "geometry": {
        "type": "Polygon",
        "coordinates": [
          [
            [
              null,
              null
            ],
            [
              null,
              null
            ],
            [
              null,
              null
            ],
            [
              null,
              null
            ],
            [
              null,
              null
            ]
          ]
        ]
      },
      "properties": {
        "account": "target",
        "name": "Target Regional Distribution Center Tifton (T0556)",
        "type": "RDC",
        "archetype": "#9",
        "archetypeName": "Gate + No GS (remote check-in)",
        "confidence": "high",
        "zone": "dockApron",
        "index": 2
      }
    },
    {
      "type": "Feature",
      "geometry": {
        "type": "Polygon",
        "coordinates": [
          [
            [
              null,
              null
            ],
            [
              null,
              null
            ],
            [
              null,
              null
            ],
            [
              null,
              null
            ],
            [
              null,
              null
            ]
          ]
        ]
      },
      "properties": {
        "account": "target",
        "name": "Target Regional Distribution Center Indianapolis (T0559)",
        "type": "RDC",
        "archetype": "#9",
        "archetypeName": "Gate + No GS (remote check-in)",
        "confidence": "high",
        "zone": "perimeter",
        "truckGate": true,
        "guardShack": false,
        "remoteGs": true,
        "fastLaneOpportunity": true,
        "backupSensitive": false,
        "dropYard": true,
        "multipleFacilities": false,
        "scale": false,
        "shipRcvSeparate": true,
        "urbanRural": "Urban",
        "dockDoors": "50+",
        "dropArea": "50+",
        "yardMetrics": {
          "dockDoorCount": 180,
          "trailersVisible": 320,
          "trailerParkingCapacity": 450,
          "truckGateCount": 2,
          "buildingCount": 1,
          "siteAreaAcres": 72,
          "railServed": false
        }
      }
    },
    {
      "type": "Feature",
      "geometry": {
        "type": "Polygon",
        "coordinates": [
          [
            [
              null,
              null
            ],
            [
              null,
              null
            ],
            [
              null,
              null
            ],
            [
              null,
              null
            ],
            [
              null,
              null
            ]
          ]
        ]
      },
      "properties": {
        "account": "target",
        "name": "Target Regional Distribution Center Indianapolis (T0559)",
        "type": "RDC",
        "archetype": "#9",
        "archetypeName": "Gate + No GS (remote check-in)",
        "confidence": "high",
        "zone": "truckGate"
      }
    },
    {
      "type": "Feature",
      "geometry": {
        "type": "Polygon",
        "coordinates": [
          [
            [
              null,
              null
            ],
            [
              null,
              null
            ],
            [
              null,
              null
            ],
            [
              null,
              null
            ],
            [
              null,
              null
            ]
          ]
        ]
      },
      "properties": {
        "account": "target",
        "name": "Target Regional Distribution Center Indianapolis (T0559)",
        "type": "RDC",
        "archetype": "#9",
        "archetypeName": "Gate + No GS (remote check-in)",
        "confidence": "high",
        "zone": "dropYard",
        "index": 1
      }
    },
    {
      "type": "Feature",
      "geometry": {
        "type": "Polygon",
        "coordinates": [
          [
            [
              null,
              null
            ],
            [
              null,
              null
            ],
            [
              null,
              null
            ],
            [
              null,
              null
            ],
            [
              null,
              null
            ]
          ]
        ]
      },
      "properties": {
        "account": "target",
        "name": "Target Regional Distribution Center Indianapolis (T0559)",
        "type": "RDC",
        "archetype": "#9",
        "archetypeName": "Gate + No GS (remote check-in)",
        "confidence": "high",
        "zone": "dropYard",
        "index": 2
      }
    },
    {
      "type": "Feature",
      "geometry": {
        "type": "Polygon",
        "coordinates": [
          [
            [
              null,
              null
            ],
            [
              null,
              null
            ],
            [
              null,
              null
            ],
            [
              null,
              null
            ],
            [
              null,
              null
            ]
          ]
        ]
      },
      "properties": {
        "account": "target",
        "name": "Target Regional Distribution Center Indianapolis (T0559)",
        "type": "RDC",
        "archetype": "#9",
        "archetypeName": "Gate + No GS (remote check-in)",
        "confidence": "high",
        "zone": "dockApron",
        "index": 1
      }
    },
    {
      "type": "Feature",
      "geometry": {
        "type": "Polygon",
        "coordinates": [
          [
            [
              null,
              null
            ],
            [
              null,
              null
            ],
            [
              null,
              null
            ],
            [
              null,
              null
            ],
            [
              null,
              null
            ]
          ]
        ]
      },
      "properties": {
        "account": "target",
        "name": "Target Regional Distribution Center Indianapolis (T0559)",
        "type": "RDC",
        "archetype": "#9",
        "archetypeName": "Gate + No GS (remote check-in)",
        "confidence": "high",
        "zone": "dockApron",
        "index": 2
      }
    },
    {
      "type": "Feature",
      "geometry": {
        "type": "Polygon",
        "coordinates": [
          [
            [
              null,
              null
            ],
            [
              null,
              null
            ],
            [
              null,
              null
            ],
            [
              null,
              null
            ],
            [
              null,
              null
            ]
          ]
        ]
      },
      "properties": {
        "account": "target",
        "name": "Target Regional Distribution Center Stuarts Draft (T0560)",
        "type": "RDC",
        "archetype": "#9",
        "archetypeName": "Gate + No GS (remote check-in)",
        "confidence": "high",
        "zone": "perimeter",
        "truckGate": true,
        "guardShack": false,
        "remoteGs": true,
        "fastLaneOpportunity": true,
        "backupSensitive": false,
        "dropYard": true,
        "multipleFacilities": false,
        "scale": false,
        "shipRcvSeparate": true,
        "urbanRural": "Rural",
        "dockDoors": "50+",
        "dropArea": "50+",
        "yardMetrics": {
          "dockDoorCount": 140,
          "trailersVisible": 180,
          "trailerParkingCapacity": 260,
          "truckGateCount": 1,
          "buildingCount": 1,
          "siteAreaAcres": 53,
          "railServed": false
        }
      }
    },
    {
      "type": "Feature",
      "geometry": {
        "type": "Polygon",
        "coordinates": [
          [
            [
              null,
              null
            ],
            [
              null,
              null
            ],
            [
              null,
              null
            ],
            [
              null,
              null
            ],
            [
              null,
              null
            ]
          ]
        ]
      },
      "properties": {
        "account": "target",
        "name": "Target Regional Distribution Center Stuarts Draft (T0560)",
        "type": "RDC",
        "archetype": "#9",
        "archetypeName": "Gate + No GS (remote check-in)",
        "confidence": "high",
        "zone": "truckGate"
      }
    },
    {
      "type": "Feature",
      "geometry": {
        "type": "Polygon",
        "coordinates": [
          [
            [
              null,
              null
            ],
            [
              null,
              null
            ],
            [
              null,
              null
            ],
            [
              null,
              null
            ],
            [
              null,
              null
            ]
          ]
        ]
      },
      "properties": {
        "account": "target",
        "name": "Target Regional Distribution Center Stuarts Draft (T0560)",
        "type": "RDC",
        "archetype": "#9",
        "archetypeName": "Gate + No GS (remote check-in)",
        "confidence": "high",
        "zone": "dropYard",
        "index": 1
      }
    },
    {
      "type": "Feature",
      "geometry": {
        "type": "Polygon",
        "coordinates": [
          [
            [
              null,
              null
            ],
            [
              null,
              null
            ],
            [
              null,
              null
            ],
            [
              null,
              null
            ],
            [
              null,
              null
            ]
          ]
        ]
      },
      "properties": {
        "account": "target",
        "name": "Target Regional Distribution Center Stuarts Draft (T0560)",
        "type": "RDC",
        "archetype": "#9",
        "archetypeName": "Gate + No GS (remote check-in)",
        "confidence": "high",
        "zone": "dockApron",
        "index": 1
      }
    },
    {
      "type": "Feature",
      "geometry": {
        "type": "Polygon",
        "coordinates": [
          [
            [
              null,
              null
            ],
            [
              null,
              null
            ],
            [
              null,
              null
            ],
            [
              null,
              null
            ],
            [
              null,
              null
            ]
          ]
        ]
      },
      "properties": {
        "account": "target",
        "name": "Target Regional Distribution Center Tyler (T0578)",
        "type": "RDC",
        "archetype": "#7",
        "archetypeName": "Gate + GS (not BU sens.) + fast lane opp",
        "confidence": "high",
        "zone": "perimeter",
        "truckGate": true,
        "guardShack": true,
        "remoteGs": false,
        "fastLaneOpportunity": true,
        "backupSensitive": false,
        "dropYard": true,
        "multipleFacilities": false,
        "scale": false,
        "shipRcvSeparate": false,
        "urbanRural": "Rural",
        "dockDoors": "50+",
        "dropArea": "50+",
        "yardMetrics": {
          "dockDoorCount": 120,
          "trailersVisible": 220,
          "trailerParkingCapacity": 320,
          "truckGateCount": 1,
          "buildingCount": 2,
          "siteAreaAcres": 97,
          "railServed": false
        }
      }
    },
    {
      "type": "Feature",
      "geometry": {
        "type": "Polygon",
        "coordinates": [
          [
            [
              null,
              null
            ],
            [
              null,
              null
            ],
            [
              null,
              null
            ],
            [
              null,
              null
            ],
            [
              null,
              null
            ]
          ]
        ]
      },
      "properties": {
        "account": "target",
        "name": "Target Regional Distribution Center Tyler (T0578)",
        "type": "RDC",
        "archetype": "#7",
        "archetypeName": "Gate + GS (not BU sens.) + fast lane opp",
        "confidence": "high",
        "zone": "truckGate"
      }
    },
    {
      "type": "Feature",
      "geometry": {
        "type": "Polygon",
        "coordinates": [
          [
            [
              null,
              null
            ],
            [
              null,
              null
            ],
            [
              null,
              null
            ],
            [
              null,
              null
            ],
            [
              null,
              null
            ]
          ]
        ]
      },
      "properties": {
        "account": "target",
        "name": "Target Regional Distribution Center Tyler (T0578)",
        "type": "RDC",
        "archetype": "#7",
        "archetypeName": "Gate + GS (not BU sens.) + fast lane opp",
        "confidence": "high",
        "zone": "dropYard",
        "index": 1
      }
    },
    {
      "type": "Feature",
      "geometry": {
        "type": "Polygon",
        "coordinates": [
          [
            [
              null,
              null
            ],
            [
              null,
              null
            ],
            [
              null,
              null
            ],
            [
              null,
              null
            ],
            [
              null,
              null
            ]
          ]
        ]
      },
      "properties": {
        "account": "target",
        "name": "Target Regional Distribution Center Tyler (T0578)",
        "type": "RDC",
        "archetype": "#7",
        "archetypeName": "Gate + GS (not BU sens.) + fast lane opp",
        "confidence": "high",
        "zone": "dropYard",
        "index": 2
      }
    },
    {
      "type": "Feature",
      "geometry": {
        "type": "Polygon",
        "coordinates": [
          [
            [
              null,
              null
            ],
            [
              null,
              null
            ],
            [
              null,
              null
            ],
            [
              null,
              null
            ],
            [
              null,
              null
            ]
          ]
        ]
      },
      "properties": {
        "account": "target",
        "name": "Target Regional Distribution Center Tyler (T0578)",
        "type": "RDC",
        "archetype": "#7",
        "archetypeName": "Gate + GS (not BU sens.) + fast lane opp",
        "confidence": "high",
        "zone": "dockApron",
        "index": 1
      }
    },
    {
      "type": "Feature",
      "geometry": {
        "type": "Polygon",
        "coordinates": [
          [
            [
              null,
              null
            ],
            [
              null,
              null
            ],
            [
              null,
              null
            ],
            [
              null,
              null
            ],
            [
              null,
              null
            ]
          ]
        ]
      },
      "properties": {
        "account": "target",
        "name": "Target Regional Distribution Center Tyler (T0578)",
        "type": "RDC",
        "archetype": "#7",
        "archetypeName": "Gate + GS (not BU sens.) + fast lane opp",
        "confidence": "high",
        "zone": "dockApron",
        "index": 2
      }
    },
    {
      "type": "Feature",
      "geometry": {
        "type": "Polygon",
        "coordinates": [
          [
            [
              null,
              null
            ],
            [
              null,
              null
            ],
            [
              null,
              null
            ],
            [
              null,
              null
            ],
            [
              null,
              null
            ]
          ]
        ]
      },
      "properties": {
        "account": "target",
        "name": "Target Regional Distribution Center Tyler (T0578)",
        "type": "RDC",
        "archetype": "#7",
        "archetypeName": "Gate + GS (not BU sens.) + fast lane opp",
        "confidence": "high",
        "zone": "staging"
      }
    },
    {
      "type": "Feature",
      "geometry": {
        "type": "Polygon",
        "coordinates": [
          [
            [
              null,
              null
            ],
            [
              null,
              null
            ],
            [
              null,
              null
            ],
            [
              null,
              null
            ],
            [
              null,
              null
            ]
          ]
        ]
      },
      "properties": {
        "account": "target",
        "name": "Target Regional Distribution Center Chambersburg (T0589)",
        "type": "RDC",
        "archetype": "#7",
        "archetypeName": "Gate + GS (not BU sens.) + fast lane opp",
        "confidence": "high",
        "zone": "perimeter",
        "truckGate": true,
        "guardShack": true,
        "remoteGs": false,
        "fastLaneOpportunity": true,
        "backupSensitive": false,
        "dropYard": true,
        "multipleFacilities": false,
        "scale": false,
        "shipRcvSeparate": false,
        "urbanRural": "Rural",
        "dockDoors": "50+",
        "dropArea": "50+",
        "yardMetrics": {
          "dockDoorCount": 120,
          "trailersVisible": 350,
          "trailerParkingCapacity": 500,
          "truckGateCount": 1,
          "buildingCount": 1,
          "siteAreaAcres": 120.4,
          "railServed": false
        }
      }
    },
    {
      "type": "Feature",
      "geometry": {
        "type": "Polygon",
        "coordinates": [
          [
            [
              null,
              null
            ],
            [
              null,
              null
            ],
            [
              null,
              null
            ],
            [
              null,
              null
            ],
            [
              null,
              null
            ]
          ]
        ]
      },
      "properties": {
        "account": "target",
        "name": "Target Regional Distribution Center Chambersburg (T0589)",
        "type": "RDC",
        "archetype": "#7",
        "archetypeName": "Gate + GS (not BU sens.) + fast lane opp",
        "confidence": "high",
        "zone": "truckGate"
      }
    },
    {
      "type": "Feature",
      "geometry": {
        "type": "Polygon",
        "coordinates": [
          [
            [
              null,
              null
            ],
            [
              null,
              null
            ],
            [
              null,
              null
            ],
            [
              null,
              null
            ],
            [
              null,
              null
            ]
          ]
        ]
      },
      "properties": {
        "account": "target",
        "name": "Target Regional Distribution Center Chambersburg (T0589)",
        "type": "RDC",
        "archetype": "#7",
        "archetypeName": "Gate + GS (not BU sens.) + fast lane opp",
        "confidence": "high",
        "zone": "dropYard",
        "index": 1
      }
    },
    {
      "type": "Feature",
      "geometry": {
        "type": "Polygon",
        "coordinates": [
          [
            [
              null,
              null
            ],
            [
              null,
              null
            ],
            [
              null,
              null
            ],
            [
              null,
              null
            ],
            [
              null,
              null
            ]
          ]
        ]
      },
      "properties": {
        "account": "target",
        "name": "Target Regional Distribution Center Chambersburg (T0589)",
        "type": "RDC",
        "archetype": "#7",
        "archetypeName": "Gate + GS (not BU sens.) + fast lane opp",
        "confidence": "high",
        "zone": "dockApron",
        "index": 1
      }
    },
    {
      "type": "Feature",
      "geometry": {
        "type": "Polygon",
        "coordinates": [
          [
            [
              null,
              null
            ],
            [
              null,
              null
            ],
            [
              null,
              null
            ],
            [
              null,
              null
            ],
            [
              null,
              null
            ]
          ]
        ]
      },
      "properties": {
        "account": "target",
        "name": "Target Regional Distribution Center Phoenix (T0588)",
        "type": "RDC",
        "archetype": "#7",
        "archetypeName": "Gate + GS (not BU sens.) + fast lane opp",
        "confidence": "high",
        "zone": "perimeter",
        "truckGate": true,
        "guardShack": true,
        "remoteGs": false,
        "fastLaneOpportunity": true,
        "backupSensitive": false,
        "dropYard": true,
        "multipleFacilities": false,
        "scale": false,
        "shipRcvSeparate": false,
        "urbanRural": "Urban",
        "dockDoors": "50+",
        "dropArea": "50+",
        "yardMetrics": {
          "dockDoorCount": 90,
          "trailersVisible": 180,
          "trailerParkingCapacity": 260,
          "truckGateCount": 1,
          "buildingCount": 1,
          "siteAreaAcres": 88,
          "railServed": false
        }
      }
    },
    {
      "type": "Feature",
      "geometry": {
        "type": "Polygon",
        "coordinates": [
          [
            [
              null,
              null
            ],
            [
              null,
              null
            ],
            [
              null,
              null
            ],
            [
              null,
              null
            ],
            [
              null,
              null
            ]
          ]
        ]
      },
      "properties": {
        "account": "target",
        "name": "Target Regional Distribution Center Phoenix (T0588)",
        "type": "RDC",
        "archetype": "#7",
        "archetypeName": "Gate + GS (not BU sens.) + fast lane opp",
        "confidence": "high",
        "zone": "truckGate"
      }
    },
    {
      "type": "Feature",
      "geometry": {
        "type": "Polygon",
        "coordinates": [
          [
            [
              null,
              null
            ],
            [
              null,
              null
            ],
            [
              null,
              null
            ],
            [
              null,
              null
            ],
            [
              null,
              null
            ]
          ]
        ]
      },
      "properties": {
        "account": "target",
        "name": "Target Regional Distribution Center Phoenix (T0588)",
        "type": "RDC",
        "archetype": "#7",
        "archetypeName": "Gate + GS (not BU sens.) + fast lane opp",
        "confidence": "high",
        "zone": "dropYard",
        "index": 1
      }
    },
    {
      "type": "Feature",
      "geometry": {
        "type": "Polygon",
        "coordinates": [
          [
            [
              null,
              null
            ],
            [
              null,
              null
            ],
            [
              null,
              null
            ],
            [
              null,
              null
            ],
            [
              null,
              null
            ]
          ]
        ]
      },
      "properties": {
        "account": "target",
        "name": "Target Regional Distribution Center Phoenix (T0588)",
        "type": "RDC",
        "archetype": "#7",
        "archetypeName": "Gate + GS (not BU sens.) + fast lane opp",
        "confidence": "high",
        "zone": "dockApron",
        "index": 1
      }
    },
    {
      "type": "Feature",
      "geometry": {
        "type": "Polygon",
        "coordinates": [
          [
            [
              null,
              null
            ],
            [
              null,
              null
            ],
            [
              null,
              null
            ],
            [
              null,
              null
            ],
            [
              null,
              null
            ]
          ]
        ]
      },
      "properties": {
        "account": "target",
        "name": "Target Regional Distribution Center Lugoff (T0594)",
        "type": "RDC",
        "archetype": "#7",
        "archetypeName": "Gate + GS (not BU sens.) + fast lane opp",
        "confidence": "high",
        "zone": "perimeter",
        "truckGate": true,
        "guardShack": true,
        "remoteGs": false,
        "fastLaneOpportunity": true,
        "backupSensitive": false,
        "dropYard": true,
        "multipleFacilities": false,
        "scale": false,
        "shipRcvSeparate": false,
        "urbanRural": "Rural",
        "dockDoors": "50+",
        "dropArea": "50+",
        "yardMetrics": {
          "dockDoorCount": 238,
          "trailersVisible": 420,
          "trailerParkingCapacity": 1200,
          "truckGateCount": 1,
          "buildingCount": 1,
          "siteAreaAcres": 68.5,
          "railServed": false
        }
      }
    },
    {
      "type": "Feature",
      "geometry": {
        "type": "Polygon",
        "coordinates": [
          [
            [
              null,
              null
            ],
            [
              null,
              null
            ],
            [
              null,
              null
            ],
            [
              null,
              null
            ],
            [
              null,
              null
            ]
          ]
        ]
      },
      "properties": {
        "account": "target",
        "name": "Target Regional Distribution Center Lugoff (T0594)",
        "type": "RDC",
        "archetype": "#7",
        "archetypeName": "Gate + GS (not BU sens.) + fast lane opp",
        "confidence": "high",
        "zone": "truckGate"
      }
    },
    {
      "type": "Feature",
      "geometry": {
        "type": "Polygon",
        "coordinates": [
          [
            [
              null,
              null
            ],
            [
              null,
              null
            ],
            [
              null,
              null
            ],
            [
              null,
              null
            ],
            [
              null,
              null
            ]
          ]
        ]
      },
      "properties": {
        "account": "target",
        "name": "Target Regional Distribution Center Lugoff (T0594)",
        "type": "RDC",
        "archetype": "#7",
        "archetypeName": "Gate + GS (not BU sens.) + fast lane opp",
        "confidence": "high",
        "zone": "dropYard",
        "index": 1
      }
    },
    {
      "type": "Feature",
      "geometry": {
        "type": "Polygon",
        "coordinates": [
          [
            [
              null,
              null
            ],
            [
              null,
              null
            ],
            [
              null,
              null
            ],
            [
              null,
              null
            ],
            [
              null,
              null
            ]
          ]
        ]
      },
      "properties": {
        "account": "target",
        "name": "Target Regional Distribution Center Lugoff (T0594)",
        "type": "RDC",
        "archetype": "#7",
        "archetypeName": "Gate + GS (not BU sens.) + fast lane opp",
        "confidence": "high",
        "zone": "dockApron",
        "index": 1
      }
    },
    {
      "type": "Feature",
      "geometry": {
        "type": "Polygon",
        "coordinates": [
          [
            [
              null,
              null
            ],
            [
              null,
              null
            ],
            [
              null,
              null
            ],
            [
              null,
              null
            ],
            [
              null,
              null
            ]
          ]
        ]
      },
      "properties": {
        "account": "target",
        "name": "Target Regional Distribution Center Lugoff (T0594)",
        "type": "RDC",
        "archetype": "#7",
        "archetypeName": "Gate + GS (not BU sens.) + fast lane opp",
        "confidence": "high",
        "zone": "dockApron",
        "index": 2
      }
    },
    {
      "type": "Feature",
      "geometry": {
        "type": "Polygon",
        "coordinates": [
          [
            [
              null,
              null
            ],
            [
              null,
              null
            ],
            [
              null,
              null
            ],
            [
              null,
              null
            ],
            [
              null,
              null
            ]
          ]
        ]
      },
      "properties": {
        "account": "target",
        "name": "Target Regional Distribution Center Oconomowoc (T0557)",
        "type": "RDC",
        "archetype": "#3",
        "archetypeName": "No Gate / No GS",
        "confidence": "medium",
        "zone": "perimeter",
        "truckGate": false,
        "guardShack": false,
        "remoteGs": false,
        "fastLaneOpportunity": true,
        "backupSensitive": false,
        "dropYard": true,
        "multipleFacilities": false,
        "scale": false,
        "shipRcvSeparate": true,
        "urbanRural": "Rural",
        "dockDoors": "50+",
        "dropArea": "50+",
        "yardMetrics": {
          "dockDoorCount": 120,
          "trailersVisible": 320,
          "trailerParkingCapacity": 400,
          "truckGateCount": 1,
          "buildingCount": 1,
          "siteAreaAcres": 53,
          "railServed": false
        }
      }
    },
    {
      "type": "Feature",
      "geometry": {
        "type": "Polygon",
        "coordinates": [
          [
            [
              null,
              null
            ],
            [
              null,
              null
            ],
            [
              null,
              null
            ],
            [
              null,
              null
            ],
            [
              null,
              null
            ]
          ]
        ]
      },
      "properties": {
        "account": "target",
        "name": "Target Regional Distribution Center Oconomowoc (T0557)",
        "type": "RDC",
        "archetype": "#3",
        "archetypeName": "No Gate / No GS",
        "confidence": "medium",
        "zone": "truckGate"
      }
    },
    {
      "type": "Feature",
      "geometry": {
        "type": "Polygon",
        "coordinates": [
          [
            [
              null,
              null
            ],
            [
              null,
              null
            ],
            [
              null,
              null
            ],
            [
              null,
              null
            ],
            [
              null,
              null
            ]
          ]
        ]
      },
      "properties": {
        "account": "target",
        "name": "Target Regional Distribution Center Oconomowoc (T0557)",
        "type": "RDC",
        "archetype": "#3",
        "archetypeName": "No Gate / No GS",
        "confidence": "medium",
        "zone": "dropYard",
        "index": 1
      }
    },
    {
      "type": "Feature",
      "geometry": {
        "type": "Polygon",
        "coordinates": [
          [
            [
              null,
              null
            ],
            [
              null,
              null
            ],
            [
              null,
              null
            ],
            [
              null,
              null
            ],
            [
              null,
              null
            ]
          ]
        ]
      },
      "properties": {
        "account": "target",
        "name": "Target Regional Distribution Center Oconomowoc (T0557)",
        "type": "RDC",
        "archetype": "#3",
        "archetypeName": "No Gate / No GS",
        "confidence": "medium",
        "zone": "dockApron",
        "index": 1
      }
    },
    {
      "type": "Feature",
      "geometry": {
        "type": "Polygon",
        "coordinates": [
          [
            [
              null,
              null
            ],
            [
              null,
              null
            ],
            [
              null,
              null
            ],
            [
              null,
              null
            ],
            [
              null,
              null
            ]
          ]
        ]
      },
      "properties": {
        "account": "target",
        "name": "Target Regional Distribution Center Oconomowoc (T0557)",
        "type": "RDC",
        "archetype": "#3",
        "archetypeName": "No Gate / No GS",
        "confidence": "medium",
        "zone": "dockApron",
        "index": 2
      }
    },
    {
      "type": "Feature",
      "geometry": {
        "type": "Polygon",
        "coordinates": [
          [
            [
              null,
              null
            ],
            [
              null,
              null
            ],
            [
              null,
              null
            ],
            [
              null,
              null
            ],
            [
              null,
              null
            ]
          ]
        ]
      },
      "properties": {
        "account": "target",
        "name": "Target Regional Distribution Center Albany (T0558)",
        "type": "RDC",
        "archetype": "#7",
        "archetypeName": "Gate + GS (not BU sens.) + fast lane opp",
        "confidence": "high",
        "zone": "perimeter",
        "truckGate": true,
        "guardShack": true,
        "remoteGs": false,
        "fastLaneOpportunity": true,
        "backupSensitive": false,
        "dropYard": true,
        "multipleFacilities": false,
        "scale": false,
        "shipRcvSeparate": false,
        "urbanRural": "Rural",
        "dockDoors": "50+",
        "dropArea": "50+",
        "yardMetrics": {
          "dockDoorCount": 90,
          "trailersVisible": 320,
          "trailerParkingCapacity": 360,
          "truckGateCount": 1,
          "buildingCount": 2,
          "siteAreaAcres": 61.5,
          "railServed": false
        }
      }
    },
    {
      "type": "Feature",
      "geometry": {
        "type": "Polygon",
        "coordinates": [
          [
            [
              null,
              null
            ],
            [
              null,
              null
            ],
            [
              null,
              null
            ],
            [
              null,
              null
            ],
            [
              null,
              null
            ]
          ]
        ]
      },
      "properties": {
        "account": "target",
        "name": "Target Regional Distribution Center Albany (T0558)",
        "type": "RDC",
        "archetype": "#7",
        "archetypeName": "Gate + GS (not BU sens.) + fast lane opp",
        "confidence": "high",
        "zone": "truckGate"
      }
    },
    {
      "type": "Feature",
      "geometry": {
        "type": "Polygon",
        "coordinates": [
          [
            [
              null,
              null
            ],
            [
              null,
              null
            ],
            [
              null,
              null
            ],
            [
              null,
              null
            ],
            [
              null,
              null
            ]
          ]
        ]
      },
      "properties": {
        "account": "target",
        "name": "Target Regional Distribution Center Albany (T0558)",
        "type": "RDC",
        "archetype": "#7",
        "archetypeName": "Gate + GS (not BU sens.) + fast lane opp",
        "confidence": "high",
        "zone": "dropYard",
        "index": 1
      }
    },
    {
      "type": "Feature",
      "geometry": {
        "type": "Polygon",
        "coordinates": [
          [
            [
              null,
              null
            ],
            [
              null,
              null
            ],
            [
              null,
              null
            ],
            [
              null,
              null
            ],
            [
              null,
              null
            ]
          ]
        ]
      },
      "properties": {
        "account": "target",
        "name": "Target Regional Distribution Center Albany (T0558)",
        "type": "RDC",
        "archetype": "#7",
        "archetypeName": "Gate + GS (not BU sens.) + fast lane opp",
        "confidence": "high",
        "zone": "dockApron",
        "index": 1
      }
    },
    {
      "type": "Feature",
      "geometry": {
        "type": "Polygon",
        "coordinates": [
          [
            [
              null,
              null
            ],
            [
              null,
              null
            ],
            [
              null,
              null
            ],
            [
              null,
              null
            ],
            [
              null,
              null
            ]
          ]
        ]
      },
      "properties": {
        "account": "target",
        "name": "Target Regional Distribution Center Albany (T0558)",
        "type": "RDC",
        "archetype": "#7",
        "archetypeName": "Gate + GS (not BU sens.) + fast lane opp",
        "confidence": "high",
        "zone": "staging"
      }
    },
    {
      "type": "Feature",
      "geometry": {
        "type": "Polygon",
        "coordinates": [
          [
            [
              null,
              null
            ],
            [
              null,
              null
            ],
            [
              null,
              null
            ],
            [
              null,
              null
            ],
            [
              null,
              null
            ]
          ]
        ]
      },
      "properties": {
        "account": "target",
        "name": "Target Regional Distribution Center Wilton (T0579)",
        "type": "RDC",
        "archetype": "#7",
        "archetypeName": "Gate + GS (not BU sens.) + fast lane opp",
        "confidence": "high",
        "zone": "perimeter",
        "truckGate": true,
        "guardShack": true,
        "remoteGs": false,
        "fastLaneOpportunity": true,
        "backupSensitive": false,
        "dropYard": true,
        "multipleFacilities": false,
        "scale": false,
        "shipRcvSeparate": false,
        "urbanRural": "Rural",
        "dockDoors": "50+",
        "dropArea": "50+",
        "yardMetrics": {
          "dockDoorCount": 120,
          "trailersVisible": 350,
          "trailerParkingCapacity": 500,
          "truckGateCount": 1,
          "buildingCount": 2,
          "siteAreaAcres": 95,
          "railServed": false
        }
      }
    },
    {
      "type": "Feature",
      "geometry": {
        "type": "Polygon",
        "coordinates": [
          [
            [
              null,
              null
            ],
            [
              null,
              null
            ],
            [
              null,
              null
            ],
            [
              null,
              null
            ],
            [
              null,
              null
            ]
          ]
        ]
      },
      "properties": {
        "account": "target",
        "name": "Target Regional Distribution Center Wilton (T0579)",
        "type": "RDC",
        "archetype": "#7",
        "archetypeName": "Gate + GS (not BU sens.) + fast lane opp",
        "confidence": "high",
        "zone": "truckGate"
      }
    },
    {
      "type": "Feature",
      "geometry": {
        "type": "Polygon",
        "coordinates": [
          [
            [
              null,
              null
            ],
            [
              null,
              null
            ],
            [
              null,
              null
            ],
            [
              null,
              null
            ],
            [
              null,
              null
            ]
          ]
        ]
      },
      "properties": {
        "account": "target",
        "name": "Target Regional Distribution Center Wilton (T0579)",
        "type": "RDC",
        "archetype": "#7",
        "archetypeName": "Gate + GS (not BU sens.) + fast lane opp",
        "confidence": "high",
        "zone": "dropYard",
        "index": 1
      }
    },
    {
      "type": "Feature",
      "geometry": {
        "type": "Polygon",
        "coordinates": [
          [
            [
              null,
              null
            ],
            [
              null,
              null
            ],
            [
              null,
              null
            ],
            [
              null,
              null
            ],
            [
              null,
              null
            ]
          ]
        ]
      },
      "properties": {
        "account": "target",
        "name": "Target Regional Distribution Center Wilton (T0579)",
        "type": "RDC",
        "archetype": "#7",
        "archetypeName": "Gate + GS (not BU sens.) + fast lane opp",
        "confidence": "high",
        "zone": "dropYard",
        "index": 2
      }
    },
    {
      "type": "Feature",
      "geometry": {
        "type": "Polygon",
        "coordinates": [
          [
            [
              null,
              null
            ],
            [
              null,
              null
            ],
            [
              null,
              null
            ],
            [
              null,
              null
            ],
            [
              null,
              null
            ]
          ]
        ]
      },
      "properties": {
        "account": "target",
        "name": "Target Regional Distribution Center Wilton (T0579)",
        "type": "RDC",
        "archetype": "#7",
        "archetypeName": "Gate + GS (not BU sens.) + fast lane opp",
        "confidence": "high",
        "zone": "dockApron",
        "index": 1
      }
    },
    {
      "type": "Feature",
      "geometry": {
        "type": "Polygon",
        "coordinates": [
          [
            [
              null,
              null
            ],
            [
              null,
              null
            ],
            [
              null,
              null
            ],
            [
              null,
              null
            ],
            [
              null,
              null
            ]
          ]
        ]
      },
      "properties": {
        "account": "target",
        "name": "Target Regional Distribution Center Galesburg (T0587)",
        "type": "RDC",
        "archetype": "#10",
        "archetypeName": "Ship/Rcv Separate (Gate+GS)",
        "confidence": "high",
        "zone": "perimeter",
        "truckGate": true,
        "guardShack": true,
        "remoteGs": false,
        "fastLaneOpportunity": true,
        "backupSensitive": false,
        "dropYard": true,
        "multipleFacilities": false,
        "scale": false,
        "shipRcvSeparate": true,
        "urbanRural": "Rural",
        "dockDoors": "50+",
        "dropArea": "50+",
        "yardMetrics": {
          "dockDoorCount": 90,
          "trailersVisible": 75,
          "trailerParkingCapacity": 120,
          "truckGateCount": 1,
          "buildingCount": 2,
          "siteAreaAcres": 92,
          "railServed": false
        }
      }
    },
    {
      "type": "Feature",
      "geometry": {
        "type": "Polygon",
        "coordinates": [
          [
            [
              null,
              null
            ],
            [
              null,
              null
            ],
            [
              null,
              null
            ],
            [
              null,
              null
            ],
            [
              null,
              null
            ]
          ]
        ]
      },
      "properties": {
        "account": "target",
        "name": "Target Regional Distribution Center Galesburg (T0587)",
        "type": "RDC",
        "archetype": "#10",
        "archetypeName": "Ship/Rcv Separate (Gate+GS)",
        "confidence": "high",
        "zone": "truckGate"
      }
    },
    {
      "type": "Feature",
      "geometry": {
        "type": "Polygon",
        "coordinates": [
          [
            [
              null,
              null
            ],
            [
              null,
              null
            ],
            [
              null,
              null
            ],
            [
              null,
              null
            ],
            [
              null,
              null
            ]
          ]
        ]
      },
      "properties": {
        "account": "target",
        "name": "Target Regional Distribution Center Galesburg (T0587)",
        "type": "RDC",
        "archetype": "#10",
        "archetypeName": "Ship/Rcv Separate (Gate+GS)",
        "confidence": "high",
        "zone": "dropYard",
        "index": 1
      }
    },
    {
      "type": "Feature",
      "geometry": {
        "type": "Polygon",
        "coordinates": [
          [
            [
              null,
              null
            ],
            [
              null,
              null
            ],
            [
              null,
              null
            ],
            [
              null,
              null
            ],
            [
              null,
              null
            ]
          ]
        ]
      },
      "properties": {
        "account": "target",
        "name": "Target Regional Distribution Center Galesburg (T0587)",
        "type": "RDC",
        "archetype": "#10",
        "archetypeName": "Ship/Rcv Separate (Gate+GS)",
        "confidence": "high",
        "zone": "dropYard",
        "index": 2
      }
    },
    {
      "type": "Feature",
      "geometry": {
        "type": "Polygon",
        "coordinates": [
          [
            [
              null,
              null
            ],
            [
              null,
              null
            ],
            [
              null,
              null
            ],
            [
              null,
              null
            ],
            [
              null,
              null
            ]
          ]
        ]
      },
      "properties": {
        "account": "target",
        "name": "Target Regional Distribution Center Galesburg (T0587)",
        "type": "RDC",
        "archetype": "#10",
        "archetypeName": "Ship/Rcv Separate (Gate+GS)",
        "confidence": "high",
        "zone": "dockApron",
        "index": 1
      }
    },
    {
      "type": "Feature",
      "geometry": {
        "type": "Polygon",
        "coordinates": [
          [
            [
              null,
              null
            ],
            [
              null,
              null
            ],
            [
              null,
              null
            ],
            [
              null,
              null
            ],
            [
              null,
              null
            ]
          ]
        ]
      },
      "properties": {
        "account": "target",
        "name": "Target Regional Distribution Center Galesburg (T0587)",
        "type": "RDC",
        "archetype": "#10",
        "archetypeName": "Ship/Rcv Separate (Gate+GS)",
        "confidence": "high",
        "zone": "dockApron",
        "index": 2
      }
    },
    {
      "type": "Feature",
      "geometry": {
        "type": "Polygon",
        "coordinates": [
          [
            [
              null,
              null
            ],
            [
              null,
              null
            ],
            [
              null,
              null
            ],
            [
              null,
              null
            ],
            [
              null,
              null
            ]
          ]
        ]
      },
      "properties": {
        "account": "target",
        "name": "Target Flow Center Pueblo (T0554)",
        "type": "Flow Center",
        "archetype": "#10",
        "archetypeName": "Ship/Rcv Separate (Gate+GS)",
        "confidence": "medium",
        "zone": "perimeter",
        "truckGate": true,
        "guardShack": true,
        "remoteGs": false,
        "fastLaneOpportunity": true,
        "backupSensitive": false,
        "dropYard": true,
        "multipleFacilities": false,
        "scale": false,
        "shipRcvSeparate": true,
        "urbanRural": "Rural",
        "dockDoors": "50+",
        "dropArea": "50+",
        "yardMetrics": {
          "dockDoorCount": 120,
          "trailersVisible": 230,
          "trailerParkingCapacity": 300,
          "truckGateCount": 1,
          "buildingCount": 1,
          "siteAreaAcres": 82,
          "railServed": false
        }
      }
    },
    {
      "type": "Feature",
      "geometry": {
        "type": "Polygon",
        "coordinates": [
          [
            [
              null,
              null
            ],
            [
              null,
              null
            ],
            [
              null,
              null
            ],
            [
              null,
              null
            ],
            [
              null,
              null
            ]
          ]
        ]
      },
      "properties": {
        "account": "target",
        "name": "Target Flow Center Pueblo (T0554)",
        "type": "Flow Center",
        "archetype": "#10",
        "archetypeName": "Ship/Rcv Separate (Gate+GS)",
        "confidence": "medium",
        "zone": "truckGate"
      }
    },
    {
      "type": "Feature",
      "geometry": {
        "type": "Polygon",
        "coordinates": [
          [
            [
              null,
              null
            ],
            [
              null,
              null
            ],
            [
              null,
              null
            ],
            [
              null,
              null
            ],
            [
              null,
              null
            ]
          ]
        ]
      },
      "properties": {
        "account": "target",
        "name": "Target Flow Center Pueblo (T0554)",
        "type": "Flow Center",
        "archetype": "#10",
        "archetypeName": "Ship/Rcv Separate (Gate+GS)",
        "confidence": "medium",
        "zone": "dropYard",
        "index": 1
      }
    },
    {
      "type": "Feature",
      "geometry": {
        "type": "Polygon",
        "coordinates": [
          [
            [
              null,
              null
            ],
            [
              null,
              null
            ],
            [
              null,
              null
            ],
            [
              null,
              null
            ],
            [
              null,
              null
            ]
          ]
        ]
      },
      "properties": {
        "account": "target",
        "name": "Target Flow Center Pueblo (T0554)",
        "type": "Flow Center",
        "archetype": "#10",
        "archetypeName": "Ship/Rcv Separate (Gate+GS)",
        "confidence": "medium",
        "zone": "dropYard",
        "index": 2
      }
    },
    {
      "type": "Feature",
      "geometry": {
        "type": "Polygon",
        "coordinates": [
          [
            [
              null,
              null
            ],
            [
              null,
              null
            ],
            [
              null,
              null
            ],
            [
              null,
              null
            ],
            [
              null,
              null
            ]
          ]
        ]
      },
      "properties": {
        "account": "target",
        "name": "Target Flow Center Pueblo (T0554)",
        "type": "Flow Center",
        "archetype": "#10",
        "archetypeName": "Ship/Rcv Separate (Gate+GS)",
        "confidence": "medium",
        "zone": "dockApron",
        "index": 1
      }
    },
    {
      "type": "Feature",
      "geometry": {
        "type": "Polygon",
        "coordinates": [
          [
            [
              null,
              null
            ],
            [
              null,
              null
            ],
            [
              null,
              null
            ],
            [
              null,
              null
            ],
            [
              null,
              null
            ]
          ]
        ]
      },
      "properties": {
        "account": "target",
        "name": "Target Flow Center Pueblo (T0554)",
        "type": "Flow Center",
        "archetype": "#10",
        "archetypeName": "Ship/Rcv Separate (Gate+GS)",
        "confidence": "medium",
        "zone": "dockApron",
        "index": 2
      }
    },
    {
      "type": "Feature",
      "geometry": {
        "type": "Polygon",
        "coordinates": [
          [
            [
              null,
              null
            ],
            [
              null,
              null
            ],
            [
              null,
              null
            ],
            [
              null,
              null
            ],
            [
              null,
              null
            ]
          ]
        ]
      },
      "properties": {
        "account": "target",
        "name": "Target Flow Center Pueblo (T0554)",
        "type": "Flow Center",
        "archetype": "#10",
        "archetypeName": "Ship/Rcv Separate (Gate+GS)",
        "confidence": "medium",
        "zone": "staging"
      }
    },
    {
      "type": "Feature",
      "geometry": {
        "type": "Polygon",
        "coordinates": [
          [
            [
              null,
              null
            ],
            [
              null,
              null
            ],
            [
              null,
              null
            ],
            [
              null,
              null
            ],
            [
              null,
              null
            ]
          ]
        ]
      },
      "properties": {
        "account": "target",
        "name": "Target Food Distribution Center Cedar Falls (T0590)",
        "type": "Food Distribution Center",
        "archetype": "#10",
        "archetypeName": "Ship/Rcv Separate (Gate+GS)",
        "confidence": "high",
        "zone": "perimeter",
        "truckGate": true,
        "guardShack": true,
        "remoteGs": false,
        "fastLaneOpportunity": false,
        "backupSensitive": false,
        "dropYard": true,
        "multipleFacilities": false,
        "scale": false,
        "shipRcvSeparate": true,
        "urbanRural": "Rural",
        "dockDoors": "50+",
        "dropArea": "25-50",
        "yardMetrics": {
          "dockDoorCount": 58,
          "trailersVisible": 95,
          "trailerParkingCapacity": 70,
          "truckGateCount": 1,
          "buildingCount": 1,
          "siteAreaAcres": 28.1,
          "railServed": false
        }
      }
    },
    {
      "type": "Feature",
      "geometry": {
        "type": "Polygon",
        "coordinates": [
          [
            [
              null,
              null
            ],
            [
              null,
              null
            ],
            [
              null,
              null
            ],
            [
              null,
              null
            ],
            [
              null,
              null
            ]
          ]
        ]
      },
      "properties": {
        "account": "target",
        "name": "Target Food Distribution Center Cedar Falls (T0590)",
        "type": "Food Distribution Center",
        "archetype": "#10",
        "archetypeName": "Ship/Rcv Separate (Gate+GS)",
        "confidence": "high",
        "zone": "truckGate"
      }
    },
    {
      "type": "Feature",
      "geometry": {
        "type": "Polygon",
        "coordinates": [
          [
            [
              null,
              null
            ],
            [
              null,
              null
            ],
            [
              null,
              null
            ],
            [
              null,
              null
            ],
            [
              null,
              null
            ]
          ]
        ]
      },
      "properties": {
        "account": "target",
        "name": "Target Food Distribution Center Cedar Falls (T0590)",
        "type": "Food Distribution Center",
        "archetype": "#10",
        "archetypeName": "Ship/Rcv Separate (Gate+GS)",
        "confidence": "high",
        "zone": "dropYard",
        "index": 1
      }
    },
    {
      "type": "Feature",
      "geometry": {
        "type": "Polygon",
        "coordinates": [
          [
            [
              null,
              null
            ],
            [
              null,
              null
            ],
            [
              null,
              null
            ],
            [
              null,
              null
            ],
            [
              null,
              null
            ]
          ]
        ]
      },
      "properties": {
        "account": "target",
        "name": "Target Food Distribution Center Cedar Falls (T0590)",
        "type": "Food Distribution Center",
        "archetype": "#10",
        "archetypeName": "Ship/Rcv Separate (Gate+GS)",
        "confidence": "high",
        "zone": "dockApron",
        "index": 1
      }
    },
    {
      "type": "Feature",
      "geometry": {
        "type": "Polygon",
        "coordinates": [
          [
            [
              null,
              null
            ],
            [
              null,
              null
            ],
            [
              null,
              null
            ],
            [
              null,
              null
            ],
            [
              null,
              null
            ]
          ]
        ]
      },
      "properties": {
        "account": "target",
        "name": "Target Food Distribution Center Cedar Falls (T0590)",
        "type": "Food Distribution Center",
        "archetype": "#10",
        "archetypeName": "Ship/Rcv Separate (Gate+GS)",
        "confidence": "high",
        "zone": "dockApron",
        "index": 2
      }
    },
    {
      "type": "Feature",
      "geometry": {
        "type": "Polygon",
        "coordinates": [
          [
            [
              null,
              null
            ],
            [
              null,
              null
            ],
            [
              null,
              null
            ],
            [
              null,
              null
            ],
            [
              null,
              null
            ]
          ]
        ]
      },
      "properties": {
        "account": "target",
        "name": "Target Food Distribution Center West Jefferson (T3804)",
        "type": "Food Distribution Center",
        "archetype": "#9",
        "archetypeName": "Gate + No GS (remote check-in)",
        "confidence": "medium",
        "zone": "perimeter",
        "truckGate": true,
        "guardShack": false,
        "remoteGs": true,
        "fastLaneOpportunity": true,
        "backupSensitive": false,
        "dropYard": true,
        "multipleFacilities": false,
        "scale": false,
        "shipRcvSeparate": false,
        "urbanRural": "Rural",
        "dockDoors": "25-50",
        "dropArea": "50+",
        "yardMetrics": {
          "dockDoorCount": 45,
          "trailersVisible": 220,
          "trailerParkingCapacity": 350,
          "truckGateCount": 1,
          "buildingCount": 1,
          "siteAreaAcres": 30.7,
          "railServed": false
        }
      }
    },
    {
      "type": "Feature",
      "geometry": {
        "type": "Polygon",
        "coordinates": [
          [
            [
              null,
              null
            ],
            [
              null,
              null
            ],
            [
              null,
              null
            ],
            [
              null,
              null
            ],
            [
              null,
              null
            ]
          ]
        ]
      },
      "properties": {
        "account": "target",
        "name": "Target Food Distribution Center West Jefferson (T3804)",
        "type": "Food Distribution Center",
        "archetype": "#9",
        "archetypeName": "Gate + No GS (remote check-in)",
        "confidence": "medium",
        "zone": "truckGate"
      }
    },
    {
      "type": "Feature",
      "geometry": {
        "type": "Polygon",
        "coordinates": [
          [
            [
              null,
              null
            ],
            [
              null,
              null
            ],
            [
              null,
              null
            ],
            [
              null,
              null
            ],
            [
              null,
              null
            ]
          ]
        ]
      },
      "properties": {
        "account": "target",
        "name": "Target Food Distribution Center West Jefferson (T3804)",
        "type": "Food Distribution Center",
        "archetype": "#9",
        "archetypeName": "Gate + No GS (remote check-in)",
        "confidence": "medium",
        "zone": "dropYard",
        "index": 1
      }
    },
    {
      "type": "Feature",
      "geometry": {
        "type": "Polygon",
        "coordinates": [
          [
            [
              null,
              null
            ],
            [
              null,
              null
            ],
            [
              null,
              null
            ],
            [
              null,
              null
            ],
            [
              null,
              null
            ]
          ]
        ]
      },
      "properties": {
        "account": "target",
        "name": "Target Food Distribution Center West Jefferson (T3804)",
        "type": "Food Distribution Center",
        "archetype": "#9",
        "archetypeName": "Gate + No GS (remote check-in)",
        "confidence": "medium",
        "zone": "dockApron",
        "index": 1
      }
    },
    {
      "type": "Feature",
      "geometry": {
        "type": "Polygon",
        "coordinates": [
          [
            [
              null,
              null
            ],
            [
              null,
              null
            ],
            [
              null,
              null
            ],
            [
              null,
              null
            ],
            [
              null,
              null
            ]
          ]
        ]
      },
      "properties": {
        "account": "target",
        "name": "Target Food Distribution Center Lake City",
        "type": "Food Distribution Center",
        "archetype": "#9",
        "archetypeName": "Gate + No GS (remote check-in)",
        "confidence": "high",
        "zone": "perimeter",
        "truckGate": true,
        "guardShack": false,
        "remoteGs": true,
        "fastLaneOpportunity": true,
        "backupSensitive": false,
        "dropYard": true,
        "multipleFacilities": false,
        "scale": false,
        "shipRcvSeparate": true,
        "urbanRural": "Rural",
        "dockDoors": "50+",
        "dropArea": "50+",
        "yardMetrics": {
          "dockDoorCount": 70,
          "trailersVisible": 110,
          "trailerParkingCapacity": 160,
          "truckGateCount": 1,
          "buildingCount": 1,
          "siteAreaAcres": 89.4,
          "railServed": false
        }
      }
    },
    {
      "type": "Feature",
      "geometry": {
        "type": "Polygon",
        "coordinates": [
          [
            [
              null,
              null
            ],
            [
              null,
              null
            ],
            [
              null,
              null
            ],
            [
              null,
              null
            ],
            [
              null,
              null
            ]
          ]
        ]
      },
      "properties": {
        "account": "target",
        "name": "Target Food Distribution Center Lake City",
        "type": "Food Distribution Center",
        "archetype": "#9",
        "archetypeName": "Gate + No GS (remote check-in)",
        "confidence": "high",
        "zone": "truckGate"
      }
    },
    {
      "type": "Feature",
      "geometry": {
        "type": "Polygon",
        "coordinates": [
          [
            [
              null,
              null
            ],
            [
              null,
              null
            ],
            [
              null,
              null
            ],
            [
              null,
              null
            ],
            [
              null,
              null
            ]
          ]
        ]
      },
      "properties": {
        "account": "target",
        "name": "Target Food Distribution Center Lake City",
        "type": "Food Distribution Center",
        "archetype": "#9",
        "archetypeName": "Gate + No GS (remote check-in)",
        "confidence": "high",
        "zone": "dropYard",
        "index": 1
      }
    },
    {
      "type": "Feature",
      "geometry": {
        "type": "Polygon",
        "coordinates": [
          [
            [
              null,
              null
            ],
            [
              null,
              null
            ],
            [
              null,
              null
            ],
            [
              null,
              null
            ],
            [
              null,
              null
            ]
          ]
        ]
      },
      "properties": {
        "account": "target",
        "name": "Target Food Distribution Center Lake City",
        "type": "Food Distribution Center",
        "archetype": "#9",
        "archetypeName": "Gate + No GS (remote check-in)",
        "confidence": "high",
        "zone": "dockApron",
        "index": 1
      }
    },
    {
      "type": "Feature",
      "geometry": {
        "type": "Polygon",
        "coordinates": [
          [
            [
              null,
              null
            ],
            [
              null,
              null
            ],
            [
              null,
              null
            ],
            [
              null,
              null
            ],
            [
              null,
              null
            ]
          ]
        ]
      },
      "properties": {
        "account": "target",
        "name": "Target Food Distribution Center Lake City",
        "type": "Food Distribution Center",
        "archetype": "#9",
        "archetypeName": "Gate + No GS (remote check-in)",
        "confidence": "high",
        "zone": "dockApron",
        "index": 2
      }
    },
    {
      "type": "Feature",
      "geometry": {
        "type": "Polygon",
        "coordinates": [
          [
            [
              null,
              null
            ],
            [
              null,
              null
            ],
            [
              null,
              null
            ],
            [
              null,
              null
            ],
            [
              null,
              null
            ]
          ]
        ]
      },
      "properties": {
        "account": "target",
        "name": "Target Food Distribution Center Denton",
        "type": "Food Distribution Center",
        "archetype": "#7",
        "archetypeName": "Gate + GS (not BU sens.) + fast lane opp",
        "confidence": "high",
        "zone": "perimeter",
        "truckGate": true,
        "guardShack": true,
        "remoteGs": false,
        "fastLaneOpportunity": true,
        "backupSensitive": false,
        "dropYard": true,
        "multipleFacilities": false,
        "scale": false,
        "shipRcvSeparate": false,
        "urbanRural": "Rural",
        "dockDoors": "50+",
        "dropArea": "50+",
        "yardMetrics": {
          "dockDoorCount": 60,
          "trailersVisible": 70,
          "trailerParkingCapacity": 90,
          "truckGateCount": 1,
          "buildingCount": 1,
          "siteAreaAcres": 30.1,
          "railServed": false
        }
      }
    },
    {
      "type": "Feature",
      "geometry": {
        "type": "Polygon",
        "coordinates": [
          [
            [
              null,
              null
            ],
            [
              null,
              null
            ],
            [
              null,
              null
            ],
            [
              null,
              null
            ],
            [
              null,
              null
            ]
          ]
        ]
      },
      "properties": {
        "account": "target",
        "name": "Target Food Distribution Center Denton",
        "type": "Food Distribution Center",
        "archetype": "#7",
        "archetypeName": "Gate + GS (not BU sens.) + fast lane opp",
        "confidence": "high",
        "zone": "truckGate"
      }
    },
    {
      "type": "Feature",
      "geometry": {
        "type": "Polygon",
        "coordinates": [
          [
            [
              null,
              null
            ],
            [
              null,
              null
            ],
            [
              null,
              null
            ],
            [
              null,
              null
            ],
            [
              null,
              null
            ]
          ]
        ]
      },
      "properties": {
        "account": "target",
        "name": "Target Food Distribution Center Denton",
        "type": "Food Distribution Center",
        "archetype": "#7",
        "archetypeName": "Gate + GS (not BU sens.) + fast lane opp",
        "confidence": "high",
        "zone": "dropYard",
        "index": 1
      }
    },
    {
      "type": "Feature",
      "geometry": {
        "type": "Polygon",
        "coordinates": [
          [
            [
              null,
              null
            ],
            [
              null,
              null
            ],
            [
              null,
              null
            ],
            [
              null,
              null
            ],
            [
              null,
              null
            ]
          ]
        ]
      },
      "properties": {
        "account": "target",
        "name": "Target Food Distribution Center Denton",
        "type": "Food Distribution Center",
        "archetype": "#7",
        "archetypeName": "Gate + GS (not BU sens.) + fast lane opp",
        "confidence": "high",
        "zone": "dockApron",
        "index": 1
      }
    }
  ]
}
