{
  "type": "FeatureCollection",
  "features": [
    {
      "type": "Feature",
      "geometry": {
        "type": "Polygon",
        "coordinates": [
          [
            [
              -92.281,
              42.5095
            ],
            [
              -92.2555,
              42.5095
            ],
            [
              -92.2555,
              42.53
            ],
            [
              -92.281,
              42.53
            ],
            [
              -92.281,
              42.5095
            ]
          ]
        ]
      },
      "properties": {
        "account": "john-deere",
        "name": "John Deere Waterloo Works - Tractor Operations - Waterloo IA",
        "type": "Assembly Plant",
        "archetype": "#6",
        "archetypeName": "Gate + GS (not BU sens.) + campus",
        "confidence": "medium",
        "zone": "perimeter",
        "truckGate": true,
        "guardShack": true,
        "remoteGs": false,
        "fastLaneOpportunity": true,
        "backupSensitive": false,
        "dropYard": true,
        "multipleFacilities": true,
        "scale": false,
        "shipRcvSeparate": true,
        "urbanRural": "Rural",
        "dockDoors": "25-50",
        "dropArea": "50+",
        "yardMetrics": {
          "dockDoorCount": 45,
          "trailersVisible": 90,
          "trailerParkingCapacity": 200,
          "truckGateCount": 2,
          "buildingCount": 6,
          "siteAreaAcres": 620,
          "railServed": false
        }
      }
    },
    {
      "type": "Feature",
      "geometry": {
        "type": "Polygon",
        "coordinates": [
          [
            [
              -92.2615,
              42.5118
            ],
            [
              -92.2595,
              42.5118
            ],
            [
              -92.2595,
              42.5135
            ],
            [
              -92.2615,
              42.5135
            ],
            [
              -92.2615,
              42.5118
            ]
          ]
        ]
      },
      "properties": {
        "account": "john-deere",
        "name": "John Deere Waterloo Works - Tractor Operations - Waterloo IA",
        "type": "Assembly Plant",
        "archetype": "#6",
        "archetypeName": "Gate + GS (not BU sens.) + campus",
        "confidence": "medium",
        "zone": "truckGate"
      }
    },
    {
      "type": "Feature",
      "geometry": {
        "type": "Polygon",
        "coordinates": [
          [
            [
              -92.2715,
              42.518
            ],
            [
              -92.265,
              42.518
            ],
            [
              -92.265,
              42.523
            ],
            [
              -92.2715,
              42.523
            ],
            [
              -92.2715,
              42.518
            ]
          ]
        ]
      },
      "properties": {
        "account": "john-deere",
        "name": "John Deere Waterloo Works - Tractor Operations - Waterloo IA",
        "type": "Assembly Plant",
        "archetype": "#6",
        "archetypeName": "Gate + GS (not BU sens.) + campus",
        "confidence": "medium",
        "zone": "dropYard",
        "index": 1
      }
    },
    {
      "type": "Feature",
      "geometry": {
        "type": "Polygon",
        "coordinates": [
          [
            [
              -92.2665,
              42.5145
            ],
            [
              -92.2615,
              42.5145
            ],
            [
              -92.2615,
              42.517
            ],
            [
              -92.2665,
              42.517
            ],
            [
              -92.2665,
              42.5145
            ]
          ]
        ]
      },
      "properties": {
        "account": "john-deere",
        "name": "John Deere Waterloo Works - Tractor Operations - Waterloo IA",
        "type": "Assembly Plant",
        "archetype": "#6",
        "archetypeName": "Gate + GS (not BU sens.) + campus",
        "confidence": "medium",
        "zone": "dropYard",
        "index": 2
      }
    },
    {
      "type": "Feature",
      "geometry": {
        "type": "Polygon",
        "coordinates": [
          [
            [
              -92.272,
              42.5195
            ],
            [
              -92.266,
              42.5195
            ],
            [
              -92.266,
              42.524
            ],
            [
              -92.272,
              42.524
            ],
            [
              -92.272,
              42.5195
            ]
          ]
        ]
      },
      "properties": {
        "account": "john-deere",
        "name": "John Deere Waterloo Works - Tractor Operations - Waterloo IA",
        "type": "Assembly Plant",
        "archetype": "#6",
        "archetypeName": "Gate + GS (not BU sens.) + campus",
        "confidence": "medium",
        "zone": "dockApron",
        "index": 1
      }
    },
    {
      "type": "Feature",
      "geometry": {
        "type": "Polygon",
        "coordinates": [
          [
            [
              -92.262,
              42.5108
            ],
            [
              -92.2585,
              42.5108
            ],
            [
              -92.2585,
              42.5128
            ],
            [
              -92.262,
              42.5128
            ],
            [
              -92.262,
              42.5108
            ]
          ]
        ]
      },
      "properties": {
        "account": "john-deere",
        "name": "John Deere Waterloo Works - Tractor Operations - Waterloo IA",
        "type": "Assembly Plant",
        "archetype": "#6",
        "archetypeName": "Gate + GS (not BU sens.) + campus",
        "confidence": "medium",
        "zone": "staging"
      }
    },
    {
      "type": "Feature",
      "geometry": {
        "type": "Polygon",
        "coordinates": [
          [
            [
              -92.44,
              42.462
            ],
            [
              -92.429,
              42.462
            ],
            [
              -92.429,
              42.471
            ],
            [
              -92.44,
              42.471
            ],
            [
              -92.44,
              42.462
            ]
          ]
        ]
      },
      "properties": {
        "account": "john-deere",
        "name": "John Deere Waterloo Works - Engine Works - Waterloo IA",
        "type": "Engine Plant",
        "archetype": "#9",
        "archetypeName": "Gate + No GS (remote check-in)",
        "confidence": "medium",
        "zone": "perimeter",
        "truckGate": true,
        "guardShack": false,
        "remoteGs": true,
        "fastLaneOpportunity": true,
        "backupSensitive": false,
        "dropYard": false,
        "multipleFacilities": false,
        "scale": false,
        "shipRcvSeparate": false,
        "urbanRural": "Rural",
        "dockDoors": "10-25",
        "dropArea": "0-10",
        "yardMetrics": {
          "dockDoorCount": 16,
          "trailersVisible": 14,
          "trailerParkingCapacity": 40,
          "truckGateCount": 1,
          "buildingCount": 2,
          "siteAreaAcres": 95,
          "railServed": false
        }
      }
    },
    {
      "type": "Feature",
      "geometry": {
        "type": "Polygon",
        "coordinates": [
          [
            [
              -92.4305,
              42.4664
            ],
            [
              -92.4292,
              42.4664
            ],
            [
              -92.4292,
              42.4674
            ],
            [
              -92.4305,
              42.4674
            ],
            [
              -92.4305,
              42.4664
            ]
          ]
        ]
      },
      "properties": {
        "account": "john-deere",
        "name": "John Deere Waterloo Works - Engine Works - Waterloo IA",
        "type": "Engine Plant",
        "archetype": "#9",
        "archetypeName": "Gate + No GS (remote check-in)",
        "confidence": "medium",
        "zone": "truckGate"
      }
    },
    {
      "type": "Feature",
      "geometry": {
        "type": "Polygon",
        "coordinates": [
          [
            [
              -92.4312,
              42.4665
            ],
            [
              -92.429,
              42.4665
            ],
            [
              -92.429,
              42.468
            ],
            [
              -92.4312,
              42.468
            ],
            [
              -92.4312,
              42.4665
            ]
          ]
        ]
      },
      "properties": {
        "account": "john-deere",
        "name": "John Deere Waterloo Works - Engine Works - Waterloo IA",
        "type": "Engine Plant",
        "archetype": "#9",
        "archetypeName": "Gate + No GS (remote check-in)",
        "confidence": "medium",
        "zone": "dropYard",
        "index": 1
      }
    },
    {
      "type": "Feature",
      "geometry": {
        "type": "Polygon",
        "coordinates": [
          [
            [
              -92.4322,
              42.467
            ],
            [
              -92.4305,
              42.467
            ],
            [
              -92.4305,
              42.468
            ],
            [
              -92.4322,
              42.468
            ],
            [
              -92.4322,
              42.467
            ]
          ]
        ]
      },
      "properties": {
        "account": "john-deere",
        "name": "John Deere Waterloo Works - Engine Works - Waterloo IA",
        "type": "Engine Plant",
        "archetype": "#9",
        "archetypeName": "Gate + No GS (remote check-in)",
        "confidence": "medium",
        "zone": "dockApron",
        "index": 1
      }
    },
    {
      "type": "Feature",
      "geometry": {
        "type": "Polygon",
        "coordinates": [
          [
            [
              -92.359,
              42.4975
            ],
            [
              -92.346,
              42.4975
            ],
            [
              -92.346,
              42.506
            ],
            [
              -92.359,
              42.506
            ],
            [
              -92.359,
              42.4975
            ]
          ]
        ]
      },
      "properties": {
        "account": "john-deere",
        "name": "John Deere Waterloo Works - Drivetrain Operations - Waterloo IA",
        "type": "Component Plant",
        "archetype": "#9",
        "archetypeName": "Gate + No GS (remote check-in)",
        "confidence": "medium",
        "zone": "perimeter",
        "truckGate": true,
        "guardShack": false,
        "remoteGs": true,
        "fastLaneOpportunity": false,
        "backupSensitive": false,
        "dropYard": false,
        "multipleFacilities": true,
        "scale": false,
        "shipRcvSeparate": false,
        "urbanRural": "Urban",
        "dockDoors": "10-25",
        "dropArea": "10-25",
        "yardMetrics": {
          "dockDoorCount": 22,
          "trailersVisible": 12,
          "trailerParkingCapacity": 35,
          "truckGateCount": 2,
          "buildingCount": 5,
          "siteAreaAcres": 110,
          "railServed": false
        }
      }
    },
    {
      "type": "Feature",
      "geometry": {
        "type": "Polygon",
        "coordinates": [
          [
            [
              -92.3545,
              42.5043
            ],
            [
              -92.353,
              42.5043
            ],
            [
              -92.353,
              42.5053
            ],
            [
              -92.3545,
              42.5053
            ],
            [
              -92.3545,
              42.5043
            ]
          ]
        ]
      },
      "properties": {
        "account": "john-deere",
        "name": "John Deere Waterloo Works - Drivetrain Operations - Waterloo IA",
        "type": "Component Plant",
        "archetype": "#9",
        "archetypeName": "Gate + No GS (remote check-in)",
        "confidence": "medium",
        "zone": "truckGate"
      }
    },
    {
      "type": "Feature",
      "geometry": {
        "type": "Polygon",
        "coordinates": [
          [
            [
              -92.35,
              42.502
            ],
            [
              -92.347,
              42.502
            ],
            [
              -92.347,
              42.5045
            ],
            [
              -92.35,
              42.5045
            ],
            [
              -92.35,
              42.502
            ]
          ]
        ]
      },
      "properties": {
        "account": "john-deere",
        "name": "John Deere Waterloo Works - Drivetrain Operations - Waterloo IA",
        "type": "Component Plant",
        "archetype": "#9",
        "archetypeName": "Gate + No GS (remote check-in)",
        "confidence": "medium",
        "zone": "dropYard",
        "index": 1
      }
    },
    {
      "type": "Feature",
      "geometry": {
        "type": "Polygon",
        "coordinates": [
          [
            [
              -92.355,
              42.5045
            ],
            [
              -92.352,
              42.5045
            ],
            [
              -92.352,
              42.5055
            ],
            [
              -92.355,
              42.5055
            ],
            [
              -92.355,
              42.5045
            ]
          ]
        ]
      },
      "properties": {
        "account": "john-deere",
        "name": "John Deere Waterloo Works - Drivetrain Operations - Waterloo IA",
        "type": "Component Plant",
        "archetype": "#9",
        "archetypeName": "Gate + No GS (remote check-in)",
        "confidence": "medium",
        "zone": "dockApron",
        "index": 1
      }
    },
    {
      "type": "Feature",
      "geometry": {
        "type": "Polygon",
        "coordinates": [
          [
            [
              -92.37,
              42.503
            ],
            [
              -92.359,
              42.503
            ],
            [
              -92.359,
              42.5105
            ],
            [
              -92.37,
              42.5105
            ],
            [
              -92.37,
              42.503
            ]
          ]
        ]
      },
      "properties": {
        "account": "john-deere",
        "name": "John Deere Waterloo Foundry - Waterloo IA",
        "type": "Foundry",
        "archetype": "#6",
        "archetypeName": "Gate + GS (not BU sens.) + campus",
        "confidence": "high",
        "zone": "perimeter",
        "truckGate": true,
        "guardShack": true,
        "remoteGs": false,
        "fastLaneOpportunity": true,
        "backupSensitive": false,
        "dropYard": true,
        "multipleFacilities": true,
        "scale": false,
        "shipRcvSeparate": false,
        "urbanRural": "Urban",
        "dockDoors": "10-25",
        "dropArea": "0-10",
        "yardMetrics": {
          "dockDoorCount": 20,
          "trailersVisible": 8,
          "trailerParkingCapacity": 50,
          "truckGateCount": 1,
          "buildingCount": 4,
          "siteAreaAcres": 130,
          "railServed": true
        }
      }
    },
    {
      "type": "Feature",
      "geometry": {
        "type": "Polygon",
        "coordinates": [
          [
            [
              -92.3655,
              42.5044
            ],
            [
              -92.364,
              42.5044
            ],
            [
              -92.364,
              42.5053
            ],
            [
              -92.3655,
              42.5053
            ],
            [
              -92.3655,
              42.5044
            ]
          ]
        ]
      },
      "properties": {
        "account": "john-deere",
        "name": "John Deere Waterloo Foundry - Waterloo IA",
        "type": "Foundry",
        "archetype": "#6",
        "archetypeName": "Gate + GS (not BU sens.) + campus",
        "confidence": "high",
        "zone": "truckGate"
      }
    },
    {
      "type": "Feature",
      "geometry": {
        "type": "Polygon",
        "coordinates": [
          [
            [
              -92.3645,
              42.5045
            ],
            [
              -92.3615,
              42.5045
            ],
            [
              -92.3615,
              42.506
            ],
            [
              -92.3645,
              42.506
            ],
            [
              -92.3645,
              42.5045
            ]
          ]
        ]
      },
      "properties": {
        "account": "john-deere",
        "name": "John Deere Waterloo Foundry - Waterloo IA",
        "type": "Foundry",
        "archetype": "#6",
        "archetypeName": "Gate + GS (not BU sens.) + campus",
        "confidence": "high",
        "zone": "dropYard",
        "index": 1
      }
    },
    {
      "type": "Feature",
      "geometry": {
        "type": "Polygon",
        "coordinates": [
          [
            [
              -92.364,
              42.505
            ],
            [
              -92.362,
              42.505
            ],
            [
              -92.362,
              42.5062
            ],
            [
              -92.364,
              42.5062
            ],
            [
              -92.364,
              42.505
            ]
          ]
        ]
      },
      "properties": {
        "account": "john-deere",
        "name": "John Deere Waterloo Foundry - Waterloo IA",
        "type": "Foundry",
        "archetype": "#6",
        "archetypeName": "Gate + GS (not BU sens.) + campus",
        "confidence": "high",
        "zone": "dockApron",
        "index": 1
      }
    },
    {
      "type": "Feature",
      "geometry": {
        "type": "Polygon",
        "coordinates": [
          [
            [
              -92.3648,
              42.5044
            ],
            [
              -92.3635,
              42.5044
            ],
            [
              -92.3635,
              42.5055
            ],
            [
              -92.3648,
              42.5055
            ],
            [
              -92.3648,
              42.5044
            ]
          ]
        ]
      },
      "properties": {
        "account": "john-deere",
        "name": "John Deere Waterloo Foundry - Waterloo IA",
        "type": "Foundry",
        "archetype": "#6",
        "archetypeName": "Gate + GS (not BU sens.) + campus",
        "confidence": "high",
        "zone": "staging"
      }
    },
    {
      "type": "Feature",
      "geometry": {
        "type": "Polygon",
        "coordinates": [
          [
            [
              -90.443,
              41.5175
            ],
            [
              -90.43,
              41.5175
            ],
            [
              -90.43,
              41.532
            ],
            [
              -90.443,
              41.532
            ],
            [
              -90.443,
              41.5175
            ]
          ]
        ]
      },
      "properties": {
        "account": "john-deere",
        "name": "John Deere Harvester Works - East Moline IL",
        "type": "Assembly Plant",
        "archetype": "#6",
        "archetypeName": "Gate + GS (not BU sens.) + campus",
        "confidence": "medium",
        "zone": "perimeter",
        "truckGate": true,
        "guardShack": true,
        "remoteGs": false,
        "fastLaneOpportunity": true,
        "backupSensitive": false,
        "dropYard": true,
        "multipleFacilities": true,
        "scale": false,
        "shipRcvSeparate": true,
        "urbanRural": "Urban",
        "dockDoors": "25-50",
        "dropArea": "50+",
        "yardMetrics": {
          "dockDoorCount": 40,
          "trailersVisible": 70,
          "trailerParkingCapacity": 180,
          "truckGateCount": 3,
          "buildingCount": 8,
          "siteAreaAcres": 410,
          "railServed": true
        }
      }
    },
    {
      "type": "Feature",
      "geometry": {
        "type": "Polygon",
        "coordinates": [
          [
            [
              -90.434,
              41.5234
            ],
            [
              -90.4325,
              41.5234
            ],
            [
              -90.4325,
              41.5246
            ],
            [
              -90.434,
              41.5246
            ],
            [
              -90.434,
              41.5234
            ]
          ]
        ]
      },
      "properties": {
        "account": "john-deere",
        "name": "John Deere Harvester Works - East Moline IL",
        "type": "Assembly Plant",
        "archetype": "#6",
        "archetypeName": "Gate + GS (not BU sens.) + campus",
        "confidence": "medium",
        "zone": "truckGate"
      }
    },
    {
      "type": "Feature",
      "geometry": {
        "type": "Polygon",
        "coordinates": [
          [
            [
              -90.44,
              41.526
            ],
            [
              -90.434,
              41.526
            ],
            [
              -90.434,
              41.531
            ],
            [
              -90.44,
              41.531
            ],
            [
              -90.44,
              41.526
            ]
          ]
        ]
      },
      "properties": {
        "account": "john-deere",
        "name": "John Deere Harvester Works - East Moline IL",
        "type": "Assembly Plant",
        "archetype": "#6",
        "archetypeName": "Gate + GS (not BU sens.) + campus",
        "confidence": "medium",
        "zone": "dropYard",
        "index": 1
      }
    },
    {
      "type": "Feature",
      "geometry": {
        "type": "Polygon",
        "coordinates": [
          [
            [
              -90.4345,
              41.5225
            ],
            [
              -90.43,
              41.5225
            ],
            [
              -90.43,
              41.5255
            ],
            [
              -90.4345,
              41.5255
            ],
            [
              -90.4345,
              41.5225
            ]
          ]
        ]
      },
      "properties": {
        "account": "john-deere",
        "name": "John Deere Harvester Works - East Moline IL",
        "type": "Assembly Plant",
        "archetype": "#6",
        "archetypeName": "Gate + GS (not BU sens.) + campus",
        "confidence": "medium",
        "zone": "dropYard",
        "index": 2
      }
    },
    {
      "type": "Feature",
      "geometry": {
        "type": "Polygon",
        "coordinates": [
          [
            [
              -90.4385,
              41.5235
            ],
            [
              -90.4335,
              41.5235
            ],
            [
              -90.4335,
              41.527
            ],
            [
              -90.4385,
              41.527
            ],
            [
              -90.4385,
              41.5235
            ]
          ]
        ]
      },
      "properties": {
        "account": "john-deere",
        "name": "John Deere Harvester Works - East Moline IL",
        "type": "Assembly Plant",
        "archetype": "#6",
        "archetypeName": "Gate + GS (not BU sens.) + campus",
        "confidence": "medium",
        "zone": "dockApron",
        "index": 1
      }
    },
    {
      "type": "Feature",
      "geometry": {
        "type": "Polygon",
        "coordinates": [
          [
            [
              -90.4345,
              41.5215
            ],
            [
              -90.4305,
              41.5215
            ],
            [
              -90.4305,
              41.5245
            ],
            [
              -90.4345,
              41.5245
            ],
            [
              -90.4345,
              41.5215
            ]
          ]
        ]
      },
      "properties": {
        "account": "john-deere",
        "name": "John Deere Harvester Works - East Moline IL",
        "type": "Assembly Plant",
        "archetype": "#6",
        "archetypeName": "Gate + GS (not BU sens.) + campus",
        "confidence": "medium",
        "zone": "staging"
      }
    },
    {
      "type": "Feature",
      "geometry": {
        "type": "Polygon",
        "coordinates": [
          [
            [
              -90.5296,
              41.5065
            ],
            [
              -90.5238,
              41.5065
            ],
            [
              -90.5238,
              41.5097
            ],
            [
              -90.5296,
              41.5097
            ],
            [
              -90.5296,
              41.5065
            ]
          ]
        ]
      },
      "properties": {
        "account": "john-deere",
        "name": "John Deere Cylinder Works - Moline IL",
        "type": "Component Plant",
        "archetype": "#3",
        "archetypeName": "No Gate / No GS",
        "confidence": "medium",
        "zone": "perimeter",
        "truckGate": false,
        "guardShack": false,
        "remoteGs": false,
        "fastLaneOpportunity": true,
        "backupSensitive": false,
        "dropYard": true,
        "multipleFacilities": true,
        "scale": false,
        "shipRcvSeparate": false,
        "urbanRural": "Urban",
        "dockDoors": "10-25",
        "dropArea": "10-25",
        "yardMetrics": {
          "dockDoorCount": 16,
          "trailersVisible": 9,
          "trailerParkingCapacity": 30,
          "truckGateCount": 0,
          "buildingCount": 4,
          "siteAreaAcres": 18,
          "railServed": false
        }
      }
    },
    {
      "type": "Feature",
      "geometry": {
        "type": "Polygon",
        "coordinates": [
          [
            [
              -90.529,
              41.50855
            ],
            [
              -90.5276,
              41.50855
            ],
            [
              -90.5276,
              41.50935
            ],
            [
              -90.529,
              41.50935
            ],
            [
              -90.529,
              41.50855
            ]
          ]
        ]
      },
      "properties": {
        "account": "john-deere",
        "name": "John Deere Cylinder Works - Moline IL",
        "type": "Component Plant",
        "archetype": "#3",
        "archetypeName": "No Gate / No GS",
        "confidence": "medium",
        "zone": "dropYard",
        "index": 1
      }
    },
    {
      "type": "Feature",
      "geometry": {
        "type": "Polygon",
        "coordinates": [
          [
            [
              -90.5278,
              41.5087
            ],
            [
              -90.5248,
              41.5087
            ],
            [
              -90.5248,
              41.5096
            ],
            [
              -90.5278,
              41.5096
            ],
            [
              -90.5278,
              41.5087
            ]
          ]
        ]
      },
      "properties": {
        "account": "john-deere",
        "name": "John Deere Cylinder Works - Moline IL",
        "type": "Component Plant",
        "archetype": "#3",
        "archetypeName": "No Gate / No GS",
        "confidence": "medium",
        "zone": "dockApron",
        "index": 1
      }
    },
    {
      "type": "Feature",
      "geometry": {
        "type": "Polygon",
        "coordinates": [
          [
            [
              -90.5345,
              41.5073
            ],
            [
              -90.5278,
              41.5073
            ],
            [
              -90.5278,
              41.5101
            ],
            [
              -90.5345,
              41.5101
            ],
            [
              -90.5345,
              41.5073
            ]
          ]
        ]
      },
      "properties": {
        "account": "john-deere",
        "name": "John Deere Seeding Group / Planter Works - Moline IL",
        "type": "Assembly Plant",
        "archetype": "#3",
        "archetypeName": "No Gate / No GS",
        "confidence": "medium",
        "zone": "perimeter",
        "truckGate": false,
        "guardShack": false,
        "remoteGs": false,
        "fastLaneOpportunity": true,
        "backupSensitive": false,
        "dropYard": true,
        "multipleFacilities": true,
        "scale": false,
        "shipRcvSeparate": false,
        "urbanRural": "Urban",
        "dockDoors": "10-25",
        "dropArea": "10-25",
        "yardMetrics": {
          "dockDoorCount": 22,
          "trailersVisible": 14,
          "trailerParkingCapacity": 35,
          "truckGateCount": 0,
          "buildingCount": 3,
          "siteAreaAcres": 38,
          "railServed": false
        }
      }
    },
    {
      "type": "Feature",
      "geometry": {
        "type": "Polygon",
        "coordinates": [
          [
            [
              -90.5299,
              41.5088
            ],
            [
              -90.5283,
              41.5088
            ],
            [
              -90.5283,
              41.50985
            ],
            [
              -90.5299,
              41.50985
            ],
            [
              -90.5299,
              41.5088
            ]
          ]
        ]
      },
      "properties": {
        "account": "john-deere",
        "name": "John Deere Seeding Group / Planter Works - Moline IL",
        "type": "Assembly Plant",
        "archetype": "#3",
        "archetypeName": "No Gate / No GS",
        "confidence": "medium",
        "zone": "dropYard",
        "index": 1
      }
    },
    {
      "type": "Feature",
      "geometry": {
        "type": "Polygon",
        "coordinates": [
          [
            [
              -90.533,
              41.5091
            ],
            [
              -90.5295,
              41.5091
            ],
            [
              -90.5295,
              41.50985
            ],
            [
              -90.533,
              41.50985
            ],
            [
              -90.533,
              41.5091
            ]
          ]
        ]
      },
      "properties": {
        "account": "john-deere",
        "name": "John Deere Seeding Group / Planter Works - Moline IL",
        "type": "Assembly Plant",
        "archetype": "#3",
        "archetypeName": "No Gate / No GS",
        "confidence": "medium",
        "zone": "dockApron",
        "index": 1
      }
    },
    {
      "type": "Feature",
      "geometry": {
        "type": "Polygon",
        "coordinates": [
          [
            [
              -90.5585,
              41.597
            ],
            [
              -90.5455,
              41.597
            ],
            [
              -90.5455,
              41.6075
            ],
            [
              -90.5585,
              41.6075
            ],
            [
              -90.5585,
              41.597
            ]
          ]
        ]
      },
      "properties": {
        "account": "john-deere",
        "name": "John Deere Davenport Works - Davenport IA",
        "type": "Assembly Plant",
        "archetype": "#9",
        "archetypeName": "Gate + No GS (remote check-in)",
        "confidence": "medium",
        "zone": "perimeter",
        "truckGate": true,
        "guardShack": false,
        "remoteGs": true,
        "fastLaneOpportunity": true,
        "backupSensitive": false,
        "dropYard": true,
        "multipleFacilities": true,
        "scale": false,
        "shipRcvSeparate": false,
        "urbanRural": "Rural",
        "dockDoors": "10-25",
        "dropArea": "25-50",
        "yardMetrics": {
          "dockDoorCount": 20,
          "trailersVisible": 18,
          "trailerParkingCapacity": 60,
          "truckGateCount": 1,
          "buildingCount": 5,
          "siteAreaAcres": 290,
          "railServed": false
        }
      }
    },
    {
      "type": "Feature",
      "geometry": {
        "type": "Polygon",
        "coordinates": [
          [
            [
              -90.558,
              41.6102
            ],
            [
              -90.556,
              41.6102
            ],
            [
              -90.556,
              41.6112
            ],
            [
              -90.558,
              41.6112
            ],
            [
              -90.558,
              41.6102
            ]
          ]
        ]
      },
      "properties": {
        "account": "john-deere",
        "name": "John Deere Davenport Works - Davenport IA",
        "type": "Assembly Plant",
        "archetype": "#9",
        "archetypeName": "Gate + No GS (remote check-in)",
        "confidence": "medium",
        "zone": "truckGate"
      }
    },
    {
      "type": "Feature",
      "geometry": {
        "type": "Polygon",
        "coordinates": [
          [
            [
              -90.549,
              41.601
            ],
            [
              -90.546,
              41.601
            ],
            [
              -90.546,
              41.6028
            ],
            [
              -90.549,
              41.6028
            ],
            [
              -90.549,
              41.601
            ]
          ]
        ]
      },
      "properties": {
        "account": "john-deere",
        "name": "John Deere Davenport Works - Davenport IA",
        "type": "Assembly Plant",
        "archetype": "#9",
        "archetypeName": "Gate + No GS (remote check-in)",
        "confidence": "medium",
        "zone": "dropYard",
        "index": 1
      }
    },
    {
      "type": "Feature",
      "geometry": {
        "type": "Polygon",
        "coordinates": [
          [
            [
              -90.556,
              41.6033
            ],
            [
              -90.5485,
              41.6033
            ],
            [
              -90.5485,
              41.605
            ],
            [
              -90.556,
              41.605
            ],
            [
              -90.556,
              41.6033
            ]
          ]
        ]
      },
      "properties": {
        "account": "john-deere",
        "name": "John Deere Davenport Works - Davenport IA",
        "type": "Assembly Plant",
        "archetype": "#9",
        "archetypeName": "Gate + No GS (remote check-in)",
        "confidence": "medium",
        "zone": "dropYard",
        "index": 2
      }
    },
    {
      "type": "Feature",
      "geometry": {
        "type": "Polygon",
        "coordinates": [
          [
            [
              -90.556,
              41.6026
            ],
            [
              -90.5485,
              41.6026
            ],
            [
              -90.5485,
              41.6036
            ],
            [
              -90.556,
              41.6036
            ],
            [
              -90.556,
              41.6026
            ]
          ]
        ]
      },
      "properties": {
        "account": "john-deere",
        "name": "John Deere Davenport Works - Davenport IA",
        "type": "Assembly Plant",
        "archetype": "#9",
        "archetypeName": "Gate + No GS (remote check-in)",
        "confidence": "medium",
        "zone": "dockApron",
        "index": 1
      }
    },
    {
      "type": "Feature",
      "geometry": {
        "type": "Polygon",
        "coordinates": [
          [
            [
              -90.554,
              41.6028
            ],
            [
              -90.5495,
              41.6028
            ],
            [
              -90.5495,
              41.6052
            ],
            [
              -90.554,
              41.6052
            ],
            [
              -90.554,
              41.6028
            ]
          ]
        ]
      },
      "properties": {
        "account": "john-deere",
        "name": "John Deere Davenport Works - Davenport IA",
        "type": "Assembly Plant",
        "archetype": "#9",
        "archetypeName": "Gate + No GS (remote check-in)",
        "confidence": "medium",
        "zone": "staging"
      }
    },
    {
      "type": "Feature",
      "geometry": {
        "type": "Polygon",
        "coordinates": [
          [
            [
              -90.699,
              42.5565
            ],
            [
              -90.6815,
              42.5565
            ],
            [
              -90.6815,
              42.574
            ],
            [
              -90.699,
              42.574
            ],
            [
              -90.699,
              42.5565
            ]
          ]
        ]
      },
      "properties": {
        "account": "john-deere",
        "name": "John Deere Dubuque Works - Dubuque IA",
        "type": "Assembly Plant",
        "archetype": "#9",
        "archetypeName": "Gate + No GS (remote check-in)",
        "confidence": "medium",
        "zone": "perimeter",
        "truckGate": true,
        "guardShack": false,
        "remoteGs": true,
        "fastLaneOpportunity": true,
        "backupSensitive": false,
        "dropYard": true,
        "multipleFacilities": true,
        "scale": false,
        "shipRcvSeparate": true,
        "urbanRural": "Rural",
        "dockDoors": "25-50",
        "dropArea": "50+",
        "yardMetrics": {
          "dockDoorCount": 30,
          "trailersVisible": 55,
          "trailerParkingCapacity": 120,
          "truckGateCount": 2,
          "buildingCount": 6,
          "siteAreaAcres": 480,
          "railServed": true
        }
      }
    },
    {
      "type": "Feature",
      "geometry": {
        "type": "Polygon",
        "coordinates": [
          [
            [
              -90.694,
              42.5625
            ],
            [
              -90.6915,
              42.5625
            ],
            [
              -90.6915,
              42.564
            ],
            [
              -90.694,
              42.564
            ],
            [
              -90.694,
              42.5625
            ]
          ]
        ]
      },
      "properties": {
        "account": "john-deere",
        "name": "John Deere Dubuque Works - Dubuque IA",
        "type": "Assembly Plant",
        "archetype": "#9",
        "archetypeName": "Gate + No GS (remote check-in)",
        "confidence": "medium",
        "zone": "truckGate"
      }
    },
    {
      "type": "Feature",
      "geometry": {
        "type": "Polygon",
        "coordinates": [
          [
            [
              -90.6865,
              42.5656
            ],
            [
              -90.6835,
              42.5656
            ],
            [
              -90.6835,
              42.5695
            ],
            [
              -90.6865,
              42.5695
            ],
            [
              -90.6865,
              42.5656
            ]
          ]
        ]
      },
      "properties": {
        "account": "john-deere",
        "name": "John Deere Dubuque Works - Dubuque IA",
        "type": "Assembly Plant",
        "archetype": "#9",
        "archetypeName": "Gate + No GS (remote check-in)",
        "confidence": "medium",
        "zone": "dropYard",
        "index": 1
      }
    },
    {
      "type": "Feature",
      "geometry": {
        "type": "Polygon",
        "coordinates": [
          [
            [
              -90.688,
              42.5628
            ],
            [
              -90.6845,
              42.5628
            ],
            [
              -90.6845,
              42.5656
            ],
            [
              -90.688,
              42.5656
            ],
            [
              -90.688,
              42.5628
            ]
          ]
        ]
      },
      "properties": {
        "account": "john-deere",
        "name": "John Deere Dubuque Works - Dubuque IA",
        "type": "Assembly Plant",
        "archetype": "#9",
        "archetypeName": "Gate + No GS (remote check-in)",
        "confidence": "medium",
        "zone": "dropYard",
        "index": 2
      }
    },
    {
      "type": "Feature",
      "geometry": {
        "type": "Polygon",
        "coordinates": [
          [
            [
              -90.6875,
              42.565
            ],
            [
              -90.6855,
              42.565
            ],
            [
              -90.6855,
              42.5695
            ],
            [
              -90.6875,
              42.5695
            ],
            [
              -90.6875,
              42.565
            ]
          ]
        ]
      },
      "properties": {
        "account": "john-deere",
        "name": "John Deere Dubuque Works - Dubuque IA",
        "type": "Assembly Plant",
        "archetype": "#9",
        "archetypeName": "Gate + No GS (remote check-in)",
        "confidence": "medium",
        "zone": "dockApron",
        "index": 1
      }
    },
    {
      "type": "Feature",
      "geometry": {
        "type": "Polygon",
        "coordinates": [
          [
            [
              -90.693,
              42.5605
            ],
            [
              -90.689,
              42.5605
            ],
            [
              -90.689,
              42.5645
            ],
            [
              -90.693,
              42.5645
            ],
            [
              -90.693,
              42.5605
            ]
          ]
        ]
      },
      "properties": {
        "account": "john-deere",
        "name": "John Deere Dubuque Works - Dubuque IA",
        "type": "Assembly Plant",
        "archetype": "#9",
        "archetypeName": "Gate + No GS (remote check-in)",
        "confidence": "medium",
        "zone": "staging"
      }
    },
    {
      "type": "Feature",
      "geometry": {
        "type": "Polygon",
        "coordinates": [
          [
            [
              -93.6375,
              41.7125
            ],
            [
              -93.6225,
              41.7125
            ],
            [
              -93.6225,
              41.7285
            ],
            [
              -93.6375,
              41.7285
            ],
            [
              -93.6375,
              41.7125
            ]
          ]
        ]
      },
      "properties": {
        "account": "john-deere",
        "name": "John Deere Des Moines Works - Ankeny IA",
        "type": "Assembly Plant",
        "archetype": "#6",
        "archetypeName": "Gate + GS (not BU sens.) + campus",
        "confidence": "medium",
        "zone": "perimeter",
        "truckGate": true,
        "guardShack": true,
        "remoteGs": false,
        "fastLaneOpportunity": true,
        "backupSensitive": false,
        "dropYard": true,
        "multipleFacilities": true,
        "scale": false,
        "shipRcvSeparate": true,
        "urbanRural": "Urban",
        "dockDoors": "25-50",
        "dropArea": "50+",
        "yardMetrics": {
          "dockDoorCount": 45,
          "trailersVisible": 40,
          "trailerParkingCapacity": 110,
          "truckGateCount": 3,
          "buildingCount": 12,
          "siteAreaAcres": 620,
          "railServed": false
        }
      }
    },
    {
      "type": "Feature",
      "geometry": {
        "type": "Polygon",
        "coordinates": [
          [
            [
              -93.6245,
              41.7233
            ],
            [
              -93.6228,
              41.7233
            ],
            [
              -93.6228,
              41.7244
            ],
            [
              -93.6245,
              41.7244
            ],
            [
              -93.6245,
              41.7233
            ]
          ]
        ]
      },
      "properties": {
        "account": "john-deere",
        "name": "John Deere Des Moines Works - Ankeny IA",
        "type": "Assembly Plant",
        "archetype": "#6",
        "archetypeName": "Gate + GS (not BU sens.) + campus",
        "confidence": "medium",
        "zone": "truckGate"
      }
    },
    {
      "type": "Feature",
      "geometry": {
        "type": "Polygon",
        "coordinates": [
          [
            [
              -93.6285,
              41.7228
            ],
            [
              -93.6245,
              41.7228
            ],
            [
              -93.6245,
              41.725
            ],
            [
              -93.6285,
              41.725
            ],
            [
              -93.6285,
              41.7228
            ]
          ]
        ]
      },
      "properties": {
        "account": "john-deere",
        "name": "John Deere Des Moines Works - Ankeny IA",
        "type": "Assembly Plant",
        "archetype": "#6",
        "archetypeName": "Gate + GS (not BU sens.) + campus",
        "confidence": "medium",
        "zone": "dropYard",
        "index": 1
      }
    },
    {
      "type": "Feature",
      "geometry": {
        "type": "Polygon",
        "coordinates": [
          [
            [
              -93.6305,
              41.7175
            ],
            [
              -93.6255,
              41.7175
            ],
            [
              -93.6255,
              41.72
            ],
            [
              -93.6305,
              41.72
            ],
            [
              -93.6305,
              41.7175
            ]
          ]
        ]
      },
      "properties": {
        "account": "john-deere",
        "name": "John Deere Des Moines Works - Ankeny IA",
        "type": "Assembly Plant",
        "archetype": "#6",
        "archetypeName": "Gate + GS (not BU sens.) + campus",
        "confidence": "medium",
        "zone": "dropYard",
        "index": 2
      }
    },
    {
      "type": "Feature",
      "geometry": {
        "type": "Polygon",
        "coordinates": [
          [
            [
              -93.629,
              41.7228
            ],
            [
              -93.6255,
              41.7228
            ],
            [
              -93.6255,
              41.7242
            ],
            [
              -93.629,
              41.7242
            ],
            [
              -93.629,
              41.7228
            ]
          ]
        ]
      },
      "properties": {
        "account": "john-deere",
        "name": "John Deere Des Moines Works - Ankeny IA",
        "type": "Assembly Plant",
        "archetype": "#6",
        "archetypeName": "Gate + GS (not BU sens.) + campus",
        "confidence": "medium",
        "zone": "dockApron",
        "index": 1
      }
    },
    {
      "type": "Feature",
      "geometry": {
        "type": "Polygon",
        "coordinates": [
          [
            [
              -93.635,
              41.719
            ],
            [
              -93.632,
              41.719
            ],
            [
              -93.632,
              41.7205
            ],
            [
              -93.635,
              41.7205
            ],
            [
              -93.635,
              41.719
            ]
          ]
        ]
      },
      "properties": {
        "account": "john-deere",
        "name": "John Deere Des Moines Works - Ankeny IA",
        "type": "Assembly Plant",
        "archetype": "#6",
        "archetypeName": "Gate + GS (not BU sens.) + campus",
        "confidence": "medium",
        "zone": "dockApron",
        "index": 2
      }
    },
    {
      "type": "Feature",
      "geometry": {
        "type": "Polygon",
        "coordinates": [
          [
            [
              -93.631,
              41.719
            ],
            [
              -93.6265,
              41.719
            ],
            [
              -93.6265,
              41.722
            ],
            [
              -93.631,
              41.722
            ],
            [
              -93.631,
              41.719
            ]
          ]
        ]
      },
      "properties": {
        "account": "john-deere",
        "name": "John Deere Des Moines Works - Ankeny IA",
        "type": "Assembly Plant",
        "archetype": "#6",
        "archetypeName": "Gate + GS (not BU sens.) + campus",
        "confidence": "medium",
        "zone": "staging"
      }
    },
    {
      "type": "Feature",
      "geometry": {
        "type": "Polygon",
        "coordinates": [
          [
            [
              -92.4128,
              40.9998
            ],
            [
              -92.4062,
              40.9998
            ],
            [
              -92.4062,
              41.0068
            ],
            [
              -92.4128,
              41.0068
            ],
            [
              -92.4128,
              40.9998
            ]
          ]
        ]
      },
      "properties": {
        "account": "john-deere",
        "name": "John Deere Ottumwa Works - Ottumwa IA",
        "type": "Assembly Plant",
        "archetype": "#6",
        "archetypeName": "Gate + GS (not BU sens.) + campus",
        "confidence": "high",
        "zone": "perimeter",
        "truckGate": true,
        "guardShack": true,
        "remoteGs": false,
        "fastLaneOpportunity": true,
        "backupSensitive": false,
        "dropYard": true,
        "multipleFacilities": true,
        "scale": false,
        "shipRcvSeparate": true,
        "urbanRural": "Rural",
        "dockDoors": "25-50",
        "dropArea": "25-50",
        "yardMetrics": {
          "dockDoorCount": 30,
          "trailersVisible": 28,
          "trailerParkingCapacity": 70,
          "truckGateCount": 1,
          "buildingCount": 8,
          "siteAreaAcres": 110,
          "railServed": false
        }
      }
    },
    {
      "type": "Feature",
      "geometry": {
        "type": "Polygon",
        "coordinates": [
          [
            [
              -92.4109,
              41.0003
            ],
            [
              -92.4102,
              41.0003
            ],
            [
              -92.4102,
              41.00075
            ],
            [
              -92.4109,
              41.00075
            ],
            [
              -92.4109,
              41.0003
            ]
          ]
        ]
      },
      "properties": {
        "account": "john-deere",
        "name": "John Deere Ottumwa Works - Ottumwa IA",
        "type": "Assembly Plant",
        "archetype": "#6",
        "archetypeName": "Gate + GS (not BU sens.) + campus",
        "confidence": "high",
        "zone": "truckGate"
      }
    },
    {
      "type": "Feature",
      "geometry": {
        "type": "Polygon",
        "coordinates": [
          [
            [
              -92.4082,
              40.9997
            ],
            [
              -92.4056,
              40.9997
            ],
            [
              -92.4056,
              41.0013
            ],
            [
              -92.4082,
              41.0013
            ],
            [
              -92.4082,
              40.9997
            ]
          ]
        ]
      },
      "properties": {
        "account": "john-deere",
        "name": "John Deere Ottumwa Works - Ottumwa IA",
        "type": "Assembly Plant",
        "archetype": "#6",
        "archetypeName": "Gate + GS (not BU sens.) + campus",
        "confidence": "high",
        "zone": "dropYard",
        "index": 1
      }
    },
    {
      "type": "Feature",
      "geometry": {
        "type": "Polygon",
        "coordinates": [
          [
            [
              -92.4115,
              41.0037
            ],
            [
              -92.4088,
              41.0037
            ],
            [
              -92.4088,
              41.0056
            ],
            [
              -92.4115,
              41.0056
            ],
            [
              -92.4115,
              41.0037
            ]
          ]
        ]
      },
      "properties": {
        "account": "john-deere",
        "name": "John Deere Ottumwa Works - Ottumwa IA",
        "type": "Assembly Plant",
        "archetype": "#6",
        "archetypeName": "Gate + GS (not BU sens.) + campus",
        "confidence": "high",
        "zone": "dropYard",
        "index": 2
      }
    },
    {
      "type": "Feature",
      "geometry": {
        "type": "Polygon",
        "coordinates": [
          [
            [
              -92.4105,
              41.001
            ],
            [
              -92.4088,
              41.001
            ],
            [
              -92.4088,
              41.0021
            ],
            [
              -92.4105,
              41.0021
            ],
            [
              -92.4105,
              41.001
            ]
          ]
        ]
      },
      "properties": {
        "account": "john-deere",
        "name": "John Deere Ottumwa Works - Ottumwa IA",
        "type": "Assembly Plant",
        "archetype": "#6",
        "archetypeName": "Gate + GS (not BU sens.) + campus",
        "confidence": "high",
        "zone": "dockApron",
        "index": 1
      }
    },
    {
      "type": "Feature",
      "geometry": {
        "type": "Polygon",
        "coordinates": [
          [
            [
              -92.4092,
              41.002
            ],
            [
              -92.407,
              41.002
            ],
            [
              -92.407,
              41.004
            ],
            [
              -92.4092,
              41.004
            ],
            [
              -92.4092,
              41.002
            ]
          ]
        ]
      },
      "properties": {
        "account": "john-deere",
        "name": "John Deere Ottumwa Works - Ottumwa IA",
        "type": "Assembly Plant",
        "archetype": "#6",
        "archetypeName": "Gate + GS (not BU sens.) + campus",
        "confidence": "high",
        "zone": "staging"
      }
    },
    {
      "type": "Feature",
      "geometry": {
        "type": "Polygon",
        "coordinates": [
          [
            [
              -82.1882,
              33.4606
            ],
            [
              -82.1828,
              33.4606
            ],
            [
              -82.1828,
              33.4656
            ],
            [
              -82.1882,
              33.4656
            ],
            [
              -82.1882,
              33.4606
            ]
          ]
        ]
      },
      "properties": {
        "account": "john-deere",
        "name": "John Deere Augusta Works (Commercial Products) - Grovetown GA",
        "type": "Assembly Plant",
        "archetype": "#9",
        "archetypeName": "Gate + No GS (remote check-in)",
        "confidence": "medium",
        "zone": "perimeter",
        "truckGate": true,
        "guardShack": false,
        "remoteGs": true,
        "fastLaneOpportunity": true,
        "backupSensitive": false,
        "dropYard": true,
        "multipleFacilities": false,
        "scale": false,
        "shipRcvSeparate": true,
        "urbanRural": "Rural",
        "dockDoors": "25-50",
        "dropArea": "50+",
        "yardMetrics": {
          "dockDoorCount": 45,
          "trailersVisible": 95,
          "trailerParkingCapacity": 150,
          "truckGateCount": 1,
          "buildingCount": 2,
          "siteAreaAcres": 175,
          "railServed": false
        }
      }
    },
    {
      "type": "Feature",
      "geometry": {
        "type": "Polygon",
        "coordinates": [
          [
            [
              -82.1852,
              33.463
            ],
            [
              -82.1844,
              33.463
            ],
            [
              -82.1844,
              33.4636
            ],
            [
              -82.1852,
              33.4636
            ],
            [
              -82.1852,
              33.463
            ]
          ]
        ]
      },
      "properties": {
        "account": "john-deere",
        "name": "John Deere Augusta Works (Commercial Products) - Grovetown GA",
        "type": "Assembly Plant",
        "archetype": "#9",
        "archetypeName": "Gate + No GS (remote check-in)",
        "confidence": "medium",
        "zone": "truckGate"
      }
    },
    {
      "type": "Feature",
      "geometry": {
        "type": "Polygon",
        "coordinates": [
          [
            [
              -82.1872,
              33.461
            ],
            [
              -82.1848,
              33.461
            ],
            [
              -82.1848,
              33.4643
            ],
            [
              -82.1872,
              33.4643
            ],
            [
              -82.1872,
              33.461
            ]
          ]
        ]
      },
      "properties": {
        "account": "john-deere",
        "name": "John Deere Augusta Works (Commercial Products) - Grovetown GA",
        "type": "Assembly Plant",
        "archetype": "#9",
        "archetypeName": "Gate + No GS (remote check-in)",
        "confidence": "medium",
        "zone": "dropYard",
        "index": 1
      }
    },
    {
      "type": "Feature",
      "geometry": {
        "type": "Polygon",
        "coordinates": [
          [
            [
              -82.1882,
              33.4618
            ],
            [
              -82.187,
              33.4618
            ],
            [
              -82.187,
              33.4647
            ],
            [
              -82.1882,
              33.4647
            ],
            [
              -82.1882,
              33.4618
            ]
          ]
        ]
      },
      "properties": {
        "account": "john-deere",
        "name": "John Deere Augusta Works (Commercial Products) - Grovetown GA",
        "type": "Assembly Plant",
        "archetype": "#9",
        "archetypeName": "Gate + No GS (remote check-in)",
        "confidence": "medium",
        "zone": "dropYard",
        "index": 2
      }
    },
    {
      "type": "Feature",
      "geometry": {
        "type": "Polygon",
        "coordinates": [
          [
            [
              -82.1865,
              33.4625
            ],
            [
              -82.1856,
              33.4625
            ],
            [
              -82.1856,
              33.4649
            ],
            [
              -82.1865,
              33.4649
            ],
            [
              -82.1865,
              33.4625
            ]
          ]
        ]
      },
      "properties": {
        "account": "john-deere",
        "name": "John Deere Augusta Works (Commercial Products) - Grovetown GA",
        "type": "Assembly Plant",
        "archetype": "#9",
        "archetypeName": "Gate + No GS (remote check-in)",
        "confidence": "medium",
        "zone": "dockApron",
        "index": 1
      }
    },
    {
      "type": "Feature",
      "geometry": {
        "type": "Polygon",
        "coordinates": [
          [
            [
              -82.1856,
              33.4618
            ],
            [
              -82.1838,
              33.4618
            ],
            [
              -82.1838,
              33.4626
            ],
            [
              -82.1856,
              33.4626
            ],
            [
              -82.1856,
              33.4618
            ]
          ]
        ]
      },
      "properties": {
        "account": "john-deere",
        "name": "John Deere Augusta Works (Commercial Products) - Grovetown GA",
        "type": "Assembly Plant",
        "archetype": "#9",
        "archetypeName": "Gate + No GS (remote check-in)",
        "confidence": "medium",
        "zone": "dockApron",
        "index": 2
      }
    },
    {
      "type": "Feature",
      "geometry": {
        "type": "Polygon",
        "coordinates": [
          [
            [
              -82.1862,
              33.462
            ],
            [
              -82.1848,
              33.462
            ],
            [
              -82.1848,
              33.4638
            ],
            [
              -82.1862,
              33.4638
            ],
            [
              -82.1862,
              33.462
            ]
          ]
        ]
      },
      "properties": {
        "account": "john-deere",
        "name": "John Deere Augusta Works (Commercial Products) - Grovetown GA",
        "type": "Assembly Plant",
        "archetype": "#9",
        "archetypeName": "Gate + No GS (remote check-in)",
        "confidence": "medium",
        "zone": "staging"
      }
    },
    {
      "type": "Feature",
      "geometry": {
        "type": "Polygon",
        "coordinates": [
          [
            [
              -95.5868,
              37.0953
            ],
            [
              -95.5813,
              37.0953
            ],
            [
              -95.5813,
              37.1008
            ],
            [
              -95.5868,
              37.1008
            ],
            [
              -95.5868,
              37.0953
            ]
          ]
        ]
      },
      "properties": {
        "account": "john-deere",
        "name": "John Deere Coffeyville Works - Coffeyville KS",
        "type": "Component Plant",
        "archetype": "#3",
        "archetypeName": "No Gate / No GS",
        "confidence": "high",
        "zone": "perimeter",
        "truckGate": false,
        "guardShack": false,
        "remoteGs": false,
        "fastLaneOpportunity": false,
        "backupSensitive": false,
        "dropYard": false,
        "multipleFacilities": true,
        "scale": false,
        "shipRcvSeparate": false,
        "urbanRural": "Rural",
        "dockDoors": "10-25",
        "dropArea": "0-10",
        "yardMetrics": {
          "dockDoorCount": 14,
          "trailersVisible": 4,
          "trailerParkingCapacity": 12,
          "truckGateCount": 0,
          "buildingCount": 4,
          "siteAreaAcres": 74,
          "railServed": false
        }
      }
    },
    {
      "type": "Feature",
      "geometry": {
        "type": "Polygon",
        "coordinates": [
          [
            [
              -95.5837,
              37.098
            ],
            [
              -95.5818,
              37.098
            ],
            [
              -95.5818,
              37.0993
            ],
            [
              -95.5837,
              37.0993
            ],
            [
              -95.5837,
              37.098
            ]
          ]
        ]
      },
      "properties": {
        "account": "john-deere",
        "name": "John Deere Coffeyville Works - Coffeyville KS",
        "type": "Component Plant",
        "archetype": "#3",
        "archetypeName": "No Gate / No GS",
        "confidence": "high",
        "zone": "dockApron",
        "index": 1
      }
    },
    {
      "type": "Feature",
      "geometry": {
        "type": "Polygon",
        "coordinates": [
          [
            [
              -95.5836,
              37.0982
            ],
            [
              -95.582,
              37.0982
            ],
            [
              -95.582,
              37.0998
            ],
            [
              -95.5836,
              37.0998
            ],
            [
              -95.5836,
              37.0982
            ]
          ]
        ]
      },
      "properties": {
        "account": "john-deere",
        "name": "John Deere Coffeyville Works - Coffeyville KS",
        "type": "Component Plant",
        "archetype": "#3",
        "archetypeName": "No Gate / No GS",
        "confidence": "high",
        "zone": "staging"
      }
    },
    {
      "type": "Feature",
      "geometry": {
        "type": "Polygon",
        "coordinates": [
          [
            [
              -90.8302,
              29.8038
            ],
            [
              -90.825,
              29.8038
            ],
            [
              -90.825,
              29.8095
            ],
            [
              -90.8302,
              29.8095
            ],
            [
              -90.8302,
              29.8038
            ]
          ]
        ]
      },
      "properties": {
        "account": "john-deere",
        "name": "John Deere Thibodaux - Thibodaux LA",
        "type": "Assembly Plant",
        "archetype": "#3",
        "archetypeName": "No Gate / No GS",
        "confidence": "high",
        "zone": "perimeter",
        "truckGate": false,
        "guardShack": false,
        "remoteGs": false,
        "fastLaneOpportunity": false,
        "backupSensitive": false,
        "dropYard": true,
        "multipleFacilities": true,
        "scale": false,
        "shipRcvSeparate": false,
        "urbanRural": "Rural",
        "dockDoors": "10-25",
        "dropArea": "10-25",
        "yardMetrics": {
          "dockDoorCount": 16,
          "trailersVisible": 10,
          "trailerParkingCapacity": 25,
          "truckGateCount": 0,
          "buildingCount": 8,
          "siteAreaAcres": 95,
          "railServed": false
        }
      }
    },
    {
      "type": "Feature",
      "geometry": {
        "type": "Polygon",
        "coordinates": [
          [
            [
              -90.8282,
              29.8045
            ],
            [
              -90.8265,
              29.8045
            ],
            [
              -90.8265,
              29.8062
            ],
            [
              -90.8282,
              29.8062
            ],
            [
              -90.8282,
              29.8045
            ]
          ]
        ]
      },
      "properties": {
        "account": "john-deere",
        "name": "John Deere Thibodaux - Thibodaux LA",
        "type": "Assembly Plant",
        "archetype": "#3",
        "archetypeName": "No Gate / No GS",
        "confidence": "high",
        "zone": "dropYard",
        "index": 1
      }
    },
    {
      "type": "Feature",
      "geometry": {
        "type": "Polygon",
        "coordinates": [
          [
            [
              -90.828,
              29.8043
            ],
            [
              -90.8264,
              29.8043
            ],
            [
              -90.8264,
              29.8056
            ],
            [
              -90.828,
              29.8056
            ],
            [
              -90.828,
              29.8043
            ]
          ]
        ]
      },
      "properties": {
        "account": "john-deere",
        "name": "John Deere Thibodaux - Thibodaux LA",
        "type": "Assembly Plant",
        "archetype": "#3",
        "archetypeName": "No Gate / No GS",
        "confidence": "high",
        "zone": "dockApron",
        "index": 1
      }
    },
    {
      "type": "Feature",
      "geometry": {
        "type": "Polygon",
        "coordinates": [
          [
            [
              -90.8285,
              29.8076
            ],
            [
              -90.8265,
              29.8076
            ],
            [
              -90.8265,
              29.809
            ],
            [
              -90.8285,
              29.809
            ],
            [
              -90.8285,
              29.8076
            ]
          ]
        ]
      },
      "properties": {
        "account": "john-deere",
        "name": "John Deere Thibodaux - Thibodaux LA",
        "type": "Assembly Plant",
        "archetype": "#3",
        "archetypeName": "No Gate / No GS",
        "confidence": "high",
        "zone": "dockApron",
        "index": 2
      }
    },
    {
      "type": "Feature",
      "geometry": {
        "type": "Polygon",
        "coordinates": [
          [
            [
              -90.829,
              29.806
            ],
            [
              -90.8268,
              29.806
            ],
            [
              -90.8268,
              29.808
            ],
            [
              -90.829,
              29.808
            ],
            [
              -90.829,
              29.806
            ]
          ]
        ]
      },
      "properties": {
        "account": "john-deere",
        "name": "John Deere Thibodaux - Thibodaux LA",
        "type": "Assembly Plant",
        "archetype": "#3",
        "archetypeName": "No Gate / No GS",
        "confidence": "high",
        "zone": "staging"
      }
    },
    {
      "type": "Feature",
      "geometry": {
        "type": "Polygon",
        "coordinates": [
          [
            [
              -93.2029,
              37.2427
            ],
            [
              -93.1992,
              37.2427
            ],
            [
              -93.1992,
              37.2448
            ],
            [
              -93.2029,
              37.2448
            ],
            [
              -93.2029,
              37.2427
            ]
          ]
        ]
      },
      "properties": {
        "account": "john-deere",
        "name": "John Deere Reman - Springfield MO",
        "type": "Remanufacturing Plant",
        "archetype": "#3",
        "archetypeName": "No Gate / No GS",
        "confidence": "high",
        "zone": "perimeter",
        "truckGate": false,
        "guardShack": false,
        "remoteGs": false,
        "fastLaneOpportunity": false,
        "backupSensitive": false,
        "dropYard": false,
        "multipleFacilities": false,
        "scale": false,
        "shipRcvSeparate": false,
        "urbanRural": "Urban",
        "dockDoors": "10-25",
        "dropArea": "0-10",
        "yardMetrics": {
          "dockDoorCount": 14,
          "trailersVisible": 3,
          "trailerParkingCapacity": 10,
          "truckGateCount": 0,
          "buildingCount": 1,
          "siteAreaAcres": 22,
          "railServed": false
        }
      }
    },
    {
      "type": "Feature",
      "geometry": {
        "type": "Polygon",
        "coordinates": [
          [
            [
              -93.2021,
              37.2432
            ],
            [
              -93.2003,
              37.2432
            ],
            [
              -93.2003,
              37.244
            ],
            [
              -93.2021,
              37.244
            ],
            [
              -93.2021,
              37.2432
            ]
          ]
        ]
      },
      "properties": {
        "account": "john-deere",
        "name": "John Deere Reman - Springfield MO",
        "type": "Remanufacturing Plant",
        "archetype": "#3",
        "archetypeName": "No Gate / No GS",
        "confidence": "high",
        "zone": "dockApron",
        "index": 1
      }
    },
    {
      "type": "Feature",
      "geometry": {
        "type": "Polygon",
        "coordinates": [
          [
            [
              -93.202,
              37.2431
            ],
            [
              -93.1999,
              37.2431
            ],
            [
              -93.1999,
              37.2439
            ],
            [
              -93.202,
              37.2439
            ],
            [
              -93.202,
              37.2431
            ]
          ]
        ]
      },
      "properties": {
        "account": "john-deere",
        "name": "John Deere Reman - Springfield MO",
        "type": "Remanufacturing Plant",
        "archetype": "#3",
        "archetypeName": "No Gate / No GS",
        "confidence": "high",
        "zone": "staging"
      }
    },
    {
      "type": "Feature",
      "geometry": {
        "type": "Polygon",
        "coordinates": [
          [
            [
              -88.6362,
              43.4485
            ],
            [
              -88.6314,
              43.4485
            ],
            [
              -88.6314,
              43.4578
            ],
            [
              -88.6362,
              43.4578
            ],
            [
              -88.6362,
              43.4485
            ]
          ]
        ]
      },
      "properties": {
        "account": "john-deere",
        "name": "John Deere Horicon Works - Horicon WI",
        "type": "Assembly Plant",
        "archetype": "#3",
        "archetypeName": "No Gate / No GS",
        "confidence": "medium",
        "zone": "perimeter",
        "truckGate": false,
        "guardShack": false,
        "remoteGs": false,
        "fastLaneOpportunity": false,
        "backupSensitive": false,
        "dropYard": true,
        "multipleFacilities": true,
        "scale": false,
        "shipRcvSeparate": true,
        "urbanRural": "Rural",
        "dockDoors": "25-50",
        "dropArea": "25-50",
        "yardMetrics": {
          "dockDoorCount": 35,
          "trailersVisible": 22,
          "trailerParkingCapacity": 80,
          "truckGateCount": 1,
          "buildingCount": 12,
          "siteAreaAcres": 105,
          "railServed": false
        }
      }
    },
    {
      "type": "Feature",
      "geometry": {
        "type": "Polygon",
        "coordinates": [
          [
            [
              -88.6332,
              43.4538
            ],
            [
              -88.6322,
              43.4538
            ],
            [
              -88.6322,
              43.4546
            ],
            [
              -88.6332,
              43.4546
            ],
            [
              -88.6332,
              43.4538
            ]
          ]
        ]
      },
      "properties": {
        "account": "john-deere",
        "name": "John Deere Horicon Works - Horicon WI",
        "type": "Assembly Plant",
        "archetype": "#3",
        "archetypeName": "No Gate / No GS",
        "confidence": "medium",
        "zone": "truckGate"
      }
    },
    {
      "type": "Feature",
      "geometry": {
        "type": "Polygon",
        "coordinates": [
          [
            [
              -88.635,
              43.4556
            ],
            [
              -88.6328,
              43.4556
            ],
            [
              -88.6328,
              43.4577
            ],
            [
              -88.635,
              43.4577
            ],
            [
              -88.635,
              43.4556
            ]
          ]
        ]
      },
      "properties": {
        "account": "john-deere",
        "name": "John Deere Horicon Works - Horicon WI",
        "type": "Assembly Plant",
        "archetype": "#3",
        "archetypeName": "No Gate / No GS",
        "confidence": "medium",
        "zone": "dropYard",
        "index": 1
      }
    },
    {
      "type": "Feature",
      "geometry": {
        "type": "Polygon",
        "coordinates": [
          [
            [
              -88.6344,
              43.4547
            ],
            [
              -88.633,
              43.4547
            ],
            [
              -88.633,
              43.4562
            ],
            [
              -88.6344,
              43.4562
            ],
            [
              -88.6344,
              43.4547
            ]
          ]
        ]
      },
      "properties": {
        "account": "john-deere",
        "name": "John Deere Horicon Works - Horicon WI",
        "type": "Assembly Plant",
        "archetype": "#3",
        "archetypeName": "No Gate / No GS",
        "confidence": "medium",
        "zone": "dockApron",
        "index": 1
      }
    },
    {
      "type": "Feature",
      "geometry": {
        "type": "Polygon",
        "coordinates": [
          [
            [
              -88.6332,
              43.452
            ],
            [
              -88.632,
              43.452
            ],
            [
              -88.632,
              43.4538
            ],
            [
              -88.6332,
              43.4538
            ],
            [
              -88.6332,
              43.452
            ]
          ]
        ]
      },
      "properties": {
        "account": "john-deere",
        "name": "John Deere Horicon Works - Horicon WI",
        "type": "Assembly Plant",
        "archetype": "#3",
        "archetypeName": "No Gate / No GS",
        "confidence": "medium",
        "zone": "staging"
      }
    },
    {
      "type": "Feature",
      "geometry": {
        "type": "Polygon",
        "coordinates": [
          [
            [
              -82.894,
              36.1492
            ],
            [
              -82.8856,
              36.1492
            ],
            [
              -82.8856,
              36.1566
            ],
            [
              -82.894,
              36.1566
            ],
            [
              -82.894,
              36.1492
            ]
          ]
        ]
      },
      "properties": {
        "account": "john-deere",
        "name": "John Deere Power Products - Greeneville TN",
        "type": "Assembly Plant",
        "archetype": "#10",
        "archetypeName": "Ship/Rcv Separate (Gate+GS)",
        "confidence": "high",
        "zone": "perimeter",
        "truckGate": true,
        "guardShack": true,
        "remoteGs": false,
        "fastLaneOpportunity": false,
        "backupSensitive": false,
        "dropYard": true,
        "multipleFacilities": false,
        "scale": false,
        "shipRcvSeparate": true,
        "urbanRural": "Rural",
        "dockDoors": "50+",
        "dropArea": "25-50",
        "yardMetrics": {
          "dockDoorCount": 60,
          "trailersVisible": 55,
          "trailerParkingCapacity": 70,
          "truckGateCount": 1,
          "buildingCount": 8,
          "siteAreaAcres": 95,
          "railServed": false
        }
      }
    },
    {
      "type": "Feature",
      "geometry": {
        "type": "Polygon",
        "coordinates": [
          [
            [
              -82.8888,
              36.155
            ],
            [
              -82.8879,
              36.155
            ],
            [
              -82.8879,
              36.1557
            ],
            [
              -82.8888,
              36.1557
            ],
            [
              -82.8888,
              36.155
            ]
          ]
        ]
      },
      "properties": {
        "account": "john-deere",
        "name": "John Deere Power Products - Greeneville TN",
        "type": "Assembly Plant",
        "archetype": "#10",
        "archetypeName": "Ship/Rcv Separate (Gate+GS)",
        "confidence": "high",
        "zone": "truckGate"
      }
    },
    {
      "type": "Feature",
      "geometry": {
        "type": "Polygon",
        "coordinates": [
          [
            [
              -82.8923,
              36.1528
            ],
            [
              -82.8902,
              36.1528
            ],
            [
              -82.8902,
              36.1547
            ],
            [
              -82.8923,
              36.1547
            ],
            [
              -82.8923,
              36.1528
            ]
          ]
        ]
      },
      "properties": {
        "account": "john-deere",
        "name": "John Deere Power Products - Greeneville TN",
        "type": "Assembly Plant",
        "archetype": "#10",
        "archetypeName": "Ship/Rcv Separate (Gate+GS)",
        "confidence": "high",
        "zone": "dropYard",
        "index": 1
      }
    },
    {
      "type": "Feature",
      "geometry": {
        "type": "Polygon",
        "coordinates": [
          [
            [
              -82.8938,
              36.1508
            ],
            [
              -82.8912,
              36.1508
            ],
            [
              -82.8912,
              36.1528
            ],
            [
              -82.8938,
              36.1528
            ],
            [
              -82.8938,
              36.1508
            ]
          ]
        ]
      },
      "properties": {
        "account": "john-deere",
        "name": "John Deere Power Products - Greeneville TN",
        "type": "Assembly Plant",
        "archetype": "#10",
        "archetypeName": "Ship/Rcv Separate (Gate+GS)",
        "confidence": "high",
        "zone": "dropYard",
        "index": 2
      }
    },
    {
      "type": "Feature",
      "geometry": {
        "type": "Polygon",
        "coordinates": [
          [
            [
              -82.8896,
              36.1528
            ],
            [
              -82.8878,
              36.1528
            ],
            [
              -82.8878,
              36.1542
            ],
            [
              -82.8896,
              36.1542
            ],
            [
              -82.8896,
              36.1528
            ]
          ]
        ]
      },
      "properties": {
        "account": "john-deere",
        "name": "John Deere Power Products - Greeneville TN",
        "type": "Assembly Plant",
        "archetype": "#10",
        "archetypeName": "Ship/Rcv Separate (Gate+GS)",
        "confidence": "high",
        "zone": "dockApron",
        "index": 1
      }
    },
    {
      "type": "Feature",
      "geometry": {
        "type": "Polygon",
        "coordinates": [
          [
            [
              -82.8906,
              36.1508
            ],
            [
              -82.8888,
              36.1508
            ],
            [
              -82.8888,
              36.1523
            ],
            [
              -82.8906,
              36.1523
            ],
            [
              -82.8906,
              36.1508
            ]
          ]
        ]
      },
      "properties": {
        "account": "john-deere",
        "name": "John Deere Power Products - Greeneville TN",
        "type": "Assembly Plant",
        "archetype": "#10",
        "archetypeName": "Ship/Rcv Separate (Gate+GS)",
        "confidence": "high",
        "zone": "dockApron",
        "index": 2
      }
    },
    {
      "type": "Feature",
      "geometry": {
        "type": "Polygon",
        "coordinates": [
          [
            [
              -82.8882,
              36.1545
            ],
            [
              -82.8868,
              36.1545
            ],
            [
              -82.8868,
              36.1554
            ],
            [
              -82.8882,
              36.1554
            ],
            [
              -82.8882,
              36.1545
            ]
          ]
        ]
      },
      "properties": {
        "account": "john-deere",
        "name": "John Deere Power Products - Greeneville TN",
        "type": "Assembly Plant",
        "archetype": "#10",
        "archetypeName": "Ship/Rcv Separate (Gate+GS)",
        "confidence": "high",
        "zone": "staging"
      }
    },
    {
      "type": "Feature",
      "geometry": {
        "type": "Polygon",
        "coordinates": [
          [
            [
              -80.0972,
              36.1295
            ],
            [
              -80.0825,
              36.1295
            ],
            [
              -80.0825,
              36.1405
            ],
            [
              -80.0972,
              36.1405
            ],
            [
              -80.0972,
              36.1295
            ]
          ]
        ]
      },
      "properties": {
        "account": "john-deere",
        "name": "John Deere Kernersville (Deere-Hitachi Construction) - Kernersville NC",
        "type": "Assembly Plant",
        "archetype": "#6",
        "archetypeName": "Gate + GS (not BU sens.) + campus",
        "confidence": "high",
        "zone": "perimeter",
        "truckGate": true,
        "guardShack": true,
        "remoteGs": false,
        "fastLaneOpportunity": false,
        "backupSensitive": false,
        "dropYard": true,
        "multipleFacilities": true,
        "scale": false,
        "shipRcvSeparate": true,
        "urbanRural": "Rural",
        "dockDoors": "25-50",
        "dropArea": "50+",
        "yardMetrics": {
          "dockDoorCount": 30,
          "trailersVisible": 80,
          "trailerParkingCapacity": 120,
          "truckGateCount": 2,
          "buildingCount": 6,
          "siteAreaAcres": 145,
          "railServed": false
        }
      }
    },
    {
      "type": "Feature",
      "geometry": {
        "type": "Polygon",
        "coordinates": [
          [
            [
              -80.0916,
              36.1345
            ],
            [
              -80.0906,
              36.1345
            ],
            [
              -80.0906,
              36.1353
            ],
            [
              -80.0916,
              36.1353
            ],
            [
              -80.0916,
              36.1345
            ]
          ]
        ]
      },
      "properties": {
        "account": "john-deere",
        "name": "John Deere Kernersville (Deere-Hitachi Construction) - Kernersville NC",
        "type": "Assembly Plant",
        "archetype": "#6",
        "archetypeName": "Gate + GS (not BU sens.) + campus",
        "confidence": "high",
        "zone": "truckGate"
      }
    },
    {
      "type": "Feature",
      "geometry": {
        "type": "Polygon",
        "coordinates": [
          [
            [
              -80.0908,
              36.1342
            ],
            [
              -80.0882,
              36.1342
            ],
            [
              -80.0882,
              36.1368
            ],
            [
              -80.0908,
              36.1368
            ],
            [
              -80.0908,
              36.1342
            ]
          ]
        ]
      },
      "properties": {
        "account": "john-deere",
        "name": "John Deere Kernersville (Deere-Hitachi Construction) - Kernersville NC",
        "type": "Assembly Plant",
        "archetype": "#6",
        "archetypeName": "Gate + GS (not BU sens.) + campus",
        "confidence": "high",
        "zone": "dropYard",
        "index": 1
      }
    },
    {
      "type": "Feature",
      "geometry": {
        "type": "Polygon",
        "coordinates": [
          [
            [
              -80.0856,
              36.1318
            ],
            [
              -80.0834,
              36.1318
            ],
            [
              -80.0834,
              36.1342
            ],
            [
              -80.0856,
              36.1342
            ],
            [
              -80.0856,
              36.1318
            ]
          ]
        ]
      },
      "properties": {
        "account": "john-deere",
        "name": "John Deere Kernersville (Deere-Hitachi Construction) - Kernersville NC",
        "type": "Assembly Plant",
        "archetype": "#6",
        "archetypeName": "Gate + GS (not BU sens.) + campus",
        "confidence": "high",
        "zone": "dropYard",
        "index": 2
      }
    },
    {
      "type": "Feature",
      "geometry": {
        "type": "Polygon",
        "coordinates": [
          [
            [
              -80.0938,
              36.1356
            ],
            [
              -80.0918,
              36.1356
            ],
            [
              -80.0918,
              36.1372
            ],
            [
              -80.0938,
              36.1372
            ],
            [
              -80.0938,
              36.1356
            ]
          ]
        ]
      },
      "properties": {
        "account": "john-deere",
        "name": "John Deere Kernersville (Deere-Hitachi Construction) - Kernersville NC",
        "type": "Assembly Plant",
        "archetype": "#6",
        "archetypeName": "Gate + GS (not BU sens.) + campus",
        "confidence": "high",
        "zone": "dockApron",
        "index": 1
      }
    },
    {
      "type": "Feature",
      "geometry": {
        "type": "Polygon",
        "coordinates": [
          [
            [
              -80.088,
              36.1332
            ],
            [
              -80.0866,
              36.1332
            ],
            [
              -80.0866,
              36.1346
            ],
            [
              -80.088,
              36.1346
            ],
            [
              -80.088,
              36.1332
            ]
          ]
        ]
      },
      "properties": {
        "account": "john-deere",
        "name": "John Deere Kernersville (Deere-Hitachi Construction) - Kernersville NC",
        "type": "Assembly Plant",
        "archetype": "#6",
        "archetypeName": "Gate + GS (not BU sens.) + campus",
        "confidence": "high",
        "zone": "dockApron",
        "index": 2
      }
    },
    {
      "type": "Feature",
      "geometry": {
        "type": "Polygon",
        "coordinates": [
          [
            [
              -80.0912,
              36.1338
            ],
            [
              -80.0898,
              36.1338
            ],
            [
              -80.0898,
              36.1347
            ],
            [
              -80.0912,
              36.1347
            ],
            [
              -80.0912,
              36.1338
            ]
          ]
        ]
      },
      "properties": {
        "account": "john-deere",
        "name": "John Deere Kernersville (Deere-Hitachi Construction) - Kernersville NC",
        "type": "Assembly Plant",
        "archetype": "#6",
        "archetypeName": "Gate + GS (not BU sens.) + campus",
        "confidence": "high",
        "zone": "staging"
      }
    },
    {
      "type": "Feature",
      "geometry": {
        "type": "Polygon",
        "coordinates": [
          [
            [
              -90.5498,
              41.4423
            ],
            [
              -90.5395,
              41.4423
            ],
            [
              -90.5395,
              41.4523
            ],
            [
              -90.5498,
              41.4523
            ],
            [
              -90.5498,
              41.4423
            ]
          ]
        ]
      },
      "properties": {
        "account": "john-deere",
        "name": "John Deere North American Parts Distribution Center - Milan IL",
        "type": "Parts Distribution Center",
        "archetype": "#3",
        "archetypeName": "No Gate / No GS",
        "confidence": "medium",
        "zone": "perimeter",
        "truckGate": false,
        "guardShack": false,
        "remoteGs": false,
        "fastLaneOpportunity": true,
        "backupSensitive": false,
        "dropYard": true,
        "multipleFacilities": false,
        "scale": false,
        "shipRcvSeparate": false,
        "urbanRural": "Rural",
        "dockDoors": "50+",
        "dropArea": "50+",
        "yardMetrics": {
          "dockDoorCount": 90,
          "trailersVisible": 350,
          "trailerParkingCapacity": 500,
          "truckGateCount": 1,
          "buildingCount": 2,
          "siteAreaAcres": 215,
          "railServed": false
        }
      }
    },
    {
      "type": "Feature",
      "geometry": {
        "type": "Polygon",
        "coordinates": [
          [
            [
              -90.5448,
              41.451
            ],
            [
              -90.5438,
              41.451
            ],
            [
              -90.5438,
              41.4518
            ],
            [
              -90.5448,
              41.4518
            ],
            [
              -90.5448,
              41.451
            ]
          ]
        ]
      },
      "properties": {
        "account": "john-deere",
        "name": "John Deere North American Parts Distribution Center - Milan IL",
        "type": "Parts Distribution Center",
        "archetype": "#3",
        "archetypeName": "No Gate / No GS",
        "confidence": "medium",
        "zone": "truckGate"
      }
    },
    {
      "type": "Feature",
      "geometry": {
        "type": "Polygon",
        "coordinates": [
          [
            [
              -90.5432,
              41.4464
            ],
            [
              -90.5398,
              41.4464
            ],
            [
              -90.5398,
              41.45
            ],
            [
              -90.5432,
              41.45
            ],
            [
              -90.5432,
              41.4464
            ]
          ]
        ]
      },
      "properties": {
        "account": "john-deere",
        "name": "John Deere North American Parts Distribution Center - Milan IL",
        "type": "Parts Distribution Center",
        "archetype": "#3",
        "archetypeName": "No Gate / No GS",
        "confidence": "medium",
        "zone": "dropYard",
        "index": 1
      }
    },
    {
      "type": "Feature",
      "geometry": {
        "type": "Polygon",
        "coordinates": [
          [
            [
              -90.5482,
              41.4432
            ],
            [
              -90.5432,
              41.4432
            ],
            [
              -90.5432,
              41.4468
            ],
            [
              -90.5482,
              41.4468
            ],
            [
              -90.5482,
              41.4432
            ]
          ]
        ]
      },
      "properties": {
        "account": "john-deere",
        "name": "John Deere North American Parts Distribution Center - Milan IL",
        "type": "Parts Distribution Center",
        "archetype": "#3",
        "archetypeName": "No Gate / No GS",
        "confidence": "medium",
        "zone": "dropYard",
        "index": 2
      }
    },
    {
      "type": "Feature",
      "geometry": {
        "type": "Polygon",
        "coordinates": [
          [
            [
              -90.5442,
              41.4468
            ],
            [
              -90.5418,
              41.4468
            ],
            [
              -90.5418,
              41.4498
            ],
            [
              -90.5442,
              41.4498
            ],
            [
              -90.5442,
              41.4468
            ]
          ]
        ]
      },
      "properties": {
        "account": "john-deere",
        "name": "John Deere North American Parts Distribution Center - Milan IL",
        "type": "Parts Distribution Center",
        "archetype": "#3",
        "archetypeName": "No Gate / No GS",
        "confidence": "medium",
        "zone": "dropYard",
        "index": 3
      }
    },
    {
      "type": "Feature",
      "geometry": {
        "type": "Polygon",
        "coordinates": [
          [
            [
              -90.5458,
              41.4462
            ],
            [
              -90.5436,
              41.4462
            ],
            [
              -90.5436,
              41.4502
            ],
            [
              -90.5458,
              41.4502
            ],
            [
              -90.5458,
              41.4462
            ]
          ]
        ]
      },
      "properties": {
        "account": "john-deere",
        "name": "John Deere North American Parts Distribution Center - Milan IL",
        "type": "Parts Distribution Center",
        "archetype": "#3",
        "archetypeName": "No Gate / No GS",
        "confidence": "medium",
        "zone": "dockApron",
        "index": 1
      }
    },
    {
      "type": "Feature",
      "geometry": {
        "type": "Polygon",
        "coordinates": [
          [
            [
              -90.5442,
              41.45
            ],
            [
              -90.5426,
              41.45
            ],
            [
              -90.5426,
              41.4512
            ],
            [
              -90.5442,
              41.4512
            ],
            [
              -90.5442,
              41.45
            ]
          ]
        ]
      },
      "properties": {
        "account": "john-deere",
        "name": "John Deere North American Parts Distribution Center - Milan IL",
        "type": "Parts Distribution Center",
        "archetype": "#3",
        "archetypeName": "No Gate / No GS",
        "confidence": "medium",
        "zone": "staging"
      }
    },
    {
      "type": "Feature",
      "geometry": {
        "type": "Polygon",
        "coordinates": [
          [
            [
              -92.2872,
              42.5077
            ],
            [
              -92.2832,
              42.5077
            ],
            [
              -92.2832,
              42.5129
            ],
            [
              -92.2872,
              42.5129
            ],
            [
              -92.2872,
              42.5077
            ]
          ]
        ]
      },
      "properties": {
        "account": "john-deere",
        "name": "John Deere Parts Distribution Center - Waterloo IA",
        "type": "Parts Distribution Center",
        "archetype": "#3",
        "archetypeName": "No Gate / No GS",
        "confidence": "high",
        "zone": "perimeter",
        "truckGate": false,
        "guardShack": false,
        "remoteGs": false,
        "fastLaneOpportunity": true,
        "backupSensitive": false,
        "dropYard": true,
        "multipleFacilities": true,
        "scale": false,
        "shipRcvSeparate": false,
        "urbanRural": "Rural",
        "dockDoors": "25-50",
        "dropArea": "50+",
        "yardMetrics": {
          "dockDoorCount": 40,
          "trailersVisible": 65,
          "trailerParkingCapacity": 90,
          "truckGateCount": 1,
          "buildingCount": 2,
          "siteAreaAcres": 45,
          "railServed": false
        }
      }
    },
    {
      "type": "Feature",
      "geometry": {
        "type": "Polygon",
        "coordinates": [
          [
            [
              -92.2868,
              42.5119
            ],
            [
              -92.2861,
              42.5119
            ],
            [
              -92.2861,
              42.5125
            ],
            [
              -92.2868,
              42.5125
            ],
            [
              -92.2868,
              42.5119
            ]
          ]
        ]
      },
      "properties": {
        "account": "john-deere",
        "name": "John Deere Parts Distribution Center - Waterloo IA",
        "type": "Parts Distribution Center",
        "archetype": "#3",
        "archetypeName": "No Gate / No GS",
        "confidence": "high",
        "zone": "truckGate"
      }
    },
    {
      "type": "Feature",
      "geometry": {
        "type": "Polygon",
        "coordinates": [
          [
            [
              -92.2843,
              42.5079
            ],
            [
              -92.2833,
              42.5079
            ],
            [
              -92.2833,
              42.5117
            ],
            [
              -92.2843,
              42.5117
            ],
            [
              -92.2843,
              42.5079
            ]
          ]
        ]
      },
      "properties": {
        "account": "john-deere",
        "name": "John Deere Parts Distribution Center - Waterloo IA",
        "type": "Parts Distribution Center",
        "archetype": "#3",
        "archetypeName": "No Gate / No GS",
        "confidence": "high",
        "zone": "dropYard",
        "index": 1
      }
    },
    {
      "type": "Feature",
      "geometry": {
        "type": "Polygon",
        "coordinates": [
          [
            [
              -92.2848,
              42.508
            ],
            [
              -92.2843,
              42.508
            ],
            [
              -92.2843,
              42.5114
            ],
            [
              -92.2848,
              42.5114
            ],
            [
              -92.2848,
              42.508
            ]
          ]
        ]
      },
      "properties": {
        "account": "john-deere",
        "name": "John Deere Parts Distribution Center - Waterloo IA",
        "type": "Parts Distribution Center",
        "archetype": "#3",
        "archetypeName": "No Gate / No GS",
        "confidence": "high",
        "zone": "dockApron",
        "index": 1
      }
    },
    {
      "type": "Feature",
      "geometry": {
        "type": "Polygon",
        "coordinates": [
          [
            [
              -92.2846,
              42.5115
            ],
            [
              -92.284,
              42.5115
            ],
            [
              -92.284,
              42.5123
            ],
            [
              -92.2846,
              42.5123
            ],
            [
              -92.2846,
              42.5115
            ]
          ]
        ]
      },
      "properties": {
        "account": "john-deere",
        "name": "John Deere Parts Distribution Center - Waterloo IA",
        "type": "Parts Distribution Center",
        "archetype": "#3",
        "archetypeName": "No Gate / No GS",
        "confidence": "high",
        "zone": "dockApron",
        "index": 2
      }
    },
    {
      "type": "Feature",
      "geometry": {
        "type": "Polygon",
        "coordinates": [
          [
            [
              -92.2847,
              42.5119
            ],
            [
              -92.2837,
              42.5119
            ],
            [
              -92.2837,
              42.5128
            ],
            [
              -92.2847,
              42.5128
            ],
            [
              -92.2847,
              42.5119
            ]
          ]
        ]
      },
      "properties": {
        "account": "john-deere",
        "name": "John Deere Parts Distribution Center - Waterloo IA",
        "type": "Parts Distribution Center",
        "archetype": "#3",
        "archetypeName": "No Gate / No GS",
        "confidence": "high",
        "zone": "staging"
      }
    },
    {
      "type": "Feature",
      "geometry": {
        "type": "Polygon",
        "coordinates": [
          [
            [
              -96.3152,
              43.1952
            ],
            [
              -96.3122,
              43.1952
            ],
            [
              -96.3122,
              43.1985
            ],
            [
              -96.3152,
              43.1985
            ],
            [
              -96.3152,
              43.1952
            ]
          ]
        ]
      },
      "properties": {
        "account": "john-deere",
        "name": "John Deere All-Makes Parts Distribution Center - Rock Valley IA",
        "type": "Parts Distribution Center",
        "archetype": "#3",
        "archetypeName": "No Gate / No GS",
        "confidence": "medium",
        "zone": "perimeter",
        "truckGate": false,
        "guardShack": false,
        "remoteGs": false,
        "fastLaneOpportunity": false,
        "backupSensitive": false,
        "dropYard": false,
        "multipleFacilities": true,
        "scale": false,
        "shipRcvSeparate": false,
        "urbanRural": "Rural",
        "dockDoors": "10-25",
        "dropArea": "0-10",
        "yardMetrics": {
          "dockDoorCount": 16,
          "trailersVisible": 8,
          "trailerParkingCapacity": 12,
          "truckGateCount": 1,
          "buildingCount": 3,
          "siteAreaAcres": 22,
          "railServed": false
        }
      }
    },
    {
      "type": "Feature",
      "geometry": {
        "type": "Polygon",
        "coordinates": [
          [
            [
              -96.3151,
              43.1969
            ],
            [
              -96.3146,
              43.1969
            ],
            [
              -96.3146,
              43.1974
            ],
            [
              -96.3151,
              43.1974
            ],
            [
              -96.3151,
              43.1969
            ]
          ]
        ]
      },
      "properties": {
        "account": "john-deere",
        "name": "John Deere All-Makes Parts Distribution Center - Rock Valley IA",
        "type": "Parts Distribution Center",
        "archetype": "#3",
        "archetypeName": "No Gate / No GS",
        "confidence": "medium",
        "zone": "truckGate"
      }
    },
    {
      "type": "Feature",
      "geometry": {
        "type": "Polygon",
        "coordinates": [
          [
            [
              -96.3146,
              43.1964
            ],
            [
              -96.3137,
              43.1964
            ],
            [
              -96.3137,
              43.1971
            ],
            [
              -96.3146,
              43.1971
            ],
            [
              -96.3146,
              43.1964
            ]
          ]
        ]
      },
      "properties": {
        "account": "john-deere",
        "name": "John Deere All-Makes Parts Distribution Center - Rock Valley IA",
        "type": "Parts Distribution Center",
        "archetype": "#3",
        "archetypeName": "No Gate / No GS",
        "confidence": "medium",
        "zone": "dockApron",
        "index": 1
      }
    },
    {
      "type": "Feature",
      "geometry": {
        "type": "Polygon",
        "coordinates": [
          [
            [
              -96.3147,
              43.1964
            ],
            [
              -96.3135,
              43.1964
            ],
            [
              -96.3135,
              43.1972
            ],
            [
              -96.3147,
              43.1972
            ],
            [
              -96.3147,
              43.1964
            ]
          ]
        ]
      },
      "properties": {
        "account": "john-deere",
        "name": "John Deere All-Makes Parts Distribution Center - Rock Valley IA",
        "type": "Parts Distribution Center",
        "archetype": "#3",
        "archetypeName": "No Gate / No GS",
        "confidence": "medium",
        "zone": "staging"
      }
    }
  ]
}
