company,domain,hubspot_company_id,in_hubspot,composite,tier,sites,city_state,nearest_primo,domain_source
Kuehne + Nagel,us.kuehne-nagel.com,8982375818,yes,99.82,A,3,"Ontario, CA",US PL Ontario Factory,package
FedEx Freight,fedex.com,8981900401,yes,99.09,A,62,"Zephyrhills, FL",US PL Zephyrhills Factory,package
PepsiCo Mt. Creek,pepsico.com,,no,98.73,A,1,"Dallas, TX",US PL Dallas 2 Factory,curated:
DHL,dhl.com,8974643893,yes,98.55,A,1,"Mertztown, PA",US PL Allentown NPL Factory,package
U.S. Meat Export Federation (USMEF),usmef.org,,no,98.07,A,1,"Denver, CO",US PL Denver Factory,package
Western Export Services Inc,wesdenver.com,,no,97.89,A,2,"Denver, CO",US PL Denver Factory,package
"J.B. Hunt Transport Services, Inc.",jbhunt.com,,no,97.84,A,8,"Breinigsville, PA",US DC NFI - Breinigsville,curated:
Ryder Logistics,ryder.com,55553605396,yes,97.67,A,4,"Alburtis, PA",US PL Allentown NPL Factory,package
Penske Work,penske.com,,no,97.67,A,1,"Alburtis, PA",US PL Allentown NPL Factory,curated:
FEDEX GROUND,fedex.com,8981900401,yes,97.67,A,10,"Sacramento, CA",US PL Sacramento Factory,package
The Home Depot Pro Institutional,homedepot.com,45064080037,yes,97.45,A,1,"Sacramento, CA",US PL Sacramento Factory,package
Flexport Denver,flexport.com,,no,97.35,A,1,"Denver, CO",US PL Denver Factory,curated:
Cardinal Health at Home Distribution Center,cardinalhealth.com,,no,97.32,A,1,"Ontario, CA",US PL Ontario Factory,parent_facility:medium
Target Grocery,target.com,44998571902,yes,97.27,A,1,"Denver, CO",US PL Denver Factory,package
Coca-Cola Southwest Beverages,coca-colacompany.com,54707346442,yes,97.14,A,9,"Houston, TX 77054, USA",US PL S Houston Factory,package
Nestle Water,nestleusa.com,,no,96.97,A,4,"Poland, ME",US PL Poland Spring Factory,package
Walmart Business Center,walmart.com,8536615003,yes,96.91,A,1,"Hot Springs Village, AR",US PL Hot Springs Factory,package
Fastenal Fulfillment Center,fastenal.com,,no,96.82,A,83,"Greenwood, IN",US PL Greenwood Indiana,curated:
GEODIS,geodis.com,55554514707,yes,96.62,A,7,"Breinigsville, PA",US DC NFI - Breinigsville,package
Saddle Creek Logistics Services,sclogistics.com,8982330906,yes,96.47,A,7,"Ontario, CA",US PL Ontario Factory,package
Coca-Cola,coca-colacompany.com,55554507561,yes,96.45,A,17,"Breinigsville, PA",US DC NFI - Breinigsville,package
Frito-Lay Inc,fritolay.com,54772621360,yes,95.94,A,5,"Dallas, TX",US PL Dallas 2 Factory,package
The Home Depot Distribution Center,homedepot.com,45064080037,yes,95.84,A,29,"Breinigsville, PA",US DC NFI - Breinigsville,package
"Blue Eagle Logistics, Inc.",blueeaglelogistics.com,55542057493,yes,95.77,A,1,"Breinigsville, PA",US DC NFI - Breinigsville,package
Pepsi Co Inc,pepsi.com,8536611588,yes,95.77,A,27,"Sacramento, CA",US PL Sacramento Factory,package
Scott's Auto Carrier Denver,,,no,95.67,A,1,"Denver, CO",US PL Denver Factory,
Pepsi off site,pepsico.com,,no,95.6,A,1,"Sacramento, CA",US PL Sacramento Factory,curated:
Bimbo Bakeries USA,bimbobakeriesusa.com,54771833773,yes,95.6,A,2,"Sacramento, CA",US PL Sacramento Factory,package
Sysco To Go- Houston Medical Centre,sysco.com,,no,95.6,A,1,"Houston, TX",US PL S Houston Factory,curated:
Grainger Industrial Supply,grainger.com,,no,95.6,A,1,"Madison, WI",US PL Madison Factory,curated:
Amazon ABE3 Fulfillment Center,amazon.com,8981959027,yes,95.49,A,1,"Breinigsville, PA",US DC NFI - Breinigsville,package
DSC,cjlogisticsamerica.com,54415134541,yes,95.43,A,8,"Breinigsville, PA",US PL Allentown Factory,package
Target warehouse,target.com,44998571902,yes,95.43,A,19,"Breinigsville, PA",US PL Allentown Factory,package
Swire Coca-Cola USA,coca-colacompany.com,,no,95.43,A,3,"Denver, CO",US PL Denver Factory,package
Pepsi Cola,pepsico.com,,no,95.43,A,6,"Denver, CO",US PL Denver Factory,curated:
KeHE Distributors-LHV,kehe.com,,no,95.27,A,1,"Breinigsville, PA",US DC NFI - Breinigsville,curated:
BlueTriton Brands,bluetriton.com,45140914616,yes,95.27,A,6,"Breinigsville, PA",US DC NFI - Breinigsville,package
Swire Coca-Cola Driver Entrance,coca-colacompany.com,,no,95.27,A,1,"Denver, CO",US PL Denver Factory,package
Caterpillar Inc,caterpillar.com,54774295842,yes,95.14,A,1,"Ontario, CA",US PL Ontario Factory,package
FedEx Supply Chain,fedex.com,8981900401,yes,95.1,A,1,"Greenwood, IN",US PL Greenwood Indiana,package
Nestle,nestleusa.com,,no,95.1,A,2,"Breinigsville, PA",US DC NFI - Breinigsville,package
Nestle Waters,nestleusa.com,,no,95.1,A,3,"Greenwood, IN",US PL Greenwood Indiana,package
Lineage,lineagelogistics.com,8982323820,yes,95.08,A,39,"McFarland, WI",US PL Madison Factory,package
Hea2 Amazon,amazon.com,8981959027,yes,94.97,A,1,"Breinigsville, PA",US DC NFI - Breinigsville,package
Coca-Cola Lehigh Valley Syrup,coca-colacompany.com,,no,94.93,A,1,"Allentown, PA",US DC NFI - Breinigsville,package
FedEx ShipSite,fedex.com,8981900401,yes,94.93,A,1,"Hot Springs, AR",US DC Hot Springs (WHSE),package
Old Dominion Freight Line,odfl.com,45134543918,yes,94.91,A,46,"Dallas, TX",US PL Dallas 2 Factory,package
Amazon fulfillment ABE2,amazon.com,8981959027,yes,94.8,A,1,"Breinigsville, PA",US DC NFI - Breinigsville,package
Niagara,niagarawater.com,54697231119,yes,94.65,A,30,"Ontario, CA",US PL Ontario Factory,package
ABF Freight,abf.com,,no,94.52,A,31,"Madison, WI",US PL Madison Factory,company_exact:high
US Foods CHEF'STORE,usfoods.com,,no,94.44,A,1,"Sacramento, CA",US PL Sacramento Factory,curated:
Culinaire Foods,culinairefoods.com,,no,94.4,A,1,"Denver, CO",US PL Denver Factory,package
Costco Distribution Depot,costco.com,55554508096,yes,94.37,A,4,"Dallas, TX",US PL Dallas 2 Factory,package
Dollar General,dollargeneral.com,45009260117,yes,94.37,A,10,"High Springs, FL",US PL High Springs Factory,package
Cummins Regional Distribution Center - Dallas,cummins.com,,no,94.28,A,1,"Dallas, TX",US PL Dallas 2 Factory,curated:
Aldi Distribution Center,aldi.us,9392442259,yes,94.2,A,5,"Greenwood, IN",US PL Greenwood Indiana,package
Coca-Cola Co Ontario Syrup,coca-colacompany.com,,no,94.11,A,1,"Ontario, CA",US PL Ontario Factory,package
Newell Logistics,,,no,93.94,A,1,"Zephyrhills, FL",US PL Zephyrhills Factory,
Reyes Coca-Cola Bottling,coca-colacompany.com,54772651294,yes,93.78,A,9,"Rancho Cucamonga, CA",US PL Ontario Factory,package
Bridgestone Firestone Distribution Center,bridgestoneamericas.com,,no,93.77,A,1,"Ontario, CA",US PL Ontario Factory,curated:
R+L Carriers,rlcarriers.com,45063852085,yes,93.77,A,12,"Dallas, TX",US PL Dallas 2 Factory,package
Crete Carrier Corporation,cretecarrier.com,45004297368,yes,93.77,A,4,"Macungie, PA",US DC NFI - Breinigsville,package
Ceva Freight,cevalogistics.com,8982394445,yes,93.62,A,5,"Ontario, CA",US PL Ontario Factory,package
Pepsi Beverages,pepsico.com,,no,93.62,A,9,"Auburn, ME",US PL Poland Spring Factory,curated:
Amazon Counter - Ship A Latte (PUDO),amazon.com,8981959027,yes,93.6,A,2,"Hot Springs, AR",US DC Hot Springs (WHSE),package
XPO,xpomail.com,,no,93.57,A,16,"Allentown, PA",US DC NFI - Breinigsville,company_exact:high
Procter & Gamble Co,pg.com,45005695602,yes,93.49,A,1,"Sacramento, CA",US PL Sacramento Factory,package
P&G Chemicals,pg.com,45005695602,yes,93.49,A,1,"Sacramento, CA",US PL Sacramento Factory,package
Geodis Allentown,geodis.com,,no,93.46,A,1,"Allentown, PA",US DC NFI - Breinigsville,curated:
FedEx Authorized ShipCenter,fedex.com,8981900401,yes,93.46,A,1,"Ballston Spa, NY",US PL Saratoga Spring Factory,package
Next Carriers,nextcarriers.com,55518911005,yes,93.43,A,1,"Greenwood, IN",US PL Greenwood Indiana,package
Swift Transportation,swifttrans.com,45147097220,yes,93.4,A,7,"Jurupa Valley, CA",US PL Ontario Factory,package
GEODIS | Contract Logistics,geodis.com,,no,93.3,A,4,"Ontario, CA",US PL Ontario Factory,curated:
Frito-Lay Auburn PEC,fritolay.com,54772621360,yes,93.3,A,1,"Auburn, ME",US PL Poland Spring Factory,package
Keurig DrPepper,keurigdrpepper.com,45006156353,yes,93.27,A,1,"Allentown, PA",US DC NFI - Breinigsville,package
Bridgestone Distribution Center,bridgestoneamericas.com,54773411912,yes,93.25,A,2,"Allentown, PA",US DC NFI - Breinigsville,package
BASF Warehouse,basf.com,55554491191,yes,93.14,A,2,"Houston, TX",US PL S Houston Factory,package
Owens & Minor - Houston Distribution Center,owens-minor.com,8974722088,yes,93.1,A,2,"Allentown, PA",US DC NFI - Breinigsville,package
Chewy Fulfillment Center DFW1,chewy.com,,no,93.09,A,1,"Dallas, TX",US PL Dallas 2 Factory,curated:
Estes Express Lines,estes-express.com,45012514110,yes,93.07,A,33,"Greenwood, IN",US PL Greenwood Indiana,package
NFI,nfiindustries.com,,no,92.97,A,5,"Breinigsville, PA",US DC NFI - Breinigsville,curated:
Amazon,amazon.com,8981959027,yes,92.93,A,32,"Greenwood, IN",US PL Greenwood Indiana,package
General Mills,generalmills.com,45015289875,yes,92.81,A,1,"Mira Loma, CA",US PL Ontario Factory,package
Staples Fulfilment Center,staples.com,,no,92.8,A,11,"Ontario, CA",US PL Ontario Factory,curated:
Walmart,walmart.com,8536615003,yes,92.77,A,38,"Jurupa Valley, CA",US PL Ontario Factory,package
Greenfield Manufacturing Co,,,no,92.63,A,2,"Saratoga Springs, NY",US PL Saratoga Spring Factory,
A&M LOGISTICS INC,,,no,92.62,A,1,"Ontario, CA",US PL Ontario Factory,
LPM manufacturing,,,no,92.62,A,1,"Ontario, CA",US PL Ontario Factory,
PepsiCo,pepsico.com,55549761714,yes,92.5,A,4,"Denver, CO",US PL Denver Factory,package
King Soopers/Kroger Tejon Street Distribution Center,kroger.com,8536615981,yes,92.45,A,1,"Denver, CO",US PL Denver Factory,package
Panera Bread Warehouse,panerabread.com,54414979218,yes,92.45,A,1,"Ontario, CA",US PL Ontario Factory,package
Amazon Fulfillment Center IND9,amazon.com,8981959027,yes,92.44,A,1,"Greenwood, IN",US PL Greenwood Indiana,package
Exel/Owens Corning Warehouse,owenscorning.com,,no,92.28,A,1,"Dallas, TX",US PL Dallas 2 Factory,parent_facility:medium
Ball Metal Beverage Container,ball.com,,no,92.28,A,1,"Saratoga Springs, NY",US PL Saratoga Spring Factory,curated:
Dupont Industrial Center,dupont.com,,no,92.28,A,1,"Ontario, CA",US PL Ontario Factory,curated:
Earnest Machine,earnestmachine.com,,no,92.27,A,1,"Greenwood, IN",US PL Greenwood Indiana,package
Tractor Supply Co.,orschelnfarmhome.com,54728423017,yes,92.02,A,5,"High Springs, FL",US PL High Springs Factory,package
DHL Warehouse Verizon,dhl.com,8974643893,yes,92.02,A,1,"Whiteland, IN",US PL Greenwood Indiana,package
Uline Shipping Supplies - X1,uline.com,,no,91.94,A,1,"Alburtis, PA",US PL Allentown NPL Factory,curated:
Amazon Fulfillment Center Tours - FTW6,amazon.com,8981959027,yes,91.94,A,11,"Eastvale, CA",US PL Ontario Factory,package
Coca-Cola Fontana Warehouse,coca-colacompany.com,,no,91.87,A,1,"Fontana, CA",US PL Ontario Factory,package
Home Depot FDC Flatbed Distribution Center 5824,homedepot.com,,no,91.78,A,1,"Dallas, TX",US PL Dallas 2 Factory,curated:
Danone North America,dannon.com,45002291573,yes,91.77,A,2,"Dallas, TX",US PL Dallas 2 Factory,package
Home Depot warehouse,emeraldhillsfh.com,54785035603,yes,91.62,A,5,"Dallas, TX",US PL Dallas 2 Factory,package
Amazon Distribution DCA2,amazon.com,8981959027,yes,91.46,A,1,"Eastvale, CA",US PL Ontario Factory,package
AMAZON PRIME NOW (UCO1),amazon.com,8981959027,yes,91.46,A,1,"Denver, CO",US PL Denver Factory,package
Estes Logistics,esteslogistics.com,54756257198,yes,91.46,A,1,"Rancho Cucamonga, CA",US PL Ontario Factory,package
ONT1 Amazon Sort Center,amazon.com,8981959027,yes,91.3,A,1,"Mira Loma, CA",US PL Ontario Factory,package
Sellery Amazon Hub,amazon.com,8981959027,yes,91.3,A,1,"Madison, WI",US PL Madison Factory,package
Best Buy Warehouse Ontario,bestbuy.com,,no,91.27,A,1,"Ontario, CA",US PL Ontario Factory,parent_facility:medium
Amcor Rigid Plastics,amcor.com,,no,91.27,A,3,"Allentown, PA",US DC NFI - Breinigsville,curated:
Schneider cross dock,schneider.com,,no,91.14,A,1,"Rancho Cucamonga, CA",US PL Ontario Factory,curated:
CNO5 Amazon Sort Center,amazon.com,8981959027,yes,91.13,A,1,"Chino, CA",US PL Ontario Factory,package
SBD5 Amazon,amazon.com,8981959027,yes,91.13,A,1,"Mira Loma, CA",US PL Ontario Factory,package
Best Buy Warehouse,bestbuy.com,55554506249,yes,91.1,A,7,"Ontario, CA",US PL Ontario Factory,package
Packaging Corporation of America,packagingcorp.com,54771758469,yes,91.08,A,25,"Allentown, PA",US DC NFI - Breinigsville,package
Americold Logistics Ontario 5401,americold.com,,no,90.98,A,1,"Ontario, CA",US PL Ontario Factory,curated:
PENSKE WAREHOUSE,gopenske.com,55545684644,yes,90.94,A,4,"Houston, TX",US PL S Houston Factory,package
Kroger,kroger.com,8536615981,yes,90.93,A,7,"Greenwood, IN",US PL Greenwood Indiana,package
Shamrock Foodservice Warehouse Denver,shamrockfoods.com,54701592931,yes,90.91,A,1,"Denver, CO",US PL Denver Factory,package
Americold Logistics Ontario CA,americold.com,,no,90.82,A,1,"Ontario, CA",US PL Ontario Factory,curated:
Wakefern Foods,wakefern.com,45146351148,yes,90.8,A,1,"Breinigsville, PA",US DC NFI - Breinigsville,package
Amazon STX4,amazon.com,8981959027,yes,90.66,A,1,"Pasadena, TX",US PL Pasadena Factory,package
"Skuasco Global Logistics, DHL Express, FedEx",fedex.com,8981900401,yes,90.48,A,1,"Sacramento, CA",US PL Sacramento Factory,package
Coca-Cola Parts,coca-colacompany.com,,no,90.48,A,1,"Dallas, TX",US PL Dallas 2 Factory,package
Amazon DHX1,amazon.com,8981959027,yes,90.34,A,1,"Houston, TX",US PL S Houston Factory,package
Americold,americold.com,8982323822,yes,90.33,A,19,"Allentown, PA",US DC NFI - Breinigsville,package
Americold Logistics Allentown - Ambassador,americold.com,,no,90.33,A,1,"Allentown, PA",US DC NFI - Breinigsville,curated:
Red Bull,redbulldistributioncompany.com,54757284199,yes,90.27,A,2,"Allentown, PA",US DC NFI - Breinigsville,package
Bimbo Bakeries-Sara Lee Distribution Center,bimbobakeriesusa.com,,no,90.18,A,1,"Commerce City, CO",US PL Denver Factory,parent_facility:medium
Kimberly Clark,kimberly-clark.com,45131056510,yes,90.11,A,2,"Ontario, CA",US PL Ontario Factory,package
Procter & Gamble Tambrands,pg.com,45005695602,yes,90.11,A,1,"Auburn, ME",US PL Poland Spring Factory,package
Sysco,sysco.com,55549751349,yes,90.03,A,3,"Alachua, FL",US PL High Springs Factory,package
MQJ2 - Amazon,amazon.com,8981959027,yes,89.87,A,1,"Whiteland, IN",US PL Greenwood Indiana,package
DDE6 - Amazon,amazon.com,8981959027,yes,89.87,A,1,"Denver, CO",US PL Denver Factory,package
EIKZ Amazon,amazon.com,8981959027,yes,89.87,A,1,"Denver, CO",US PL Denver Factory,package
SCO1 Amazon,amazon.com,8981959027,yes,89.87,A,1,"Denver, CO",US PL Denver Factory,package
WestRock,westrockcoffee.com,54720622756,yes,89.78,A,2,"Ontario, CA",US PL Ontario Factory,package
Target Denver Sortation Center,target.com,44998571902,yes,89.71,A,1,"Denver, CO",US PL Denver Factory,package
Amazon DAL3,amazon.com,8981959027,yes,89.71,A,1,"Dallas, TX",US PL Dallas 2 Factory,package
SYSCO-ALACHUA FL,sysco.com,,no,89.58,A,1,"Alachua, FL",US PL High Springs Factory,curated:
Exchange Logistics,exchange-logistics.com,55534349341,yes,89.38,A,2,"Dallas, TX",US PL Dallas 2 Factory,package
Holiday Homes Transporting Llc,,,no,89.22,A,1,"Ballston Spa, NY",US PL Saratoga Spring Factory,
Airport Costco Depot,costco.com,55554508096,yes,89.13,A,1,"Ontario, CA",US PL Ontario Factory,package
AutoZone Distribution,autozone.com,54727902629,yes,89.1,A,4,"Ontario, CA",US PL Ontario Factory,package
Amazon STX3,amazon.com,8981959027,yes,89.09,A,1,"Dallas, TX",US PL Dallas 2 Factory,package
Sysco Denver - Food Distributor & Restaurant Supplies,sysco.com,,no,88.99,A,1,"Denver, CO",US PL Denver Factory,curated:
DSV Silutions Shell warehouse Panalpina,dsv.com,54431337039,yes,88.85,A,1,"Pasadena, TX",US PL Pasadena Factory,package
Allen Distribution Frito lay/ Niagara Bottling,fritolay.com,54772621360,yes,88.82,A,1,"Allentown, PA",US DC NFI - Breinigsville,package
Ocean Spray,oceanspray.com,,no,88.8,A,1,"Breinigsville, PA",US DC NFI - Breinigsville,company_exact:high
Coca Cola Chino Warehouse,coca-colacompany.com,,no,88.7,A,1,"Chino, CA",US PL Ontario Factory,package
Infinix 12,,,no,88.52,A,1,"Hawkins, TX 75765, USA",US PL Hawkins Factory,HOLD: likely noise / not a freight prospect - exclude
International Paper,ipaper.com,54728407709,yes,88.5,A,10,"Auburn, ME",US PL Poland Spring Factory,package
Amcor Flexibles Madison,amcor.com,,no,88.5,A,1,"Madison, WI",US PL Madison Factory,curated:
Target Distribution Center T3774,target.com,44998571902,yes,88.48,A,1,"Houston, TX",US PL S Houston Factory,package
Walmart Fullfillment Center,walmart.com,8536615003,yes,88.48,A,1,"Chino, CA",US PL Ontario Factory,package
Smurfit Westrock Denver Container Plant,westrockcoffee.com,54720622756,yes,88.18,A,1,"Denver, CO",US PL Denver Factory,package
Walmart Fulfillment Center-LAX2,walmart.com,8536615003,yes,88.03,A,1,"Chino, CA",US PL Ontario Factory,package
AMAZON WAREHOUSE DHT2,amazon.com,8981959027,yes,88.03,A,1,"League City, TX",US PL Pasadena Factory,package
Twin Leaf Farms,,,no,87.99,A,1,"Greenfield Center, NY",US PL Saratoga Spring Factory,
Shorr Packaging Corp,shorr.com,,no,87.93,A,3,"Ontario, CA",US PL Ontario Factory,company_exact:high
Red Bull Indianapolis,redbull.com,,no,87.87,A,1,"Indianapolis, IN",US PL Greenwood Indiana,parent_facility:medium
UTZ Quality Foods Inc,utzsnacks.com,54728238902,yes,87.8,A,1,"Allentown, PA",US DC NFI - Breinigsville,package
Stearns Packaging Warehouse,stearnspkg.com,55531620161,yes,87.77,A,2,"Madison, WI",US PL Madison Factory,package
Kenco Logistics,kencogroup.com,45134083857,yes,87.54,A,3,"Allentown, PA",US DC NFI - Breinigsville,package
Superior Carriers Inc,superior-carriers.com,55520199257,yes,86.85,A,1,"Pasadena, TX",US PL Pasadena Factory,package
Baxter Brewing Co.,baxterbrewing.com,,no,86.7,A,1,"Lewiston, ME",US PL Poland Spring Factory,curated:
Saia LTL Freight,saia.com,,no,86.63,A,29,"Fontana, CA",US PL Ontario Factory,curated:
Smurfit Westrock Houston Sheet Plant,westrockcoffee.com,54720622756,yes,86.48,A,1,"Houston, TX",US PL S Houston Factory,package
Kenco Logistic Services,kencogroup.com,,no,86.14,A,2,"Kutztown, PA",US PL Allentown Factory,curated:
Amazon DHO2,amazon.com,8981959027,yes,86.12,A,1,"Houston, TX",US PL S Houston Factory,package
Amazon Fulfillment Center MKE3,amazon.com,8981959027,yes,85.98,A,1,"Sun Prairie, WI",US PL Madison Factory,package
Pepsi Beverages Co. Tyler tx,pepsico.com,,no,85.88,A,1,"Tyler, TX",US PL Hawkins Factory,curated:
Ben E Keith Foods,benekeith.com,,no,85.74,A,1,"Alachua, FL",US PL High Springs Factory,curated:
Kwik Trip Distribution Center-DeForest,kwiktrip.com,,no,85.47,A,1,"Windsor, WI",US PL Madison Factory,parent_facility:medium
MHC Kenworth - Denver,mhc.com,54773361194,yes,85.4,A,1,"Denver, CO",US PL Denver Factory,package
Procter & Gamble Offsite Warehouse,pg.com,45005695602,yes,84.85,A,1,"Dallas, TX",US PL Dallas 2 Factory,package
T553 Target Distribution Center,target.com,44998571902,yes,84.71,A,1,"Fontana, CA",US PL Ontario Factory,package
Landmark Express,,,no,84.71,A,1,"Grand Prairie, TX",US PL Dallas 2 Factory,"HOLD: truck stop / fuel + restaurant, not a prospect"
BASF Palmer Logistics,palmerlogistics.com,,no,84.7,A,1,"Pasadena, TX",US PL Pasadena Factory,package
Smurfit Kappa Fort Worth Packaging Solutions,smurfitwestrock.com,,no,84.7,A,1,"Arlington, TX",US PL Dallas 2 Factory,curated:
DHL Supply Chain / Warehouse,dhl.com,8974643893,yes,84.67,A,1,"Franklin, IN",US PL Greenwood Indiana,package
Greenfields Greatest Food Co Home of Sundaes Best Hot Fudge Sauce,bestfoodlogistics.com,,no,84.61,A,1,"Gansevoort, NY",US PL Saratoga Spring Factory,parent_facility:medium
Onvo,,,no,84.6,A,3,"Kutztown, PA",US PL Allentown Factory,
Amazon LAX9,amazon.com,8981959027,yes,84.57,A,1,"Fontana, CA",US PL Ontario Factory,package
Walgreens Micro Fulfillment Center,walgreens.com,,no,84.18,A,2,"Allentown, PA",US DC NFI - Breinigsville,curated:
PPG Industries Inc,ppg.com,54771925681,yes,84.15,A,2,"Grand Prairie, TX",US PL Dallas 2 Factory,package
Amazon MCC1,amazon.com,8981959027,yes,84.02,A,1,"Rancho Cordova, CA",US PL Sacramento Factory,package
"MSI Express, Inc.",msiexpress.com,55550065179,yes,83.88,A,1,"Grand Prairie, TX",US PL Dallas 2 Factory,package
Advance Auto Parts Distribution Center Kutztown,advance-auto.com,,no,83.83,A,1,"Kutztown, PA",US PL Allentown Factory,parent_facility:medium
DSR4 Amazon,amazon.com,8981959027,yes,83.75,A,1,"Elk Grove, CA",US PL Sacramento Factory,package
CORNERSTONE ORGANIC FEED LLC,,,no,83.68,A,1,"Kutztown, PA",US PL Allentown Factory,
Tyson Foods,tysonfoods.com,55554507411,yes,83.5,A,6,"Indianapolis, IN",US PL Greenwood Indiana,package
WTY1 Amazon Last Mile Warehouse,amazon.com,8981959027,yes,83.47,A,1,"Tyler, TX",US PL Hawkins Factory,package
O'Reilly Auto Parts Distribution Center,oreillyauto.com,45134543919,yes,83.41,A,4,"Houston, TX",US PL S Houston Factory,package
MARS PETCARE WAREHOUSE,mars.com,,no,83.07,A,1,"Lancaster, TX",US PL Dallas 2 Factory,curated:
Frito-Lay Saco,fritolay.com,54772621360,yes,82.86,A,1,"Saco, ME",US PL Hollis Factory,package
Three Story Coca Cola Cup,coca-colacompany.com,,no,82.86,A,1,"Sacramento, CA",US PL Sacramento Factory,package
Americold Logistics Indianapolis,americold.com,,no,82.81,A,1,"Indianapolis, IN",US PL Greenwood Indiana,curated:
Saia Logistics,saia.com,45062617921,yes,82.81,A,1,"Lancaster, TX",US PL Dallas 2 Factory,package
Amcor plastic,amcor.com,,no,82.71,A,1,"Grand Prairie, TX",US PL Dallas 2 Factory,curated:
Superior Bathhouse Brewery,,,no,82.55,B,1,"Hot Springs National Park, AR",US DC Hot Springs (WHSE),
"ContiTech USA, Inc Warehouse",contitech.com,,no,82.54,A,1,"Sun Prairie, WI",US PL Madison Factory,package
"The Storage Guy, LLC - OW Storage",robertguy.co.uk,,no,82.43,A,3,"Middleton, WI",US PL Madison Factory,company_fuzzy:medium
Target Return Center,target.com,44998571902,yes,82.28,A,1,"Franklin, IN",US PL Greenwood Indiana,package
NFI Warehouse 1901 Danieldale,nfiindustries.com,55554450213,yes,82.14,A,1,"Lancaster, TX",US PL Dallas 2 Factory,package
Sysco Albany - Food Distributor & Restaurant Supplies,sysco.com,,no,81.87,A,1,"Clifton Park, NY",US PL Saratoga Spring Factory,curated:
US Foods,usfoods.com,52891386750,yes,81.87,A,5,"Clifton Park, NY",US PL Saratoga Spring Factory,package
VAX7 Amazon,amazon.com,8981959027,yes,81.76,A,1,"Bloomington, CA",US PL Ontario Factory,package
Market 32,pricechopper.com,,no,81.67,B,1,"Saratoga Springs, NY",US PL Saratoga Spring Factory,curated:
KABE AMAZON FACILITY,amazon.com,8981959027,yes,81.63,A,2,"Allentown, PA",US DC NFI - Breinigsville,package
Pepsico Gatorade satellite warehouse,pepsico.com,,no,81.62,A,1,"Indianapolis, IN 46241, USA",US PL Greenwood Indiana,curated:
DHL Supply Chain / Discount Tire Warehouse,dhl.com,8974643893,yes,81.62,A,1,"Dallas, TX",US PL Dallas 2 Factory,package
ICDC(check in at Pepsi Warehouse Guard),pepsico.com,,no,81.5,A,1,"Indianapolis, IN",US PL Greenwood Indiana,curated:
Pepsi Warehouse Guard Shack,pepsico.com,,no,81.5,A,1,"Indianapolis, IN",US PL Greenwood Indiana,curated:
Shamrock Foodservice Warehouse,shamrockfoods.com,54701592931,yes,81.37,A,1,"Aurora, CO",US PL Denver Factory,package
HOU8 - Amazon Fulfillment Center,amazon.com,8981959027,yes,81.37,A,1,"Fresno, TX",US PL S Houston Factory,package
Harbor Freight,oakh.com,,no,81.31,B,14,"Zephyrhills, FL",US PL Zephyrhills Factory,company_fuzzy:medium
Amazon DSM4,amazon.com,8981959027,yes,81.24,A,1,"West Sacramento, CA",US PL Sacramento Factory,package
Marczyk Fine Foods,marczykfinefoods.com,,no,81.13,B,1,"Denver, CO",US PL Denver Factory,curated:
Amazon UTX4,amazon.com,8981959027,yes,81.12,A,1,"Dallas, TX",US PL Dallas 2 Factory,package
"Rios Packaging Corporation, LLC",riospackagingcorp.com,55539939602,yes,81.09,A,1,"Dallas, TX",US PL Dallas 2 Factory,package
Bison Transport USA,bisontransport.com,45068877952,yes,81.03,A,2,"Kutztown, PA",US PL Allentown Factory,package
Amazon FTW8,amazon.com,8981959027,yes,80.99,A,1,"Dallas, TX",US PL Dallas 2 Factory,package
Ball Metal Beverage Packaging,ball.com,,no,80.67,A,2,"Golden, CO",US PL Denver Factory,curated:
Dairy Block,,,no,80.6,C,1,"Denver, CO",US PL Denver Factory,
Williams-Sonoma Distribution Center,wsgc.com,54772704310,yes,80.49,A,1,"Arlington, TX",US PL Dallas 2 Factory,package
Medline Industries Distribution Center,medline.com,,no,80.42,A,1,"Aurora, CO",US PL Denver Factory,curated:
Neway Packaging Corporation,newaypkg.com,55539474321,yes,80.41,A,1,"Commerce City, CO",US PL Denver Factory,package
America's Beverage Company. Kroger Manufacturing,kroger.com,8536615981,yes,80.41,A,1,"Irving, TX",US PL Dallas 2 Factory,package
SNA4 Amazon Guard shack,amazon.com,8981959027,yes,80.36,A,1,"Rialto, CA",US PL Ontario Factory,package
SNA4 Amazon Fulfillment Center,amazon.com,8981959027,yes,80.24,A,1,"Rialto, CA",US PL Ontario Factory,package
El Super Distribution Center,elsupermarkets.com,54774234372,yes,80.11,B,1,"Ontario, CA",US PL Ontario Factory,package
POC3 ixd Amazon warehouse,amazon.com,8981959027,yes,80.11,A,1,"Jurupa Valley, CA",US PL Ontario Factory,package
Clorox Products Houston,clorox.com,,no,80.07,A,1,"Houston, TX",US PL S Houston Factory,curated:
Ben E. Keith Foods Gulf Coast Distribution Center,benekeith.com,,no,80.01,A,1,"Missouri City, TX",US PL S Houston Factory,curated:
Amazon IXD - SBD1,amazon.com,8981959027,yes,79.99,A,1,"Bloomington, CA",US PL Ontario Factory,package
Metro Market,,,no,79.93,C,2,"Monona, WI",US PL Madison Factory,
Kgp Logistics,kgpco.com,,no,79.82,B,2,"Ontario, CA",US PL Ontario Factory,curated:
Florida Creamery High Springs,,,no,79.82,C,1,"High Springs, FL",US PL High Springs Factory,
Mountain Valley Spring - Trooper Warehouse,mvproduce.com,,no,79.82,B,2,"Hot Springs Village, AR",US PL Hot Springs Factory,parent_facility:medium
Hot Springs First United Methodist Church - Food Distribution Center,,,no,79.82,C,1,"Hot Springs, AR",US DC Hot Springs (WHSE),
HAL MARI INTERNATIONAL LOGISTICS,,,no,79.82,C,1,"Houston, TX",US PL Pasadena Factory,
Target Food Distribution Center,target.com,44998571902,yes,79.74,A,1,"Rialto, CA",US PL Ontario Factory,package
EXQUISITE LOGISTICS MOVING,,,no,79.63,B,1,"Denver, CO",US PL Denver Factory,
Mountain Valley Warehouse,mvproduce.com,,no,79.63,B,2,"Hot Springs Village, AR",US PL Hot Springs Factory,company_core:high
Faith Point Ministries - Food Distribution Center,,,no,79.63,C,1,"Hot Springs, AR",US DC Hot Springs (WHSE),
Autumn Lanes Logistics,,,no,79.63,C,1,"Denver, CO",US PL Denver Factory,
Saba Live Poultry 3,,,no,79.63,C,1,"Sacramento, CA",US PL Sacramento Factory,
House Cup,,,no,79.63,C,1,"Hot Springs, AR",US DC Hot Springs (WHSE),
UPS Access Point location,,,no,79.63,C,11,"High Springs, FL",US PL High Springs Factory,
Kellogg's APL Logistics,apllogistics.com,,no,79.5,A,1,"Rialto, CA",US PL Ontario Factory,curated:3PL operator
IAH1 - Amazon,amazon.com,8981959027,yes,79.5,A,1,"Dallas, TX",US PL Dallas 2 Factory,package
Fort Worth Distribution Center for tractor supply,tractorsupply.com,,no,79.47,A,1,"Grand Prairie, TX",US PL Dallas 2 Factory,package
Chipman Relocation & Logistics,,,no,79.45,B,1,"Sacramento, CA",US PL Sacramento Factory,
Global TAC Warehouse Inc.,,,no,79.45,B,1,"Ontario, CA",US PL Ontario Factory,
Fast Rite Fulfillment,,,no,79.45,B,1,"Ontario, CA",US PL Ontario Factory,
Saratoga EOC Soup Kitchen - Food Distribution Center,,,no,79.45,C,1,"Saratoga Springs, NY",US PL Saratoga Spring Factory,
Freight Folks LLC,,,no,79.45,B,1,"Houston, TX",US PL Pasadena Factory,
Surfas Culinary District,,,no,79.45,C,1,"Hot Springs, AR",US DC Hot Springs (WHSE),
"Mountain Valley Water - Stonecipher Distributing, Inc.",mvproduce.com,,no,79.45,C,1,"Hot Springs, AR",US DC Hot Springs (WHSE),parent_facility:medium
UPS Authorized Shipping Provider,,,no,79.45,C,7,"Hot Springs, AR",US DC Hot Springs (WHSE),
Swig,,,no,79.4,C,1,"Houston, TX",US PL Pasadena Factory,
Ikea Distribution Center,ingka.ikea.com,55554511374,yes,79.38,A,3,"Quakertown, PA",US DC NFI - Breinigsville,package
"Gladstone Fulfillment, Inc",,,no,79.27,B,1,"Ontario, CA",US PL Ontario Factory,
Warehouse & Distribution,,,no,79.27,B,1,"Sacramento, CA",US PL Sacramento Factory,
Eleanor Klugn Jackson House For Crisis Intervention - Food Pantry Distribution Center,,,no,79.27,C,1,"Hot Springs, AR",US DC Hot Springs (WHSE),
"WW WHOLESALE WAREHOUSE, INC",,,no,79.27,C,1,"Sacramento, CA",US PL Sacramento Factory,
Hydra Warehouse,,,no,79.27,B,3,"Sacramento, CA",US PL Sacramento Factory,
"Aequus Worldwide Logistics, Inc.",,,no,79.27,C,1,"Denver, CO",US PL Denver Factory,
Oec Group Liquid Logistics Solutions,,,no,79.27,C,1,"Houston, TX",US PL Pasadena Factory,
Denver Drug & Liquor Co,,,no,79.27,C,1,"Denver, CO",US PL Denver Factory,
Capitol Market,,,no,79.27,C,1,"Denver, CO",US PL Denver Factory,
City Store Market,,,no,79.27,C,1,"Denver, CO",US PL Denver Factory,
Fortune Avenue Foods Inc,,,no,79.27,C,1,"Ontario, CA",US PL Ontario Factory,
Forte Denver,,,no,79.27,C,1,"Denver, CO",US PL Denver Factory,
stainless steel mixing tank,,,no,79.27,C,1,"Denver, CO",US PL Denver Factory,
Forward Freight LLC,,,no,79.27,C,1,"Denver, CO",US PL Denver Factory,
Willy Street Co-op—East,willystreet.coop,,no,79.27,B,1,"Madison, WI",US PL Madison Factory,curated:
Restaurant Depot,restaurantdepot.com,45146815588,yes,79.22,C,4,"Denver, CO",US PL Denver Factory,package
Amazon FTW1,amazon.com,8981959027,yes,79.14,A,1,"Dallas, TX",US PL Dallas 2 Factory,package
Amazon LGB8,amazon.com,8981959027,yes,79.14,A,1,"Rialto, CA",US PL Ontario Factory,package
Amazon LGB 7,amazon.com,8981959027,yes,79.14,A,1,"Rialto, CA",US PL Ontario Factory,package
"WorldWide Electric, Ontario CA Warehouse",worldwideelectric.net,,no,79.09,B,1,"Ontario, CA",US PL Ontario Factory,package
Souvenir Warehouse,,,no,79.09,C,1,"Denver, CO",US PL Denver Factory,
Simple Logistics LLC,simplelgx.com,,no,79.09,C,1,"Denver, CO",US PL Denver Factory,company_exact:high
Yusol International Foods,,,no,79.09,C,1,"Sacramento, CA",US PL Sacramento Factory,
Catering Food Supplies,,,no,79.09,C,1,"Sacramento, CA",US PL Sacramento Factory,
Johnny's Market,,,no,79.09,C,1,"Denver, CO 80203, USA",US PL Denver Factory,
NorCal Greenhouse,,,no,79.09,C,1,"Sacramento, CA",US PL Sacramento Factory,
PHM Brands,,,no,79.09,C,1,"Denver, CO",US PL Denver Factory,
GLOBALFOUNDRIES,gf.com,55540668321,yes,79.06,B,1,"Malta, NY",US PL Saratoga Spring Factory,package
Amazon DAL2,amazon.com,8981959027,yes,79.02,A,1,"Dallas, TX",US PL Dallas 2 Factory,package
Woodman's Food Market,woodmans-food.com,,no,78.93,B,1,"Madison, WI",US PL Madison Factory,curated:
Mountain Creek Distribution Phase 1,,,no,78.91,B,1,"Dallas, TX",US PL Dallas 2 Factory,
Hydra Warehouse Sacramento,,,no,78.91,B,1,"Sacramento, CA",US PL Sacramento Factory,
Bodega Latina Distribution Center 220,,,no,78.91,C,1,"Ontario, CA",US PL Ontario Factory,
Gospel Light Church - Food Distribution Center,,,no,78.91,C,1,"Hot Springs, AR",US DC Hot Springs (WHSE),
Sunrise Food Mart,,,no,78.91,C,1,"High Springs, FL",US PL High Springs Factory,
Walgreens Distribution Center,walgreens.com,45135164269,yes,78.81,A,6,"Windsor, WI",US PL Madison Factory,package
American Furniture Warehouse,afwonline.com,54772524472,yes,78.77,B,6,"Webster, TX",US PL Pasadena Factory,package
Flex Logistics,flexlogistics.com,55523684949,yes,78.73,B,1,"Ontario, CA",US PL Ontario Factory,package
Pbe Warehouse,,,no,78.73,B,1,"Sacramento, CA",US PL Sacramento Factory,
SLR LOGISTICS,,,no,78.73,C,1,"Sacramento, CA",US PL Sacramento Factory,
About Time Logistics Corp,,,no,78.73,C,1,"Saratoga Springs, NY",US PL Saratoga Spring Factory,
We Store Frozen,,,no,78.73,B,1,"Houston, TX",US PL S Houston Factory,
Mad Butcher Meat Company,,,no,78.73,C,1,"Sacramento, CA",US PL Sacramento Factory,
The Ice House,,,no,78.73,C,1,"Saratoga Springs, NY",US PL Saratoga Spring Factory,
DiMare Fresh – Houston,,,no,78.73,C,1,"Houston, TX",US PL S Houston Factory,
Producers Dairy Foods- Sacramento Location,,,no,78.73,C,1,"Sacramento, CA",US PL Sacramento Factory,
Parillo Sausage Co,,,no,78.73,C,1,"Saratoga Springs, NY",US PL Saratoga Spring Factory,
"Kingfa Global, Inc.",,,no,78.73,C,1,"Ontario, CA",US PL Ontario Factory,
Saratoga Specialties Company,,,no,78.73,C,1,"Saratoga Springs, NY",US PL Saratoga Spring Factory,
Posh Bakery,,,no,78.73,C,1,"Sacramento, CA",US PL Sacramento Factory,
UPS Alliance Shipping Partner,,,no,78.73,C,2,"Madison, WI",US PL Madison Factory,
DEN 8 AMAZON Fulfillment center,amazon.com,8981959027,yes,78.66,A,1,"Aurora, CO",US PL Denver Factory,package
NFI/Eaton - Dallas Distribution Center,nfiindustries.com,55554450213,yes,78.58,A,1,"Dallas, TX",US PL Dallas 2 Factory,package
Total Warehouse,totallogistics.com,54785376261,yes,78.55,B,4,"Ontario, CA",US PL Ontario Factory,package
"Total Service Logistics, Inc.",,,no,78.55,B,1,"Sacramento, CA",US PL Sacramento Factory,
Ross warehouse,,,no,78.55,B,5,"Sacramento, CA",US PL Sacramento Factory,
G5 Logistics Inc,,,no,78.55,B,1,"Greenwood, IN",US PL Greenwood Indiana,
TUTS Reed Rd Warehouse Unit D,,,no,78.55,B,1,"Houston, TX 77051, USA",US PL S Houston Factory,
Domestic Violence Services - Food Distribution Center,,,no,78.55,C,1,"Saratoga Springs, NY 12866, USA",US PL Saratoga Spring Factory,
Saratoga County Economic Opportunity Council (sceoc) - Food Distribution Center,,,no,78.55,C,1,"Saratoga Springs, NY 12866, USA",US PL Saratoga Spring Factory,
JDS Industries - Warehouse - Houston,,,no,78.55,C,1,"Houston, TX",US PL S Houston Factory,
Sanders Supply - Distribution Center,,,no,78.55,C,1,"Hot Springs, AR",US DC Hot Springs (WHSE),
Franklin Square Market,,,no,78.55,C,1,"Saratoga Springs, NY",US PL Saratoga Spring Factory,
Sweet Meat Butcher Shop,,,no,78.55,C,1,"High Springs, FL",US PL High Springs Factory,
Saratoga Chocolate Co,,,no,78.55,C,1,"Saratoga Springs, NY",US PL Saratoga Spring Factory,
Mendocino Farms,,,no,78.55,C,1,"Denver, CO",US PL Denver Factory,
Ventura Foods,venturafoods.com,54772695837,yes,78.55,C,3,"Ontario, CA",US PL Ontario Factory,package
Swift Courier Services,,,no,78.55,C,1,"Denver, CO",US PL Denver Factory,
UPS Authorized Shipping Outlet,,,no,78.55,C,6,"Zephyrhills, FL",US PL Zephyrhills Factory,
National Carriers Inc,nationalcarriers.com,45146351644,yes,78.54,A,1,"Irving, TX",US PL Dallas 2 Factory,package
Wisconsin Kenworth - Madison,wisconsinkenworth.com,,no,78.41,A,1,"Windsor, WI",US PL Madison Factory,package
Congdon Hill Warehouse/Samuel Adam's,,,no,78.37,B,1,"Alburtis, PA",US PL Allentown NPL Factory,
Consolidated Bonded Warehouses Inc.,,,no,78.37,B,1,"Houston, TX",US PL S Houston Factory,
JCT Logistics Inc.,,,no,78.37,B,1,"Ontario, CA",US PL Ontario Factory,
Metropolitan Warehouse,,,no,78.37,B,3,"Ontario, CA",US PL Ontario Factory,
Warehouse Paint,,,no,78.37,C,5,"Hot Springs Village, AR",US PL Hot Springs Factory,
Frontier Logistics,frontierlogistics.com,55518685184,yes,78.37,C,8,"Ontario, CA",US PL Ontario Factory,package
Warehouse Gym,,,no,78.37,C,3,"High Springs, FL",US PL High Springs Factory,
"Shahi Logistics, LLC",,,no,78.37,C,1,"Sacramento, CA",US PL Sacramento Factory,
Sacramento Windustrial,,,no,78.37,C,1,"Sacramento, CA",US PL Sacramento Factory,
Eagle Courier Service,,,no,78.37,C,1,"Hot Springs, AR",US DC Hot Springs (WHSE),
Werner Enterprises,werner.com,,no,78.28,A,6,"Dallas, TX",US PL Dallas 2 Factory,company_exact:high
Wholesale Wheel Warehouse,,,no,78.2,B,1,"Ontario, CA",US PL Ontario Factory,
Warehouse South Loop,,,no,78.2,B,2,"Houston, TX",US PL S Houston Factory,
WCS Distribution,,,no,78.2,C,1,"Ontario, CA",US PL Ontario Factory,
Dieselers Diesel Truck Sales,,,no,78.2,C,1,"Sacramento, CA",US PL Sacramento Factory,
Four Seasons Food Distributor,,,no,78.2,C,1,"Houston, TX",US PL S Houston Factory,
True World Foods SAC Llc,,,no,78.2,C,1,"Sacramento, CA",US PL Sacramento Factory,
Sherwin Williams Aurora Distribution Service Center,sherwin-auto.cl,,no,78.19,A,1,"Aurora, CO",US PL Denver Factory,parent_facility:medium
Poland Spring Water,,,no,78.17,C,2,"Poland, ME",US PL Poland Spring Factory,
Sysco Northern New England - Food Distributor & Restaurant Supplies,sysco.com,,no,78.03,A,1,"Westbrook, ME",US PL Hollis Factory,curated:
East Penn Manufacturing Alburtis Warehouse,dekabatteries.com,,no,78.02,B,1,"Mertztown, PA",US PL Allentown NPL Factory,parent_facility:medium
Dsi Logistics,dsicompanies.com,,no,78.02,B,2,"Houston, TX",US PL S Houston Factory,company_exact:high
La Nova Tile Warehouse,,,no,78.02,B,1,"Houston, TX",US PL S Houston Factory,
FWI Warehouse,,,no,78.02,B,1,"Denver, CO",US PL Denver Factory,
CREAM LOGISTICS LLC,,,no,78.02,B,1,"Houston, TX",US PL Pasadena Factory,
Friends Of The Center - Food Distribution Center,,,no,78.02,C,1,"Madison, WI",US PL Madison Factory,
CS Logistics Inc,cslog.com,,no,78.02,C,1,"Madison, WI",US PL Madison Factory,company_exact:high
Houston Warehouse,,,no,78.02,C,2,"Houston, TX",US PL S Houston Factory,
Sacramento Beer Rentals,,,no,78.02,B,1,"Sacramento, CA",US PL Sacramento Factory,
Tree House Brewing - Saratoga Springs,,,no,78.02,C,1,"Saratoga Springs, NY",US PL Saratoga Spring Factory,
"Chunwei, Inc.",,,no,78.02,C,1,"Ontario, CA",US PL Ontario Factory,
Bonded Transportation Solutions,,,no,78.02,C,1,"Madison, WI",US PL Madison Factory,
Amazon DHX3,amazon.com,8981959027,yes,77.95,A,1,"Sugar Land, TX",US PL S Houston Factory,package
Kroger Bakery Indianapolis,kroger.com,8536615981,yes,77.87,A,1,"Indianapolis, IN",US PL Greenwood Indiana,package
Houston Methodist Distribution Center,houstonmethodist.org,,no,77.84,B,1,"Houston, TX",US PL S Houston Factory,package
Cold Stone Creamery,,,no,77.84,C,3,"Webster, TX",US PL Pasadena Factory,
The Spice Guy - Manufacturing HQ,,,no,77.84,C,1,"Denver, CO",US PL Denver Factory,
Vita Plus - Madison Distribution Center,vitaplus.com,,no,77.84,C,1,"Madison, WI",US PL Madison Factory,parent_facility:medium
Clopay Building Products Distribution Center,,,no,77.84,C,2,"Madison, WI",US PL Madison Factory,
MNX Global Logistics,,,no,77.84,C,1,"Ontario, CA",US PL Ontario Factory,
Pro Logistics,,,no,77.84,C,2,"Mertztown, PA",US DC NFI - Breinigsville,
Clopay Corporation - Madison Distribution Center,clopay.com,54771925882,yes,77.84,C,1,"Madison, WI",US PL Madison Factory,package
C & S Wholesale Grocers Inc,cswg.com,,no,77.84,C,1,"Sacramento, CA",US PL Sacramento Factory,company_exact:high
"Premium Waters, Inc.",premiumwaters.com,54771925770,yes,77.84,C,1,"Madison, WI",US PL Madison Factory,package
Tribe 9 Foods,,,no,77.84,C,1,"Madison, WI",US PL Madison Factory,
JFS Altius Farms,,,no,77.84,C,1,"Denver, CO",US PL Denver Factory,
RP's Pasta Co,,,no,77.84,C,1,"Madison, WI",US PL Madison Factory,
Popla International Inc.,,,no,77.84,C,1,"Ontario, CA",US PL Ontario Factory,
Ona Foods,,,no,77.84,C,1,"Madison, WI",US PL Madison Factory,
Reynolds Freight,,,no,77.84,C,1,"Madison, WI",US PL Madison Factory,
Sysco Frozen Warehouse,sysco.com,,no,77.81,A,1,"Westbrook, ME",US PL Hollis Factory,curated:
Andersen Logistics,andersencorp.com,55554511123,yes,77.67,B,1,"Sacramento, CA",US PL Sacramento Factory,package
LDS Cannery,,,no,77.67,C,1,"Sacramento, CA",US PL Sacramento Factory,
La-Z-Boy West Coast Distribution Center,wcshipping.com,,no,77.67,C,1,"Ontario, CA",US PL Ontario Factory,parent_facility:medium
Knoll Distribution Center,knoll.com,54728249706,yes,77.67,C,1,"Alburtis, PA",US PL Allentown NPL Factory,package
Central Garden Distribution,central.com,,no,77.67,C,1,"Sacramento, CA",US PL Sacramento Factory,company_fuzzy:medium
"All Points Logistics, LLC",,,no,77.67,C,1,"Houston, TX",US PL Pasadena Factory,
EHP Warehouse,,,no,77.67,C,1,"Madison, WI",US PL Madison Factory,
SUNOPTA FOODS,sunopta.com,,no,77.67,B,1,"Alburtis, PA",US PL Allentown NPL Factory,curated:
Sacramento Bishops' Storehouse and Home Storage Center,,,no,77.67,C,1,"Sacramento, CA",US PL Sacramento Factory,
Ernie's Southern Off Road,,,no,77.63,C,1,"High Springs, FL",US PL High Springs Factory,
ULTA Beauty Distribution,ulta.com,,no,77.49,B,2,"Dallas, TX",US PL Dallas 2 Factory,company_core:high
Rapid Fulfillment Center Inc,,,no,77.49,B,1,"Ontario, CA",US PL Ontario Factory,
"GPA Logistics Group, Inc.",gpalogisticsgroup.com,,no,77.49,B,1,"Ontario, CA",US PL Ontario Factory,company_exact:high
Smokes Tobacco Warehouse,,,no,77.49,C,3,"Hot Springs, AR",US DC Hot Springs (WHSE),
Maintain Distribution,,,no,77.49,C,1,"Sacramento, CA",US PL Sacramento Factory,
Ranon Logistics Network,ranon.com,,no,77.49,C,1,"Houston, TX",US PL S Houston Factory,company_exact:high
The Warehouse,,,no,77.49,C,15,"Saratoga Springs, NY",US PL Saratoga Spring Factory,
American Bottling Co,keurigdrpepper.com,,no,77.49,B,5,"Houston, TX",US PL S Houston Factory,curated:KDP subsidiary
"Certco, Inc.",certcoinc.com,,no,77.49,B,1,"Madison, WI",US PL Madison Factory,curated:
HP Hood,hood.com,54751057176,yes,77.49,C,3,"Sacramento, CA",US PL Sacramento Factory,package
Clarke Bioscience,,,no,77.49,C,1,"Webster, TX",US PL Pasadena Factory,
BREINIGSVILLE•COURiER•SERVICE•NEW•YORK•NY•PRINCETON,nyandcompany.com,,no,77.49,C,1,"Breinigsville, PA",US PL Allentown Factory,parent_facility:medium
Mohawk Global,mohawkpaper.com,55554515807,yes,77.38,A,1,"Clifton Park, NY",US PL Saratoga Spring Factory,package
Swift Transportation Terminal II,swifttrans.com,,no,77.38,A,1,"Houston, TX",US PL S Houston Factory,parent_facility:medium
Grocery Outlet Distribution Center,groceryoutlet.com,54773475630,yes,77.32,B,1,"Sacramento, CA",US PL Sacramento Factory,package
Weber Logistics,weber.com,54771939233,yes,77.32,B,7,"Ontario, CA",US PL Ontario Factory,package
Daltex Logistics Services,,,no,77.32,B,1,"Dallas, TX",US PL Dallas 2 Factory,
Oaklawn United Methodist Church - Food Distribution Center,,,no,77.32,C,1,"Hot Springs, AR",US DC Hot Springs (WHSE),
Kumars Logistics Inc,,,no,77.32,C,1,"Sacramento, CA",US PL Sacramento Factory,
UPS,ups.com,,no,77.32,B,12,"Madison, WI",US PL Madison Factory,company_exact:high
Eddy's Beverage Inc,,,no,77.32,C,1,"Saratoga Springs, NY",US PL Saratoga Spring Factory,
Wild About Sprouts,,,no,77.32,C,1,"Sacramento, CA",US PL Sacramento Factory,
Liberty Specialty Food Co,,,no,77.32,C,1,"Ontario, CA",US PL Ontario Factory,
AUTHENTIC FOOD INC,tafc.com,,no,77.32,C,1,"Sacramento, CA",US PL Sacramento Factory,company_exact:high
Rä Foods LLC,,,no,77.32,C,1,"Sacramento, CA",US PL Sacramento Factory,
420 Stock,,,no,77.27,C,1,"Sacramento, CA",US PL Sacramento Factory,
Hasco Wholesale Liquidation Center,,,no,77.22,C,1,"Ontario, CA",US PL Ontario Factory,
PRIME/CHROBINSON Warehouse,chrobinson.com,,no,77.15,A,1,"Indianapolis, IN",US PL Greenwood Indiana,curated:
Second Harvest Foodbank of Southern WI - Distribution Center,,,no,77.14,C,1,"Madison, WI",US PL Madison Factory,
MicroStar Logistics,,,no,77.14,C,1,"Denver, CO",US PL Denver Factory,
Dawn Food Products,,,no,77.14,C,4,"Ontario, CA",US PL Ontario Factory,
Rama Food,,,no,77.14,C,1,"Ontario, CA",US PL Ontario Factory,
Flossie's Foods,,,no,77.14,C,1,"Hot Springs, AR",US DC Hot Springs (WHSE),
Cree’sTruffleTreats,,,no,77.14,C,1,"Houston, TX",US PL S Houston Factory,
Gateway Global Solutions,,,no,77.14,C,2,"Madison, WI",US PL Madison Factory,
Ready Foods,readypac.com,,no,77.14,C,4,"Denver, CO",US PL Denver Factory,company_fuzzy:medium
MVI Engineering & Manufacturing,,,no,77.09,C,1,"Ontario, CA",US PL Ontario Factory,
Industrial Caster & Wheel Co,,,no,77.09,C,1,"Sacramento, CA",US PL Sacramento Factory,
Moore Fabrication - Precision Machine Shop Houston,,,no,77.09,C,1,"Houston, TX",US PL Pasadena Factory,
Fayus Inc,,,no,77.09,C,1,"Sacramento, CA",US PL Sacramento Factory,
Industrial Packing & Seals,,,no,77.09,C,1,"Houston, TX",US PL Pasadena Factory,
Wizard Fabrication,,,no,77.09,C,1,"Sacramento, CA",US PL Sacramento Factory,
Schneider National Operating Center,schneider.com,,no,77.05,A,1,"Indianapolis, IN",US PL Greenwood Indiana,curated:
"Coca-Cola Beverages Northeast - South Portland, ME",coca-colacompany.com,54771978532,yes,77.05,A,1,"South Portland, ME",US PL Hollis Factory,package
Volk Packaging Corporation,volkpackaging.com,,no,77.04,A,1,"Biddeford, ME",US PL Hollis Factory,package
CWC Logistics,,,no,77.04,A,1,"Plainfield, IN",US PL Greenwood Indiana,
Whirlpool Distribution Center,whirlpoolcorp.com,55554491179,yes,77.04,A,1,"Plainfield, IN",US PL Greenwood Indiana,package
Swift Transportation drop yard,swifttrans.com,,no,77.04,A,1,"Indianapolis, IN",US PL Greenwood Indiana,parent_facility:medium
American Furniture Galleries (Warehouse),,,no,76.97,B,1,"Sacramento, CA",US PL Sacramento Factory,
Fraser Crossdock and Warehouse,,,no,76.97,B,1,"Houston, TX",US PL S Houston Factory,
"Orca Logistics, Llc",orcalogisticsllc.com,,no,76.97,B,1,"Denver, CO",US PL Denver Factory,package
Premier Logistics,,,no,76.97,B,3,"Ontario, CA",US PL Ontario Factory,
The University of Texas MD Anderson Pawnee Warehouse,,,no,76.97,C,1,"Houston, TX",US PL S Houston Factory,
WEG Product Warehouse - California,,,no,76.97,C,1,"Ontario, CA",US PL Ontario Factory,
Culligan Total Water of Madison,culligan.com,,no,76.97,C,1,"Madison, WI",US PL Madison Factory,parent_facility:medium
Surlean Foods,,,no,76.97,C,1,"Dallas, TX",US PL Dallas 2 Factory,
"Haliburton International Foods, Inc.",,,no,76.97,C,1,"Ontario, CA",US PL Ontario Factory,
Ninth Planet Beverage Solutions LLC,,,no,76.97,C,1,"Saratoga Springs, NY",US PL Saratoga Spring Factory,
Pilot,pilot.co.jp,54774277289,yes,76.97,C,3,"Ontario, CA",US PL Ontario Factory,package
"CDP, Inc.",cdp.net,,no,76.97,C,1,"Madison, WI",US PL Madison Factory,company_exact:high
Knight Transportation,knighttrans.com,45146661159,yes,76.92,A,8,"Indianapolis, IN",US PL Greenwood Indiana,package
Amazon Fulfillment Center IND 4,amazon.com,8981959027,yes,76.92,A,1,"Indianapolis, IN",US PL Greenwood Indiana,package
Industrial Equipment Co,,,no,76.91,C,1,"Houston, TX",US PL Pasadena Factory,
Vision Industrial Packaging Inc,,,no,76.91,C,1,"Sacramento, CA",US PL Sacramento Factory,
Rolls-Royce Excellence Building (Plant 8),rolls-royce.com,,no,76.86,A,1,"Indianapolis, IN",US PL Greenwood Indiana,parent_facility:medium
Rolls-Royce Banded Stator Facility,rolls-royce.com,,no,76.86,A,1,"Indianapolis, IN",US PL Greenwood Indiana,parent_facility:medium
NOI - Niagra warehouse,niagarawater.com,,no,76.81,A,1,"Plainfield, IN",US PL Greenwood Indiana,curated:
Aker BioMarine Manufacturing,akerbiomarine.com,,no,76.81,A,1,"Houston, TX",US PL S Houston Factory,package
Denver Department Of Human Services - Food Distribution Center,,,no,76.8,C,1,"Denver, CO",US PL Denver Factory,
CORE Foodservice,corefoodservice.com,,no,76.8,C,1,"Houston, TX",US PL S Houston Factory,company_exact:high
Cooper Tire Distribution Center,coopertire.com,,no,76.8,C,1,"Alburtis, PA",US DC NFI - Breinigsville,curated:
Doss Fast Flatbed Freight,,,no,76.8,B,1,"Sacramento, CA",US PL Sacramento Factory,
New Glory Craft Brewery,,,no,76.8,C,1,"Sacramento, CA",US PL Sacramento Factory,
Oakhouse Bakery,,,no,76.8,C,1,"Madison, WI",US PL Madison Factory,
Iff production facility,,,no,76.8,C,1,"Madison, WI",US PL Madison Factory,
PVS Refreshments,,,no,76.8,C,1,"Sacramento, CA",US PL Sacramento Factory,
CSC sugar dallas,,,no,76.8,C,1,"Dallas, TX",US PL Dallas 2 Factory,
Old World Productions,,,no,76.73,C,1,"Saratoga Springs, NY",US PL Saratoga Spring Factory,
Ashley HomeStore Distribution Center,ashleyfurniture.com,,no,76.69,A,3,"Plainfield, IN",US PL Greenwood Indiana,curated:
Jacobson Warehouse Co,xpo.com,8974301475,yes,76.69,A,2,"Plainfield, IN",US PL Greenwood Indiana,package
Amazon Return Center IND8,amazon.com,8981959027,yes,76.69,A,1,"Indianapolis, IN",US PL Greenwood Indiana,package
Grocery Clearance Center,,,no,76.67,B,1,"Dallas, TX",US PL Dallas 2 Factory,
Ryder Integrated Logistics,ryder.com,55553605396,yes,76.63,A,2,"Plainfield, IN",US PL Greenwood Indiana,package
Nordstrom DC 799,nordstrom.com,54409234783,yes,76.62,B,2,"Ontario, CA",US PL Ontario Factory,package
Dairy Connection Inc,,,no,76.62,C,1,"Madison, WI",US PL Madison Factory,
"BR Southwestern Foods, LLC",,,no,76.62,C,1,"Madison, WI",US PL Madison Factory,
RXO,rxo.com,,no,76.62,C,3,"McFarland, WI",US PL Madison Factory,company_exact:high
Ozburn-Hessey Logistics,geodis.com,55554514707,yes,76.58,A,1,"Plainfield, IN",US PL Greenwood Indiana,package
Amazon Fulfilment Center IND2,amazon.com,8981959027,yes,76.58,A,1,"Plainfield, IN",US PL Greenwood Indiana,package
MQJ4 Amazon,amazon.com,8981959027,yes,76.58,A,1,"Plainfield, IN",US PL Greenwood Indiana,package
Jr's Big Truck,,,no,76.55,C,1,"High Springs, FL",US PL High Springs Factory,
ChargePoint Charging Station,,,no,76.55,C,1,"Saratoga Springs, NY",US PL Saratoga Spring Factory,
Garver Feed Mill,,,no,76.47,C,1,"Madison, WI",US PL Madison Factory,
Geodis logistic,geodis.com,,no,76.46,A,4,"Plainfield, IN",US PL Greenwood Indiana,curated:
Houston Livestock & Rodeo Warehouse,,,no,76.45,B,1,"Houston, TX",US PL S Houston Factory,HOLD: likely noise / not a freight prospect - exclude
SHEIN Distribution Center,shein.com,54415288861,yes,76.45,B,2,"Ontario, CA",US PL Ontario Factory,package
Denver processing,,,no,76.45,C,3,"Denver, CO",US PL Denver Factory,
Allentown Logistics,,,no,76.45,C,2,"Alburtis, PA",US DC NFI - Breinigsville,
HCA Distribution,,,no,76.45,C,1,"Denver, CO",US PL Denver Factory,
American New Logistics,,,no,76.45,C,1,"Ontario, CA",US PL Ontario Factory,
K TRANS WORLDWIDE LOGISTICS LLC,,,no,76.45,C,1,"Ontario, CA",US PL Ontario Factory,
One9 Fuel Network,,,no,76.45,C,1,"Dallas, TX",US PL Dallas 2 Factory,
ONE9 Dealer,,,no,76.45,C,6,"Dallas, TX",US PL Dallas 2 Factory,
Allchem Services Inc,,,no,76.37,C,1,"Houston, TX",US PL S Houston Factory,
Mountain Valley Truck Parts,mvproduce.com,,no,76.37,C,1,"Hot Springs Village, AR",US PL Hot Springs Factory,parent_facility:medium
MD Logistics,mdlogistics.com,,no,76.35,A,3,"Plainfield, IN",US PL Greenwood Indiana,company_exact:high
Crown Packaging,crownpack.com,54754706301,yes,76.3,A,3,"Indianapolis, IN",US PL Greenwood Indiana,package
Logistics One,logisticsone.com,,no,76.28,B,2,"Saratoga Springs, NY",US PL Saratoga Spring Factory,company_exact:high
Cardenas Market Distribution Center,cardenasmarkets.com,,no,76.28,B,1,"Ontario, CA",US PL Ontario Factory,package
Central Storage & Warehouse LLC,,,no,76.28,B,1,"Madison, WI",US PL Madison Factory,
DCL Logistics,dclcorp.com,,no,76.28,B,1,"Ontario, CA",US PL Ontario Factory,company_exact:high
Brisk Transportation & Cold Storage Inc.,,,no,76.28,B,1,"Ontario, CA",US PL Ontario Factory,
TRP Logistics LLC,,,no,76.28,B,1,"Denver, CO",US PL Denver Factory,
Final Mile Cold Storage,movingme.com,,no,76.28,B,1,"Ontario, CA",US PL Ontario Factory,package
World Relief warehouse,,,no,76.28,B,1,"Sacramento, CA",US PL Sacramento Factory,HOLD: likely noise / not a freight prospect - exclude
Action Logistics Inc,,,no,76.28,C,1,"Breinigsville, PA",US DC NFI - Breinigsville,
Aramark,aramark.com,54772439370,yes,76.28,C,1,"Houston, TX",US PL S Houston Factory,package
Bauducco Foods,,,no,76.28,C,1,"Zephyrhills, FL",US PL Zephyrhills Factory,
Das Güd Spice Co,,,no,76.28,C,1,"Houston, TX",US PL Pasadena Factory,
Corrugated Concepts & Packaging,corrcon.com,,no,76.25,A,1,"Houston, TX",US PL S Houston Factory,package
Prime Inc,primeinc.com,45010810504,yes,76.23,A,3,"Plainfield, IN",US PL Greenwood Indiana,package
AM Logistics Inc,amlogisticsnetwork.com,,no,76.23,A,2,"Plainfield, IN",US PL Greenwood Indiana,company_exact:high
"Madison Truck Equipment, Inc.",,,no,76.2,C,1,"Madison, WI",US PL Madison Factory,
Double A Logistics,doublealogistics.com,,no,76.19,A,1,"Citrus Heights, CA",US PL Sacramento Factory,package
Sonoco Tubes & Cores,sonoco.com,,no,76.18,A,1,"Hartsville, SC",US PL McBee Factory,curated:
BDA Midwest Fulfillment Center,bdainc.com,,no,76.12,A,1,"Plainfield, IN",US PL Greenwood Indiana,package
BMS Logistics Inc,bmslogisticsinc.com,,no,76.11,B,2,"Alburtis, PA",US DC NFI - Breinigsville,company_exact:high
Suit Warehouse,,,no,76.11,C,2,"Friendswood, TX",US PL Pasadena Factory,
National Distribution Center,nls.ca,54728239201,yes,76.11,C,4,"Ontario, CA",US PL Ontario Factory,package
SH CROSSDOCK LLC,,,no,76.11,B,1,"Ontario, CA",US PL Ontario Factory,
SoCal Crossdock Storage and Restack,,,no,76.11,B,1,"Ontario, CA",US PL Ontario Factory,
OrganicFoodChoice,,,no,76.11,C,1,"Ontario, CA",US PL Ontario Factory,
Sonoco Products Co,sonoco.com,,no,76.06,A,2,"Hartsville, SC",US PL McBee Factory,curated:
Amazon STX5,amazon.com,8981959027,yes,76.03,A,1,"Houston, TX",US PL S Houston Factory,package
Ontario Engineering Manufacturing,,,no,76.02,C,1,"Ontario, CA",US PL Ontario Factory,
Advanced Manufacturing Sciences Institute,,,no,76.02,C,1,"Denver, CO",US PL Denver Factory,
P&B Truck Accessories,,,no,76.02,C,1,"Madison, WI",US PL Madison Factory,
Amazon Fulfillment Center IND5,amazon.com,8981959027,yes,76.01,A,1,"Plainfield, IN",US PL Greenwood Indiana,package
Dick's Sporting Goods Distribution Center,dickssportinggoods.com,9355192335,yes,76.01,A,1,"Plainfield, IN",US PL Greenwood Indiana,package
Fisherman's Warehouse,,,no,75.97,C,1,"Sacramento, CA",US PL Sacramento Factory,
Festival Foods,festfoods.com,54771804161,yes,75.97,C,1,"Madison, WI",US PL Madison Factory,package
Nexen Tire Distribution Center,nexentire.com,,no,75.94,B,1,"Ontario, CA",US PL Ontario Factory,package
Silgan Warehouse,silganholdings.com,54774184491,yes,75.94,B,1,"Macungie, PA",US DC NFI - Breinigsville,package
ELITEFULFILLMENT WAREHOUSE,,,no,75.94,B,1,"Sacramento, CA",US PL Sacramento Factory,
"Impact Logistics, Inc.",,,no,75.94,C,1,"Ontario, CA",US PL Ontario Factory,
South West Logistics Inc.,southwestmaritimeacademy.com,,no,75.94,C,1,"Ontario, CA",US PL Ontario Factory,company_fuzzy:medium
A & M Logistics Inc,,,no,75.94,C,1,"Mira Loma, CA",US PL Ontario Factory,
Welco Supermarket,,,no,75.94,C,1,"Sacramento, CA",US PL Sacramento Factory,
Al Aqsa International Groceries,,,no,75.94,C,1,"Houston, TX",US PL S Houston Factory,
The Log Yard Dairy Bar,,,no,75.94,C,1,"Poland, ME",US PL Poland Spring Factory,
Express Stop,,,no,75.94,C,1,"Sacramento, CA",US PL Sacramento Factory,
Elder Creek Market,,,no,75.94,C,1,"Sacramento, CA",US PL Sacramento Factory,
NicePak Customer Fulfillment Center,nicepak.com,54720477724,yes,75.89,A,1,"Plainfield, IN",US PL Greenwood Indiana,package
Hanzo Logistics,hanzologistics.com,,no,75.89,A,1,"Plainfield, IN",US PL Greenwood Indiana,package
Griot's Garage Distribution & Manufacturing Center,griotsgarage.com,,no,75.89,A,1,"Plainfield, IN",US PL Greenwood Indiana,curated:
Blu LNG,,,no,75.89,A,1,"Plainfield, IN",US PL Greenwood Indiana,
"NMI Industrial Holdings, LLC.",,,no,75.84,C,1,"Sacramento, CA",US PL Sacramento Factory,
Sonoco Trailer Lot,sonoco.com,,no,75.82,A,1,"Hartsville, SC",US PL McBee Factory,curated:
Sonoco Recycling,sonoco.com,,no,75.82,A,1,"Hartsville, SC",US PL McBee Factory,curated:
Amazon Fulfilment Center,amazon.com,8981959027,yes,75.81,A,34,"Sacramento, CA",US PL Sacramento Factory,package
Amazon SMF1,amazon.com,8981959027,yes,75.81,A,1,"Sacramento, CA",US PL Sacramento Factory,package
Americold Logistics Plant City,americold.com,,no,75.78,A,1,"Plant City, FL",US PL Zephyrhills Factory,curated:
GXO,gxo.com,55549749866,yes,75.78,A,2,"Plainfield, IN",US PL Greenwood Indiana,package
Keep It Moving Logistics,,,no,75.77,B,1,"Denver, CO",US PL Denver Factory,
Brothers Transportation & Warehouse Inc,,,no,75.77,B,1,"Eastvale, CA",US PL Ontario Factory,
ABC Warehouse,,,no,75.77,B,8,"Macungie, PA",US DC NFI - Breinigsville,
Poland Community Church Food Bank & Thrift Shop - Food Distribution Center,,,no,75.77,C,1,"Poland, ME",US PL Poland Spring Factory,
UPS Supply Chain Logistics,ups-scs.com,,no,75.77,C,1,"Eastvale, CA",US PL Ontario Factory,company_fuzzy:medium
TAGG Logistics,hubgroup.com,45060603139,yes,75.77,C,1,"Macungie, PA",US DC NFI - Breinigsville,package
JSC Logistics Inc,,,no,75.77,C,1,"Ontario, CA",US PL Ontario Factory,
J K Food Liquor & Wine,,,no,75.77,C,1,"Sacramento, CA",US PL Sacramento Factory,
Power Mart,,,no,75.77,C,1,"Sacramento, CA",US PL Sacramento Factory,
Colorado Food Enterprises,,,no,75.77,C,1,"Denver, CO",US PL Denver Factory,
Multicell North Inc.,multicellpkg.com,,no,75.75,A,1,"Kutztown, PA",US PL Allentown NPL Factory,package
Nikel Precision Group,npg-mfg.com,,no,75.74,A,1,"Saco, ME",US PL Hollis Factory,package
DFW-5 Walmart Distribution Center,walmart.com,8536615003,yes,75.7,A,1,"Lancaster, TX",US PL Dallas 2 Factory,package
Blueline Truck And Trailer Parts Sacramento,,,no,75.67,C,1,"Sacramento, CA",US PL Sacramento Factory,
"TnT Wholesale, LLC",,,no,75.67,C,1,"Hot Springs, AR",US DC Hot Springs (WHSE),
ABLE INDUSTRIAL PRODUCTS INC,,,no,75.67,C,1,"Ontario, CA",US PL Ontario Factory,
Progressive Logistics,progressivelogistics.com,,no,75.67,A,3,"Plainfield, IN",US PL Greenwood Indiana,package
Fromagination,,,no,75.64,C,1,"Madison, WI",US PL Madison Factory,
Mission Packaging Inc,,,no,75.63,C,1,"Ontario, CA",US PL Ontario Factory,
Trans America Logistics Corporation,,,no,75.6,B,1,"Sacramento, CA",US PL Sacramento Factory,
Jillamy Packaging and Warehouse,,,no,75.6,B,3,"Sacramento, CA",US PL Sacramento Factory,
B&W wholesale warehouse,,,no,75.6,C,1,"Sacramento, CA",US PL Sacramento Factory,
Stone Warehouse,,,no,75.6,C,3,"Denver, CO",US PL Denver Factory,
"Elite Logistics, Inc",elite-log.com,,no,75.6,C,2,"Denver, CO",US PL Denver Factory,company_exact:high
Kelley Logistics,kelleyair.com,,no,75.6,C,1,"Greenwood, IN",US PL Greenwood Indiana,company_exact:high
HUHTAMAKI,,,no,75.6,C,3,"Sacramento, CA",US PL Sacramento Factory,
"Alpha Omega, LLC",,,no,75.6,C,1,"Madison, WI",US PL Madison Factory,
Gold Medal Products Co. - Tampa,gmpopcorn.com,,no,75.6,C,2,"Allentown, PA",US DC NFI - Breinigsville,parent_facility:medium
Menards,menard-inc.com,55554489379,yes,75.57,C,3,"Monona, WI",US PL Madison Factory,package
"CRC Indiana, LLC",,,no,75.56,A,1,"Plainfield, IN",US PL Greenwood Indiana,
Bear & Bottle,,,no,75.53,B,1,"Madison, WI",US PL Madison Factory,
Trane Distribution Center,trane.com,54734364532,yes,75.49,A,1,"Tyler, TX",US PL Hawkins Factory,package
"Mitsubishi Chemical Carbon Fiber and Composites, Inc.",,,no,75.45,C,1,"Sacramento, CA",US PL Sacramento Factory,
Sam's Club Warehouse,samsclub.com,45064080036,yes,75.43,A,7,"Ontario, CA",US PL Ontario Factory,package
An Si Fulfillment LLC,,,no,75.43,B,1,"Ontario, CA",US PL Ontario Factory,
Trinity Church Oasis - Food Distribution Center,,,no,75.43,C,1,"Hot Springs, AR",US DC Hot Springs (WHSE),
QVC Ontario Distribution Center Warehouse,,,no,75.43,C,1,"Ontario, CA",US PL Ontario Factory,
Mack Macungie Logistics,,,no,75.43,C,1,"Macungie, PA",US DC NFI - Breinigsville,
Gonzo Logistics,,,no,75.43,C,1,"Webster, TX",US PL Pasadena Factory,
"Efficient Resource Logistics, LLC",,,no,75.43,C,1,"Houston, TX",US PL S Houston Factory,
S&S Food Group,,,no,75.43,C,1,"Houston, TX",US PL Pasadena Factory,
Schneider,schneider.com,9313965832,yes,75.43,A,1,"Wilmer, TX",US PL Dallas 2 Factory,package
Safeway Logistics,safeway.com,55554506163,yes,75.37,B,3,"Denver, CO",US PL Denver Factory,package
Target Food Distribution Center T3712 Truck Entrance,target.com,44998571902,yes,75.37,A,1,"Sacramento, CA",US PL Sacramento Factory,package
TA Truck Service,,,no,75.33,C,13,"Ontario, CA",US PL Ontario Factory,
Hoffman Manufacturing Corp,,,no,75.32,C,2,"Madison, WI",US PL Madison Factory,
DANOC Manufacturing,,,no,75.32,C,1,"Sacramento, CA",US PL Sacramento Factory,
Plant Process Group / Plant Process Equipment,,,no,75.32,C,1,"Houston, TX",US PL Pasadena Factory,
The Dial Corporation,dialsoap.com,,no,75.32,C,1,"Breinigsville, PA",US DC NFI - Breinigsville,company_exact:high
Uptruck Fleet Center,,,no,75.32,C,1,"Sacramento, CA",US PL Sacramento Factory,
Capitol Centre Market,,,no,75.31,C,1,"Madison, WI",US PL Madison Factory,
Warehouse Hotline LLC,,,no,75.27,B,1,"Denver, CO",US PL Denver Factory,HOLD: likely noise / not a freight prospect - exclude
IronLink Logistics - Port of New York 3PL,portoflosangeles.org,54773475609,yes,75.27,B,2,"Ontario, CA",US PL Ontario Factory,package
Distribution Center For Rubin's Furniture,,,no,75.27,B,1,"Madison, WI",US PL Madison Factory,
Bring Fulfillment,,,no,75.27,B,1,"Denver, CO",US PL Denver Factory,
Volvo Logistics,volvo.com,54784299394,yes,75.27,C,2,"Macungie, PA",US DC NFI - Breinigsville,package
LC Logistics Services,,,no,75.27,C,1,"Eastvale, CA",US PL Ontario Factory,
Jenifer Street Market,,,no,75.27,C,1,"Madison, WI",US PL Madison Factory,
Grow Greenhouse,,,no,75.27,C,1,"Madison, WI",US PL Madison Factory,
Schoep's Ice Cream,icfc.es,,no,75.27,C,1,"Madison, WI",US PL Madison Factory,parent_facility:medium
ALKCOOL Manufacturing Corp,,,no,75.14,C,1,"Ontario, CA",US PL Ontario Factory,
Madison Truck Accessories,,,no,75.14,C,1,"McFarland, WI",US PL Madison Factory,
"SBR Express Inc- 3PL, Fulfillment, and Trucking",,,no,75.1,B,1,"Ontario, CA",US PL Ontario Factory,
Cooking Warehouse,,,no,75.1,B,1,"Ontario, CA",US PL Ontario Factory,HOLD: likely noise / not a freight prospect - exclude
"Food Solutions, Inc.",nutrineo.com,,no,75.1,C,8,"Hot Springs, AR",US DC Hot Springs (WHSE),company_fuzzy:medium
Domino's Pizza Distribution Center,dominos.com.tw,54784466829,yes,75.1,C,3,"Ontario, CA",US PL Ontario Factory,package
L. L. Olds Warehouse Lofts & Flats,,,no,75.1,C,1,"Madison, WI",US PL Madison Factory,
Dingley Press,,,no,75.1,B,1,"Auburn, ME",US PL Poland Spring Factory,
Road Ranger,roadrangerusa.com,,no,75.1,C,2,"Greenwood, IN",US PL Greenwood Indiana,company_exact:high
Pochitos Tortilla Factory,,,no,75.1,C,1,"Denver, CO",US PL Denver Factory,
Imaginary Factory,,,no,75.1,C,1,"Madison, WI",US PL Madison Factory,
TS Food Mart Liquor & Wine,,,no,75.1,C,1,"Sacramento, CA",US PL Sacramento Factory,
Mary Ann's Baking Co,,,no,75.1,C,1,"Sacramento, CA",US PL Sacramento Factory,
NTW - National Tire Wholesale,,,no,75.1,C,1,"Auburn, ME",US PL Poland Spring Factory,
"Ajinomoto Foods North America, Inc.",ajinomotofoods.com,54247988568,yes,75.1,C,1,"Ontario, CA",US PL Ontario Factory,package
"Renaissance Food Group, LLC",,,no,75.1,C,1,"Sacramento, CA",US PL Sacramento Factory,
Allied Technologies Food Equipment,,,no,75.1,C,1,"Greenwood, IN",US PL Greenwood Indiana,
American Building Supply,abs-abs.com,54764080223,yes,75.09,C,1,"Sacramento, CA",US PL Sacramento Factory,package
Kutztown Bottling Works,,,no,75.03,A,1,"Kutztown, PA",US PL Allentown NPL Factory,
Regal Beloit Logistics,regalbeloit.com,,no,75.01,A,1,"Plainfield, IN",US PL Greenwood Indiana,package
Graphic Packaging,graphicpkg.com,54711189005,yes,74.99,A,5,"Lancaster, TX",US PL Dallas 2 Factory,package
Group Manufacturing,,,no,74.97,C,7,"Madison, WI",US PL Madison Factory,
Pb Trucking Llc,,,no,74.97,C,1,"Hot Springs, AR",US DC Hot Springs (WHSE),
Fasteners Inc Tool Outlet,,,no,74.97,C,1,"Sacramento, CA",US PL Sacramento Factory,
Midwest Heavy Duty,,,no,74.97,C,1,"McFarland, WI",US PL Madison Factory,
Slack Chemical Company,,,no,74.97,C,1,"Saratoga Springs, NY",US PL Saratoga Spring Factory,
Walmart Fulfillment Center,walmart.com,8536615003,yes,74.94,A,4,"Avon, IN",US PL Greenwood Indiana,package
Shopbop Fulfillment Center MSN4,amazon.com,,no,74.93,B,1,"Madison, WI",US PL Madison Factory,curated:Amazon-owned
D & S Logistics,,,no,74.93,B,1,"Sacramento, CA",US PL Sacramento Factory,
Sportsman's Warehouse,sportsmans.com,54771833663,yes,74.93,B,16,"Hot Springs, AR",US DC Hot Springs (WHSE),package
YAAAS Logistics LLC,,,no,74.93,C,1,"Ontario, CA",US PL Ontario Factory,
Goodman Distribution Inc,,,no,74.93,C,1,"Madison, WI",US PL Madison Factory,
Old Sugar Distillery,,,no,74.93,C,1,"Madison, WI",US PL Madison Factory,
Baked Lab,,,no,74.93,C,1,"Madison, WI",US PL Madison Factory,
FiveStar Gourmet Foods,,,no,74.93,C,1,"Rancho Cucamonga, CA",US PL Ontario Factory,
"Aaron Thomas Company, Inc.",,,no,74.93,C,1,"Jurupa Valley, CA",US PL Ontario Factory,
"California Custom Fruits and Flavors, Inc. (CCFF)",,,no,74.93,C,1,"Greenwood, IN",US PL Greenwood Indiana,
Kingmaker Foods,,,no,74.93,C,2,"Greenwood, IN",US PL Greenwood Indiana,
Trux Parking,,,no,74.93,C,2,"Ontario, CA",US PL Ontario Factory,
Aramark Refreshments,aramarkrefreshments.com,54720786464,yes,74.93,C,1,"Madison, WI",US PL Madison Factory,package
American Eagle Machine Shop,,,no,74.91,C,1,"Hot Springs, AR",US DC Hot Springs (WHSE),
Kohl's Distribution Center,kohls.com,54405401759,yes,74.9,A,2,"Plainfield, IN",US PL Greenwood Indiana,package
Industrial Minerals Company,,,no,74.8,C,1,"Sacramento, CA",US PL Sacramento Factory,
Rocket Industrial,,,no,74.8,C,1,"Monona, WI",US PL Madison Factory,
Guyson Corporation of USA,,,no,74.8,C,1,"Saratoga Springs, NY",US PL Saratoga Spring Factory,
FMG Denver Warehouse,,,no,74.77,B,1,"Denver, CO",US PL Denver Factory,
ACT Fulfillment - Etiwanda,,,no,74.77,B,2,"Jurupa Valley, CA",US PL Ontario Factory,
Kiefer Storage & Warehouse,,,no,74.77,B,1,"Sacramento, CA",US PL Sacramento Factory,
Brothers Main Appliance Distribution Center,,,no,74.77,B,1,"Madison, WI",US PL Madison Factory,
Cost Plus Furniture Warehouse,,,no,74.77,C,3,"Hot Springs, AR",US DC Hot Springs (WHSE),
Goodman Community Center Fritz Food Pantry - Food Distribution Center,,,no,74.77,C,1,"Madison, WI",US PL Madison Factory,
T & H Manufacturing LLC,,,no,74.77,C,1,"Denver, CO",US PL Denver Factory,
IronTiger Logistics,,,no,74.77,C,1,"Macungie, PA",US DC NFI - Breinigsville,
BPX Logistics LLC,,,no,74.77,C,1,"Greenwood, IN",US PL Greenwood Indiana,
City Of Houston Warehouse,,,no,74.77,C,1,"Houston, TX",US PL S Houston Factory,
Cross Dock SL USA,,,no,74.77,B,1,"Dallas, TX",US PL Dallas 2 Factory,
Samuel Adams Brewery,,,no,74.77,C,1,"Breinigsville, PA",US DC NFI - Breinigsville,
Vina Foods,,,no,74.77,C,1,"Sacramento, CA",US PL Sacramento Factory,
FTR of Texas Food Trailer Repair,,,no,74.77,C,1,"Houston, TX",US PL S Houston Factory,
Mounds Pet Food Warehouse,,,no,74.74,B,2,"Madison, WI",US PL Madison Factory,
Classic Containers Inc,,,no,74.73,C,1,"Ontario, CA",US PL Ontario Factory,
Walmart E-Commerce Distribution Center,walmart.com,8536615003,yes,74.73,A,1,"Bethlehem, PA",US DC NFI - Breinigsville,package
Damascus Warehouse (SONOCO),sonoco.com,54771873334,yes,74.64,A,1,"Hartsville, SC",US PL McBee Factory,package
Warehouse Live,livelogisticscorp.com,9348368157,yes,74.63,C,2,"Houston, TX",US PL S Houston Factory,package
Silgan Containers Manufacturing,,,no,74.62,C,1,"Breinigsville, PA",US DC NFI - Breinigsville,
Freedom Manufacturing LLC,,,no,74.62,C,1,"Saratoga Springs, NY",US PL Saratoga Spring Factory,
"Inmar, Inc.",,,no,74.62,C,1,"Breinigsville, PA",US DC NFI - Breinigsville,
"Kane Logistics, an ID Logistics company",idlogistics.com,,no,74.6,B,2,"Allentown, PA",US DC NFI - Breinigsville,package
United Way Of Dane County - Food Distribution Center,,,no,74.6,C,1,"Madison, WI 53714, USA",US PL Madison Factory,
Department Of Commerce - Food Distribution Center,,,no,74.6,C,1,"Madison, WI 53714, USA",US PL Madison Factory,
Wisconsin Wic Program - Food Distribution Center,,,no,74.6,C,1,"Madison, WI 53714, USA",US PL Madison Factory,
Headwall Logistics,headwalllogistics.com,,no,74.6,C,1,"Denver, CO",US PL Denver Factory,company_exact:high
Sacramento City Unified School District Nutrition Warehouse,,,no,74.6,C,1,"Sacramento, CA",US PL Sacramento Factory,
24 hour Crossdock INDY,,,no,74.6,B,1,"Greenwood, IN",US PL Greenwood Indiana,
Delta Beer Lab,,,no,74.6,C,1,"Fitchburg, WI",US PL Madison Factory,
Hood Packaging Corporation,hoodpkg.com,,no,74.52,A,1,"Tyler, TX",US PL Hawkins Factory,package
Amazon DAL9,amazon.com,8981959027,yes,74.52,A,1,"Hutchins, TX",US PL Dallas 2 Factory,package
NAMIC® Medline,medline.com,55554507304,yes,74.49,A,1,"Glens Falls, NY",US PL Saratoga Spring Factory,package
Ward Barrows Trucking,,,no,74.45,C,1,"Zephyrhills, FL",US PL Zephyrhills Factory,
Dry Ice Factory,,,no,74.45,C,1,"Denver, CO",US PL Denver Factory,
Groomer’s Warehouse,,,no,74.44,B,1,"Houston, TX",US PL S Houston Factory,
NEPW Logistics - Auburn,,,no,74.44,B,6,"Mechanic Falls, ME",US PL Poland Spring Factory,
Hubbell Raco Taymac Distribution Center,hubbell.com,,no,74.44,B,1,"Ontario, CA",US PL Ontario Factory,curated:
Southpointe Christian Center - Food Distribution Center,,,no,74.44,C,1,"Sacramento, CA",US PL Sacramento Factory,
Sims-Lohman Greenwood Distribution Center,,,no,74.44,C,1,"Greenwood, IN",US PL Greenwood Indiana,
Dayton Freight- Indianapolis,daytonfreight.com,,no,74.44,B,1,"Greenwood, IN",US PL Greenwood Indiana,curated:
BJ's Wholesale Club,bjs.com,45060452260,yes,74.44,C,3,"Saratoga Springs, NY",US PL Saratoga Spring Factory,package
Origami Sake,,,no,74.44,C,1,"Hot Springs, AR",US DC Hot Springs (WHSE),
California Natural Food & Bev,,,no,74.44,C,1,"Rancho Cucamonga, CA",US PL Ontario Factory,
Construction Innovations,,,no,74.43,D,1,"Sacramento, CA",US PL Sacramento Factory,
"Spec's Wines, Spirits & Finer Foods",specsonline.com,,no,74.33,B,1,"Houston, TX",US PL S Houston Factory,curated:
Sysco Houston - Food Distributor & Restaurant Supplies,sysco.com,,no,74.29,A,1,"Houston, TX",US PL S Houston Factory,curated:
Inland Manufacturing Group,,,no,74.28,C,1,"Ontario, CA",US PL Ontario Factory,
Warehouse Republic,,,no,74.27,B,1,"Ontario, CA",US PL Ontario Factory,
"Wolf Warehousing & Logistics, LLC.",,,no,74.27,B,1,"Rancho Cucamonga, CA",US PL Ontario Factory,
Carroll Fulmer Logistics Corporation,cfulmer.com,,no,74.27,B,1,"Whiteland, IN",US PL Greenwood Indiana,package
Off Broadway Shoe Warehouse,,,no,74.27,C,2,"Ontario, CA",US PL Ontario Factory,
Madison Hunger Task Force - Food Distribution Center,,,no,74.27,C,1,"Madison, WI",US PL Madison Factory,
Saint Mark's Lutheran Church - Food Distribution Center,,,no,74.27,C,1,"Madison, WI",US PL Madison Factory,
Denver Distribution Center: Gordon Restaurant Market,,,no,74.27,C,1,"Denver, CO",US PL Denver Factory,
QST Ingredients & Packaging,,,no,74.27,C,1,"Rancho Cucamonga, CA",US PL Ontario Factory,
BASECAMP CO-PACK,,,no,74.27,C,1,"Denver, CO",US PL Denver Factory,
United Natural Foods,unfi.com,54174684591,yes,74.27,C,1,"Greenwood, IN",US PL Greenwood Indiana,package
IDS Fulfillment,idsfulfillment.com,,no,74.25,A,2,"Plainfield, IN",US PL Greenwood Indiana,company_exact:high
All American Mini Storage,allamlogistics.com,,no,74.2,C,1,"Denver, CO",US PL Denver Factory,parent_facility:medium
"Shamrock Foods Delivery, Receiving & Distribution Center",shamrockfoods.com,,no,74.18,A,1,"Aurora, CO",US PL Denver Factory,curated:
Linder Industrial Machinery,linder.com,,no,74.14,A,1,"Plant City, FL",US PL Zephyrhills Factory,package
"Millwood, Inc. (Lugoff) – Pallet Manufacturing Facility",,,no,74.11,C,5,"Alburtis, PA",US DC NFI - Breinigsville,
Pratt Industries,prattindustries.com,54774317236,yes,74.11,C,2,"Macungie, PA",US DC NFI - Breinigsville,package
Evonik,evonik.com,55557975470,yes,74.11,C,2,"Trexlertown, PA",US DC NFI - Breinigsville,package
Neovia Logistics,neovialogistics.com,54773546505,yes,74.11,B,1,"Greenwood, IN",US PL Greenwood Indiana,package
Macy's Distribution Center,macys.com,55554506061,yes,74.11,B,2,"Denver, CO",US PL Denver Factory,package
Salina Nation Logistics LLC,,,no,74.11,B,1,"Houston, TX",US PL S Houston Factory,
CCISD Central Warehouse,,,no,74.11,B,1,"Webster, TX",US PL Pasadena Factory,
South Sacramento Christian Center - Food Distribution Center,,,no,74.11,C,1,"Sacramento, CA",US PL Sacramento Factory,
Ontario Distribution Center,,,no,74.11,C,1,"Ontario, CA",US PL Ontario Factory,
Spartan Manufacturing,,,no,74.11,C,1,"McFarland, WI",US PL Madison Factory,
DC Logistics,,,no,74.11,C,2,"Jurupa Valley, CA",US PL Ontario Factory,
Full Sail Logistics,shipfsl.com,,no,74.11,C,1,"Denver, CO",US PL Denver Factory,company_exact:high
Old World Gourmet Market,worldmarket.com,,no,74.11,C,1,"Saratoga Springs, NY",US PL Saratoga Spring Factory,parent_facility:medium
Sofo Foods of Texas,,,no,74.11,C,1,"Houston, TX",US PL S Houston Factory,
Buddy's Supermarket,,,no,74.11,C,1,"Sacramento, CA",US PL Sacramento Factory,
Maza Hummus,,,no,74.11,C,1,"Sacramento, CA",US PL Sacramento Factory,
Lowe's Flatbed Distribution Center MyJob,lowes.com,,no,74.11,A,1,"Beaumont, CA",US PL Cabazon Factory,curated:
Viking Steel,,,no,74.07,D,1,"Sacramento, CA",US PL Sacramento Factory,
FedEx ground station,fedex.com,8981900401,yes,74.07,A,1,"Palm Springs, CA",US PL Cabazon Factory,package
The Dupuy Group | Houston,,,no,74.02,C,1,"Houston, TX",US PL S Houston Factory,
Lennox Distribution Center,lennox.com,55554493203,yes,73.96,A,1,"Indianapolis, IN",US PL Greenwood Indiana,package
Arcot Manufacturing Corporation,,,no,73.94,C,1,"Houston, TX",US PL S Houston Factory,
Community College of Denver's Advanced Manufacturing Center,,,no,73.94,C,1,"Denver, CO",US PL Denver Factory,
JNL Spring Manufacturing Co,,,no,73.94,C,1,"Ontario, CA",US PL Ontario Factory,
Precision Manufacturing Consulting llc,,,no,73.94,C,1,"Poland, ME",US PL Poland Spring Factory,
Johnson Trucking Inc,,,no,73.94,C,1,"Hollis, ME",US PL Hollis Factory,
Amrep Inc,,,no,73.94,C,1,"Ontario, CA",US PL Ontario Factory,
Jaeckle Distributors,,,no,73.94,C,1,"Madison, WI",US PL Madison Factory,
California Industrial Refrigeration,,,no,73.94,C,1,"Eastvale, CA",US PL Ontario Factory,
Logistics Plus,plus.ai,54403698815,yes,73.94,B,7,"Ontario, CA",US PL Ontario Factory,package
Warehouse Paint Co. Benjamin Moore,,,no,73.94,C,1,"Hot Springs, AR",US DC Hot Springs (WHSE),
Kitchen Network Bottling,,,no,73.94,C,1,"Denver, CO",US PL Denver Factory,
Senior and Adult Services - Food Distribution Center,,,no,73.94,C,1,"Sacramento, CA",US PL Sacramento Factory,
CAP Logistics,caplogistics.com,,no,73.94,C,1,"Denver, CO",US PL Denver Factory,company_exact:high
Interlab Shipping & Logistics,,,no,73.94,C,1,"Allentown, PA",US DC NFI - Breinigsville,
Marine Foods Express,,,no,73.94,C,1,"Houston, TX",US PL S Houston Factory,
Roadrunner Freight,shiproadrunnerfreight.com,54773439151,yes,73.94,C,9,"Mira Loma, CA",US PL Ontario Factory,package
MQJ5 Amazon Sortation Center,amazon.com,8981959027,yes,73.93,A,1,"Plainfield, IN",US PL Greenwood Indiana,package
Truck Yard,,,no,73.88,B,1,"Houston, TX",US PL S Houston Factory,
Warren Packaging,,,no,73.84,C,1,"Ontario, CA",US PL Ontario Factory,
Gordon Food Service,gfs.com,55554494069,yes,73.79,A,1,"Plant City, FL",US PL Zephyrhills Factory,package
TPA2 amazon,amazon.com,8981959027,yes,73.79,A,1,"Lakeland, FL",US PL Zephyrhills Factory,package
BJC1 Amazon (Work),amazon.com,8981959027,yes,73.79,A,1,"Aurora, CO",US PL Denver Factory,package
Highland Packaging Solutions (A TOPPAN Company),highlandpackaging.com,,no,73.79,A,1,"Plant City, FL",US PL Zephyrhills Factory,package
States Logistics Services,stateslogistics.com,,no,73.78,B,4,"Ontario, CA",US PL Ontario Factory,package
American Mini Warehouses LLC,,,no,73.78,B,1,"Madison, WI",US PL Madison Factory,
Alcon Manufacturing,,,no,73.77,C,1,"Houston, TX",US PL S Houston Factory,
Quality Packaging Specialists International,qpsiusa.com,,no,73.77,C,1,"Macungie, PA",US DC NFI - Breinigsville,company_fuzzy:medium
DAE1 - Amazon Logistics,amazon.com,8981959027,yes,73.69,A,1,"Bethlehem, PA",US DC NFI - Breinigsville,package
Amazon SFL4,amazon.com,8981959027,yes,73.69,A,1,"Seffner, FL",US PL Zephyrhills Factory,package
Linic Freight - 3PL Logistics & Warehouse | Rancho Cucamonga,,,no,73.62,B,1,"Rancho Cucamonga, CA",US PL Ontario Factory,
"6G Logistic Warehouse, E-Commerce Delivery Solution, Fulfillment, Shipping Center",deliverysolutions.co,,no,73.62,B,3,"Jurupa Valley, CA",US PL Ontario Factory,package
Pierce Logistics LLC,,,no,73.62,B,1,"Houston, TX",US PL S Houston Factory,
Lake Hamilton Church of the Nazarene - Food Distribution Center,,,no,73.62,C,1,"Hot Springs, AR",US DC Hot Springs (WHSE),
East Penn Manufacturing Topton Distribution Center,dekabatteries.com,,no,73.62,C,1,"Topton, PA",US PL Allentown NPL Factory,parent_facility:medium
S.P.A. City Distribution,,,no,73.62,C,1,"Hot Springs, AR",US DC Hot Springs (WHSE),
Pallet Logistics of America,plofa.com,,no,73.62,C,1,"Dallas, TX",US PL Dallas 2 Factory,company_exact:high
BTX Global Logistics,btxglobal.com,,no,73.62,C,4,"Rancho Cucamonga, CA",US PL Ontario Factory,company_exact:high
Crossdocking & Delivery,,,no,73.62,B,11,"Mira Loma, CA",US PL Ontario Factory,
Colorado Premium,,,no,73.62,C,2,"Denver, CO",US PL Denver Factory,
Reeds Gourmet Meat Company,,,no,73.62,C,1,"Sacramento, CA",US PL Sacramento Factory,
Phoenicia Specialty Foods,phoeniciafoods.com,,no,73.58,B,1,"Houston, TX",US PL S Houston Factory,curated:
WillScot,willscot.com,54772636753,yes,73.51,A,17,"Houston, TX",US PL S Houston Factory,package
Peer Foods: Greenfield,peerfoods.com,,no,73.51,A,1,"Greenfield, IN",US PL Greenwood Indiana,package
GWPG - Capital Corrugated & Carton,,,no,73.49,C,1,"Sacramento, CA",US PL Sacramento Factory,
Pierogies Factory,,,no,73.49,C,1,"Wheat Ridge, CO",US PL Denver Factory,
Metropolitan Warehouse &Delivery Corp,metropolitanwarehouse.com,,no,73.46,B,1,"Eastvale, CA",US PL Ontario Factory,package
ODW Logistics,odwlogistics.com,,no,73.46,B,3,"Ontario, CA",US PL Ontario Factory,company_exact:high
Jtr Logistics,jtrlogistics.com,,no,73.46,B,1,"Ontario, CA 91764, USA",US PL Ontario Factory,company_exact:high
Business Park Landing Warehouses,,,no,73.46,B,1,"Houston, TX",US PL S Houston Factory,HOLD: likely noise / not a freight prospect - exclude
Rancho Warehouse,,,no,73.46,B,2,"Rancho Cucamonga, CA",US PL Ontario Factory,
Warehouse Redbird,,,no,73.46,B,1,"Dallas, TX",US PL Dallas 2 Factory,HOLD: likely noise / not a freight prospect - exclude
TPrime Logistics,,,no,73.46,B,1,"Chino, CA",US PL Ontario Factory,
Loco Food Distribution,,,no,73.46,C,1,"Denver, CO",US PL Denver Factory,
Restoration Logistics,,,no,73.46,C,1,"Denver, CO",US PL Denver Factory,
Newegg Logistics: 3PL & Fulfillment Services,,,no,73.46,C,1,"Ontario, CA",US PL Ontario Factory,
Supera Fulfillment,,,no,73.46,C,1,"Houston, TX",US PL S Houston Factory,
Cameron Logistics,,,no,73.46,C,1,"Houston, TX",US PL S Houston Factory,
NuChoice Foods,,,no,73.46,C,1,"Dallas, TX",US PL Dallas 2 Factory,
Herr Foods Inc,herrs.com,54772633918,yes,73.46,C,2,"Allentown, PA",US DC NFI - Breinigsville,package
Spot & Tango - Allentown Manufacturing Facility,,,no,73.43,C,1,"Allentown, PA",US DC NFI - Breinigsville,
"Falcon Manufacturing, Llc",,,no,73.43,C,1,"Greenwood, IN",US PL Greenwood Indiana,
Work Truck Stuff Inc,,,no,73.43,C,1,"Madison, WI",US PL Madison Factory,
Rock Cheese Co,,,no,73.43,C,1,"Madison, WI",US PL Madison Factory,
"Evonik Active Oxygens, LLC",,,no,73.43,C,1,"Saratoga Springs, NY",US PL Saratoga Spring Factory,
PSP1 Amazon Warehouse,amazon.com,8981959027,yes,73.38,A,1,"Beaumont, CA",US PL Cabazon Factory,package
Sysco Indianapolis - Food Distributor & Restaurant Supplies,sysco.com,,no,73.33,A,1,"Indianapolis, IN",US PL Greenwood Indiana,curated:
Pepsi Tampa,pepsico.com,,no,73.33,A,1,"Tampa, FL",US PL Zephyrhills Factory,curated:
Caleres Inc Distribution Center (CAL 1),caleres.com,54056467837,yes,73.3,B,2,"Chino, CA",US PL Ontario Factory,package
DCG Fulfillment,dcgfulfillment.com,,no,73.3,B,3,"Ontario, CA",US PL Ontario Factory,company_exact:high
LVK Fulfillment Center,,,no,73.3,B,3,"Allentown, PA",US DC NFI - Breinigsville,
UPS Fulfillment Hub,ups.com,55554493820,yes,73.3,B,1,"Sacramento, CA",US PL Sacramento Factory,package
League City Rotary - Food Distribution Center,foodcity.com,,no,73.3,C,1,"League City, TX",US PL Pasadena Factory,parent_facility:medium
Ready Seafood,,,no,73.3,B,2,"Auburn, ME",US PL Poland Spring Factory,
Pioneer Frozen Foods,pioneerfoods.co.za,,no,73.3,C,3,"Duncanville, TX",US PL Dallas 2 Factory,parent_facility:medium
Magnolia Foods,,,no,73.3,C,1,"Mira Loma, CA",US PL Ontario Factory,
Moli International,,,no,73.3,C,1,"Denver, CO",US PL Denver Factory,
Del Real Foods,,,no,73.3,C,1,"Jurupa Valley, CA",US PL Ontario Factory,
Americold Logistics Dallas,americold.com,,no,73.3,A,1,"Dallas, TX",US PL Dallas 2 Factory,curated:
Americold Walmart,walmart.com,8536615003,yes,73.3,A,1,"Dallas, TX",US PL Dallas 2 Factory,package
Hannaford Product Recovery,hannaford.com,54772644190,yes,73.29,A,1,"South Portland, ME",US PL Hollis Factory,package
Auto-Wares,,,no,73.27,C,1,"Madison, WI",US PL Madison Factory,
Coca-Cola Bottlers’ Sales & Services,coca-colacompany.com,,no,73.26,A,1,"Tampa, FL",US PL Zephyrhills Factory,package
Topline Warehouse Store,,,no,73.22,C,1,"Grand Prairie, TX",US PL Dallas 2 Factory,
SBD2 Amazon Fulfillment Center,amazon.com,8981959027,yes,73.18,A,1,"San Bernardino, CA",US PL Ontario Factory,package
Altium Packaging,altiumpkg.com,54772663853,yes,73.14,C,6,"Poland, ME",US PL Poland Spring Factory,package
Sysco Indianapolis Shipping and Receiving,sysco.com,,no,73.14,A,1,"Indianapolis, IN",US PL Greenwood Indiana,curated:
Niagara Allen Distribution,niagarawater.com,,no,73.13,B,1,"Allentown, PA",US DC NFI - Breinigsville,curated:
Vanask Warehouse Co,,,no,73.13,B,1,"Denver, CO",US PL Denver Factory,
Jp fulfillment logistic,,,no,73.13,B,1,"Dallas, TX",US PL Dallas 2 Factory,
VF West Coast Distribution Center,wcshipping.com,,no,73.13,B,1,"Ontario, CA",US PL Ontario Factory,package
Sacramento Sheriff Property Warehouse,,,no,73.13,B,1,"Sacramento, CA",US PL Sacramento Factory,HOLD: likely noise / not a freight prospect - exclude
Warehouse Worker Resource Center,,,no,73.13,B,1,"Ontario, CA",US PL Ontario Factory,HOLD: likely noise / not a freight prospect - exclude
Lynch Logistics,lynchlogistics.com,,no,73.13,B,2,"Auburn, ME",US PL Poland Spring Factory,package
Warehouse,,,no,73.13,B,9,"Chino, CA",US PL Ontario Factory,
Work Boot Warehouse,,,no,73.13,C,2,"Ontario, CA",US PL Ontario Factory,
Super Awesome Fun Factory - Warehouse Arcade for Private Events Only,,,no,73.13,C,1,"Denver, CO",US PL Denver Factory,
SunOpta Food Solutions,sunopta.com,,no,73.13,B,2,"Allentown, PA",US DC NFI - Breinigsville,curated:
McCain Foods,mccain.com,45008014720,yes,73.13,B,1,"Allentown, PA",US DC NFI - Breinigsville,package
Silver State Foods,,,no,73.13,C,1,"Denver, CO",US PL Denver Factory,
Trucks Terminal Plus/ Market Transport,,,no,73.1,C,1,"Ontario, CA",US PL Ontario Factory,
Pierce Chemical Co,,,no,73.1,C,1,"Dallas, TX",US PL Dallas 2 Factory,
Amazon Fulfillment Center TPA4 off site,amazon.com,8981959027,yes,73.08,A,1,"Temple Terrace, FL",US PL Zephyrhills Factory,package
Hannaford Distribution Center,hannaford.com,54772644190,yes,73.08,A,3,"South Portland, ME",US PL Hollis Factory,package
Amazon Fulfillment Center TPA 45,amazon.com,8981959027,yes,72.98,A,1,"Plant City, FL",US PL Zephyrhills Factory,package
Menasha Packaging,menasha.com,55554514724,yes,72.97,C,1,"Dallas, TX",US PL Dallas 2 Factory,package
"SKS Bottle & Packaging, Inc",,,no,72.97,C,1,"Saratoga Springs, NY",US PL Saratoga Spring Factory,
RH Warehouse,,,no,72.97,B,1,"Ontario, CA",US PL Ontario Factory,
GDUB Transport & Logistics LLC,,,no,72.97,B,1,"Kemah, TX",US PL Pasadena Factory,
Warehouse 913,,,no,72.97,B,1,"Madison, WI",US PL Madison Factory,
Daily Manufacturing Solutions,,,no,72.97,C,1,"Rancho Cucamonga, CA",US PL Ontario Factory,
Lutheran Social Services - Food Distribution Center,,,no,72.97,C,1,"Sacramento, CA",US PL Sacramento Factory,
Safeway / Albertson's Distribution Center,,,no,72.97,C,1,"Denver, CO",US PL Denver Factory,
"Turn 14 Distribution, Inc. (IN Distribution Center)",,,no,72.97,C,2,"Whiteland, IN",US PL Greenwood Indiana,
UPS Customer Center,,,no,72.97,C,2,"Hot Springs, AR",US DC Hot Springs (WHSE),
The Food Truck Factory MFT Consulting,,,no,72.97,C,1,"Sacramento, CA",US PL Sacramento Factory,
Research Products/AprilAire Manufacturing Plant,,,no,72.93,C,1,"Madison, WI",US PL Madison Factory,
KDP,,,no,72.93,C,1,"Allentown, PA",US DC NFI - Breinigsville,
Shop Heroic Wholesale Outlet,,,no,72.93,C,1,"Sacramento, CA",US PL Sacramento Factory,
Madison-Kipp Corporation North Production Facility,,,no,72.93,C,1,"Madison, WI",US PL Madison Factory,
Mainely Convenience,,,no,72.91,C,1,"Kingfield, ME",US PL Kingfield Factory,
Rare Finds Warehouse,,,no,72.91,C,1,"Denver, CO",US PL Denver Factory,
Ferrara Candy Company,ferrarausa.com,55554506425,yes,72.81,B,2,"Grand Prairie, TX",US PL Dallas 2 Factory,package
Total Transportation & Distribution,ttllogistics.com,,no,72.81,B,1,"Rancho Cucamonga, CA",US PL Ontario Factory,company_core:high
"WSI (Warehouse Specialists, LLC)",wsinc.com,,no,72.81,B,6,"Allentown, PA",US DC NFI - Breinigsville,package
ESR Fulfillment & Storage,,,no,72.81,B,1,"Houston, TX",US PL S Houston Factory,
TAGG Logistics Order Fulfillment Center,tagglogistics.com,,no,72.81,B,6,"Fontana, CA",US PL Ontario Factory,curated:
Brands Suit Warehouse,,,no,72.81,C,1,"Dallas, TX",US PL Dallas 2 Factory,
Petco Animal Supplies - Mira Loma Distribution Center,,,no,72.81,C,1,"Mira Loma, CA",US PL Ontario Factory,
Exel Logistics,exel.com,54411312766,yes,72.81,C,4,"Fontana, CA",US PL Ontario Factory,package
Premium Freight Logistics Inc,,,no,72.81,C,1,"Sacramento, CA",US PL Sacramento Factory,
Bazzini,,,no,72.81,B,1,"Allentown, PA",US DC NFI - Breinigsville,
Anytime Crossdock,,,no,72.81,B,1,"Rancho Cucamonga, CA",US PL Ontario Factory,
Horizon Crossdock,,,no,72.81,B,1,"Rancho Cucamonga, CA",US PL Ontario Factory,
IRVING 24,,,no,72.81,C,7,"Auburn, ME",US PL Poland Spring Factory,
Badger Popcorn & Concession Supply,,,no,72.81,C,1,"Madison, WI",US PL Madison Factory,
Kellogg Co,kelloggs.com,55554511392,yes,72.78,A,2,"Englewood, CO",US PL Denver Factory,package
Amazon Fulfillment Center TPA4,amazon.com,8981959027,yes,72.78,A,1,"Temple Terrace, FL",US PL Zephyrhills Factory,package
Amazon FTW2,amazon.com,8981959027,yes,72.78,A,1,"Coppell, TX",US PL Dallas 2 Factory,package
Amazon FTW6,amazon.com,8981959027,yes,72.78,A,1,"Grapevine, TX",US PL Dallas 2 Factory,package
Mack Trucks - Lehigh Valley Operations (LVO),macktrucks.com,54771928945,yes,72.77,C,1,"Macungie, PA",US DC NFI - Breinigsville,package
Badger Vehicle Shipping,,,no,72.77,C,1,"Madison, WI",US PL Madison Factory,
Ryder/Whiplash E-commerce fulfillment node,ryder.com,55553605396,yes,72.77,A,1,"Riverside, CA",US PL Ontario Factory,package
Thrill Factory Entertainment,,,no,72.76,C,1,"Madison, WI",US PL Madison Factory,
Kroger Fulfillment Center,kroger.com,8536615981,yes,72.73,A,3,"Indianapolis, IN",US PL Greenwood Indiana,package
Sysco Riverside - Food Distributor & Restaurant Supplies,sysco.com,,no,72.68,A,1,"Riverside, CA",US PL Ontario Factory,curated:
Sunopta warehouse,sunopta.com,54772627075,yes,72.66,B,1,"Allentown, PA",US DC NFI - Breinigsville,package
UMA Warehouse,,,no,72.66,B,1,"Chino, CA",US PL Ontario Factory,
Cooper Tire Whiteland Distribution Center,coopertire.com,,no,72.66,B,1,"Whiteland, IN 46184, USA",US PL Greenwood Indiana,package
Ultimate Logistics Inc,,,no,72.66,B,1,"Fontana, CA",US PL Ontario Factory,
America's Tire Warehouse,,,no,72.66,C,1,"Sacramento, CA",US PL Sacramento Factory,
Southwest Freight Inc,southwestfreight.com,,no,72.66,C,3,"Mira Loma, CA",US PL Ontario Factory,company_exact:high
Eagle Global Logistics,,,no,72.66,C,1,"Ontario, CA",US PL Ontario Factory,
Primo Brands - PureLife and Ozarka Water,primobrands.com,54040507747,yes,72.66,B,1,"Pasadena, TX",US PL Pasadena Factory,package
FREITTY Cross-Dock Denver,,,no,72.66,B,1,"Denver, CO",US PL Denver Factory,
Clear Lane Freight Systems Inc.,clearlanefreight.com,,no,72.66,B,1,"Rancho Cucamonga, CA",US PL Ontario Factory,parent_facility:medium
CrossDockGo,,,no,72.66,B,1,"Upland, CA",US PL Ontario Factory,
Mission Foods,missionfoods.com,54711188904,yes,72.66,C,3,"Rancho Cucamonga, CA",US PL Ontario Factory,package
Landmark Foods home,,,no,72.66,C,1,"Denver, CO",US PL Denver Factory,
Kroger FC07 Fulfillment Center,kroger.com,8536615981,yes,72.63,A,1,"Aurora, CO",US PL Denver Factory,package
Hain Celestial Group,hain-celestial.com,54410073453,yes,72.6,C,1,"Allentown, PA",US DC NFI - Breinigsville,package
Wagyu Factory | Rancho Cucamonga,,,no,72.6,C,1,"Rancho Cucamonga, CA",US PL Ontario Factory,
Americold Logistics Baytown,americold.com,,no,72.59,A,1,"Baytown, TX",US PL Pasadena Factory,curated:
DSR2 Amazon Warehouse,amazon.com,8981959027,yes,72.59,A,1,"Roseville, CA",US PL Sacramento Factory,package
Amazon LGB5,amazon.com,8981959027,yes,72.59,A,1,"San Bernardino, CA",US PL Ontario Factory,package
Coca-Cola Beverages Florida,coca-colacompany.com,54771861856,yes,72.59,A,11,"Tampa, FL",US PL Zephyrhills Factory,package
Allen Distribution- Niagara 3BA,niagarawater.com,,no,72.5,B,1,"Ontario, CA",US PL Ontario Factory,curated:
Supply Chain Warehouses,,,no,72.5,B,1,"Houston, TX",US PL S Houston Factory,
Colorado Fulfillment,,,no,72.5,B,1,"Denver, CO",US PL Denver Factory,
GHG Logistics,,,no,72.5,B,1,"Allentown, PA",US DC NFI - Breinigsville,
Economy Transportation & Logistics,,,no,72.5,B,1,"Houston, TX",US PL S Houston Factory,
The Church at Chancey Road - Food Distribution Center,,,no,72.5,C,1,"Zephyrhills, FL",US PL Zephyrhills Factory,
Sacramento Central Seventh Day Adventist Church - Food Distribution Center,,,no,72.5,C,1,"Sacramento, CA",US PL Sacramento Factory,
Legacy Food Company Inc.,,,no,72.5,C,1,"Rancho Cucamonga, CA",US PL Ontario Factory,
Walmart Sortation Center -FL9,walmart.com,8536615003,yes,72.49,A,1,"Lakeland, FL",US PL Zephyrhills Factory,package
H-E-B Distribution Center,heb.com,45149181990,yes,72.47,A,1,"Houston, TX",US PL S Houston Factory,package
H-E-B Houston,heb.com,45149181990,yes,72.47,A,1,"Houston, TX",US PL S Houston Factory,package
Design Logistics Group,dgamericas.com,54784830282,yes,72.45,B,1,"Englewood, CO",US PL Denver Factory,package
"Comar, Rancho Cucamonga Plant",,,no,72.44,C,1,"Rancho Cucamonga, CA",US PL Ontario Factory,
Truck & Autowares,,,no,72.44,C,1,"Saratoga Springs, NY",US PL Saratoga Spring Factory,
Advance Auto Parts Distribution Center,advanceautoparts.com,55554514282,yes,72.42,A,3,"Lakeland, FL",US PL Zephyrhills Factory,package
Amazon Warehouse HOU2,amazon.com,8981959027,yes,72.39,A,1,"Houston, TX",US PL S Houston Factory,package
Americold Logistics Leesport,americold.com,,no,72.38,A,1,"Leesport, PA",US PL Allentown NPL Factory,curated:
Worldcraft Logistics LLC (PLM1),,,no,72.34,B,1,"Ontario, CA",US PL Ontario Factory,
CJ Logistics America,cjlogisticsamerica.com,54415134541,yes,72.34,B,5,"Fontana, CA",US PL Ontario Factory,package
arc Thrift Stores Warehouse,,,no,72.34,B,1,"Denver, CO",US PL Denver Factory,HOLD: likely noise / not a freight prospect - exclude
Bosone's Warehouse & Storage,,,no,72.34,B,1,"Seabrook, TX",US PL Pasadena Factory,
WareSpace Park Hill | Small Warehouse Space Rentals,,,no,72.34,B,1,"Denver, CO",US PL Denver Factory,
Hercules Industries Distribution Center,,,no,72.34,C,1,"Denver, CO",US PL Denver Factory,
Professional Distribution Center,,,no,72.34,C,2,"Houston, TX",US PL S Houston Factory,
Craft Beverage Warehouse,,,no,72.34,C,1,"Denver, CO",US PL Denver Factory,
Neptune Seafood,,,no,72.34,B,1,"Sacramento, CA",US PL Sacramento Factory,
Future Foods,,,no,72.34,C,1,"Mechanic Falls, ME",US PL Poland Spring Factory,
"Nongshim USA, Inc.",,,no,72.34,C,1,"Rancho Cucamonga, CA",US PL Ontario Factory,
Donapops,,,no,72.34,C,1,"Denver, CO",US PL Denver Factory,
Denver Intermodal Express Container Yard,,,no,72.34,C,1,"Denver, CO",US PL Denver Factory,
Eastman Chemical - Tyler Terminal,,,no,72.29,B,1,"Tyler, TX",US PL Hawkins Factory,
Amazon Supplemental Fulfillment Site PFL2,amazon.com,8981959027,yes,72.29,A,1,"Lakeland, FL",US PL Zephyrhills Factory,package
Maine Container,,,no,72.28,C,1,"Poland, ME",US PL Poland Spring Factory,
"Atlas Minerals & Chemicals, Inc.",,,no,72.28,C,1,"Mertztown, PA",US PL Allentown NPL Factory,
"Auburn Manufacturing, Inc.",,,no,72.27,C,1,"Mechanic Falls, ME",US PL Poland Spring Factory,
"Poland Springs Bottling CO. BlueTriton Brands, Inc.",bluetriton.com,,no,72.2,C,1,"Kingfield, ME",US PL Kingfield Factory,parent_facility:medium
DBU9 Amazon,amazon.com,8981959027,yes,72.2,A,1,"Cohoes, NY",US PL Saratoga Spring Factory,package
States Logistics #548 Marlay,,,no,72.18,B,1,"Fontana, CA",US PL Ontario Factory,
TPFS 3PL & Fulfillment Warehouse,,,no,72.18,B,1,"Rancho Cucamonga, CA",US PL Ontario Factory,
East End Transfer Warehouse,,,no,72.18,B,1,"Houston, TX",US PL S Houston Factory,
Sierra Arden Neighborhood Food Closet - Food Distribution Center,,,no,72.18,C,1,"Sacramento, CA",US PL Sacramento Factory,
Yami Fulfillment Center,,,no,72.18,C,1,"Eastvale, CA",US PL Ontario Factory,
"Pasadena, TX - Metrix Logistics Group",,,no,72.18,C,1,"Pasadena, TX",US PL Pasadena Factory,
Almeda Swift Market,,,no,72.18,C,1,"Houston, TX",US PL S Houston Factory,
Mile Hi Foods,,,no,72.18,C,1,"Denver, CO",US PL Denver Factory,
Freight Ltl,,,no,72.18,C,1,"Denver, CO 80207, USA",US PL Denver Factory,
IND3 Walmart Distribution Center,walmart.com,8536615003,yes,72.13,A,1,"McCordsville, IN",US PL Greenwood Indiana,package
Wintersun Chemical,,,no,72.11,C,1,"Ontario, CA",US PL Ontario Factory,
May Trucking Company,maytrucking.com,,no,72.11,C,2,"Denver, CO",US PL Denver Factory,company_exact:high
Dollar Tree Distribution Center,dollartree.com,54421674052,yes,72.1,A,2,"San Bernardino, CA",US PL Ontario Factory,package
PPG Paints Distribution Center,asianpaintsppg.com,,no,72.1,A,1,"Reading, PA",US PL Allentown NPL Factory,package
Smart & Final,smartandfinal.com,54720786490,yes,72.02,B,3,"Rancho Cucamonga, CA",US PL Ontario Factory,package
Hilti Distribution Center - Denver,hilti.com,,no,72.02,B,1,"Denver, CO",US PL Denver Factory,package
Tennyson Street Warehouse,,,no,72.02,C,1,"Denver, CO",US PL Denver Factory,
"Champion Food Service, Inc.",,,no,72.02,C,1,"Houston, TX",US PL S Houston Factory,
Rare Finds Warehouse at Holly Street,,,no,72.02,C,1,"Denver, CO",US PL Denver Factory,
Wholesale Woodfloor Warehouse,,,no,72.02,C,1,"Sacramento, CA",US PL Sacramento Factory,
Levant Brothers Distribution,,,no,72.02,C,1,"Houston, TX",US PL S Houston Factory,
Barrett Car Logistics,,,no,72.02,C,1,"Madison, WI",US PL Madison Factory,
ZIPTO Fulfillment Center - Chino,,,no,72.02,C,3,"Houston, TX",US PL S Houston Factory,
Healthverve Food Manufacturing USA - California,,,no,72.02,C,1,"Rancho Cucamonga, CA",US PL Ontario Factory,
Donald Trading Co,,,no,72.02,C,1,"Sacramento, CA",US PL Sacramento Factory,
Dough Masters,,,no,72.02,C,1,"Auburn, ME",US PL Poland Spring Factory,
Fruit Growers Supply - Carton Plant,,,no,71.94,C,1,"Ontario, CA",US PL Ontario Factory,
TCC MacArthur Distribution Center,,,no,71.87,B,1,"Grand Prairie, TX",US PL Dallas 2 Factory,
SB Cross Dock Warehouse,,,no,71.87,B,1,"Fontana, CA",US PL Ontario Factory,
CAC Foodbank Dane County Warehouse,,,no,71.87,B,1,"Madison, WI",US PL Madison Factory,HOLD: likely noise / not a freight prospect - exclude
Faro logistics,,,no,71.87,C,1,"Rancho Cucamonga, CA",US PL Ontario Factory,
Warehouse Christian Ministries,,,no,71.87,C,1,"Sacramento, CA",US PL Sacramento Factory,
JD Logistics,jdlogistics.com,,no,71.87,C,2,"Fontana, CA",US PL Ontario Factory,company_exact:high
ColtonCooper Logistics,,,no,71.87,C,1,"Denver, CO",US PL Denver Factory,
M 2 Logistics Inc,,,no,71.87,C,2,"Denver, CO",US PL Denver Factory,
Riverview Logistics,,,no,71.87,C,1,"Rancho Cucamonga, CA",US PL Ontario Factory,
CrossDock Connect,,,no,71.87,B,43,"Denver, CO",US PL Denver Factory,
"Lamonica’s Pizza Dough International, Inc",,,no,71.87,C,1,"Sacramento, CA",US PL Sacramento Factory,
yogH,,,no,71.87,C,1,"Houston, TX",US PL S Houston Factory,
Heatherfield Foods Inc.,,,no,71.87,C,1,"Ontario, CA",US PL Ontario Factory,
Cardlock,,,no,71.87,C,2,"Denver, CO",US PL Denver Factory,
FREITTY Cross-Dock Fontana,,,no,71.87,C,1,"Fontana, CA",US PL Ontario Factory,
Invasion custom food truck LLC,,,no,71.87,C,1,"Denver, CO",US PL Denver Factory,
Quest Warehouse,,,no,71.79,A,1,"Greenfield, IN",US PL Greenwood Indiana,
Roadtex shopping office,,,no,71.79,A,1,"Greenfield, IN",US PL Greenwood Indiana,HOLD: likely noise / not a freight prospect - exclude
Walker Manufacturing Group,,,no,71.78,C,1,"Ontario, CA",US PL Ontario Factory,
Swift Manufacturing & Engineering,,,no,71.78,C,1,"Madison, WI",US PL Madison Factory,
DLT Manufacturing,,,no,71.78,C,1,"Dallas, TX",US PL Dallas 2 Factory,
Kriete Truck Center - Madison,,,no,71.78,C,1,"Madison, WI",US PL Madison Factory,
Kings Truck Center,,,no,71.78,C,1,"Sacramento, CA",US PL Sacramento Factory,
Southwest Airlines Cargo,,,no,71.77,D,1,"Ontario, CA",US PL Ontario Factory,
Keller Warehousing & Co-Packing,,,no,71.77,C,1,"Dallas, TX",US PL Dallas 2 Factory,
California Packaging Center,,,no,71.77,C,1,"Ontario, CA",US PL Ontario Factory,
Southwark Metal Manufacturing Co,southwarkmetal.com,,no,71.77,A,1,"McCordsville, IN",US PL Greenwood Indiana,package
Tyson Food Haltom City Distribution Center truck entrance,tyson.com,,no,71.77,A,1,"Haltom City, TX",US PL Dallas 2 Factory,curated:
KRB7 & QXY9 & IUSJ Amazon Warehouse,amazon.com,8981959027,yes,71.72,A,1,"Beaumont, CA",US PL Cabazon Factory,package
Living Spaces Distribution Center,livingspaces.com,54771851892,yes,71.71,B,2,"Grand Prairie, TX",US PL Dallas 2 Factory,package
The Warehouse Rack,,,no,71.71,B,1,"Rancho Cucamonga, CA",US PL Ontario Factory,
Label Warehouse,,,no,71.71,C,1,"Houston, TX",US PL S Houston Factory,
Grand Logistics Corporation,,,no,71.71,C,1,"Denver, CO",US PL Denver Factory,
SUNNYSIDE LOGISTICS L.L.C.,,,no,71.71,C,1,"Sacramento, CA",US PL Sacramento Factory,
Camp Logistics Inc.,,,no,71.71,C,1,"Elk Grove, CA",US PL Sacramento Factory,
The Redstone Group,,,no,71.71,C,1,"Englewood, CO",US PL Denver Factory,
Safeway Beverage Denver,,,no,71.71,C,1,"Denver, CO",US PL Denver Factory,
Truck Tub,,,no,71.7,C,1,"Mira Loma, CA",US PL Ontario Factory,
Wallaby's Liquor Warehouse,,,no,71.69,C,1,"Denver, CO",US PL Denver Factory,
3M Co,mmm.com,,no,71.61,A,2,"Corona, CA",US PL Ontario Factory,company_exact:high
CTPS Saratoga Springs - Complete TransPack Solutions,completeshipping.com,,no,71.6,C,1,"Saratoga Springs, NY",US PL Saratoga Spring Factory,parent_facility:medium
Sana Packaging,,,no,71.6,C,1,"Denver, CO",US PL Denver Factory,
"Sunbelt Lubricants, Inc.",,,no,71.6,C,1,"Zephyrhills, FL",US PL Zephyrhills Factory,
Hershey's Weaver Popcorn Manufacturing,,,no,71.59,A,1,"Bethlehem, PA",US DC NFI - Breinigsville,
Tyson Foods South,tyson.com,,no,71.59,A,1,"Fort Worth, TX",US PL Dallas 2 Factory,curated:
Behr Process Distribution,behr.com,54771853411,yes,71.56,B,1,"Fogelsville, PA",US PL Allentown Factory,package
Dr Pepper / MOTTS warehouse,keurigdrpepper.com,45006156353,yes,71.56,B,1,"Dallas, TX",US PL Dallas 2 Factory,package
A+ Warehouse LLC,,,no,71.56,B,1,"Denver, CO",US PL Denver Factory,
Tire Warehouse,,,no,71.56,C,17,"Auburn, ME",US PL Poland Spring Factory,
D K & B Logistics Inc,,,no,71.56,C,1,"Gansevoort, NY",US PL Saratoga Spring Factory,
Maplegrove Foods LLC.,,,no,71.56,C,1,"Ontario, CA",US PL Ontario Factory,
Golden Pacific Foods Inc,goldenfoods.com.mx,,no,71.56,C,1,"Chino, CA",US PL Ontario Factory,parent_facility:medium
Sundown Foods,,,no,71.56,C,1,"Fontana, CA",US PL Ontario Factory,
Pactiv Evergreen,pactivevergreen.com,54419196992,yes,71.53,A,2,"Plant City, FL",US PL Zephyrhills Factory,package
Amazon Air Gateway - KLAL,amazon.com,8981959027,yes,71.52,A,1,"Lakeland, FL",US PL Zephyrhills Factory,package
Yusen Logistics IND4 Warehouse,,,no,71.49,A,1,"Greenfield, IN",US PL Greenwood Indiana,
Hoosier freight and warehouse,,,no,71.49,A,1,"Greenfield, IN",US PL Greenwood Indiana,
Axium Packaging CA Plant,,,no,71.46,C,1,"Ontario, CA",US PL Ontario Factory,
"Firesafe Equipment, Inc.",,,no,71.46,C,1,"Auburn, ME",US PL Poland Spring Factory,
Berlin Packaging,berlinpackaging.com,54413430684,yes,71.43,C,2,"Ontario, CA",US PL Ontario Factory,package
Amazon FTW7 / FTW9,amazon.com,8981959027,yes,71.43,A,1,"Coppell, TX",US PL Dallas 2 Factory,package
Jason's Deli Distribution Center Warehouse,,,no,71.4,C,1,"Grand Prairie, TX",US PL Dallas 2 Factory,
Multicopter Warehouse,,,no,71.4,C,1,"Denver, CO",US PL Denver Factory,
Cabinet Warehouse,,,no,71.4,C,1,"Denver, CO",US PL Denver Factory,
Apex Warehouse Systems - Colorado,,,no,71.4,C,1,"Denver, CO",US PL Denver Factory,
Jones Logistics Corp,joneslogistics.com,,no,71.4,C,1,"Denver, CO",US PL Denver Factory,company_exact:high
HTX EXTREME LOGISTICS LLC,,,no,71.4,C,1,"Houston, TX",US PL S Houston Factory,
"Savage Auburn, ME Transload",,,no,71.4,C,1,"Auburn, ME",US PL Poland Spring Factory,
The PB Love Company,,,no,71.4,C,1,"Denver, CO",US PL Denver Factory,
DG Market,,,no,71.4,C,3,"Hot Springs, AR",US DC Hot Springs (WHSE),
Americold Logistics Portland,americold.com,,no,71.4,A,1,"Portland, ME",US PL Hollis Factory,curated:
CVS Distribution Center of Greenfield IN,cvs.com,54762328321,yes,71.4,A,1,"Greenfield, IN",US PL Greenwood Indiana,package
Pilot Travel Center,,,no,71.4,A,1,"Greenfield, IN",US PL Greenwood Indiana,
United States Cold Storage,uscold.com,8982330905,yes,71.38,B,11,"Dallas, TX",US PL Dallas 2 Factory,package
Amazon AFW5,amazon.com,8981959027,yes,71.33,A,1,"Balch Springs, TX",US PL Dallas 2 Factory,package
Advanced Freight Management,freightman.com,,no,71.32,C,1,"Hawkins, TX 75765, USA",US PL Hawkins Factory,parent_facility:medium
Allen Organ Company Manufacturing Facility and International Sales Headquarters,,,no,71.3,C,1,"Macungie, PA",US DC NFI - Breinigsville,
Monarch Metal Manufacturing,,,no,71.3,C,1,"Denver, CO",US PL Denver Factory,
Plant Process Equipment Inc,,,no,71.3,C,1,"League City, TX",US PL Pasadena Factory,
United Rentals - Reliable Onsite Services,unitedrentals.com,54772590386,yes,71.25,C,1,"Zephyrhills, FL",US PL Zephyrhills Factory,package
TForce freight,tforcefreight.com,,no,71.25,C,11,"Commerce City, CO",US PL Denver Factory,company_exact:high
GOFO Express Houston Warehouse,,,no,71.25,C,1,"Houston, TX",US PL S Houston Factory,
5 Logistics,5logistics.com,,no,71.25,C,1,"Denver, CO",US PL Denver Factory,company_exact:high
Post Oak Logistics Park,,,no,71.25,C,1,"Houston, TX",US PL S Houston Factory,
DSW Designer Shoe Warehouse,dsw.com,54773469834,yes,71.25,C,6,"Madison, WI",US PL Madison Factory,package
Mountain High Appliance Warehouse and Clearance Center,,,no,71.25,C,1,"Denver, CO",US PL Denver Factory,
Trans American Logistics,tacustoms.com,,no,71.25,C,1,"Rancho Cucamonga, CA",US PL Ontario Factory,company_core:high
Elite Logistics & Fulfillment,,,no,71.25,C,1,"Fontana, CA",US PL Ontario Factory,
Rocky Mountain Food Factory,,,no,71.25,C,1,"Englewood, CO",US PL Denver Factory,
Hook and Ladder Manufacturing Company,,,no,71.25,C,1,"Sacramento, CA",US PL Sacramento Factory,
Amazon LGB6,amazon.com,8981959027,yes,71.24,A,1,"Riverside, CA",US PL Ontario Factory,package
Flexport DFW1 Fulfillment Center,flexport.com,,no,71.2,A,1,"Lewisville, TX",US PL Dallas 2 Factory,curated:
Plastech Manufacturing,,,no,71.13,C,1,"Rancho Cucamonga, CA",US PL Ontario Factory,
"Industrial Supply Solutions, Inc.",,,no,71.13,C,1,"Hot Springs, AR",US PL Hot Springs 2 Factory,
Coors Distributing Company (Miller Lite/Coors Light),,,no,71.13,C,1,"Denver, CO",US PL Denver Factory,
"La Mexicana Tortilla Factory, Inc",,,no,71.13,C,1,"Duncanville, TX",US PL Dallas 2 Factory,
BPX Solutions formerly Excel Packaging,,,no,71.1,C,1,"Ontario, CA",US PL Ontario Factory,
Office Furniture Warehouse - Madison,,,no,71.09,C,1,"Madison, WI",US PL Madison Factory,
La Warehouse Furniture,,,no,71.09,C,1,"Sacramento, CA",US PL Sacramento Factory,
Lavender Warehouse,,,no,71.09,C,2,"Tyler, TX",US PL Hawkins Factory,
Langham Logistics Life Sciences,,,no,71.09,C,1,"Whiteland, IN",US PL Greenwood Indiana,
Mesa Foods,,,no,71.09,C,1,"Rancho Cucamonga, CA",US PL Ontario Factory,
"Alter Eco Foods, LLC",,,no,71.09,C,1,"Houston, TX",US PL S Houston Factory,
Template Meals LLC,,,no,71.09,C,1,"Houston, TX",US PL S Houston Factory,
Foods Pacific Ltd,pacificfoods.com,,no,71.09,C,1,"Sacramento, CA",US PL Sacramento Factory,parent_facility:medium
Kroger Manufacturing Division Riverside Creamery Operations,kroger.com,8536615981,yes,71.08,A,1,"Riverside, CA",US PL Ontario Factory,package
Chewy Fulfillment Center HOU1,chewy.com,,no,71.05,A,1,"Houston, TX",US PL S Houston Factory,curated:
ONT2 - Amazon Fulfillment Center,amazon.com,8981959027,yes,71.05,A,1,"San Bernardino, CA",US PL Ontario Factory,package
SR Packaging North America Inc. (PA Plant),,,no,70.97,C,1,"Allentown, PA",US DC NFI - Breinigsville,
Pasco Fleet Sales,,,no,70.97,C,1,"Dade City, FL",US PL Zephyrhills Factory,
Land O' Lakes- Purina Distribution Center,landolakes.com,,no,70.96,A,1,"Lakeland, FL",US PL Zephyrhills Factory,package
Evans Delivery - Denver Terminal,centuryexpress.com,,no,70.94,C,1,"Denver, CO",US PL Denver Factory,parent_facility:medium
Crossgates Abba Food Pantry - Food Distribution Center,,,no,70.94,C,1,"Fountain Lake, AR",US DC Hot Springs (WHSE),
Berridge Manufacturing Distribution Center,,,no,70.94,C,4,"Denver, CO",US PL Denver Factory,
SteakChop,,,no,70.94,C,1,"Ballston Spa, NY",US PL Saratoga Spring Factory,
Aportstorage Containers,,,no,70.93,C,1,"Ontario, CA",US PL Ontario Factory,
St. Worth Container,,,no,70.93,C,1,"Ontario, CA",US PL Ontario Factory,
United States Cold Storage LP,,,no,70.93,B,3,"Arlington, TX",US PL Dallas 2 Factory,
Amazon Warehouse PSP3,amazon.com,8981959027,yes,70.92,A,1,"Desert Hot Springs, CA",US PL Cabazon Factory,package
Speedco Truck Lube and Tires,,,no,70.91,C,5,"Commerce City, CO",US PL Denver Factory,
Americold Logistics Tampa Maple,americold.com,,no,70.91,A,1,"Tampa, FL",US PL Zephyrhills Factory,curated:
TFG TRUCK PARKING,,,no,70.91,A,1,"Greenfield, IN",US PL Greenwood Indiana,HOLD: likely noise / not a freight prospect - exclude
ONT5 - Amazon Sort Center,amazon.com,8981959027,yes,70.86,A,1,"San Bernardino, CA",US PL Ontario Factory,package
Gerber Manufacturing LTD,,,no,70.81,C,1,"Madison, WI",US PL Madison Factory,
"Hi-Speed Trucking, Inc.",,,no,70.81,C,1,"Ontario, CA",US PL Ontario Factory,
Trader Joe's Fontana Distribution Warehouse,,,no,70.79,C,1,"Fontana, CA",US PL Ontario Factory,
Logistics Insight Corp.,,,no,70.79,C,2,"Grand Prairie, TX",US PL Dallas 2 Factory,
US Cold Storage Builders,,,no,70.79,C,1,"Houston, TX",US PL S Houston Factory,
Tays Logistics LLC,,,no,70.79,C,1,"Friendswood, TX",US PL Pasadena Factory,
Central Freight Lines Inc,centralfreight.com,54773374268,yes,70.79,C,3,"Commerce City, CO",US PL Denver Factory,package
Sapp Bros CNG Station,,,no,70.79,C,1,"Commerce City, CO",US PL Denver Factory,
Speedy Foods LLC,,,no,70.79,C,1,"Commerce City, CO",US PL Denver Factory,
Warehouse Liquor Mart,,,no,70.78,C,1,"Sheridan, CO",US PL Denver Factory,
Dart Container Corporation,,,no,70.77,C,1,"Dallas, TX",US PL Dallas 2 Factory,
Apple Corrugated Packaging,,,no,70.77,C,1,"Duncanville, TX",US PL Dallas 2 Factory,
Allison Transmission Plant 12,allisontransmission.com,54750349391,yes,70.69,B,1,"Indianapolis, IN",US PL Greenwood Indiana,package
Ramco Manufacturing Company,,,no,70.66,C,1,"Houston, TX",US PL S Houston Factory,
Big Boy Trucking LLC,,,no,70.66,C,1,"Dayton, ME 04005, USA",US PL Hollis Factory,
Alta Warehousing & Logistics,,,no,70.63,C,3,"Fontana, CA",US PL Ontario Factory,
Linked21/Cross-Dock/ warehouse services/delivery open 24/7by appt,,,no,70.63,C,1,"Fontana, CA",US PL Ontario Factory,
Publication Printers Overland Warehouse,,,no,70.63,C,1,"Englewood, CO",US PL Denver Factory,
Houston Warehouse Space,,,no,70.63,C,1,"Houston, TX",US PL S Houston Factory,
Adam's International Market,,,no,70.63,C,1,"Elk Grove, CA",US PL Sacramento Factory,
Arrowhead,,,no,70.62,C,1,"Cabazon, CA",US PL Cabazon Factory,
Elite Packaging & Display,,,no,70.6,C,1,"Ontario, CA",US PL Ontario Factory,
USPS North Houston TX Distribution Center,usps.com,,no,70.59,A,1,"North Houston, TX",US PL S Houston Factory,package
SCO2 Amazon,amazon.com,8981959027,yes,70.58,A,1,"Englewood, CO",US PL Denver Factory,package
Flexport LAX1 Fulfillment Center,flexport.com,,no,70.57,A,1,"Highland, CA",US PL Ontario Factory,curated:
Smithfield Foods Distribution Center,smithfieldfoods.com,,no,70.53,A,1,"Greenfield, IN",US PL Greenwood Indiana,company_core:high
Roadtex Transportation,roadtex.com,,no,70.53,A,1,"Greenfield, IN",US PL Greenwood Indiana,package
Coolerado Manufacturing Facility,,,no,70.5,C,1,"Denver, CO",US PL Denver Factory,
Dallas warehouse,,,no,70.48,C,2,"Grand Prairie, TX",US PL Dallas 2 Factory,
Warehouse Storage Racks,,,no,70.48,C,1,"Denver, CO",US PL Denver Factory,
Unit Cold Storage – Houston | Private Temperature-Controlled Suites,,,no,70.48,C,1,"Seabrook, TX",US PL Pasadena Factory,
A-Z Logistics LLC,,,no,70.48,C,1,"Sacramento, CA",US PL Sacramento Factory,
Peak Manufacturing and Fulfillment,,,no,70.48,C,1,"Englewood, CO",US PL Denver Factory,
Capital Warehouse,clgdelivers.com,45140762034,yes,70.48,C,2,"Sacramento, CA",US PL Sacramento Factory,package
Denver Snax Distributing DSD,,,no,70.48,C,1,"Arvada, CO",US PL Denver Factory,
VCO2 Amazon,amazon.com,8981959027,yes,70.47,A,1,"Englewood, CO",US PL Denver Factory,package
Arne's Warehouse,,,no,70.38,B,1,"Houston, TX",US PL S Houston Factory,
Cedar & Hardwood Creative Manufacturing,,,no,70.34,C,1,"Hot Springs, AR",US PL Hot Springs 2 Factory,
Method Manufacturing CNC Machining,,,no,70.34,C,1,"Denver, CO",US PL Denver Factory,
Innovations Manufacturing,,,no,70.34,C,1,"Denver, CO",US PL Denver Factory,
AVA Manufacturing,,,no,70.34,C,1,"Denver, CO",US PL Denver Factory,
H & N Trucking,,,no,70.34,C,1,"Hot Springs, AR",US PL Hot Springs 2 Factory,
Americold Logistics Houston,americold.com,,no,70.34,A,1,"Houston, TX",US PL S Houston Factory,curated:
CONTRACTORS' WAREHOUSE,,,no,70.33,C,3,"Sacramento, CA",US PL Sacramento Factory,
Worlds Of Wonder Comics & Collectible Warehouse,,,no,70.33,C,1,"Sacramento, CA",US PL Sacramento Factory,
Quality Distribution,qualitydistribution.com,54726254714,yes,70.33,C,3,"Englewood, CO",US PL Denver Factory,package
Denver Chip Co.,,,no,70.33,C,1,"Lakewood, CO",US PL Denver Factory,
TA Commerce City 148,,,no,70.33,C,1,"Commerce City, CO",US PL Denver Factory,
Shasta Beverages,,,no,70.33,C,3,"Houston, TX",US PL S Houston Factory,
Amazon HOU7,amazon.com,8981959027,yes,70.31,A,1,"Houston, TX",US PL S Houston Factory,package
MQJ1 Amazon,amazon.com,8981959027,yes,70.25,A,1,"Greenfield, IN",US PL Greenwood Indiana,package
ONT9 Amazon Fulfillment Center,amazon.com,8981959027,yes,70.22,A,1,"Redlands, CA",US PL Ontario Factory,package
I Truck Park,,,no,70.18,C,1,"Sacramento, CA",US PL Sacramento Factory,
Pioneer Plastics,,,no,70.18,C,1,"Auburn, ME",US PL Poland Spring Factory,
Quality Logistics Systems,,,no,70.18,C,1,"Dallas, TX",US PL Dallas 2 Factory,
United Cold Storage Dallas,,,no,70.18,C,1,"Dallas, TX 75212, USA",US PL Dallas 2 Factory,
Southeastern Freight Lines,sefl.com,,no,70.18,C,21,"Houston, TX",US PL S Houston Factory,company_exact:high
Oak Harbor Freight Lines,oakh.com,,no,70.18,C,3,"Fontana, CA",US PL Ontario Factory,company_exact:high
Night Work Bread,,,no,70.18,C,1,"Ballston Spa, NY",US PL Saratoga Spring Factory,
Singh Mart 3,,,no,70.18,C,1,"Houston, TX",US PL S Houston Factory,
UNFI Riverside Distribution Center,unfi.com,54174684591,yes,70.16,A,1,"Riverside, CA",US PL Ontario Factory,package
Bulk Book Warehouse,,,no,70.13,A,1,"Schenectady, NY",US PL Saratoga Spring Factory,HOLD: likely noise / not a freight prospect - exclude
PL Cold Inc.,,,no,70.06,A,1,"Greenfield, IN",US PL Greenwood Indiana,
Amazon Flex Warehouse,amazon.com,8981959027,yes,70.04,A,1,"Houston, TX",US PL S Houston Factory,package
Gulf Winds International - Bayport Warehouse,gwii.com,,no,70.03,C,1,"Seabrook, TX",US PL Pasadena Factory,parent_facility:medium
GE Dallas Distribution Center,,,no,70.03,C,1,"Grand Prairie, TX",US PL Dallas 2 Factory,
Proactive 146 Distribution Center,,,no,70.03,C,1,"Seabrook, TX",US PL Pasadena Factory,
Kuraray Logistics Park,,,no,70.03,C,1,"Pasadena, TX",US PL Pasadena Factory,
Ron's Home Style Foods,,,no,70.03,C,1,"Houston, TX",US PL S Houston Factory,
Colorado Fresh Enterprises,,,no,70.03,C,1,"Denver, CO",US PL Denver Factory,
Society of Manufacturing Engineers,asse.org,,no,70.02,C,1,"Houston, TX",US PL S Houston Factory,company_fuzzy:medium
Chapman Trucking,chapmantrucking.com,45065630068,yes,70.02,C,2,"Auburn, ME",US PL Poland Spring Factory,package
Adirondack Tissue Supply,,,no,70.02,C,1,"Ballston Spa, NY",US PL Saratoga Spring Factory,
Brandon Moving & Storage,,,no,70,D,1,"Hot Springs, AR 71901, USA",US DC Hot Springs (WHSE),
Exxon,,,no,70,C,5,"Hot Springs, AR",US DC Hot Springs (WHSE),
Conagra,conagrabrands.com,45006156352,yes,69.95,A,1,"Indianapolis, IN",US PL Greenwood Indiana,package
On The Clock Logistics,,,no,69.88,C,1,"Denver, CO",US PL Denver Factory,
Zenith Logistics,,,no,69.88,C,2,"Grand Prairie, TX",US PL Dallas 2 Factory,
Fabric Warehouse,,,no,69.88,C,4,"Auburn, ME",US PL Poland Spring Factory,
JT Logistics,jtlogistics.com,,no,69.88,C,2,"Dallas, TX",US PL Dallas 2 Factory,company_exact:high
Hillcrest Foods Inc,,,no,69.88,C,1,"Saratoga Springs, NY",US PL Saratoga Spring Factory,
Mockingbird Food Group,,,no,69.88,C,1,"Dallas, TX",US PL Dallas 2 Factory,
Freight Operation Services LLC,fsf.com.fj,,no,69.88,C,1,"Grand Prairie, TX",US PL Dallas 2 Factory,parent_facility:medium
U1Dynamics Manufacturing,,,no,69.87,C,1,"Pasadena, TX",US PL Pasadena Factory,
"SHINE Technologies, LLC Systems & Manufacturing",,,no,69.87,C,1,"Fitchburg, WI",US PL Madison Factory,
Preferred Freezer,,,no,69.87,C,3,"Pasadena, TX",US PL Pasadena Factory,
Waldo & Junior Transport,,,no,69.82,D,1,"High Springs, FL",US PL High Springs Factory,
International Distribution,,,no,69.73,C,1,"Pasadena, TX",US PL Pasadena Factory,
Uwex Dane County - Food Distribution Center,,,no,69.73,C,1,"Madison, WI 53704, USA",US PL Madison Factory,
Parkway Distribution Center,,,no,69.73,C,1,"Grand Prairie, TX",US PL Dallas 2 Factory,
Double Falcon Logistics,,,no,69.73,C,1,"Houston, TX",US PL S Houston Factory,
Country Crossdock,,,no,69.73,C,1,"Grand Prairie, TX",US PL Dallas 2 Factory,
Protein Factory Nutrition Aurora,,,no,69.73,C,1,"Aurora, CO",US PL Denver Factory,
Jasmine Foods Inc,,,no,69.73,C,1,"Houston, TX",US PL S Houston Factory,
Keystone Manufacturing & Supply,,,no,69.71,C,1,"Allentown, PA",US DC NFI - Breinigsville,
Topsoe Inc - Production plant,,,no,69.71,C,1,"Pasadena, TX",US PL Pasadena Factory,
"Poly Trucking, Inc.",poly-trucking.com,,no,69.71,C,1,"Grand Prairie, TX",US PL Dallas 2 Factory,company_exact:high
Cornerstone Truck Repair LLC,,,no,69.71,C,1,"Commerce City, CO",US PL Denver Factory,
Target Fulfillment Center,target.com,44998571902,yes,69.68,A,1,"Riverside, CA",US PL Ontario Factory,package
1-800-PACK-RAT,,,no,69.63,D,1,"Sacramento, CA",US PL Sacramento Factory,
The Moving Planet,,,no,69.63,D,1,"Saratoga Springs, NY",US PL Saratoga Spring Factory,
Senfeng Laser USA Inc.,,,no,69.63,D,1,"Ontario, CA",US PL Ontario Factory,
The Millwork Co.,,,no,69.63,D,1,"Hot Springs, AR",US DC Hot Springs (WHSE),
Bishamon Industries Corporation,,,no,69.63,D,1,"Ontario, CA",US PL Ontario Factory,
World Transportation Logistic Corp LAX,,,no,69.63,D,1,"Ontario, CA",US PL Ontario Factory,
Publix Dairy Processing Plant,publix.com,9355807576,yes,69.59,A,1,"Lakeland, FL",US PL Zephyrhills Factory,package
Sonwil Distribution Center,,,no,69.58,C,1,"Arlington, TX",US PL Dallas 2 Factory,
Dockside Logistics,docksidelogistics.com,,no,69.58,C,1,"Houston, TX",US PL S Houston Factory,company_exact:high
Universal Warehouses,,,no,69.58,C,1,"Chino, CA",US PL Ontario Factory,
Blue Line Little Cesar Warehouse,bluelinelogistics.com,,no,69.58,C,1,"Houston, TX",US PL S Houston Factory,parent_facility:medium
LRB Warehousing Fuqua Distribution Center,,,no,69.58,C,1,"Houston, TX",US PL S Houston Factory,
Dart Warehouse,,,no,69.58,C,2,"Grand Prairie, TX",US PL Dallas 2 Factory,
Our Lady of Assumption - Saint Vincent De Paul - Food Distribution Center,,,no,69.58,C,1,"Carmichael, CA 95608, USA",US PL Sacramento Factory,
Huffy Warehouse,,,no,69.58,C,1,"Chino, CA",US PL Ontario Factory,
Lightning Steel Inc,,,no,69.57,D,1,"Zephyrhills, FL",US PL Zephyrhills Factory,
Acme Manufacturing Company,,,no,69.56,C,1,"Denver, CO",US PL Denver Factory,
Sargent Trucking,,,no,69.56,C,1,"Auburn, ME",US PL Poland Spring Factory,
Tiki Tiki @ Thrill Factory,,,no,69.56,C,1,"Madison, WI",US PL Madison Factory,
Sherwin-Williams Garland-Shiloh Manufacturing Site,sherwin-auto.cl,,no,69.5,A,1,"Garland, TX",US PL Dallas 2 Factory,parent_facility:medium
Tech Packaging,,,no,69.46,C,1,"Jurupa Valley, CA",US PL Ontario Factory,
Dolco Packaging Co,,,no,69.46,C,1,"Dallas, TX",US PL Dallas 2 Factory,
"King Soopers, Atlas Logistics",,,no,69.46,C,1,"Denver, CO",US PL Denver Factory,
Selig Properties,,,no,69.45,D,1,"Hot Springs, AR",US DC Hot Springs (WHSE),
Record Nations,,,no,69.45,D,2,"Hot Springs, AR",US DC Hot Springs (WHSE),
NAPA Denver Distribution Center,,,no,69.43,C,1,"Denver, CO",US PL Denver Factory,
Motivational Fulfillment & Logistics Services - Fern DC,,,no,69.43,C,1,"Chino, CA",US PL Ontario Factory,
Triton Cargo Logistics,,,no,69.43,C,1,"Pasadena, TX",US PL Pasadena Factory,
Red River Warehouse Inc,redriverlogistics.com,,no,69.43,C,1,"Arlington, TX",US PL Dallas 2 Factory,company_core:high
CPC Logistics Inc,,,no,69.43,C,2,"Sun Prairie, WI",US PL Madison Factory,
RahrBSG Warehouse - Denver,,,no,69.43,C,1,"Denver, CO",US PL Denver Factory,
Blue Line Foodservice/Little Caesars Pizza Distribution Center,bluelinelogistics.com,,no,69.43,C,2,"Houston, TX",US PL S Houston Factory,parent_facility:medium
Half Price Books Distribution Center,halfpricebooks.com,54771709325,yes,69.43,C,1,"Dallas, TX",US PL Dallas 2 Factory,package
SandBox Logistics,sandboxlogistics.com,,no,69.43,C,2,"Houston, TX",US PL S Houston Factory,company_exact:high
TTJ PACKING CO,,,no,69.43,C,1,"Cottage Grove, WI",US PL Madison Factory,
FREITTY Cross-Dock Arlington,,,no,69.43,C,1,"Arlington, TX",US PL Dallas 2 Factory,
Americold Logistics Mansfield,americold.com,,no,69.34,A,1,"Mansfield, TX",US PL Dallas 2 Factory,curated:
Shine Logistics LLC,shinelogisticsllc.com,,no,69.29,C,1,"Elk Grove, CA",US PL Sacramento Factory,company_exact:high
STG Logistics,stgusa.com,,no,69.29,C,2,"Pasadena, TX",US PL Pasadena Factory,company_exact:high
PGL (Perimeter Global Logistics) 24/7/365,shippgl.com,,no,69.29,C,3,"Grand Prairie, TX",US PL Dallas 2 Factory,parent_facility:medium
Partners alliance cold storage,,,no,69.29,C,1,"Riverside, CA",US PL Ontario Factory,
"Overwraps Packaging, Inc.",,,no,69.29,C,2,"Dallas, TX",US PL Dallas 2 Factory,
High Street - Food Distribution Center,,,no,69.29,C,1,"Auburn, ME",US PL Poland Spring Factory,
Elite HR Logistics Inc.,,,no,69.29,C,1,"Sacramento, CA",US PL Sacramento Factory,
2FulFill Fulfillment Services & Fulfillment Center,,,no,69.29,C,1,"Grand Prairie, TX",US PL Dallas 2 Factory,
"Calstate Logistics, LLC",,,no,69.29,C,1,"Sacramento, CA",US PL Sacramento Factory,
USPS Denver Bulk Mail Center,usps.com,,no,69.29,C,1,"Denver, CO",US PL Denver Factory,curated:
Living Water Bottle Supplier Inc.,,,no,69.29,C,1,"Montclair, CA",US PL Ontario Factory,
R&R Fleet Parking & Maintenance Services,,,no,69.29,C,1,"Fontana, CA",US PL Ontario Factory,
PUBLIX DC DRY WAREHOUSE (COUNTY LINE RD),publix.com,9355807576,yes,69.29,A,1,"Lakeland, FL",US PL Zephyrhills Factory,package
Publix Truck Staging,publix.com,9355807576,yes,69.29,A,1,"Lakeland, FL",US PL Zephyrhills Factory,package
Colonial Van and Storage,,,no,69.27,D,1,"Sacramento, CA",US PL Sacramento Factory,
Budget Mini Storage - Hot Springs Village,,,no,69.27,D,1,"Hot Springs Village, AR",US PL Hot Springs Factory,
Volkswagen Group of America,vw.com,9361573929,yes,69.27,D,1,"Ontario, CA",US PL Ontario Factory,package
"Brax Company, Inc",,,no,69.27,D,1,"Ontario, CA",US PL Ontario Factory,
Pilkington North America Inc.,,,no,69.27,D,1,"Sacramento, CA",US PL Sacramento Factory,
TRAFFIX Denver,,,no,69.27,D,1,"Denver, CO",US PL Denver Factory,
Alchemy Composites,,,no,69.27,D,1,"Zephyrhills, FL",US PL Zephyrhills Factory,
Huboo,huboo.com,,no,69.27,D,1,"Denver, CO",US PL Denver Factory,company_exact:high
FMC Technologies Surface Wellhead,,,no,69.27,D,1,"Denver, CO",US PL Denver Factory,
Amazing Property Clearing,,,no,69.27,D,1,"Denver, CO",US PL Denver Factory,
Redner's Fresh Markets,,,no,69.25,C,1,"Allentown, PA",US DC NFI - Breinigsville,
Sharp Allentown,,,no,69.24,D,1,"Allentown, PA",US DC NFI - Breinigsville,
Grainger Distribution Center,grainger.com,55554507933,yes,69.22,A,2,"Perris, CA",US PL Ontario Factory,package
Discount Tire Distribution Center,discounttire.com,54771831208,yes,69.14,C,1,"Denver, CO",US PL Denver Factory,package
University Book Store Distribution Center,,,no,69.14,C,1,"Madison, WI",US PL Madison Factory,
"Gluten Free Foods Manufacturing, LLC",,,no,69.14,C,1,"Chino, CA",US PL Ontario Factory,
Palmer logistics,palmerlogistics.com,,no,69.14,C,4,"Pasadena, TX",US PL Pasadena Factory,curated:3PL operator (BASF tenant)
Building Logistics Management,,,no,69.14,C,1,"Houston, TX",US PL S Houston Factory,
Alachua City Warehouse,,,no,69.14,C,1,"Alachua, FL",US PL High Springs Factory,
Riviana Foods Inc.,riviana.com,54771950188,yes,69.14,C,1,"Houston, TX",US PL S Houston Factory,package
Midwest Food Products Association,,,no,69.14,C,1,"Madison, WI",US PL Madison Factory,
Green Roger,,,no,69.09,D,1,"Poland, ME",US PL Poland Spring Factory,
Trc Xpress,,,no,69.09,D,1,"Saratoga Springs, NY",US PL Saratoga Spring Factory,
Iron Peak Solutions,ironpeaksolutions.com,,no,69.09,D,1,"Denver, CO",US PL Denver Factory,company_exact:high
Raptor Blasting Systems LLC,,,no,69.09,D,1,"Sacramento, CA",US PL Sacramento Factory,
Malvern Minerals Co,,,no,69.09,D,1,"Hot Springs, AR",US DC Hot Springs (WHSE),
King's Consulting Services,,,no,69.09,D,1,"Houston, TX",US PL S Houston Factory,
Senvion USA Corporation,,,no,69.09,D,1,"Denver, CO",US PL Denver Factory,
MyBetterSpine,,,no,69.09,D,1,"Monona, WI",US PL Madison Factory,
"Sacramento Ag Products, LLC",,,no,69.09,D,1,"Sacramento, CA",US PL Sacramento Factory,
Meridian Manufacturing Inc.,,,no,69.09,C,1,"Ballston Spa, NY",US PL Saratoga Spring Factory,
Albertsons Manufacturing Plant,albertsons.com,,no,69.05,A,1,"Riverside, CA",US PL Ontario Factory,curated:
Racing Products Warehouse Inc,,,no,68.99,C,1,"Sacramento, CA",US PL Sacramento Factory,
KAK Sourcing & 3PL Ecommerce Fulfillment Centre Houston,,,no,68.99,C,1,"Houston, TX",US PL S Houston Factory,
North Central Logistics Center (NCLC) Bldg. B,,,no,68.99,C,1,"Denver, CO",US PL Denver Factory,
Chronos Fulfillment USA,,,no,68.99,C,1,"Houston, TX",US PL S Houston Factory,
KAK Warehouse,,,no,68.99,C,1,"Houston, TX",US PL S Houston Factory,
Lundy Trucking Logistics Inc,,,no,68.99,C,1,"Rancho Cordova, CA",US PL Sacramento Factory,
B Quick Logistics,,,no,68.99,C,1,"League City, TX",US PL Pasadena Factory,
No Limit Logistics LLC,nolimitlogisticsllc.com,,no,68.99,C,1,"Arvada, CO",US PL Denver Factory,company_exact:high
Pine Tree Auto Logistics,,,no,68.99,C,1,"Auburn, ME",US PL Poland Spring Factory,
بلال مارکیت Belal Market,,,no,68.99,C,1,"Sacramento, CA",US PL Sacramento Factory,
Legend Fontana Yard Mulberry,,,no,68.99,C,1,"Fontana, CA",US PL Ontario Factory,
Bronland Foods,,,no,68.99,C,1,"Houston, TX",US PL S Houston Factory,
WHOLE FREIGHT,,,no,68.99,C,1,"Houston, TX",US PL S Houston Factory,
Kings Trading Post Party Store,,,no,68.98,C,1,"Mecosta, MI",US PL Mecosta Factory,
LGB4 Amazon Fulfillment,amazon.com,8981959027,yes,68.98,A,1,"Redlands, CA",US PL Ontario Factory,package
Metal Container Corporation,csmarine.com.sg,,no,68.97,C,1,"Mira Loma, CA",US PL Ontario Factory,company_fuzzy:medium
Packaging Made Easy,,,no,68.97,C,1,"Rancho Cucamonga, CA",US PL Ontario Factory,
Ergon Trucking Inc.,ergontrucking.com,,no,68.94,C,1,"Pasadena, TX",US PL Pasadena Factory,company_exact:high
Rush Truck Centers - Fontana,,,no,68.93,C,1,"Fontana, CA",US PL Ontario Factory,
Mushiana Transport Inc,,,no,68.91,D,1,"Sacramento, CA",US PL Sacramento Factory,
Noble Trans Inc,,,no,68.91,D,1,"Sacramento, CA",US PL Sacramento Factory,
Bathhouse Row Emporium,,,no,68.91,D,1,"Hot Springs, AR",US DC Hot Springs (WHSE),
Northern Refrigerated Transportation,,,no,68.91,D,2,"Ontario, CA",US PL Ontario Factory,
polynt composites,,,no,68.91,D,1,"Houston, TX",US PL S Houston Factory,
TBC Aviation-Logistic Services,,,no,68.91,D,1,"Denver, CO",US PL Denver Factory,
Harveys Chapel Baptist Church - Food Distribution Center,,,no,68.85,C,1,"Hot Springs, AR",US PL Hot Springs 2 Factory,
White Cap - Distribution Center,whitecap.com,54421829496,yes,68.85,C,1,"Sacramento, CA",US PL Sacramento Factory,package
GT ENERGY,,,no,68.85,C,1,"Fontana, CA",US PL Ontario Factory,
Rio Star Foods Inc,,,no,68.85,C,1,"Dallas, TX",US PL Dallas 2 Factory,
"Kloppenberg Products, LLC",,,no,68.85,C,1,"Englewood, CO",US PL Denver Factory,
MSK Foods,,,no,68.85,C,1,"Denver, CO",US PL Denver Factory,
Walmart SMF1 eCommerce Fulfillment Center,walmart.com,8536615003,yes,68.84,A,1,"Sacramento, CA",US PL Sacramento Factory,package
Target Food Distribution Center T3727,target.com,44998571902,yes,68.84,A,1,"Thornton, CO",US PL Denver Factory,package
Publix Chart Warehouse,publix.com,9355807576,yes,68.78,A,1,"Lakeland, FL",US PL Zephyrhills Factory,package
North Florida Hauling LLC,,,no,68.73,D,1,"High Springs, FL",US PL High Springs Factory,
NRT,,,no,68.73,D,1,"Ontario, CA",US PL Ontario Factory,
Gates Corporation,gates.com,54754697064,yes,68.73,D,1,"Denver, CO",US PL Denver Factory,package
Allied Machining and Engineering dba ATI North America,,,no,68.73,D,1,"Sacramento, CA",US PL Sacramento Factory,
Amazon DDF1,amazon.com,8981959027,yes,68.72,A,1,"Lewisville, TX",US PL Dallas 2 Factory,package
World Class Distribution,worldclasslogistics.com,,no,68.7,C,1,"Chino, CA",US PL Ontario Factory,company_core:high
Pacific Warehouse Sales,,,no,68.7,C,1,"Chino, CA",US PL Ontario Factory,
The Horeca Store Warehouse,,,no,68.7,C,1,"Houston, TX",US PL S Houston Factory,
Tiziani Logistics & Trucking,,,no,68.7,C,1,"Madison, WI",US PL Madison Factory,
United States Post Office Network Distribution Center,,,no,68.7,C,1,"Dallas, TX",US PL Dallas 2 Factory,
Loop Logistics Corp.,loopglobal.com,54419661191,yes,68.7,C,1,"Houston, TX",US PL S Houston Factory,package
"ICJ Logistics, LLC",,,no,68.7,C,1,"Houston, TX",US PL S Houston Factory,
Fulfillment Hub USA,fulfillmenthubusa.com,,no,68.7,C,2,"Houston, TX",US PL S Houston Factory,company_exact:high
Pecan Deluxe Candy Co,,,no,68.7,C,1,"Dallas, TX",US PL Dallas 2 Factory,
Americold Logistics Anaheim,americold.com,,no,68.7,A,1,"Anaheim, CA",US PL Ontario Factory,curated:
Americold Logistics C of I 14890,americold.com,,no,68.7,A,1,"City of Industry, CA",US PL Ontario Factory,curated:
Hixson's Family Market,,,no,68.66,C,1,"Canadian Lakes, MI",US PL Mecosta Factory,
FulPac Premium Packaging LLC,,,no,68.66,C,1,"Allentown, PA",US DC NFI - Breinigsville,
PREMIER PACKAGING,,,no,68.66,C,5,"Rancho Cucamonga, CA",US PL Ontario Factory,
"Prostar Manufacturing, Inc.",,,no,68.63,C,1,"Pasadena, TX",US PL Pasadena Factory,
Rainbow Manufacturing Inc,,,no,68.63,C,1,"Houston, TX",US PL S Houston Factory,
Nickerson Building Movers,,,no,68.62,C,1,"Kingfield, ME",US PL Kingfield Factory,
Southwest bottling Coca-Cola,coca-colacompany.com,,no,68.59,A,1,"Houston, TX",US PL S Houston Factory,package
People's Choice Storage High Springs,,,no,68.55,D,2,"High Springs, FL",US PL High Springs Factory,
Pasco Business Center,,,no,68.55,D,1,"Zephyrhills, FL",US PL Zephyrhills Factory,
TIMEXINC,,,no,68.55,D,1,"Sacramento, CA",US PL Sacramento Factory,
RoadTex,roadtex.com,,no,68.55,D,1,"Sacramento, CA",US PL Sacramento Factory,company_exact:high
Liedkie Moving & Storage,,,no,68.55,D,1,"Saratoga Springs, NY",US PL Saratoga Spring Factory,
JAECO Orthopedics,,,no,68.55,D,1,"Hot Springs, AR",US DC Hot Springs (WHSE),
J J Rebar Corporation,,,no,68.55,D,1,"Sacramento, CA",US PL Sacramento Factory,
CHENBRO MICOM (USA) INC.,,,no,68.55,D,1,"Ontario, CA",US PL Ontario Factory,
Alpenglow Rail,,,no,68.55,D,1,"Denver, CO",US PL Denver Factory,
Dallas Transfer & Terminal Warehouse Company,,,no,68.55,C,1,"Dallas, TX",US PL Dallas 2 Factory,
GLF E-Commerce Fulfillment,,,no,68.55,C,1,"Lewiston, ME",US PL Poland Spring Factory,
Trans Global Auto Logistics,tgal.us,,no,68.55,C,1,"Arlington, TX",US PL Dallas 2 Factory,company_exact:high
CROSSROADS DISTRIBUTION CENTER,,,no,68.55,C,1,"Denver, CO",US PL Denver Factory,
Marden's Distribution Center,,,no,68.55,C,2,"Lewiston, ME",US PL Poland Spring Factory,
Lechi Foods,,,no,68.55,C,1,"La Porte, TX",US PL Pasadena Factory,
BMC Global Manufacturing,,,no,68.48,C,1,"Pasadena, TX",US PL Pasadena Factory,
UFP Packaging,,,no,68.48,C,4,"Rancho Cucamonga, CA",US PL Ontario Factory,
C.W. Hayden Company Inc.,,,no,68.42,C,1,"Auburn, ME",US PL Poland Spring Factory,
"FutureGuard Building Products, Inc.",,,no,68.42,D,1,"Auburn, ME",US PL Poland Spring Factory,
Beauty Supply Warehouse,,,no,68.42,C,1,"Aurora, CO",US PL Denver Factory,
Amazon SMF6,amazon.com,8981959027,yes,68.42,A,1,"Sacramento, CA",US PL Sacramento Factory,package
Northern Tool + Equipment Warehouse,northerntool.com,54412242009,yes,68.41,C,1,"Arlington, TX",US PL Dallas 2 Factory,package
The Rock Warehouse - Wholesale Only,,,no,68.41,C,1,"Lakewood, CO",US PL Denver Factory,
Restore Logistics,,,no,68.41,C,1,"Arlington, TX",US PL Dallas 2 Factory,
GoodwillStockInc – Wholesale & Liquidation Warehouse,,,no,68.41,C,1,"Chino, CA",US PL Ontario Factory,
Office Depot / Office Max Distribution Center,,,no,68.41,C,1,"Denver, CO",US PL Denver Factory,
Catholic Charities - Food Distribution Center,,,no,68.41,C,3,"Houston, TX",US PL S Houston Factory,
Arcade Church - Produce for All - Food Distribution Center,,,no,68.41,C,1,"Sacramento, CA",US PL Sacramento Factory,
Colorado Independent Warehouse Show,,,no,68.41,C,1,"Lakewood, CO",US PL Denver Factory,
Denver Intermodal Xpress,,,no,68.41,C,1,"Denver, CO",US PL Denver Factory,
Express Freight,express.com,54771923611,yes,68.41,C,3,"Chino Hills, CA",US PL Ontario Factory,package
Lepage Bakery,,,no,68.41,C,1,"Lewiston, ME",US PL Poland Spring Factory,
UPS Ontario Ground Hub,,,no,68.37,D,1,"Ontario, CA",US PL Ontario Factory,
UPS West Coast Regional Air Hub,wcshipping.com,,no,68.37,D,1,"Ontario, CA",US PL Ontario Factory,parent_facility:medium
Ashline Movers,,,no,68.37,D,1,"Saratoga Springs, NY",US PL Saratoga Spring Factory,
Loadsmith,loadsmith.com,45006931282,yes,68.37,D,1,"Denver, CO",US PL Denver Factory,package
Aegis Aerospace,,,no,68.37,D,1,"Webster, TX",US PL Pasadena Factory,
Performance Mechanical,,,no,68.37,D,1,"Sacramento, CA",US PL Sacramento Factory,
ImpactLife,,,no,68.37,D,1,"Monona, WI",US PL Madison Factory,
Assemblies Unlimited Inc,,,no,68.37,D,1,"Houston, TX",US PL S Houston Factory,
ABE4 Amazon Fulfillment Center,amazon.com,8981959027,yes,68.3,A,1,"Easton, PA",US DC NFI - Breinigsville,package
Amazon TPA3 Warehouse,amazon.com,8981959027,yes,68.3,A,1,"Auburndale, FL",US PL Zephyrhills Factory,package
Bridgeway Logistics LLC,,,no,68.26,C,1,"Houston, TX",US PL S Houston Factory,
Patriot Logistics,patriot-logistics.com,,no,68.26,C,3,"Irving, TX",US PL Dallas 2 Factory,company_exact:high
"Prime Cargo - Warehouse, Storage, Distribution and Cross Dock",,,no,68.26,C,1,"Indianapolis, IN",US PL Greenwood Indiana,
Royal A logistics,,,no,68.26,C,1,"Houston, TX",US PL S Houston Factory,
California Warehouse Association,caltrux.org,,no,68.26,C,1,"Sacramento, CA",US PL Sacramento Factory,company_fuzzy:medium
Legacy Supply Chain,legacyscs.com,54771812097,yes,68.26,C,1,"Franklin, IN",US PL Greenwood Indiana,package
SEKO Logistics Houston,,,no,68.26,C,1,"Houston, TX",US PL S Houston Factory,
Sacred Threads Warehouse,,,no,68.26,C,1,"Alachua, FL",US PL High Springs Factory,
SC Fuels,scfuels.com,54754697310,yes,68.26,C,1,"Montclair, CA",US PL Ontario Factory,package
Keith Valley Packing Company - DFW,,,no,68.26,C,1,"Dallas, TX",US PL Dallas 2 Factory,
Amazon Fulfillment Center ONT6,amazon.com,8981959027,yes,68.21,A,1,"Moreno Valley, CA",US PL Ontario Factory,package
WAHCA UPS Employee/Trailer entrance,,,no,68.2,D,1,"Ontario, CA",US PL Ontario Factory,
Calico Brands Inc,,,no,68.2,D,1,"Ontario, CA",US PL Ontario Factory,
Prime Conduit,,,no,68.2,D,1,"High Springs, FL",US PL High Springs Factory,
John Boyd Enterprises Inc,,,no,68.2,D,1,"Sacramento, CA",US PL Sacramento Factory,
"Angeles Precision Engineering, Inc.",,,no,68.2,D,1,"Ontario, CA",US PL Ontario Factory,
Ameriocean Overseas Lines,,,no,68.2,D,1,"Zephyrhills, FL",US PL Zephyrhills Factory,
Victory Packaging,victorypackaging.com,54755299629,yes,68.18,C,1,"Fontana, CA",US PL Ontario Factory,package
Domino's Pizza Colorado Distribution Supply Chain Center,,,no,68.12,C,1,"Denver, CO",US PL Denver Factory,
Dominos Supply Warehouse,,,no,68.12,C,1,"Denver, CO",US PL Denver Factory,
Asfar Distribution LLC,,,no,68.12,C,1,"Houston, TX",US PL Pasadena Factory,
Cardinal Logistics,cardlog.com,55341868092,yes,68.12,C,1,"Irving, TX",US PL Dallas 2 Factory,package
Perez Logistics Inc.,,,no,68.12,C,1,"Houston, TX",US PL S Houston Factory,
Diva Logistics LLC,,,no,68.12,C,1,"Aurora, CO",US PL Denver Factory,
Warehouse District,,,no,68.12,C,1,"Houston, TX",US PL S Houston Factory,
Office Depot Warehouse,officedepot.com,54774194325,yes,68.12,C,3,"Denver, CO",US PL Denver Factory,package
Warehouse Artist Lofts,,,no,68.12,C,1,"Sacramento, CA",US PL Sacramento Factory,
CDC California Distribution Center,,,no,68.12,C,1,"Chino, CA",US PL Ontario Factory,
Averitt Distribution & Fulfillment Center,,,no,68.12,C,2,"La Porte, TX",US PL Pasadena Factory,
New England Public Warehouse,,,no,68.12,C,2,"Lewiston, ME",US PL Poland Spring Factory,
Keith Williams Logistics LLC,,,no,68.12,C,1,"Mountain Pine, AR",US PL Hot Springs Factory,
Dayton Freight - Madison,daytonfreight.com,45149181989,yes,68.12,C,1,"Madison, WI",US PL Madison Factory,package
Swift Mart,,,no,68.12,C,1,"La Porte, TX",US PL Pasadena Factory,
Chema Food Products,,,no,68.12,C,1,"Houston, TX",US PL S Houston Factory,
MarMac® Construction Products,,,no,68.07,D,1,"McBee, SC",US PL McBee Factory,
Amazon ONT8,amazon.com,8981959027,yes,68.04,A,1,"Moreno Valley, CA",US PL Ontario Factory,package
R+L Carriers Norristown,,,no,68.04,A,1,"Hatfield, PA",US PL Allentown NPL Factory,
"Purple Mountain Solutions, Inc. - MSN Terminal",purplemountainsolutions.com,,no,68.02,D,1,"Madison, WI",US PL Madison Factory,parent_facility:medium
LUGDEN | Luggage Storage Denver,,,no,68.02,D,1,"Denver, CO",US PL Denver Factory,
Whittington Spring Fountain,,,no,68.02,D,1,"Hot Springs, AR 71901, USA",US DC Hot Springs (WHSE),
Advantage Engineering Inc.,,,no,68.02,D,1,"Greenwood, IN",US PL Greenwood Indiana,
Ross Clark Material Handling- RCMH,,,no,68.02,D,1,"Sacramento, CA",US PL Sacramento Factory,
Pacific Powder Coating,,,no,68.02,D,1,"Sacramento, CA",US PL Sacramento Factory,
Penhall Company Sacramento,,,no,68.02,D,1,"Sacramento, CA",US PL Sacramento Factory,
Transervice Logistics Inc.,transervamer.com,54410073457,yes,67.98,C,1,"Denver, CO",US PL Denver Factory,package
King Sooper Distribution,,,no,67.98,C,1,"Denver, CO",US PL Denver Factory,
Best Little Warehouse In Texas,,,no,67.98,C,1,"Irving, TX",US PL Dallas 2 Factory,
Total Quality Logistics,tql.com,,no,67.98,C,7,"Denver, CO",US PL Denver Factory,company_exact:high
DB SCHENKER LOGISTICS,dbschenker.com,8981977694,yes,67.98,C,1,"Malta, NY",US PL Saratoga Spring Factory,package
"Hellmann Worldwide Logistics- Indianapolis, IN Division",za.hellmann.net,,no,67.98,C,1,"Indianapolis, IN",US PL Greenwood Indiana,parent_facility:medium
Windigo Logistics,windigous.com,,no,67.98,C,1,"Denver, CO",US PL Denver Factory,company_exact:high
The Dough Co.,,,no,67.98,C,1,"Lewiston, ME",US PL Poland Spring Factory,
Amazon HOU1,amazon.com,8981959027,yes,67.96,A,1,"Humble, TX",US PL S Houston Factory,package
Michigan Milk Producers Association,,,no,67.94,C,1,"Remus, MI",US PL Mecosta Factory,
TransEdge Truck Centers,,,no,67.88,C,1,"Allentown, PA",US DC NFI - Breinigsville,
Premier Product Management Inc,,,no,67.84,D,1,"Sacramento, CA",US PL Sacramento Factory,
Midwest Refrigerated Services,midwestrefrigerated.com,8982338349,yes,67.84,D,1,"Madison, WI",US PL Madison Factory,package
"Owen Thomas, Inc.",,,no,67.84,D,1,"Zephyrhills, FL",US PL Zephyrhills Factory,
Liberty Business Center,,,no,67.84,D,1,"Mertztown, PA",US PL Allentown NPL Factory,
Northwoods Cheese Co LLC,,,no,67.84,D,1,"Madison, WI",US PL Madison Factory,
Natura Life + Science,,,no,67.84,D,1,"Sacramento, CA",US PL Sacramento Factory,
Schenker Inc,,,no,67.84,D,1,"Denver, CO 80202, USA",US PL Denver Factory,
Michaels,michaels.com,54421519637,yes,67.83,D,1,"Hot Springs, AR",US DC Hot Springs (WHSE),package
Ace Hardware Distribution Center,acehardware.com,54410848372,yes,67.83,C,2,"Gansevoort, NY",US PL Saratoga Spring Factory,package
ADS Logistics,,,no,67.83,C,1,"Arlington, TX",US PL Dallas 2 Factory,
Elite Warehousing and Fulfillment,,,no,67.83,C,2,"Denver, CO",US PL Denver Factory,
7-Up Bottling San Francisco,,,no,67.83,C,2,"Sacramento, CA",US PL Sacramento Factory,
Alameda Trading PLC,,,no,67.83,C,1,"Aurora, CO",US PL Denver Factory,
Z-Foods,,,no,67.83,C,1,"Sacramento, CA",US PL Sacramento Factory,
Lincoln Manufacturing / All American Inflatables,allamlogistics.com,,no,67.73,C,1,"Houston, TX",US PL S Houston Factory,parent_facility:medium
Zahner Dallas Manufacturing Facility,,,no,67.73,C,1,"Grand Prairie, TX",US PL Dallas 2 Factory,
Silgan Containers LLC,silgancontainers.com,54771812634,yes,67.71,C,1,"Sacramento, CA",US PL Sacramento Factory,package
Monument Chemical Bayport,,,no,67.71,C,1,"Pasadena, TX",US PL Pasadena Factory,
Friendly Public Warehouse,,,no,67.69,C,1,"Houston, TX",US PL S Houston Factory,
Arnoff Global Logistics Malta,,,no,67.69,C,1,"Ballston Spa, NY",US PL Saratoga Spring Factory,
J&J WAREHOUSE,,,no,67.69,C,1,"Chino, CA",US PL Ontario Factory,
DallasWarehouse.com E Shady Grove Irving - Warehouse & Storage,,,no,67.69,C,1,"Irving, TX",US PL Dallas 2 Factory,
Orange Furniture Warehouse,,,no,67.69,C,1,"Pasadena, TX",US PL Pasadena Factory,
Water Warehouse,dcwater.com,54734218505,yes,67.69,C,1,"Elk Grove, CA",US PL Sacramento Factory,package
Houston Refrigerated Logistics,,,no,67.69,C,1,"Houston, TX",US PL S Houston Factory,
Belmar Integrated Logistics,,,no,67.69,C,1,"Dallas, TX",US PL Dallas 2 Factory,
OTC – Logistics,otclogistics.com,,no,67.69,C,1,"Houston, TX",US PL S Houston Factory,company_exact:high
7-Up & Dr. Pepper Beverage Distributors,,,no,67.69,C,1,"Sacramento, CA",US PL Sacramento Factory,
Truckomat of Indianapolis,,,no,67.69,C,1,"Indianapolis, IN",US PL Greenwood Indiana,
Dallas USA Foods,,,no,67.69,C,1,"Dallas, TX",US PL Dallas 2 Factory,
"CMC Foods, Inc.",,,no,67.69,C,1,"Hot Springs, AR",US DC Hot Springs (WHSE),
CVS Warehouse Distribution Center,cvs.com,,no,67.68,A,1,"Houston, TX",US PL S Houston Factory,curated:
PODS Moving & Storage,,,no,67.67,D,2,"Madison, WI",US PL Madison Factory,
Electrolux Products Inc,,,no,67.67,D,1,"Ontario, CA",US PL Ontario Factory,
C Cross Transport,crosschartering.com,,no,67.67,D,1,"Hot Springs, AR",US DC Hot Springs (WHSE),company_fuzzy:medium
MHF FURNITURE OUTLET,,,no,67.67,D,1,"Madison, WI",US PL Madison Factory,
Capital Express Lines,,,no,67.67,D,1,"Sacramento, CA",US PL Sacramento Factory,
Inline Plastics Inc,,,no,67.67,D,1,"Ontario, CA",US PL Ontario Factory,
Mid-South Engineering Co,,,no,67.67,D,1,"Hot Springs, AR",US DC Hot Springs (WHSE),
G&O Thermal Supply,,,no,67.67,D,1,"Madison, WI",US PL Madison Factory,
Transparent BrokerageLLC,,,no,67.67,D,1,"Zephyrhills, FL",US PL Zephyrhills Factory,
Best Carrier Tampa Warehouse & Transload,,,no,67.63,A,1,"Lakeland, FL",US PL Zephyrhills Factory,
Malta Warehouse 302,,,no,67.55,C,1,"Malta, NY",US PL Saratoga Spring Factory,
Ball - Denver Warehouse,ball.com,54772663418,yes,67.55,C,1,"Denver, CO",US PL Denver Factory,package
The Colorado Distribution Group,,,no,67.55,C,1,"Denver, CO",US PL Denver Factory,
TMSI East Warehouse,,,no,67.55,C,1,"Denver, CO",US PL Denver Factory,
Hawthorne Warehouse,,,no,67.55,C,1,"La Porte, TX",US PL Pasadena Factory,
Allentown AutoParts Warehouse,,,no,67.55,C,1,"Allentown, PA",US DC NFI - Breinigsville,
Triumph Logistics,triumphgroup.com,54772736778,yes,67.55,C,1,"Hot Springs, AR",US DC Hot Springs (WHSE),package
Craft Canning and Bottling,,,no,67.55,C,1,"Commerce City, CO",US PL Denver Factory,
Flavor Source Food Blending/Kerry Ingredients,,,no,67.55,C,1,"Hot Springs, AR",US DC Hot Springs (WHSE),
All American Seasonings,allamlogistics.com,,no,67.55,C,1,"Denver, CO",US PL Denver Factory,parent_facility:medium
California Food Producers,,,no,67.55,C,1,"Sacramento, CA",US PL Sacramento Factory,
Auburn Harbor Freight,,,no,67.55,C,1,"Auburn, ME 04210, USA",US PL Poland Spring Factory,
Cargo Transport Inc,,,no,67.49,D,1,"Madison, WI",US PL Madison Factory,
Dr Pepper Snapple Group,drpeppersnapplegroup.com,54772588083,yes,67.49,C,5,"Houston, TX",US PL S Houston Factory,package
Piping Technology & Products Inc‎,,,no,67.49,D,1,"Houston, TX",US PL S Houston Factory,
"MCD, Inc.",,,no,67.49,D,2,"Madison, WI",US PL Madison Factory,
Bou Matic LLC,,,no,67.49,D,1,"Madison, WI",US PL Madison Factory,
UFP Technologies,,,no,67.49,D,1,"Denver, CO",US PL Denver Factory,
Amazon AFW1,amazon.com,8981959027,yes,67.47,A,1,"Fort Worth, TX",US PL Dallas 2 Factory,package
HAL1 Amazon,amazon.com,8981959027,yes,67.47,A,1,"Albany, NY",US PL Saratoga Spring Factory,package
Venture Logistics,venture53.com,54462777767,yes,67.41,C,1,"Indianapolis, IN",US PL Greenwood Indiana,package
QuickBox Fulfillment - Denver,,,no,67.41,C,2,"Denver, CO",US PL Denver Factory,
Standard Logistics Transportation,standardtransinc.com,,no,67.41,C,1,"Dallas, TX",US PL Dallas 2 Factory,company_fuzzy:medium
Apple Inc - Distribution Center - Building B,apple.com,9355097228,yes,67.41,C,1,"Elk Grove, CA",US PL Sacramento Factory,package
Potters House - Food Distribution Center,,,no,67.41,C,1,"Sacramento, CA",US PL Sacramento Factory,
Texas Shelving Warehouse,,,no,67.41,C,1,"Houston, TX",US PL S Houston Factory,
Explore Logistics,explorelogistics.com,,no,67.41,C,1,"Houston, TX",US PL S Houston Factory,company_exact:high
Mchard Mart,,,no,67.41,C,1,"Houston, TX",US PL S Houston Factory,
BIOIONIX LLC,,,no,67.41,C,1,"Fitchburg, WI",US PL Madison Factory,
Pretium Packaging,pretiumpkg.com,54772562212,yes,67.4,C,2,"Chino, CA",US PL Ontario Factory,package
RENOSY by Renters Warehouse Denver,,,no,67.35,C,1,"Lakewood, CO",US PL Denver Factory,
iStorage,,,no,67.32,D,2,"High Springs, FL",US PL High Springs Factory,
Shopbop Fullfillment Center MSN5,amazon.com,,no,67.32,D,1,"Madison, WI",US PL Madison Factory,curated:Amazon-owned
U-Pack,upack.com,,no,67.32,D,2,"Madison, WI",US PL Madison Factory,company_exact:high
Poland spring,,,no,67.32,D,1,"Poland, ME",US PL Poland Spring Factory,
Capital District Transport,,,no,67.32,D,1,"Saratoga Springs, NY",US PL Saratoga Spring Factory,
G K Discount Liquor,,,no,67.32,D,1,"Sacramento, CA",US PL Sacramento Factory,
Endress+Hauser USA,endress.com,,no,67.32,D,1,"Greenwood, IN",US PL Greenwood Indiana,company_exact:high
Hydra Warehouss,,,no,67.32,D,1,"Sacramento, CA",US PL Sacramento Factory,
GAC Shipping Agency,,,no,67.32,D,1,"Houston, TX",US PL Pasadena Factory,
Akra Plastic Products,,,no,67.32,D,1,"Ontario, CA",US PL Ontario Factory,
Lowe’s distribution center,lowes.com,55554515767,yes,67.3,A,7,"Perris, CA",US PL Ontario Factory,package
Renovation Manufacturing,,,no,67.29,C,1,"Houston, TX",US PL S Houston Factory,
Vistar Distribution Center - Dallas/Fort Worth,,,no,67.27,C,1,"Arlington, TX",US PL Dallas 2 Factory,
"eShipping Distribution Services - Arlington, TX",,,no,67.27,C,1,"Arlington, TX",US PL Dallas 2 Factory,
Delta Warehouse,delta.com,54416063309,yes,67.27,C,2,"Fontana, CA 92337, USA",US PL Ontario Factory,package
Schweikhardt St Warehouse,,,no,67.27,C,1,"Houston, TX",US PL S Houston Factory,
Lava Fulfillments,,,no,67.27,C,1,"Rancho Cordova, CA",US PL Sacramento Factory,
SKECHERS Warehouse Outlet,,,no,67.27,C,4,"Elk Grove, CA",US PL Sacramento Factory,
Broussard Logistics LLC,broussardlogistics.com,,no,67.27,C,1,"Houston, TX",US PL S Houston Factory,company_exact:high
Agile Cold Storage,agilecoldstorage.com,,no,67.27,C,2,"Rancho Cordova, CA",US PL Sacramento Factory,company_exact:high
"A Better Moving & Storage Co., Inc",,,no,67.27,C,1,"Carmichael, CA",US PL Sacramento Factory,
Mezban,,,no,67.27,C,1,"Dallas, TX",US PL Dallas 2 Factory,
"Gourmet Foods International - Denver, CO",,,no,67.27,C,1,"Denver, CO",US PL Denver Factory,
Lan Huong Packaging,,,no,67.25,C,1,"Sacramento, CA",US PL Sacramento Factory,
Warehouse 72,,,no,67.21,C,1,"Houston, TX",US PL S Houston Factory,
Premier Storage - Hot Springs Village,,,no,67.14,D,1,"Hot Springs Village, AR",US PL Hot Springs Factory,
Smart Warehousing,smartwarehousing.com,,no,67.14,D,3,"Ontario, CA",US PL Ontario Factory,company_exact:high
Cp rail yard,,,no,67.14,D,1,"Saratoga Springs, NY",US PL Saratoga Spring Factory,
NOT JUST SHIPPING,,,no,67.14,D,1,"Hot Springs Village, AR",US PL Hot Springs Factory,
Kwik Stop,,,no,67.14,D,1,"Hot Springs, AR",US DC Hot Springs (WHSE),
Wisconsin Foam Products Inc.,,,no,67.14,D,1,"Madison, WI",US PL Madison Factory,
OnTrac Drop Box,ontrac.com,54755943948,yes,67.14,D,1,"Sacramento, CA",US PL Sacramento Factory,package
Fast O flip,,,no,67.14,D,1,"Webster, TX",US PL Pasadena Factory,
Move-o-Flex,,,no,67.14,D,1,"Webster, TX",US PL Pasadena Factory,
Rice Precision Manufacturing,,,no,67.14,C,1,"Houston, TX",US PL S Houston Factory,
Chrysler Mopar Parts Distribution Center,,,no,67.13,C,1,"Denver, CO",US PL Denver Factory,
Complete Logistics Co,logisticsinc.com,,no,67.13,C,1,"Fontana, CA",US PL Ontario Factory,company_exact:high
Excel logistics,,,no,67.13,C,1,"Houston, TX",US PL S Houston Factory,
Fashion Warehouse,,,no,67.13,C,2,"Houston, TX",US PL S Houston Factory,
"Keller Warehousing & Distribution, LLC An affiliate KELLER LOGISTICS GROUP",,,no,67.13,C,1,"Houston, TX",US PL S Houston Factory,
SEKO Logistics Denver,,,no,67.13,C,1,"Aurora, CO",US PL Denver Factory,
Niagara 3HX Keller Warehouse,niagarawater.com,,no,67.13,C,1,"Houston, TX",US PL S Houston Factory,curated:
"Freight Ninja Truck & Trailer Parking - Houston, TX",,,no,67.13,C,1,"Houston, TX",US PL S Houston Factory,
JRS Custom Food Trucks & Trailers,,,no,67.13,C,1,"Houston, TX",US PL S Houston Factory,
Grace,grace.com,54407006811,yes,67.09,D,1,"Pasadena, TX",US PL Pasadena Factory,package
Big Liquor Warehouse,,,no,67.08,C,1,"Aurora, CO",US PL Denver Factory,
Kroger Logistics Receiving,kroger.com,8536615981,yes,67.05,A,1,"Shelbyville, IN",US PL Greenwood Indiana,package
Flash Factory,,,no,66.99,C,1,"Sacramento, CA",US PL Sacramento Factory,
U.S. Vanadium,,,no,66.99,C,1,"Hot Springs, AR",US DC Hot Springs (WHSE),
Waitex-West Coast Warehouse,wcshipping.com,,no,66.99,C,1,"Fontana, CA",US PL Ontario Factory,parent_facility:medium
Rancho Cordova Wholesale Distribution,,,no,66.99,C,1,"Rancho Cordova, CA",US PL Sacramento Factory,
Eco Logistics Inc,,,no,66.99,C,1,"Denver, CO",US PL Denver Factory,
Fulfillment,usafill.com,,no,66.99,C,1,"Elk Grove, CA",US PL Sacramento Factory,company_exact:high
Liquor Warehouse,,,no,66.99,C,3,"Arlington, TX",US PL Dallas 2 Factory,
GHRA Warehouse and Distribution Center,,,no,66.99,C,1,"Houston, TX",US PL S Houston Factory,
Rexel - Distribution Center,rexelusa.com,54771873068,yes,66.99,C,1,"Denver, CO",US PL Denver Factory,package
Ken's Custom Meat Processing,,,no,66.99,C,1,"Biddeford, ME",US PL Hollis Factory,
Northann Distribution Center Inc.,,,no,66.99,C,1,"Elk Grove, CA",US PL Sacramento Factory,
"Relay Distribution - E-Commerce Fulfillment Houston, Texas",,,no,66.99,C,1,"Houston, TX",US PL S Houston Factory,
Next Level Resource Partners,,,no,66.97,D,1,"Denver, CO",US PL Denver Factory,
Nolan Transportation Group (NTG) - Denver,ntgfreight.com,,no,66.97,D,1,"Denver, CO",US PL Denver Factory,parent_facility:medium
Hope Farms Urban Agricultural Showcase and Training Center - Recipe for Success,,,no,66.97,D,1,"Houston, TX",US PL S Houston Factory,
Wessels Company,,,no,66.97,D,1,"Greenwood, IN",US PL Greenwood Indiana,
Universal Presentation Concepts,,,no,66.97,D,1,"Madison, WI",US PL Madison Factory,
Appliance Warehouse,,,no,66.94,C,3,"Sacramento, CA",US PL Sacramento Factory,
Americold Logistics Hatfield,americold.com,,no,66.91,A,1,"Hatfield, PA",US PL Allentown NPL Factory,curated:
Florida Wholesale Liquidation,,,no,66.85,C,1,"Alachua, FL",US PL High Springs Factory,
Essendant - Oaks Distribution Center,essendant.com,54771812156,yes,66.85,C,7,"Grand Prairie, TX",US PL Dallas 2 Factory,package
Warehouse by Design,,,no,66.85,C,1,"Denver, CO",US PL Denver Factory,
Off Road Warehouse,,,no,66.85,C,2,"Denver, CO",US PL Denver Factory,
Sacramento Hot Tub Warehouse,,,no,66.85,C,1,"Rancho Cordova, CA",US PL Sacramento Factory,
Rize warehouse,,,no,66.85,C,1,"Houston, TX",US PL S Houston Factory,
Central Pacific Railroad Freight Depot,,,no,66.85,C,1,"Sacramento, CA",US PL Sacramento Factory,
APL Logistics,apllogistics.com,,no,66.85,C,1,"Grand Prairie, TX",US PL Dallas 2 Factory,curated:3PL operator
Himal Logistics,,,no,66.85,C,1,"Grand Prairie, TX",US PL Dallas 2 Factory,
BE. Logistics LLC,,,no,66.85,C,1,"Houston, TX",US PL S Houston Factory,
Florida food service Ben E Keith Foods Florida,benekeith.com,,no,66.84,A,1,"Gainesville, FL",US PL High Springs Factory,curated:
Majestic Terminal Services Office,,,no,66.8,D,1,"Ontario, CA",US PL Ontario Factory,
Acuity Brands Inc,acuitybrands.com,54771928872,yes,66.8,D,1,"Ontario, CA",US PL Ontario Factory,package
GoPuff South,,,no,66.8,D,1,"Denver, CO",US PL Denver Factory,
The Honest company,honest.com,,no,66.8,D,1,"Breinigsville, PA",US DC NFI - Breinigsville,company_exact:high
Cold Nose Lodge,,,no,66.8,D,1,"Alburtis, PA",US PL Allentown NPL Factory,
Duralum Products Inc,,,no,66.8,D,1,"Sacramento, CA",US PL Sacramento Factory,
Pacific Pride Commercial Fueling,,,no,66.8,D,1,"Sacramento, CA",US PL Sacramento Factory,
Cryogene Lab,,,no,66.8,D,1,"Houston, TX",US PL S Houston Factory,
Soestern Packaging,,,no,66.79,C,1,"Chino, CA",US PL Ontario Factory,
Kohl's Distribution eFulfillment Center,,,no,66.71,C,1,"DeSoto, TX",US PL Dallas 2 Factory,
Rich Logistics,,,no,66.71,C,3,"Dallas, TX",US PL Dallas 2 Factory,
"Empire Warehouse, INC.",,,no,66.71,C,1,"Denver, CO",US PL Denver Factory,
Mile High Delivery & Cold Storage,,,no,66.71,C,1,"Denver, CO",US PL Denver Factory,
ThredUp Distribution Center,thredup.com,54771780197,yes,66.71,C,1,"Lancaster, TX",US PL Dallas 2 Factory,package
Richardson warehouse,richardson.ca,54773484620,yes,66.71,C,1,"Houston, TX",US PL S Houston Factory,package
Wheels Assured Logistics LLC,,,no,66.71,C,1,"Indianapolis, IN",US PL Greenwood Indiana,
Davinci Micro Fulfillment,davincimfc.com,,no,66.71,C,1,"Denver, CO",US PL Denver Factory,company_exact:high
Set Logistics Llc,setlogistics.net,,no,66.71,C,1,"Middleton, WI",US PL Madison Factory,company_exact:high
Ditta Meat Food Service Company,,,no,66.71,C,1,"Pasadena, TX",US PL Pasadena Factory,
AprilAire Westport Distribution Center,,,no,66.71,C,1,"Madison, WI",US PL Madison Factory,
Sacramento Cookie Factory,,,no,66.71,C,1,"Sacramento, CA",US PL Sacramento Factory,
Sienna Sauce,,,no,66.71,C,1,"Houston, TX",US PL S Houston Factory,
"County Fair Foods, Inc.",,,no,66.71,C,1,"Arlington, TX",US PL Dallas 2 Factory,
CROSSDOCK SACRAMENTO,,,no,66.71,C,1,"Sacramento, CA",US PL Sacramento Factory,
Davis Manufacturing Company,,,no,66.7,C,1,"Wheat Ridge, CO",US PL Denver Factory,
Bell Laboratories - Mfg Building 1,,,no,66.67,D,1,"Madison, WI",US PL Madison Factory,
Quality Packaging,qpsiusa.com,,no,66.63,C,3,"Grand Prairie, TX",US PL Dallas 2 Factory,company_fuzzy:medium
Us Distributing Inc,,,no,66.62,D,1,"Denver, CO",US PL Denver Factory,
Us Oil,,,no,66.62,D,1,"McFarland, WI",US PL Madison Factory,
"Going, Going, Gone!",,,no,66.62,D,1,"Webster, TX",US PL Pasadena Factory,
RaynGuard Protective Materials,,,no,66.62,D,1,"Sacramento, CA",US PL Sacramento Factory,
Saffi Saana,,,no,66.62,D,1,"Madison, WI",US PL Madison Factory,
Amazon UTX7,amazon.com,8981959027,yes,66.59,A,1,"Fort Worth, TX",US PL Dallas 2 Factory,package
Xero Shoes Store and Fulfillment Center,,,no,66.57,C,1,"Denver, CO",US PL Denver Factory,
Global Industrial Distribution Inc.,globalindustrial.com,54772733860,yes,66.57,C,1,"DeSoto, TX",US PL Dallas 2 Factory,package
"Waddington North America, A Novolex Brand (Warehouse)",,,no,66.57,C,1,"DeSoto, TX",US PL Dallas 2 Factory,
CANRIG Lockwood Warehouse,,,no,66.57,C,1,"Houston, TX",US PL S Houston Factory,
Tyler warehouse,,,no,66.57,C,1,"Tyler, TX",US PL Hawkins Factory,
Klosterman Baking Company Fresh Distribution- Indianapolis,klostermanbakery.com,,no,66.57,C,1,"Indianapolis, IN",US PL Greenwood Indiana,parent_facility:medium
Naderi deals liquidation warehouse,,,no,66.57,C,1,"Sacramento, CA",US PL Sacramento Factory,
Union Gospel Mission - Food Distribution Center,,,no,66.57,C,1,"Sacramento, CA",US PL Sacramento Factory,
Bradford Global Logistics,,,no,66.57,C,1,"Houston, TX",US PL S Houston Factory,
LT Foods Americas,,,no,66.57,C,1,"Missouri City, TX",US PL S Houston Factory,
Allen Manufacturing,,,no,66.55,C,1,"Lewiston, ME",US PL Poland Spring Factory,
USA Truck,usa-truck.com,54771971667,yes,66.55,C,5,"Houston, TX",US PL S Houston Factory,package
G&G Industrial Lighting,,,no,66.55,C,1,"Malta, NY",US PL Saratoga Spring Factory,
Delek Logistics,delekus.com,54771978536,yes,66.5,C,1,"Big Sandy, TX",US PL Hawkins Factory,package
"Warehouse Wine, Liquor & Cigars",,,no,66.46,A,1,"Lutz, FL",US PL Zephyrhills Factory,
Mini Mall Storage - Hot Springs,,,no,66.45,D,1,"Hot Springs, AR",US DC Hot Springs (WHSE),
Pride Transport Drop Yard,,,no,66.45,D,1,"Ontario, CA",US PL Ontario Factory,
MedXwaste-NY,,,no,66.45,D,1,"Saratoga Springs, NY",US PL Saratoga Spring Factory,
Mcfarland HWY 51 Warehousing,,,no,66.45,D,1,"McFarland, WI",US PL Madison Factory,
KIK Custom Products,kikcorp.com,9362537552,yes,66.45,D,1,"Houston, TX",US PL S Houston Factory,package
Sacramento Spring Inc.,,,no,66.45,D,1,"Sacramento, CA",US PL Sacramento Factory,
Zephyrhills Mover's,,,no,66.45,D,1,"Zephyrhills, FL",US PL Zephyrhills Factory,
Flint Hills Resources,fhr.com,54772586111,yes,66.45,D,1,"McFarland, WI",US PL Madison Factory,package
Venture Logistics Rail Warehouse,,,no,66.43,C,1,"Indianapolis, IN",US PL Greenwood Indiana,
ACME Distribution,acmd.com,,no,66.43,C,2,"Denver, CO",US PL Denver Factory,company_exact:high
Gefran Cargo CrossDock & Warehouse,,,no,66.43,C,1,"Grand Prairie, TX",US PL Dallas 2 Factory,
Doka Distribution Center North America Ltd.,,,no,66.43,C,1,"Houston, TX",US PL S Houston Factory,
Pasadena Liquor Warehouse,,,no,66.43,C,1,"Pasadena, TX",US PL Pasadena Factory,
Dish Distribution Center,,,no,66.43,C,1,"Denver, CO",US PL Denver Factory,
Extra Transportation & Logistics Inc.,,,no,66.43,C,1,"Indianapolis, IN",US PL Greenwood Indiana,
Lemberg Logistics Inc,lembergfreight.com,,no,66.43,C,1,"Sacramento, CA",US PL Sacramento Factory,company_exact:high
"Organic Food Manufacturing, LLC",,,no,66.43,C,1,"Grand Prairie, TX 75050, USA",US PL Dallas 2 Factory,
"Rocky Mountain Foods, Inc.",,,no,66.43,C,1,"Denver, CO",US PL Denver Factory,
Thermal Solutions Manufacturing,,,no,66.41,C,1,"Dallas, TX",US PL Dallas 2 Factory,
Miller Trucking,,,no,66.41,C,1,"Buxton, ME",US PL Hollis Factory,
"Metalworking Chemicals & Equipment Co., Inc.",,,no,66.41,C,1,"Malta, NY",US PL Saratoga Spring Factory,
Pipeline Packaging - Dallas,,,no,66.33,C,1,"Grand Prairie, TX",US PL Dallas 2 Factory,
"SCHÜTZ Container Systems, Inc.",containersystems.com,,no,66.33,D,1,"Pasadena, TX",US PL Pasadena Factory,parent_facility:medium
Lehigh Valley Logistics,,,no,66.29,C,1,"Allentown, PA",US DC NFI - Breinigsville,
JTS WAREHOUSE MANAGEMENT CROSS-DOCK,,,no,66.29,C,1,"Grand Prairie, TX",US PL Dallas 2 Factory,
"Asap logistics Inc - Warehouse, Storage, Distribution and Cross Dock",,,no,66.29,C,1,"Indianapolis, IN",US PL Greenwood Indiana,
R+L Global Logistics,rlglobal.com,,no,66.29,C,3,"Aurora, CO",US PL Denver Factory,company_exact:high
Service Steel Warehouse,,,no,66.29,C,1,"Houston, TX",US PL S Houston Factory,
Warehouse Lounge And Event Center,,,no,66.29,C,1,"Dallas, TX",US PL Dallas 2 Factory,
"S H Logistics, LLC",,,no,66.29,C,1,"Aurora, CO",US PL Denver Factory,
First Food Co,,,no,66.29,C,1,"Dallas, TX",US PL Dallas 2 Factory,
Babco Foods International,,,no,66.29,C,1,"Dallas, TX",US PL Dallas 2 Factory,
La Torre Foods USA,,,no,66.29,C,1,"Grand Prairie, TX",US PL Dallas 2 Factory,
Stratas Foods LLC,stratasfoods.com,54735414086,yes,66.29,C,1,"Houston, TX",US PL S Houston Factory,package
Golden State Fire,,,no,66.28,D,1,"Sacramento, CA",US PL Sacramento Factory,
Madison Metropolitan Sewerage District,,,no,66.28,D,1,"Madison, WI",US PL Madison Factory,
Kunafa Factory,,,no,66.27,C,1,"Arlington, TX",US PL Dallas 2 Factory,
Chi Manufacturing,,,no,66.26,C,1,"Englewood, CO",US PL Denver Factory,
Metal Manufacturing Company,,,no,66.26,C,1,"Sacramento, CA",US PL Sacramento Factory,
84 Lumber Manufacturing Plant,,,no,66.26,C,3,"Franklin, IN",US PL Greenwood Indiana,
ePac Flexible Packaging,epacflexibles.com,,no,66.18,D,2,"Chino, CA",US PL Ontario Factory,company_exact:high
In-N-Out Burger Distribution Center,in-n-out.com,55554510199,yes,66.15,C,1,"Lancaster, TX",US PL Dallas 2 Factory,package
Brakebush Grand Prairie Cold Storage,,,no,66.15,C,1,"Grand Prairie, TX",US PL Dallas 2 Factory,
Houston Commodity Warehouse,,,no,66.15,C,1,"Houston, TX",US PL S Houston Factory,
DART Irving Warehouse,,,no,66.15,C,1,"Irving, TX",US PL Dallas 2 Factory,
Global Logistics,glifreight.com,,no,66.15,C,1,"Arlington, TX",US PL Dallas 2 Factory,company_exact:high
Warehouse Equipment Solutions,iesholdings.com,54774295861,yes,66.15,C,1,"Grand Prairie, TX",US PL Dallas 2 Factory,package
Racetrac DFW Distribution Center,,,no,66.15,C,1,"Grand Prairie, TX",US PL Dallas 2 Factory,
Glen Wills Distribution,,,no,66.15,C,1,"Carmichael, CA",US PL Sacramento Factory,
Mi Rancho,,,no,66.15,C,1,"Elk Grove, CA",US PL Sacramento Factory,
"Pack'n Fresh, LLC.",,,no,66.15,C,1,"Grand Prairie, TX",US PL Dallas 2 Factory,
J B Smith Manufacturing Co,,,no,66.12,C,1,"Houston, TX",US PL S Houston Factory,
Nomad Trucking,,,no,66.12,C,1,"Buxton, ME",US PL Hollis Factory,
On Time Cross Docking,,,no,66.11,D,1,"Ontario, CA",US PL Ontario Factory,
Prime Cross Dock,,,no,66.11,D,1,"Ontario, CA",US PL Ontario Factory,
South Houston HEB eFC,,,no,66.11,D,1,"Houston, TX",US PL S Houston Factory,
270 West Mini Storage,,,no,66.11,D,1,"Hot Springs, AR",US DC Hot Springs (WHSE),
NS Reading Line - Mertztown Train Station,,,no,66.11,D,1,"Mertztown, PA",US PL Allentown NPL Factory,
Neu Logistics Services,,,no,66.02,C,1,"Allentown, PA",US DC NFI - Breinigsville,
Am-C Warehouses Inc,,,no,66.02,C,1,"Grand Prairie, TX",US PL Dallas 2 Factory,
WDS Logistics - DFW,,,no,66.02,C,2,"Grand Prairie, TX",US PL Dallas 2 Factory,
Bud's Warehouse,,,no,66.02,C,1,"Aurora, CO",US PL Denver Factory,
Champion Logistics Group,champion.com,54773571345,yes,66.02,C,1,"Grand Prairie, TX",US PL Dallas 2 Factory,package
Sacramento Logistics Llc,,,no,66.02,C,2,"North Highlands, CA",US PL Sacramento Factory,
Custom Care Logistics,,,no,66.02,C,1,"McClellan Park, CA",US PL Sacramento Factory,
Fruitful Earth Farms,,,no,66.02,C,1,"Lake City, FL",US PL High Springs Factory,
Colorado Quality Foods,,,no,66.02,C,1,"Denver, CO",US PL Denver Factory,
Amy Food Inc,,,no,66.02,C,1,"Houston, TX",US PL S Houston Factory,
Vesana Logistics LLC,,,no,66.01,A,1,"Lutz, FL",US PL Zephyrhills Factory,
Gulf Coast Supply & Manufacturing,gulfcoastsupply.com,,no,65.98,C,2,"Alachua, FL",US PL High Springs Factory,company_core:high
Curtis Industrial Park,,,no,65.98,C,1,"Ballston Spa, NY",US PL Saratoga Spring Factory,
Tupinix Smart Factory Solutions,,,no,65.98,C,1,"Allentown, PA",US DC NFI - Breinigsville,
B Braun Medical Inc.,bbraunusa.com,54757273946,yes,65.94,D,1,"Breinigsville, PA",US DC NFI - Breinigsville,package
Gotta Go Transport,,,no,65.94,D,1,"High Springs, FL",US PL High Springs Factory,
Colorado Cold Warehousing & Storage,,,no,65.94,D,1,"Denver, CO",US PL Denver Factory,
"Kuraray America, Inc.",kuraray.com,,no,65.94,D,1,"Houston, TX",US PL Pasadena Factory,company_exact:high
"Universal Chain, Inc Corporate HQ",,,no,65.94,D,1,"Denver, CO",US PL Denver Factory,
The Boeing Company,boeing.com,,no,65.94,D,1,"Houston, TX",US PL Pasadena Factory,company_exact:high
Americold Logistics Meacham Ft Worth,americold.com,,no,65.94,A,1,"Fort Worth, TX",US PL Dallas 2 Factory,curated:
Spartan Logistics,spartan.com,54774169214,yes,65.88,C,3,"Houston, TX",US PL S Houston Factory,package
24 Hour Crossdock and Cold Storage,,,no,65.88,C,1,"North Highlands, CA",US PL Sacramento Factory,
Asia Logistics Inc,,,no,65.88,C,1,"Missouri City, TX",US PL S Houston Factory,
Storagent - Storage and Fulfillment center,,,no,65.88,C,1,"Rancho Cordova, CA",US PL Sacramento Factory,
Shores of Hope - Food Distribution Center,,,no,65.88,C,1,"West Sacramento, CA",US PL Sacramento Factory,
PSI Global Logistics,psishipping.com,,no,65.88,C,1,"Houston, TX",US PL S Houston Factory,company_exact:high
Onway Logistics,,,no,65.88,C,1,"Carmichael, CA",US PL Sacramento Factory,
Tigerhawk Logistics,,,no,65.88,C,1,"Pasadena, TX",US PL Pasadena Factory,
Milan Logistics,,,no,65.88,C,1,"Grand Prairie, TX",US PL Dallas 2 Factory,
Jiddo Foods,,,no,65.88,C,1,"Houston, TX",US PL S Houston Factory,
AJJ Transloading,,,no,65.88,C,1,"Fontana, CA",US PL Ontario Factory,
USA MedPro Manufacturing Facility,,,no,65.83,C,1,"Houston, TX",US PL S Houston Factory,
Alchemy Industrial,,,no,65.83,C,1,"Houston, TX",US PL S Houston Factory,
CRST Ontario Terminal,,,no,65.77,D,1,"Ontario, CA",US PL Ontario Factory,
FreeUp Storage Madison,,,no,65.77,D,1,"Madison, WI",US PL Madison Factory,
Rosemont Wine & Liquor,,,no,65.77,D,1,"Sacramento, CA",US PL Sacramento Factory,
Bassett Mechanical,,,no,65.77,D,1,"McFarland, WI",US PL Madison Factory,
"Ecko Ice Products, LLC",,,no,65.77,D,1,"Ontario, CA",US PL Ontario Factory,
"Inpak Systems, Inc",,,no,65.77,D,1,"Madison, WI",US PL Madison Factory,
American Warehouses,,,no,65.75,C,1,"Houston, TX",US PL S Houston Factory,
Cross dock,,,no,65.75,C,11,"Dallas, TX",US PL Dallas 2 Factory,
Best Pak Warehouse,,,no,65.75,C,1,"Houston, TX",US PL S Houston Factory,
DDC-Dependable Distribution Center,,,no,65.75,C,1,"West Sacramento, CA",US PL Sacramento Factory,
Sam's Warehouse Liquors,,,no,65.75,C,1,"Federal Heights, CO",US PL Denver Factory,
"S7 warehouse,LA",,,no,65.75,C,1,"Pomona, CA",US PL Ontario Factory,
Axion Logistics LLC.,,,no,65.75,C,1,"Pasadena, TX",US PL Pasadena Factory,
Mockingbird Distribution Center,,,no,65.75,C,1,"Dallas, TX",US PL Dallas 2 Factory,
Kingsgate Logistics LLC,kingsgatelogistics.com,45004763764,yes,65.75,C,1,"Aurora, CO",US PL Denver Factory,package
Freight Station,,,no,65.75,A,2,"Madison, WI",US PL Madison Factory,
National Food & Beverage,nationalbeverage.com,,no,65.75,C,1,"Dallas, TX",US PL Dallas 2 Factory,parent_facility:medium
Mesquite Tortilla Factory,,,no,65.75,C,1,"South Houston, TX",US PL S Houston Factory,
The Flavor Factory,,,no,65.75,C,1,"Norco, CA",US PL Ontario Factory,
"Flavorpros, LLC dba Richards and Danielson",,,no,65.75,C,1,"Allentown, PA",US DC NFI - Breinigsville,
Sugar Lab of Colorado,,,no,65.75,C,1,"Federal Heights, CO",US PL Denver Factory,
Atlantic Packaging,atlanticpkg.com,54774129964,yes,65.73,D,1,"Dallas, TX",US PL Dallas 2 Factory,package
Harcros Chemicals Inc,,,no,65.73,D,1,"Dallas, TX",US PL Dallas 2 Factory,
Dallas Specialty & Manufacturing Co.,,,no,65.69,C,1,"Grand Prairie, TX",US PL Dallas 2 Factory,
Bayport Container Terminal Truck check-in,,,no,65.69,C,1,"Pasadena, TX",US PL Pasadena Factory,
US Cold Storage,wccoldstorage.com,,no,65.61,C,4,"Dallas, TX",US PL Dallas 2 Factory,company_fuzzy:medium
Mundo Nuevo USA Logistics Dallas,,,no,65.61,C,1,"Grand Prairie, TX",US PL Dallas 2 Factory,
Timco Logistics- Houston Texas Terminal,,,no,65.61,C,1,"Pasadena, TX",US PL Pasadena Factory,
Adams Warehouse and Delivery,,,no,65.61,C,4,"Houston, TX",US PL S Houston Factory,
The Liquidation Warehouse,,,no,65.61,C,1,"South Houston, TX",US PL S Houston Factory,
Apium Logistics LLC,,,no,65.61,C,1,"Sacramento, CA",US PL Sacramento Factory,
By George Food Specialties,,,no,65.61,C,1,"Ballston Spa, NY",US PL Saratoga Spring Factory,
The SOLA Company,,,no,65.61,C,1,"Houston, TX",US PL S Houston Factory,
EVO Transportation - Madison Terminal,evotransinc.com,,no,65.6,D,1,"Madison, WI",US PL Madison Factory,parent_facility:medium
Biagi Bros Inc,,,no,65.6,D,1,"Ontario, CA",US PL Ontario Factory,
CargoX Transport Inc,,,no,65.6,D,1,"Sacramento, CA",US PL Sacramento Factory,
Baaz Cross Dock & Warehousing,,,no,65.6,D,1,"Greenwood, IN",US PL Greenwood Indiana,
Ellwood Texas Forge Houston,,,no,65.6,D,1,"Houston, TX",US PL S Houston Factory,
"BST North America, Inc.",,,no,65.6,D,1,"Madison, WI",US PL Madison Factory,
Sanbor Medical Corporation,,,no,65.6,D,1,"Allentown, PA",US DC NFI - Breinigsville,
Danny Herman Trucking Inc,dannyherman.com,,no,65.55,C,1,"Fontana, CA",US PL Ontario Factory,company_exact:high
Wilton Truck Center,,,no,65.55,C,1,"Gansevoort, NY",US PL Saratoga Spring Factory,
Pilot Dealer,,,no,65.52,C,7,"Sacramento, CA",US PL Sacramento Factory,
Redner’s Warehouse Markets,rednersmarkets.com,55559949604,yes,65.48,C,4,"Whitehall Township, PA",US DC NFI - Breinigsville,package
MillerCoors Golden Distribution Center,,,no,65.48,C,1,"Golden, CO",US PL Denver Factory,
GFS Logistics,,,no,65.47,C,1,"Lancaster, TX",US PL Dallas 2 Factory,
Odyssey Grand Worldwide Logistics Corp,,,no,65.47,C,1,"Aurora, CO",US PL Denver Factory,
Grand Prairie Distribution Center,,,no,65.47,C,1,"Grand Prairie, TX",US PL Dallas 2 Factory,
L’OBJET Texas - Distribution Center,,,no,65.47,C,1,"Irving, TX",US PL Dallas 2 Factory,
Dallas Food for Good Warehouse,goodfood.pl,,no,65.47,C,1,"Dallas, TX",US PL Dallas 2 Factory,parent_facility:medium
Elk Grove Chevrolet Warehouse,,,no,65.47,C,1,"Elk Grove, CA",US PL Sacramento Factory,
California League-Food Processing,,,no,65.47,C,1,"Sacramento, CA",US PL Sacramento Factory,
Trü Pickles,,,no,65.47,C,1,"Littleton, CO",US PL Denver Factory,
Mid Maine CPL,,,no,65.47,C,1,"Lewiston, ME",US PL Poland Spring Factory,
Superior Foods Division,,,no,65.47,C,1,"Dallas, TX",US PL Dallas 2 Factory,
American Freight Service,americanfreightinc.com,,no,65.47,C,1,"Franklin, IN",US PL Greenwood Indiana,parent_facility:medium
24 Hour Crossdock and Storage,,,no,65.47,C,1,"West Sacramento, CA",US PL Sacramento Factory,
Mr Bult's Inc,,,no,65.43,D,1,"Auburn, ME",US PL Poland Spring Factory,
OnTrac Madison,,,no,65.43,D,1,"Madison, WI",US PL Madison Factory,
AgroChem USA,,,no,65.43,D,1,"Saratoga Springs, NY",US PL Saratoga Spring Factory,
GE Healthcare,gehealthcare.com,54415908275,yes,65.43,C,2,"Madison, WI",US PL Madison Factory,package
Alfa Laval,alfalaval.com,,no,65.43,D,1,"Greenwood, IN",US PL Greenwood Indiana,company_exact:high
"VantagePoint Industries, LLC.",,,no,65.43,D,1,"Ontario, CA",US PL Ontario Factory,
"Celco Manufacturing, Inc.",,,no,65.41,C,1,"Pomona, CA",US PL Ontario Factory,
JRC Food Trailer Manufacturing LLC,,,no,65.4,C,1,"Banning, CA",US PL Cabazon Factory,
United Freeway Transportation,,,no,65.4,D,1,"Allentown, PA",US DC NFI - Breinigsville,
Schumacher Cargo Logistics,schumachercargo.com,,no,65.34,C,1,"Houston, TX",US PL S Houston Factory,company_core:high
Outdoor Herbivore,,,no,65.34,C,1,"Sacramento, CA",US PL Sacramento Factory,
"Cain Food industries, Inc.",,,no,65.34,C,1,"Dallas, TX",US PL Dallas 2 Factory,
Adam's Sausage Factory,,,no,65.34,C,1,"Rancho Cordova, CA",US PL Sacramento Factory,
Bayport Container Terminal,,,no,65.32,C,1,"Seabrook, TX",US PL Pasadena Factory,
S & K Trucking Inc,,,no,65.3,C,1,"Hollis, ME",US PL Hollis Factory,
Komplete Packaging Service,,,no,65.29,C,1,"Grand Prairie, TX",US PL Dallas 2 Factory,
AikPak Plastics - Blisters and Clamshell Packaging,,,no,65.29,C,1,"Grand Prairie, TX",US PL Dallas 2 Factory,
TA,,,no,65.27,C,2,"Greenwood, IN",US PL Greenwood Indiana,
"Peak Refrigeration, Inc.",,,no,65.27,D,1,"Denver, CO",US PL Denver Factory,
idX Corporation - Los Angeles,,,no,65.27,D,1,"Ontario, CA",US PL Ontario Factory,
Santa Fe Distributing Inc,,,no,65.27,D,1,"Denver, CO",US PL Denver Factory,
F-D-S Manufacturing Co,,,no,65.27,C,1,"Pomona, CA",US PL Ontario Factory,
Lakeside International Trucks,,,no,65.27,C,1,"Madison, WI",US PL Madison Factory,
"Metrix Logistics Group, LLC",,,no,65.21,C,1,"Houston, TX",US PL S Houston Factory,
Accurate Fulfillment - 3PL Ecommerce Fulfillment,,,no,65.21,C,1,"Houston, TX",US PL S Houston Factory,
Advanced Logistics & Distribution Center Sacramento,,,no,65.21,C,1,"McClellan Park, CA",US PL Sacramento Factory,
Sierra Logistics Solutions DBA shipsierra.com,,,no,65.21,C,1,"North Highlands, CA",US PL Sacramento Factory,
T3RA Logistics,t3ralogistics.com,,no,65.21,C,1,"Sacramento, CA",US PL Sacramento Factory,company_exact:high
"Get It Logistics, LLC",,,no,65.21,C,1,"Allentown, PA",US DC NFI - Breinigsville,
"Advanced Logistics & Distribution Systems, LLC",acsi-us.com,,no,65.21,C,2,"McClellan Park, CA",US PL Sacramento Factory,company_fuzzy:medium
Rich Products Corporation,richs.com,54771833747,yes,65.21,C,1,"Missouri City, TX",US PL S Houston Factory,package
American Pasteurization Company,,,no,65.21,C,1,"West Sacramento, CA",US PL Sacramento Factory,
Romex HD Truck & Trailer Repair,,,no,65.13,C,1,"Sacramento, CA",US PL Sacramento Factory,
SPC Transport Co,spctran.com,45014826834,yes,65.1,D,1,"Auburn, ME",US PL Poland Spring Factory,package
Keefe -Wisconsin,,,no,65.1,D,1,"Madison, WI",US PL Madison Factory,
State Line Distillery,,,no,65.1,D,1,"Madison, WI",US PL Madison Factory,
Eastern Fire,,,no,65.1,D,1,"Auburn, ME",US PL Poland Spring Factory,
Globe Footwear LLC,,,no,65.1,D,1,"Auburn, ME",US PL Poland Spring Factory,
West's Family Farm,,,no,65.1,D,1,"Poland, ME",US PL Poland Spring Factory,
Pardon My Cheesesteak,,,no,65.1,D,1,"Hot Springs, AR",US DC Hot Springs (WHSE),
Central Transport,centraltransport.com,54407219030,yes,65.1,C,10,"Madison, WI",US PL Madison Factory,package
Frito-Lay Regional Warehouse,fritolay.com,54772621360,yes,65.1,A,2,"Whitestown, IN",US PL Greenwood Indiana,package
Hemond Farms,,,no,65.09,C,1,"Minot, ME",US PL Poland Spring Factory,
Crate & Barrel Warehouse,crateandbarrel.com,,no,65.07,C,4,"Aurora, CO",US PL Denver Factory,company_core:high
GMI Mann Warehouse,,,no,65.07,C,1,"Houston, TX",US PL S Houston Factory,
Frontier Logistics LP - Underwood Terminal,,,no,65.07,C,1,"La Porte, TX",US PL Pasadena Factory,
Core Cold Storage,,,no,65.07,C,1,"West Sacramento, CA",US PL Sacramento Factory,
Sunshine Place - Sunshine Pantry - Food Distribution Center,,,no,65.07,C,1,"Sun Prairie, WI",US PL Madison Factory,
Splendid Packaging Logistics,,,no,65.07,C,1,"Irving, TX",US PL Dallas 2 Factory,
Texas Distribution Center,,,no,65.07,C,2,"Lancaster, TX",US PL Dallas 2 Factory,
Southwest Foods / Brookshire's Distribution Center,,,no,65.07,C,1,"Tyler, TX",US PL Hawkins Factory,
MaxWarehouse,,,no,65.07,C,1,"Sacramento, CA",US PL Sacramento Factory,
Happy Homes Distribution Center,,,no,65.07,C,1,"Missouri City, TX",US PL S Houston Factory,
Elite Fulfillment Center,,,no,65.07,C,1,"Allentown, PA",US DC NFI - Breinigsville,
Cross-docking service SM Express Inc,serviceexpress.com,,no,65.07,C,1,"West Sacramento, CA",US PL Sacramento Factory,parent_facility:medium
Saratoga Dry Aged Cuts,,,no,65.07,C,1,"Ballston Lake, NY",US PL Saratoga Spring Factory,
Hiland Dairy Ice Cream,icfc.es,,no,65.07,C,1,"Tyler, TX",US PL Hawkins Factory,parent_facility:medium
Freight Systems,freightsystems.com,,no,65.07,C,1,"Aurora, CO",US PL Denver Factory,company_exact:high
CoolBox Inc,,,no,64.99,D,1,"Houston, TX",US PL S Houston Factory,
WhiteStar Logistics,,,no,64.94,C,1,"Houston, TX",US PL S Houston Factory,
Fulfillment-Box,,,no,64.94,C,4,"Fontana, CA",US PL Ontario Factory,
Real American Logistics,,,no,64.94,C,1,"Indianapolis, IN",US PL Greenwood Indiana,
Trader Joe’s Co Warehouse,traderjoes.com,54771885940,yes,64.94,C,2,"Irving, TX",US PL Dallas 2 Factory,package
NORTHERN SAFETY LA PORTE DISTRIBUTION CENTER,,,no,64.94,C,1,"La Porte, TX",US PL Pasadena Factory,
Little Apple Meat & Produce Corp,,,no,64.94,C,1,"Allentown, PA",US DC NFI - Breinigsville,
Dead River Terminal,,,no,64.93,D,1,"Auburn, ME",US PL Poland Spring Factory,
AAA Cooper Transportation,aaacooper.com,45009407888,yes,64.93,C,4,"Ontario, CA",US PL Ontario Factory,package
Prime Now HUB,,,no,64.93,D,1,"Sacramento, CA",US PL Sacramento Factory,
RISE Commercial District,,,no,64.93,D,1,"Greenwood, IN",US PL Greenwood Indiana,
Santa Fe Dehumidifiers,,,no,64.93,D,1,"Madison, WI",US PL Madison Factory,
Pineland Farms,,,no,64.89,C,1,"New Gloucester, ME",US PL Poland Spring Factory,
Westbrook Manufacturing,,,no,64.85,C,2,"Houston, TX",US PL S Houston Factory,
"Rylind Manufacturing, Inc",,,no,64.85,C,1,"Golden, CO",US PL Denver Factory,
CJ Logistics,cjlogisticsamerica.com,54415134541,yes,64.81,C,1,"Fontana, CA",US PL Ontario Factory,package
Indiana Warehouse,,,no,64.81,C,1,"Indianapolis, IN",US PL Greenwood Indiana,
Total Logistics Provider Inc,,,no,64.81,C,1,"Ballston Lake, NY",US PL Saratoga Spring Factory,
Arriba Foods Packaging Plant,,,no,64.81,C,1,"Houston, TX",US PL S Houston Factory,
Romark Logistics,romarklogistics.com,,no,64.81,C,3,"Lancaster, TX",US PL Dallas 2 Factory,company_exact:high
LoneStar Cold Storage,,,no,64.81,C,1,"Irving, TX",US PL Dallas 2 Factory,
Crossdocks Pro,,,no,64.81,C,1,"Fontana, CA",US PL Ontario Factory,
The Schwan Food Company,,,no,64.81,C,1,"Pasadena, TX",US PL S Houston Factory,
Triple H Food Processors LLC,,,no,64.81,C,1,"Riverside, CA",US PL Ontario Factory,
C & L Foods Inc,,,no,64.81,C,1,"Dallas, TX",US PL Dallas 2 Factory,
Creative Specialty Food Solutions,thespecialtygroup.com,,no,64.81,C,1,"Houston, TX",US PL S Houston Factory,parent_facility:medium
Morr-Is-Stored,,,no,64.77,D,1,"Saratoga Springs, NY",US PL Saratoga Spring Factory,
R C Moore Inc,rcmoore.com,45135318372,yes,64.77,D,2,"Poland, ME",US PL Poland Spring Factory,package
"Perry Transport, inc.",,,no,64.77,D,1,"Poland, ME",US PL Poland Spring Factory,
Port Priority West,,,no,64.77,D,1,"Jurupa Valley, CA",US PL Ontario Factory,
Total Transit LLC,,,no,64.77,D,1,"Denver, CO",US PL Denver Factory,
Würth Industry,wurthindustry.com,54784515211,yes,64.77,D,1,"Greenwood, IN",US PL Greenwood Indiana,package
Delve,,,no,64.77,D,1,"Madison, WI",US PL Madison Factory,
Halvico Technologies Staffing,,,no,64.77,D,1,"Madison, WI",US PL Madison Factory,
MS Trucking & Fleet Services,,,no,64.71,C,1,"Dallas, TX",US PL Dallas 2 Factory,
R & L Carriers Inc,rlcarriers.com,45063852085,yes,64.69,A,1,"Dade City, FL",US PL Zephyrhills Factory,package
Timeline Logistics - Houston,,,no,64.67,C,1,"Houston, TX",US PL S Houston Factory,
Materials Warehouse,,,no,64.67,C,1,"Dallas, TX",US PL Dallas 2 Factory,
Absolute Logistics LLC,absolutelogistics.com,,no,64.67,C,2,"Greenwood Village, CO",US PL Denver Factory,company_exact:high
Stereo Warehouse,,,no,64.67,C,1,"Aurora, CO",US PL Denver Factory,
B & B Warehouse,,,no,64.67,C,1,"Deer Park, TX",US PL Pasadena Factory,
RDR LOGISTICS LLC,,,no,64.67,C,1,"Sacramento, CA",US PL Sacramento Factory,
The Warehouse Rentals and Supplies,,,no,64.67,C,1,"Pasadena, TX",US PL Pasadena Factory,
Green Valley Food Corporation,valleygreenusa.com,,no,64.67,C,1,"Dallas, TX",US PL Dallas 2 Factory,parent_facility:medium
Global Food Concepts Inc,foodconceptsplc.com,,no,64.67,C,2,"Middleton, WI",US PL Madison Factory,parent_facility:medium
California League of Food Producers,,,no,64.67,C,1,"Gold River, CA",US PL Sacramento Factory,
One World Direct,,,no,64.6,D,1,"Ontario, CA",US PL Ontario Factory,
New-Indy Ontario LLC,,,no,64.6,D,1,"Ontario, CA",US PL Ontario Factory,
TAS Energy - Cullen,,,no,64.6,D,1,"Houston, TX",US PL S Houston Factory,
Minsley Inc,,,no,64.6,D,1,"Ontario, CA",US PL Ontario Factory,
CMC Converting,,,no,64.6,D,1,"Rancho Cucamonga, CA",US PL Ontario Factory,
Fastener Manufacturing Company,,,no,64.57,C,1,"Houston, TX",US PL S Houston Factory,
Safeway Truck Lines LLC,,,no,64.57,C,1,"Grand Prairie, TX",US PL Dallas 2 Factory,
Buske Logistics,buske.com,,no,64.54,C,4,"Houston, TX",US PL S Houston Factory,company_exact:high
Priority One Logistics,priority-one.com,,no,64.54,C,1,"Houston, TX",US PL S Houston Factory,company_fuzzy:medium
Bertrand's Inc/Chef's Warehouse,,,no,64.54,C,1,"Dallas, TX",US PL Dallas 2 Factory,
CD Warehouse Records & Tapes,,,no,64.54,C,1,"Arlington, TX",US PL Dallas 2 Factory,
Yolo County Children's Alliance - Food Distribution Center,,,no,64.54,C,1,"West Sacramento, CA",US PL Sacramento Factory,
Franklin Logistics Center,,,no,64.54,C,1,"Franklin, IN",US PL Greenwood Indiana,
El Venado Foods,,,no,64.54,C,1,"Houston, TX",US PL S Houston Factory,
McCARTY TRUCK PARK,,,no,64.54,C,1,"Houston, TX",US PL S Houston Factory,
Rockdale Manufacturing LLC,,,no,64.5,C,1,"Hot Springs, AR",US PL Hot Springs 2 Factory,
"RIST Transport, Ltd.",,,no,64.44,D,1,"Allentown, PA",US DC NFI - Breinigsville,
Denver Central Fill,,,no,64.44,D,1,"Denver, CO",US PL Denver Factory,
L & E Engineering LLC,,,no,64.44,D,1,"Greenwood, IN",US PL Greenwood Indiana,
Jayco Manufacturing,,,no,64.43,C,1,"Grand Prairie, TX",US PL Dallas 2 Factory,
Lonestar Truck Group Tyler,,,no,64.43,C,1,"Tyler, TX",US PL Hawkins Factory,
"Paramount Industrial, Inc.",,,no,64.43,C,1,"Indianapolis, IN",US PL Greenwood Indiana,
Packaging Suppliers of America,,,no,64.41,D,1,"Denver, CO",US PL Denver Factory,
West Warehouse,,,no,64.41,C,4,"Deer Park, TX 77536, USA",US PL Pasadena Factory,
Warehouse & cross docking,,,no,64.41,C,1,"Sacramento, CA",US PL Sacramento Factory,
"T Force Freight Houston, TX Terminal",freightforce.com,,no,64.41,C,1,"Houston, TX",US PL S Houston Factory,parent_facility:medium
R P Foods,,,no,64.41,C,1,"Dallas, TX",US PL Dallas 2 Factory,
Baldwin Richardson Foods Co,,,no,64.41,C,1,"Corona, CA",US PL Ontario Factory,
Heritage Foods,heritagefresh.in,,no,64.41,C,1,"Riverside, CA",US PL Ontario Factory,company_fuzzy:medium
"Trans-Border Global Freight Systems, Inc.",tbgfs.com,,no,64.41,C,1,"Round Lake, NY",US PL Saratoga Spring Factory,company_exact:high
Allentown Freight Station Historic Site - Lehigh Valley Railroad,,,no,64.41,C,1,"Allentown, PA 18102, USA",US DC NFI - Breinigsville,
Smurfit Westrock Longview,westrockcoffee.com,54720622756,yes,64.38,A,1,"Longview, TX",US PL Hawkins Factory,package
Weyerhaeuser Distribution Center,weyerhaeuser.com,54771960430,yes,64.35,A,1,"Easton, PA",US DC NFI - Breinigsville,package
McCoy Trucking and Excavating,,,no,64.34,C,1,"Waterboro, ME",US PL Hollis Factory,
Carpenter Southeastern Warehouse,,,no,64.33,C,1,"McBee, SC",US PL McBee Factory,
Tony's Fine Foods,,,no,64.32,C,1,"West Sacramento, CA",US PL Sacramento Factory,
Cart.com Longview Fulfillment Center,cart.com,,no,64.31,A,1,"Longview, TX",US PL Hawkins Factory,parent_facility:medium
Coca-Cola Downey,coca-colacompany.com,,no,64.31,A,1,"Downey, CA",US PL Ontario Factory,package
Pomona Packing Plant,,,no,64.29,C,2,"Pomona, CA",US PL Ontario Factory,
JWP Manufacturing,,,no,64.29,C,1,"Rancho Cordova, CA",US PL Sacramento Factory,
World Trade Distribution - Container Freight Station,wtcfs.com,,no,64.28,C,1,"Houston, TX",US PL S Houston Factory,parent_facility:medium
Titan Cold Storage,titanmaterials.com,54757284213,yes,64.28,C,2,"Dallas, TX",US PL Dallas 2 Factory,package
JD Martin Houston Distribution Center,,,no,64.28,C,1,"Houston, TX",US PL S Houston Factory,
CORT Furniture Rental - Warehouse,,,no,64.28,C,1,"Aurora, CO",US PL Denver Factory,
Parsel Ecommerce Fulfillment Solutions,,,no,64.28,C,1,"Pasadena, TX",US PL Pasadena Factory,
Middleton Warehouse,,,no,64.28,C,1,"Middleton, WI",US PL Madison Factory,
Ace Distribution center,,,no,64.28,C,2,"Aurora, CO",US PL Denver Factory,
AIRPORT DISTRIBUTION CENTER,allianceground.com,54734689080,yes,64.28,C,1,"Aurora, CO",US PL Denver Factory,package
PLS Logistics Services,plslogistics.com,,no,64.28,C,2,"Dallas, TX",US PL Dallas 2 Factory,company_exact:high
"Blue Line Foodservice Distribution, Inc./Little Caesars Distribution Center",bluelinelogistics.com,,no,64.28,C,1,"Aurora, CO",US PL Denver Factory,parent_facility:medium
Crossdock Pro,,,no,64.28,C,1,"Houston, TX",US PL S Houston Factory,
IdleAir,,,no,64.28,C,1,"Dallas, TX",US PL Dallas 2 Factory,
Harbor Autostop,,,no,64.28,C,1,"West Sacramento, CA",US PL Sacramento Factory,
Sunneen Health Foods,,,no,64.28,C,1,"Allentown, PA",US DC NFI - Breinigsville,
Shinmei FOODS USA Corporation,,,no,64.28,C,1,"West Sacramento, CA",US PL Sacramento Factory,
Nichirei Sacramento Foods,,,no,64.28,C,1,"West Sacramento, CA",US PL Sacramento Factory,
"Vessey, Inc.",,,no,64.28,C,1,"Middleton, WI",US PL Madison Factory,
Refresco Beverages,,,no,64.28,C,5,"Fort Worth, TX",US PL Dallas 2 Factory,
Logistic Pro Movers,,,no,64.27,D,1,"Denver, CO",US PL Denver Factory,
CORE X ALLIANCE,,,no,64.27,D,2,"Ontario, CA",US PL Ontario Factory,
Moving Forward Transit,,,no,64.27,D,1,"West Poland, ME",US PL Poland Spring Factory,
Cold Is Cool Refrigeration,,,no,64.27,D,1,"Sacramento, CA",US PL Sacramento Factory,
"El Recycling, llc",,,no,64.27,D,1,"Dallas, TX",US PL Dallas 2 Factory,
KLA Corporation,kla.com,,no,64.27,D,1,"Allentown, PA",US DC NFI - Breinigsville,company_exact:high
Downey Coca-Cola Vending,coca-colacompany.com,,no,64.25,A,1,"Downey, CA",US PL Ontario Factory,package
Worldwide Logistics Inc,worldwide-logistics.com,,no,64.15,C,1,"Houston, TX",US PL S Houston Factory,company_exact:high
Manna Food Bank - Food Distribution Center,,,no,64.15,C,1,"Sacramento, CA",US PL Sacramento Factory,
Octopi Warehouse,,,no,64.15,C,2,"Windsor, WI",US PL Madison Factory,
Next Generation Foods,nextgeneration.com,,no,64.15,C,1,"West Sacramento, CA",US PL Sacramento Factory,parent_facility:medium
Daylight Packing,,,no,64.15,C,1,"West Sacramento, CA",US PL Sacramento Factory,
QCD,,,no,64.11,D,1,"Greenwood, IN",US PL Greenwood Indiana,
Central Warehousing,,,no,64.11,D,1,"Denver, CO",US PL Denver Factory,
Blue Eagle Warehousing,,,no,64.11,D,1,"Allentown, PA",US DC NFI - Breinigsville,
Eggs Plus Farm,,,no,64.11,D,1,"Dayton, ME",US PL Hollis Factory,
INEOS Marina View,,,no,64.11,D,1,"League City, TX",US PL Pasadena Factory,
RaceTrac,racetrac.com,54774194333,yes,64.1,A,9,"Longview, TX",US PL Hawkins Factory,package
South Carolina Association Of Hsa - Food Distribution Center,,,no,64.03,C,1,"Hartsville, SC 29550, USA",US PL McBee Factory,
Lauck Manufacturing,,,no,64.02,C,1,"Indianapolis, IN",US PL Greenwood Indiana,
Indianapolis Industrial Center,,,no,64.02,C,1,"Indianapolis, IN",US PL Greenwood Indiana,
Adams Warehouse,,,no,64.02,C,2,"Houston, TX",US PL S Houston Factory,
Nissan Warehouse,,,no,64.02,C,1,"Sacramento, CA",US PL Sacramento Factory,
Warehouse for grocery,,,no,64.02,C,1,"Sacramento, CA",US PL Sacramento Factory,
D C Logistics,,,no,64.02,C,1,"Aurora, CO",US PL Denver Factory,
Galaxy Mart,,,no,64.02,C,1,"Dallas, TX",US PL Dallas 2 Factory,
Irving Oil,irvingoil.com,54773425257,yes,64.01,D,2,"Auburn, ME",US PL Poland Spring Factory,package
Vacationland Moving,,,no,63.94,D,1,"Poland, ME",US PL Poland Spring Factory,
Kenneth W Stone Inc,,,no,63.94,D,1,"Hollis, ME",US PL Hollis Factory,
Byer of Maine,,,no,63.94,D,1,"Poland, ME",US PL Poland Spring Factory,
Trucker's Paradise,,,no,63.94,C,1,"Houston, TX",US PL S Houston Factory,
White Arrow Logistics Inc,whitearrow.com,,no,63.89,C,1,"Sacramento, CA",US PL Sacramento Factory,company_core:high
Vail Warehouse,,,no,63.89,C,1,"Aurora, CO",US PL Denver Factory,
Discount Home Warehouse,,,no,63.89,C,1,"Dallas, TX",US PL Dallas 2 Factory,
Purpose and Legacy - Food Distribution Center,,,no,63.89,C,1,"Sacramento, CA",US PL Sacramento Factory,
Udi's Granola Manufacturing site,,,no,63.89,C,1,"Aurora, CO",US PL Denver Factory,
Shorewood Hills United Methodist Chuch - Food Distribution Center,,,no,63.89,C,1,"Malvern, AR",US DC Hot Springs (WHSE),
AIT Worldwide Logistics,aitworldwide.com,,no,63.89,C,2,"Sacramento, CA",US PL Sacramento Factory,company_exact:high
NGVC Distribution Center,,,no,63.89,C,1,"Golden, CO",US PL Denver Factory,
"Trinity Logistics | Fort Worth, TX",,,no,63.89,C,1,"Fort Worth, TX",US PL Dallas 2 Factory,
Echo Global Logistics - Sacramento,echo.com,55554515600,yes,63.89,C,1,"Sacramento, CA",US PL Sacramento Factory,package
Paradise Rich LLC,,,no,63.89,C,1,"Sacramento, CA",US PL Sacramento Factory,
Springboard Manufacturing,,,no,63.88,C,1,"Rancho Cordova, CA",US PL Sacramento Factory,
"Truck Works, Inc.",,,no,63.87,C,1,"Banning, CA",US PL Cabazon Factory,
Central Access Storage,,,no,63.78,D,1,"Hot Springs, AR",US DC Hot Springs (WHSE),
KYB Americas Corporation,,,no,63.78,D,1,"Greenwood, IN",US PL Greenwood Indiana,
Cote Crane & Rigging,,,no,63.78,D,1,"Auburn, ME",US PL Poland Spring Factory,
Ontario FK Cross Dock,,,no,63.78,D,1,"Ontario, CA",US PL Ontario Factory,
FFE Transportation Services,ffeinc.com,54754696837,yes,63.78,D,1,"Ontario, CA",US PL Ontario Factory,package
Kllm Transportation,,,no,63.78,D,1,"Ontario, CA",US PL Ontario Factory,
Wakunaga of America Co Ltd,,,no,63.78,D,1,"Jurupa Valley, CA",US PL Ontario Factory,
Lao Thai Nam Corporation,,,no,63.78,D,1,"Dallas, TX",US PL Dallas 2 Factory,
"Logistics Group International, Inc.",cjlogisticsamerica.com,54415134541,yes,63.76,C,1,"Houston, TX",US PL S Houston Factory,package
Roper Apparel Warehouse,,,no,63.76,C,1,"Aurora, CO",US PL Denver Factory,
"Distribution Alternatives, Inc. - Los Angeles Warehouse",,,no,63.76,C,1,"Bloomington, CA",US PL Ontario Factory,
H & N Logistics Llc,,,no,63.76,C,1,"Madison, WI",US PL Madison Factory,
"Barsan Global Logistics, INC",barsan.com,,no,63.76,C,1,"La Porte, TX",US PL Pasadena Factory,company_exact:high
ACD Distribution,,,no,63.76,C,1,"Middleton, WI",US PL Madison Factory,
Andrew's Logistics,,,no,63.76,C,1,"La Porte, TX",US PL Pasadena Factory,
Devine Intermodel trucks parking,,,no,63.76,C,1,"West Sacramento, CA",US PL Sacramento Factory,
Sunrise Manufacturing Inc.,,,no,63.75,C,1,"Rancho Cordova, CA",US PL Sacramento Factory,
Sysco East Texas - Food Distributor & Restaurant Supplies,sysco.com,,no,63.7,A,1,"Longview, TX",US PL Hawkins Factory,curated:
King Soopers City Market Distribution Center,kingsoopers.com,54755953763,yes,63.69,C,1,"Aurora, CO",US PL Denver Factory,package
A N Webber Inc,anwebber.com,,no,63.63,D,1,"McBee, SC",US PL McBee Factory,company_exact:high
Markette,,,no,63.63,C,2,"McBee, SC",US PL McBee Factory,
Kingfield Quadrunners,,,no,63.63,D,1,"Kingfield, ME 04947, USA",US PL Kingfield Factory,
"First Call Logistics, LLC",gofclogistics.com,45146506264,yes,63.63,C,2,"Irving, TX",US PL Dallas 2 Factory,package
Bogle Vineyards Distribution Warehouse,,,no,63.63,C,1,"West Sacramento, CA",US PL Sacramento Factory,
Interglobo Logistics NA,,,no,63.63,C,1,"Deer Park, TX",US PL Pasadena Factory,
MyLogisticsDept,,,no,63.63,C,1,"West Sacramento, CA",US PL Sacramento Factory,
imperial logistics llc,,,no,63.63,C,1,"Indianapolis, IN",US PL Greenwood Indiana,
Dallas Logistics Hub,,,no,63.63,C,1,"Dallas, TX",US PL Dallas 2 Factory,
Highland Logistics,,,no,63.63,C,1,"West Sacramento, CA",US PL Sacramento Factory,
"Gramatur ( truck and trailer repair, roadside service, cross-dock) Towing",,,no,63.63,C,1,"Sacramento, CA",US PL Sacramento Factory,
Wm. H. Buckley Farm,,,no,63.63,C,1,"Ballston Lake, NY",US PL Saratoga Spring Factory,
Chungs Gourmet Foods,,,no,63.63,C,1,"Houston, TX",US PL S Houston Factory,
Hartt Transportation Systems Inc.,hartt-trans.com,45004451120,yes,63.62,D,1,"Auburn, ME",US PL Poland Spring Factory,package
Aerix Industries,,,no,63.62,D,1,"Allentown, PA",US DC NFI - Breinigsville,
Smooth-On,,,no,63.62,D,1,"Macungie, PA",US DC NFI - Breinigsville,
BlueScope Coated Products,,,no,63.62,D,1,"Rancho Cucamonga, CA",US PL Ontario Factory,
Silgan Plastics Corp.,silganplastics.com,9355799954,yes,63.62,D,1,"Houston, TX",US PL S Houston Factory,package
Love's Truck Care,,,no,63.61,C,4,"Houston, TX",US PL S Houston Factory,
Express Container Services,,,no,63.61,C,1,"Houston, TX",US PL S Houston Factory,
Tom Thumb/Randalls/Albertsons Distribution Center,albertsons.com,45135164268,yes,63.59,A,1,"Roanoke, TX",US PL Dallas 2 Factory,package
Amazon Fullfillment Center DFW7,amazon.com,8981959027,yes,63.57,A,1,"Fort Worth, TX",US PL Dallas 2 Factory,package
Nor-Cal Beverage Co,ncbev.com,,no,63.5,C,2,"West Sacramento, CA",US PL Sacramento Factory,company_exact:high
Derby Logistics - Warehousing,,,no,63.5,C,1,"Houston, TX",US PL S Houston Factory,
Men's Warehouse Distribution Center,,,no,63.5,C,1,"Houston, TX",US PL S Houston Factory,
The American Bottling Company,keurigdrpepper.com,,no,63.5,C,1,"Irving, TX",US PL Dallas 2 Factory,curated:KDP subsidiary
Houston Fulfillment and Warehousing,,,no,63.5,C,1,"Houston, TX",US PL S Houston Factory,
Greatwide Logistics Services,,,no,63.5,C,1,"Houston, TX",US PL S Houston Factory,
Midwest Logistics Systems,midwestfinishingsystems.com,,no,63.5,C,3,"Tyler, TX",US PL Hawkins Factory,company_fuzzy:medium
Joe's Junction,,,no,63.5,C,1,"Indianapolis, IN",US PL Greenwood Indiana,
The Cavity Factory,,,no,63.5,C,1,"Indianapolis, IN",US PL Greenwood Indiana,
LA CAMPERA TORTILLA FACTORY,,,no,63.5,C,1,"Houston, TX",US PL S Houston Factory,
Denver Food Trailers,,,no,63.5,C,1,"Northglenn, CO",US PL Denver Factory,
ABI Crossdock,,,no,63.5,C,1,"Houston, TX",US PL S Houston Factory,
Mohawk Travel Plaza - Eastbound,themohawkbrand.com,,no,63.5,A,1,"Amsterdam, NY",US PL Saratoga Spring Factory,parent_facility:medium
Amazon FTW3 / FTW4,amazon.com,8981959027,yes,63.5,A,1,"Fort Worth, TX",US PL Dallas 2 Factory,package
ShipSage,,,no,63.46,D,1,"Allentown, PA",US DC NFI - Breinigsville,
"Sigma Supply of North America (Hot Springs), Proudly Part of BradyPLUS",,,no,63.46,D,1,"Hot Springs, AR",US DC Hot Springs (WHSE),
Penwal Industries Inc,,,no,63.46,D,1,"Rancho Cucamonga, CA",US PL Ontario Factory,
4 Bros liquor #7,,,no,63.45,D,1,"Cabazon, CA",US PL Cabazon Factory,
Ross Stores Distribution Center,rossstores.com,54772627856,yes,63.39,A,3,"Moreno Valley, CA",US PL Ontario Factory,package
Men's Wearhouse,menswearhouse.com,54774254750,yes,63.38,D,5,"Madison, WI",US PL Madison Factory,package
Supernova Furniture Distribution Center,,,no,63.37,C,1,"Houston, TX",US PL S Houston Factory,
Conn's Warehouse #144,,,no,63.37,C,1,"Aurora, CO",US PL Denver Factory,
Mighty Movers Logistics,,,no,63.37,C,1,"Houston, TX",US PL S Houston Factory,
Merchandise Warehouse Co. Inc.,,,no,63.37,C,1,"Indianapolis, IN",US PL Greenwood Indiana,
Acts Intl Warehouse & Distribution Services,,,no,63.37,C,1,"Houston, TX",US PL S Houston Factory,
EDD Warehouse,,,no,63.37,C,1,"West Sacramento, CA",US PL Sacramento Factory,
Starwest Botanicals Warehouse,,,no,63.37,C,1,"Sacramento, CA",US PL Sacramento Factory,
Cho -Han Logistics,,,no,63.37,C,1,"Sacramento, CA",US PL Sacramento Factory,
Xpedient Logistics,xpedient.com,,no,63.37,C,1,"Dallas, TX",US PL Dallas 2 Factory,company_exact:high
"ADUSA Distribution, LLC",,,no,63.37,C,3,"Saco, ME",US PL Hollis Factory,
24/7 Crossdock,,,no,63.37,A,7,"West Sacramento, CA",US PL Sacramento Factory,
"Helena Agri-Enterprises, LLC",helenaagri.com,54726267203,yes,63.37,C,1,"Alachua, FL",US PL High Springs Factory,package
United Supermarkets/Albertsons Distribution Center,albertsons.com,,no,63.36,A,1,"Roanoke, TX",US PL Dallas 2 Factory,curated:
Aspen Electronics Manufacturing Inc.,,,no,63.34,C,1,"Westminster, CO",US PL Denver Factory,
Walton Engineering & Manufacturing Co.,,,no,63.34,C,1,"Rancho Cordova, CA",US PL Sacramento Factory,
World Harbors,,,no,63.3,D,1,"Auburn, ME",US PL Poland Spring Factory,
Vertical Cold Storage,,,no,63.24,C,6,"Indianapolis, IN",US PL Greenwood Indiana,
BLUETRITON BOTTLING,,,no,63.24,C,1,"Pasadena, TX",US PL Pasadena Factory,
MillerCoors Bottling,millercoors.com,54431492386,yes,63.24,C,1,"Golden, CO",US PL Denver Factory,package
Tailored Adhesives - Plant 4,,,no,63.21,C,2,"Tyler, TX",US PL Hawkins Factory,
Southwestern Manufacturing Co,,,no,63.21,C,1,"Dallas, TX",US PL Dallas 2 Factory,
Colorado Industrial Packaging,,,no,63.21,C,1,"Aurora, CO",US PL Denver Factory,
Amazon Fulfillment Center IND1,amazon.com,8981959027,yes,63.17,A,1,"Whitestown, IN",US PL Greenwood Indiana,package
Extra Storage Rancho Cucamonga,,,no,63.13,D,1,"Rancho Cucamonga, CA",US PL Ontario Factory,
Lock & Stor,,,no,63.13,D,1,"Hot Springs, AR",US DC Hot Springs (WHSE),
All Purpose Storage,,,no,63.13,D,4,"Hollis, ME",US PL Hollis Factory,
2ndChanceLogistix.1.com LLc,,,no,63.13,D,1,"Allentown, PA",US DC NFI - Breinigsville,
Eagle Industries Inc,,,no,63.13,D,1,"Hollis, ME",US PL Hollis Factory,
California Cold Logistics,,,no,63.12,C,2,"West Sacramento, CA",US PL Sacramento Factory,
SKU2U Fulfillment,,,no,63.12,C,1,"Fort Worth, TX",US PL Dallas 2 Factory,
Enclos UC Davis Warehouse,,,no,63.12,C,1,"West Sacramento, CA",US PL Sacramento Factory,
Great Notion - Cali Fulfillment Center,,,no,63.12,C,1,"Sacramento, CA",US PL Sacramento Factory,
L'oreal Warehouse,loreal.com,,no,63.12,C,1,"Dallas, TX",US PL Dallas 2 Factory,company_core:high
Prism Logistics,prismlogistics.com,,no,63.12,C,1,"West Sacramento, CA",US PL Sacramento Factory,company_exact:high
SEKO Logistics Sacramento,,,no,63.12,C,1,"West Sacramento, CA",US PL Sacramento Factory,
Pineland Farms Natural Meats,,,no,63.12,C,1,"New Gloucester, ME",US PL Poland Spring Factory,
"Miller Expedited Freight, Inc.",,,no,63.12,C,1,"Indianapolis, IN",US PL Greenwood Indiana,
Trachte Building Systems,trachte.com,,no,63.06,C,1,"Madison, WI",US PL Madison Factory,company_exact:high
"Baxter Packaging, LLC.",,,no,63.03,A,1,"Longview, TX",US PL Hawkins Factory,
Raley's Distribution Center,raleys.com,54772631459,yes,62.99,C,1,"Sacramento, CA",US PL Sacramento Factory,package
American Transport Logistics Llc,americatransportservices.com,,no,62.99,C,1,"Stafford, TX",US PL S Houston Factory,company_core:high
Freight Logistics,shipfli.com,,no,62.99,C,1,"Centennial, CO",US PL Denver Factory,company_exact:high
BCW Food Products,,,no,62.99,C,1,"Dallas, TX",US PL Dallas 2 Factory,
Frith Farm,,,no,62.99,C,1,"Scarborough, ME",US PL Hollis Factory,
Maine Needham Company,,,no,62.99,C,1,"Saco, ME",US PL Hollis Factory,
Pemberton's Gourmet Foods,,,no,62.99,C,1,"Gray, ME",US PL Poland Spring Factory,
Marten Transport,marten.com,45012514112,yes,62.97,D,2,"Jurupa Valley, CA",US PL Ontario Factory,package
Ambry Inc. DBA/Sharp Express,,,no,62.97,D,1,"Denver, CO",US PL Denver Factory,
Nellson Nutraceutical LLC,,,no,62.97,D,1,"Ontario, CA",US PL Ontario Factory,
Agren,,,no,62.97,D,1,"Auburn, ME",US PL Poland Spring Factory,
International Plant Services,tsinj.com,,no,62.94,C,1,"La Porte, TX",US PL Pasadena Factory,company_fuzzy:medium
PM Packaging (Corporate Office and Manufacturing Plant),,,no,62.94,C,1,"McClellan Park, CA",US PL Sacramento Factory,
Atlanta Bonded Warehouse,atlantabonded.com,49751997974,yes,62.86,C,1,"Dallas, TX",US PL Dallas 2 Factory,package
S & S LOGISTICS LLC,,,no,62.86,C,1,"Houston, TX",US PL S Houston Factory,
"Food For Life Baking Co., Inc.",,,no,62.86,C,1,"Corona, CA",US PL Ontario Factory,
Professional Packaging Systems / Quality Packaging,,,no,62.85,D,1,"Grand Prairie, TX",US PL Dallas 2 Factory,
Empress Packaging,,,no,62.85,D,1,"Pasadena, TX",US PL Pasadena Factory,
The Shippers Group,,,no,62.81,D,1,"Grand Prairie, TX",US PL Dallas 2 Factory,
"Safeguard Storage of Wisconsin, LLC",,,no,62.81,D,1,"McFarland, WI",US PL Madison Factory,
Countryside Moving,,,no,62.81,D,1,"High Springs, FL",US PL High Springs Factory,
"Midsouth Distributing USA, Inc",,,no,62.81,D,1,"Hot Springs, AR",US DC Hot Springs (WHSE),
LeVecke Corporation,,,no,62.81,D,1,"Jurupa Valley, CA",US PL Ontario Factory,
"Universal Pure - Malvern, PA",,,no,62.81,D,3,"Mira Loma, CA",US PL Ontario Factory,
Lycon Inc - Plant # 25,,,no,62.81,C,1,"Sun Prairie, WI",US PL Madison Factory,
South Coast Manufacturing,,,no,62.81,C,1,"Galena Park, TX",US PL S Houston Factory,
NC Equipment Solutions,,,no,62.81,C,1,"West Sacramento, CA",US PL Sacramento Factory,
National Science Foundation Ice Core Facility,,,no,62.78,C,1,"Lakewood, CO",US PL Denver Factory,
NXTPoint Logistics,nxtpointlogistics.com,,no,62.74,C,2,"Fort Worth, TX",US PL Dallas 2 Factory,company_exact:high
Apogee Foods,,,no,62.74,C,1,"Dallas, TX",US PL Dallas 2 Factory,
United Bros Crossdock Storage and Restack,,,no,62.74,C,1,"Whitehall Township, PA",US DC NFI - Breinigsville,
Engineered Food Systems,,,no,62.74,C,1,"Corona, CA",US PL Ontario Factory,
Frito-Lay Wilton Bin,fritolay.com,54772621360,yes,62.74,A,1,"Wilton, ME",US PL Kingfield Factory,package
"Packaging Service Co., Inc.",,,no,62.71,C,1,"Pearland, TX",US PL S Houston Factory,
Technology Container Corporation,,,no,62.71,D,1,"DeSoto, TX",US PL Dallas 2 Factory,
Asia Chemical,,,no,62.71,D,1,"Houston, TX",US PL S Houston Factory,
Ozark Trucking,,,no,62.67,C,1,"McClellan Park, CA",US PL Sacramento Factory,
USA Trucking,casttrans.com,,no,62.67,C,2,"Dallas, TX 75207, USA",US PL Dallas 2 Factory,company_exact:high
Cross Dock Expert,,,no,62.66,D,1,"Upland, CA",US PL Ontario Factory,
StorSafe of Madison,,,no,62.66,D,1,"Madison, WI",US PL Madison Factory,
Steve Stock & Associates,,,no,62.66,D,1,"Englewood, CO",US PL Denver Factory,
CKL cross docking,,,no,62.66,D,1,"Upland, CA",US PL Ontario Factory,
"MAG45, Inc.",,,no,62.66,D,1,"Madison, WI",US PL Madison Factory,
Laliberte Trucking Inc,,,no,62.63,C,1,"Fort White, FL",US PL High Springs Factory,
BWT Best Warehouse,,,no,62.61,C,1,"Indianapolis, IN",US PL Greenwood Indiana,
Whole Foods Distribution Center,wholefoodsmarket.com,,no,62.61,C,1,"Aurora, CO",US PL Denver Factory,company_fuzzy:medium
Williams Distribution Center,williams-int.com,54772663940,yes,62.61,C,1,"Dallas, TX",US PL Dallas 2 Factory,package
newegg Indy logistics: 3PL services | eCommerce fulfillment services provider,,,no,62.61,C,1,"Indianapolis, IN",US PL Greenwood Indiana,
Logistics: Revolution and Development,,,no,62.61,C,1,"Middleton, WI",US PL Madison Factory,
"LogistiFreight, Inc",,,no,62.61,C,1,"Aurora, CO",US PL Denver Factory,
Forward Air,forwardair.com,,no,62.61,C,2,"Indianapolis, IN",US PL Greenwood Indiana,company_exact:high
Renew Packaging Solutions,,,no,62.57,C,1,"Rancho Cordova, CA",US PL Sacramento Factory,
Dirigo Cannabis,,,no,62.57,D,1,"Lewiston, ME",US PL Poland Spring Factory,
Universal Plant Services,universallogistics.com,9338099103,yes,62.54,C,1,"Deer Park, TX",US PL Pasadena Factory,package
LIZARD STORAGE GROUP INC,,,no,62.5,D,1,"Ontario, CA",US PL Ontario Factory,
Fountain Lake Storage,,,no,62.5,D,1,"Hot Springs National Park, AR",US PL Hot Springs 2 Factory,
Rocky Mountain Soda Co.,,,no,62.5,D,1,"Denver, CO",US PL Denver Factory,
Firstex Industries Inc.,,,no,62.5,D,1,"Grand Prairie, TX",US PL Dallas 2 Factory,
Downeast Machine & Engineering Inc.,,,no,62.5,D,1,"Mechanic Falls, ME",US PL Poland Spring Factory,
"MassFlow Solutions, Inc.",,,no,62.5,D,1,"Fogelsville, PA",US DC NFI - Breinigsville,
MagnaSafe,,,no,62.5,D,1,"Mechanic Falls, ME",US PL Poland Spring Factory,
West Coast Cold Storage,wccoldstorage.com,55558447367,yes,62.49,C,1,"Jurupa Valley, CA",US PL Ontario Factory,package
Rancho Cordova Logistics Center Building 1,,,no,62.49,C,1,"Rancho Cordova, CA",US PL Sacramento Factory,
City of Houston Building Materials Reuse Warehouse,,,no,62.49,C,1,"Houston, TX",US PL S Houston Factory,
"Colonial Logistics, LLC",colonialgroupinc.com,54771831958,yes,62.49,C,1,"Houston, TX",US PL S Houston Factory,package
John Soules Foods Inc,soulesfoods.com,54773431189,yes,62.49,C,1,"Tyler, TX",US PL Hawkins Factory,package
Quorn Foods,,,no,62.49,C,1,"Irving, TX",US PL Dallas 2 Factory,
ContainerPort Group Houston,,,no,62.43,C,1,"La Porte, TX",US PL Pasadena Factory,
Doskocil Manufacturing Company,,,no,62.41,C,1,"Arlington, TX",US PL Dallas 2 Factory,
AC Horn Manufacturing,,,no,62.41,C,1,"Dallas, TX",US PL Dallas 2 Factory,
SAS Manufacturing,,,no,62.41,C,1,"Corona, CA",US PL Ontario Factory,
Truck point,,,no,62.41,C,1,"Sacramento, CA",US PL Sacramento Factory,
Quemetco Warehouse,,,no,62.36,C,1,"Indianapolis, IN",US PL Greenwood Indiana,
APTUS Warehouse,,,no,62.36,C,1,"Indianapolis, IN",US PL Greenwood Indiana,
"Warehouse Associates, Inc",,,no,62.36,C,1,"Indianapolis, IN",US PL Greenwood Indiana,
"Premier Warehouse Equipment, Inc.",,,no,62.36,C,1,"Fontana, CA",US PL Ontario Factory,
2A Warehouse,,,no,62.36,C,1,"Houston, TX",US PL S Houston Factory,
SunStop Store #338,,,no,62.36,C,1,"Lake City, FL",US PL High Springs Factory,
Southern Noodle Co,,,no,62.36,C,1,"Houston, TX",US PL S Houston Factory,
House Storage Plus - 49th Ave,,,no,62.34,D,1,"Sacramento, CA",US PL Sacramento Factory,
N10 Niagara,niagarawater.com,,no,62.34,D,1,"Fontana, CA",US PL Ontario Factory,curated:
Resort Storage,,,no,62.34,D,1,"Hot Springs, AR",US DC Hot Springs (WHSE),
Sappi,sappi.com,,no,62.34,D,2,"Allentown, PA",US DC NFI - Breinigsville,company_exact:high
Landsberg Orora,,,no,62.34,D,1,"Fontana, CA",US PL Ontario Factory,
Angstrom Fiber Auburn,,,no,62.34,D,1,"Auburn, ME",US PL Poland Spring Factory,
New Gloucester Village Store,,,no,62.26,C,1,"New Gloucester, ME",US PL Poland Spring Factory,
Texas Frio Cold Storage,,,no,62.24,C,1,"Houston, TX",US PL S Houston Factory,
Young Marines of North Central Florida - Food Distribution Center,,,no,62.24,C,1,"Fort White, FL",US PL High Springs Factory,
Seeds of Hope Neighborhood Center - Food Distribution Center,,,no,62.24,C,1,"Biddeford, ME",US PL Hollis Factory,
Magnolia Foods Rialto,,,no,62.24,C,1,"Rialto, CA",US PL Ontario Factory,
Smiling Hill Farm,,,no,62.24,C,1,"Westbrook, ME",US PL Hollis Factory,
Rowland Transportation,,,no,62.18,D,1,"Dade City, FL",US PL Zephyrhills Factory,
Kenan Advantage Group,thekag.com,,no,62.18,D,1,"Allentown, PA",US DC NFI - Breinigsville,company_exact:high
HMSHost,,,no,62.18,D,1,"Allentown, PA",US DC NFI - Breinigsville,
Panolam Surface Systems,,,no,62.18,D,1,"Auburn, ME",US PL Poland Spring Factory,
Merichem Technologies,,,no,62.18,D,1,"Houston, TX",US PL S Houston Factory,
BJ Manufacturing Co,,,no,62.15,C,1,"Riverside, CA",US PL Ontario Factory,
One Stop Truck & Equipment,,,no,62.15,C,1,"North Highlands, CA",US PL Sacramento Factory,
"UPS Industrial Services, LLC",,,no,62.15,C,1,"Deer Park, TX",US PL Pasadena Factory,
"Industrial Inspection & Analysis, previously known as Timco Engineering, Inc.",,,no,62.15,C,1,"Alachua, FL",US PL High Springs Factory,
Grand Appliances And TV Warehouse,,,no,62.12,C,1,"Cottage Grove, WI",US PL Madison Factory,
Old Brick Furniture Warehouse Distribution Center,,,no,62.11,C,1,"Clifton Park, NY",US PL Saratoga Spring Factory,
Warehouse Associates of Texas,,,no,62.11,C,1,"Houston, TX",US PL S Houston Factory,
GoodSAM Warehouse,,,no,62.11,C,1,"Biddeford, ME",US PL Hollis Factory,
The Little Depot Pro Warehouse,,,no,62.11,C,1,"Houston, TX",US PL S Houston Factory,
Trinity 3 Logistics,trinitylogistics.com,45065630066,yes,62.11,C,2,"Sacramento, CA",US PL Sacramento Factory,package
Mosaic - Plant City,mosaic.com,54774569840,yes,62.03,C,1,"Plant City, FL",US PL Zephyrhills Factory,package
"Lupus Cross Dock, Storage & Final Mile",movingme.com,,no,62.02,D,1,"Grand Prairie, TX",US PL Dallas 2 Factory,parent_facility:medium
MMK WORLD,,,no,62.02,D,1,"Madison, WI",US PL Madison Factory,
Seamless Manufacturing,,,no,62.02,C,1,"Riverside, CA",US PL Ontario Factory,
Eagle Industrial Plant Services Corporation,eagleindustrialgroup.com,,no,62.02,C,1,"Deer Park, TX",US PL Pasadena Factory,parent_facility:medium
"Romco Manufacturing, Inc.",,,no,62.02,C,1,"Deer Park, TX",US PL Pasadena Factory,
Lindon Manufacturing & Lab,,,no,62.02,C,1,"Houston, TX",US PL S Houston Factory,
Rialto Fulfillment Center - Building 2,,,no,61.99,C,1,"Bloomington, CA",US PL Ontario Factory,
Unis Fulfillment,unisco.com,9345845594,yes,61.99,C,1,"Houston, TX",US PL S Houston Factory,package
Warehouse 839,,,no,61.99,C,1,"Saco, ME",US PL Hollis Factory,
Hometown Logistics,hometownlx.com,,no,61.99,C,1,"Indianapolis, IN",US PL Greenwood Indiana,company_exact:high
Claremont Foods,,,no,61.99,C,1,"Westminster, CO",US PL Denver Factory,
GNM Kenyan Coffee Imports LLC,,,no,61.99,C,1,"Indianapolis, IN",US PL Greenwood Indiana,
Bottleworks District,,,no,61.98,C,1,"Indianapolis, IN",US PL Greenwood Indiana,
XSA1 - Amazon,amazon.com,8981959027,yes,61.96,A,1,"Mt Pleasant, MI",US PL Mecosta Factory,package
"Pepsi-Cola of Florence, LLC",pepsico.com,,no,61.96,A,1,"Florence, SC",US PL McBee Factory,curated:
RBM Manufacturing Co,,,no,61.89,C,1,"Pomona, CA",US PL Ontario Factory,
Denver Express Warehousing & Cross Docking,,,no,61.87,D,1,"Denver, CO",US PL Denver Factory,
"Cogi Logistic Solutions, LLC",cogils.com,,no,61.87,D,1,"Houston, TX",US PL S Houston Factory,company_exact:high
Outpost,,,no,61.87,D,1,"Dallas, TX",US PL Dallas 2 Factory,
Rialto Fulfillment Center Bldg 1,,,no,61.87,C,1,"Bloomington, CA",US PL Ontario Factory,
"Counseling Services, Inc. - Food Distribution Center",,,no,61.87,C,1,"Saco, ME 04072, USA",US PL Hollis Factory,
Refrigerated Logistics Inc,,,no,61.87,C,1,"Dallas, TX",US PL Dallas 2 Factory,
Heritage Food International,,,no,61.87,C,1,"Dallas, TX",US PL Dallas 2 Factory,
"Shell USA, Inc. - Deer Park Chemical Plant",shell.us,9355097971,yes,61.76,C,1,"Deer Park, TX",US PL Pasadena Factory,package
Industrialex Manufacturing,,,no,61.76,C,1,"Arvada, CO",US PL Denver Factory,
Burlington Truck Terminal,,,no,61.76,C,1,"Dallas, TX",US PL Dallas 2 Factory,
Fiesta mart warehouse,fiestamart.com,45013748798,yes,61.74,C,1,"Houston, TX",US PL S Houston Factory,package
Reliable Source Logistics,reliablesourcelogistics.com,,no,61.74,C,1,"Indianapolis, IN",US PL Greenwood Indiana,company_exact:high
Virginia Park Foods,,,no,61.74,C,1,"Riverside, CA",US PL Ontario Factory,
Heavy Haulers Transport,,,no,61.71,D,1,"Buxton, ME",US PL Hollis Factory,
Brickyard Hollow Brewing Company,,,no,61.69,C,1,"New Gloucester, ME",US PL Poland Spring Factory,
7D Manufacturing,,,no,61.63,C,1,"Dallas, TX",US PL Dallas 2 Factory,
Gayle Manufacturing Company,,,no,61.63,C,1,"Sacramento, CA",US PL Sacramento Factory,
Central Distributors,,,no,61.63,C,2,"Lewiston, ME",US PL Poland Spring Factory,
Go2 Logistics - Lakeland Terminal,,,no,61.62,C,2,"Bloomington, CA",US PL Ontario Factory,
R&P Logistics Inc,,,no,61.62,C,1,"Indianapolis, IN",US PL Greenwood Indiana,
Mattress Distribution Center,mattresswarehouse.com,54774211595,yes,61.62,C,1,"Sacramento, CA",US PL Sacramento Factory,package
Royal Logistic & Warehouse Inc,,,no,61.62,C,1,"Stafford, TX",US PL S Houston Factory,
"A2 Global Shipping - Houston, Texas Terminal",,,no,61.62,C,3,"Houston, TX",US PL S Houston Factory,
Inland Empire Foods Inc,,,no,61.62,C,1,"Riverside, CA",US PL Ontario Factory,
Global Flavors Usa LLC,,,no,61.62,C,1,"Houston, TX",US PL S Houston Factory,
Alliance Warehousing,,,no,61.56,D,1,"Houston, TX",US PL S Houston Factory,
Chewy Fulfillment Center CFC1,chewy.com,,no,61.52,A,1,"Clayton, IN",US PL Greenwood Indiana,curated:
Factory Blue,,,no,61.5,C,1,"Fort Worth, TX",US PL Dallas 2 Factory,
Aspen Distribution,aspendistribution.com,,no,61.5,C,2,"Aurora, CO",US PL Denver Factory,company_exact:high
Inland Empire Cold Storage,,,no,61.5,C,1,"Jurupa Valley, CA",US PL Ontario Factory,
"US Logistics Solutions, Inc.",logisticssolutions.ge,,no,61.5,C,3,"Indianapolis, IN",US PL Greenwood Indiana,company_exact:high
Steelcase Regional Distribution Center,,,no,61.5,C,1,"Aurora, CO",US PL Denver Factory,
R2 Logistics,r2logisticsteam.com,,no,61.5,C,1,"Dallas, TX",US PL Dallas 2 Factory,company_exact:high
M&A LOGISTICS & AUTOMOBILE,,,no,61.5,C,1,"Houston, TX",US PL S Houston Factory,
Dr Pepper Snapple Group Dallas,keurigdrpepper.com,,no,61.4,D,1,"Dallas, TX",US PL Dallas 2 Factory,curated:
Prime Storage,,,no,61.4,D,4,"Saratoga Springs, NY",US PL Saratoga Spring Factory,
Art of Cellaring,,,no,61.4,D,1,"Houston, TX",US PL S Houston Factory,
FirstFleet Inc,firstfleetinc.com,54771853605,yes,61.4,D,1,"Auburn, ME",US PL Poland Spring Factory,package
Solo Cup,solocup.com,,no,61.4,D,1,"Grand Prairie, TX",US PL Dallas 2 Factory,company_exact:high
"Reef Industries, Inc.",,,no,61.4,D,1,"Houston, TX",US PL S Houston Factory,
Logistic Concepts LLC,,,no,61.4,D,1,"Sacramento, CA",US PL Sacramento Factory,
FrigiServe Cold Storage,,,no,61.38,C,1,"Euless, TX",US PL Dallas 2 Factory,
Oakland Logistics,,,no,61.38,C,1,"Indianapolis, IN",US PL Greenwood Indiana,
"Topline Logistics, Inc",,,no,61.38,C,1,"Rio Linda, CA",US PL Sacramento Factory,
"Nfinity Courier And Logistics, Inc",,,no,61.38,A,1,"Bryant, AR",US PL Hot Springs 2 Factory,
Equipment Storage Service,,,no,61.37,C,1,"Dallas, TX",US PL Dallas 2 Factory,
Team Packaging Inc,,,no,61.34,C,1,"Aurora, CO",US PL Denver Factory,
US Cold Storage Quakertown-West,,,no,61.26,C,1,"Quakertown, PA",US DC NFI - Breinigsville,
TPL Manufacturing dba UpScale Mfg Solutions,,,no,61.26,C,1,"Irving, TX",US PL Dallas 2 Factory,
CFC Logistics,,,no,61.26,C,1,"Quakertown, PA",US DC NFI - Breinigsville,
Tri Star Freight System,tristarfreightsys.com,,no,61.26,C,1,"Houston, TX",US PL S Houston Factory,company_exact:high
Crossroad Farms Dairy,,,no,61.26,C,1,"Indianapolis, IN",US PL Greenwood Indiana,
Fresca Foods,,,no,61.26,C,1,"Aurora, CO",US PL Denver Factory,
Global Macungie - a Global Partners LP Terminal,,,no,61.25,D,1,"Macungie, PA",US DC NFI - Breinigsville,
Vertex Fleet,,,no,61.25,D,2,"Denver, CO",US PL Denver Factory,
Garland Manufacturing Co,,,no,61.24,C,1,"Saco, ME",US PL Hollis Factory,
Zajac LLC,,,no,61.24,C,1,"Saco, ME",US PL Hollis Factory,
Staples Distribution Center,staples.com,55554506896,yes,61.14,C,2,"Rialto, CA",US PL Ontario Factory,package
Omni Warehouse,omnilogistics.com,55554515105,yes,61.14,C,4,"Euless, TX",US PL Dallas 2 Factory,package
American Plant Food @ Greens Port Industrial Terminal,,,no,61.14,C,1,"Houston, TX",US PL S Houston Factory,
Fronteras Food Group LLC,,,no,61.14,C,1,"Corona, CA",US PL Ontario Factory,
Village Trading Post,,,no,61.13,C,1,"West Minot, ME",US PL Poland Spring Factory,
AMBest 49er Truck Repair and Service Center,,,no,61.12,C,1,"Sacramento, CA",US PL Sacramento Factory,
Logistic Union Inc.,,,no,61.09,D,1,"Denver, CO",US PL Denver Factory,
WAM Commercial Associates,,,no,61.09,D,1,"Ballston Spa, NY",US PL Saratoga Spring Factory,
ChemPak,,,no,61.09,D,1,"Pasadena, TX",US PL Pasadena Factory,
CIM Industries Inc,,,no,61.09,D,1,"Houston, TX",US PL S Houston Factory,
Mill Rock Packaging,,,no,61.07,D,1,"Aurora, CO",US PL Denver Factory,
GoPuff Micro Fulfillment center,,,no,61.02,C,3,"Dallas, TX",US PL Dallas 2 Factory,
Wolf Logistics Inc,,,no,61.02,C,1,"Rio Linda, CA",US PL Sacramento Factory,
Circle City Logistics,,,no,61.02,C,1,"Indianapolis, IN",US PL Greenwood Indiana,
Mr. Pork Grill Factory USA | Taste on Fire,,,no,61.02,C,1,"Fair Oaks, CA",US PL Sacramento Factory,
Aroma Pizza,,,no,61.02,C,1,"Houston, TX",US PL S Houston Factory,
Price Manufacturing Co.,,,no,60.99,C,1,"Riverside, CA",US PL Ontario Factory,
American Metal Manufacturing Resource Inc,,,no,60.99,C,1,"Pomona, CA",US PL Ontario Factory,
Sodrel Truck Lines,,,no,60.99,C,1,"Indianapolis, IN",US PL Greenwood Indiana,
Ed's Grove Discount Store,,,no,60.97,D,1,"Lyman, ME",US PL Hollis Factory,
Drive Direct Express,drivedirectexpress.com,,no,60.97,D,1,"Mecosta, MI",US PL Mecosta Factory,company_core:high
King Brothers Dairy,,,no,60.95,C,1,"Schuylerville, NY",US PL Saratoga Spring Factory,
GW Cross Dock Services,,,no,60.94,D,1,"Fontana, CA",US PL Ontario Factory,
CG Roxane LLC,,,no,60.94,D,1,"Pasadena, TX",US PL Pasadena Factory,
KCL Fulfillment,,,no,60.9,C,1,"Riverside, CA",US PL Ontario Factory,
All for Christ Ministries - Food Distribution Center,,,no,60.9,C,1,"Hartsville, SC",US PL McBee Factory,
Kingdom Builders Worship Center - Food Distribution Center,,,no,60.9,C,1,"Hartsville, SC",US PL McBee Factory,
Central Freight Line,,,no,60.9,C,1,"Houston, TX",US PL S Houston Factory,
Lessgistics,,,no,60.82,C,1,"Indianapolis, IN",US PL Greenwood Indiana,
Sun Chemical Mfg,sunchemical.com,,no,60.81,D,1,"Riverside, CA",US PL Ontario Factory,parent_facility:medium
Moody compress,,,no,60.79,D,1,"Houston, TX",US PL S Houston Factory,
Memorial Hermann Consolidated Service Center,,,no,60.79,D,1,"Houston, TX",US PL S Houston Factory,
Ross Express Inc,,,no,60.79,D,1,"Auburn, ME",US PL Poland Spring Factory,
"RAM Manufacturing Equipment, LLC",,,no,60.74,C,1,"Corona, CA",US PL Ontario Factory,
ITI Manufacturing,,,no,60.66,C,1,"Sugar Land, TX",US PL S Houston Factory,
St. Luke's Distribution Center,,,no,60.66,C,1,"Allentown, PA",US DC NFI - Breinigsville,
Onway cross dock,,,no,60.63,D,1,"Fontana, CA",US PL Ontario Factory,
GSC Distributors Cross Dock,,,no,60.63,D,1,"Mira Loma, CA",US PL Ontario Factory,
Natural Contract Manufacturing,,,no,60.61,C,1,"Middleton, WI",US PL Madison Factory,
Sacramento Container Corporation,,,no,60.54,C,1,"McClellan Park, CA",US PL Sacramento Factory,
The Fowling Warehouse Indianapolis,,,no,60.54,C,1,"Indianapolis, IN",US PL Greenwood Indiana,
Fleet Management Logistics,efleets.com,,no,60.54,C,1,"Hutchins, TX",US PL Dallas 2 Factory,company_fuzzy:medium
City Warehouse Corporation,,,no,60.54,C,1,"Dallas, TX",US PL Dallas 2 Factory,
Four Season Beverages,,,no,60.54,C,1,"Riverside, CA",US PL Ontario Factory,
"Evolution CrossDock, LLC",,,no,60.54,C,1,"Tyler, TX",US PL Hawkins Factory,
All Secure Mini-Storage,,,no,60.48,D,1,"Mira Loma, CA",US PL Ontario Factory,
Sigma supply,,,no,60.48,D,1,"Hot Springs, AR",US DC Hot Springs (WHSE),
Airtech Supply Inc,,,no,60.48,D,1,"Hot Springs, AR",US DC Hot Springs (WHSE),
Stakkd rack,,,no,60.48,D,1,"Franklin, IN",US PL Greenwood Indiana,
Flexport EWR1 Fulfillment Center,flexport.com,,no,60.46,A,1,"Phillipsburg, NJ",US DC NFI - Breinigsville,curated:
1887 Shipping Depot,,,no,60.43,C,1,"San Antonio, FL",US PL Zephyrhills Factory,
Texas Star Warehouse & Distribution,,,no,60.42,C,1,"Dallas, TX",US PL Dallas 2 Factory,
J & W Warehouse,,,no,60.42,C,1,"Dallas, TX",US PL Dallas 2 Factory,
Royal Pepper Company,,,no,60.42,C,1,"Dallas, TX",US PL Dallas 2 Factory,
True Essence Foods,,,no,60.42,C,1,"Indianapolis, IN",US PL Greenwood Indiana,
"Coca-Cola of Columbus, Indiana",coca-colacompany.com,,no,60.34,A,1,"Columbus, IN",US PL Greenwood Indiana,package
Ollie's Bargain Outlet Distribution Center,,,no,60.3,C,1,"Lancaster, TX",US PL Dallas 2 Factory,
Wozen fulfillment center,,,no,60.3,C,1,"Dallas, TX",US PL Dallas 2 Factory,
Rise Baking Company,risebakingcompany.com,54771888244,yes,60.3,C,1,"Colton, CA",US PL Ontario Factory,package
Truck Express,,,no,60.3,C,1,"Tyler, TX",US PL Hawkins Factory,
Arborstone Storage Hawkins II,,,no,60.28,D,1,"Hawkins, TX",US PL Hawkins Factory,
The Packaging Store,,,no,60.28,C,1,"Arlington, TX",US PL Dallas 2 Factory,
Ernest Packaging Solutions,,,no,60.28,C,3,"West Sacramento, CA",US PL Sacramento Factory,
Westside Warehouse,,,no,60.19,C,2,"Bethlehem, PA",US DC NFI - Breinigsville,
Commercial Cove Flex Warehouse & Storage,,,no,60.19,C,1,"Tyler, TX",US PL Hawkins Factory,
J/M Warehouses LLC,,,no,60.19,C,1,"DeForest, WI",US PL Madison Factory,
HTI COLD-STORAGE & RESTACK CROSSDOCK SERVICES,htisvcs.com,,no,60.19,C,1,"Indianapolis, IN",US PL Greenwood Indiana,parent_facility:medium
"ROWL United USA, LLC",,,no,60.18,D,1,"Pasadena, TX",US PL Pasadena Factory,
Ace Cross Dock,,,no,60.18,D,1,"Fontana, CA",US PL Ontario Factory,
"Stone Industries, LLC",,,no,60.18,D,1,"Saratoga Springs, NY",US PL Saratoga Spring Factory,
"Penn State Paper and Box Co., Inc.",psu.edu,,no,60.15,D,1,"Allentown, PA",US DC NFI - Breinigsville,parent_facility:medium
Carolina Logistics Services Inc,,,no,60.07,C,1,"Houston, TX",US PL S Houston Factory,
Riverside Distribution Center,,,no,60.07,C,1,"Riverside, CA",US PL Ontario Factory,
Daylight Transport,,,no,60.03,D,2,"Houston, TX",US PL S Houston Factory,
"Houston Manufacturing Specialty Co., Inc.",,,no,59.99,C,1,"Houston, TX",US PL S Houston Factory,
Texas Logistic & Fulfillment Services,,,no,59.95,C,1,"Sugar Land, TX",US PL S Houston Factory,
Federal Warehouse,,,no,59.95,C,1,"Indianapolis, IN",US PL Greenwood Indiana,
Shipping and Handling of Texas,shipping-and-handling.com,,no,59.95,C,1,"Sugar Land, TX",US PL S Houston Factory,parent_facility:medium
Bruns Bros. Process Equipment,,,no,59.95,C,1,"Gray, ME",US PL Poland Spring Factory,
Whitfield Garage Door's Repair Service,,,no,59.88,D,1,"Alachua, FL",US PL High Springs Factory,
"Bunga Inc, Grand Prairie",,,no,59.88,D,1,"Grand Prairie, TX",US PL Dallas 2 Factory,
"Westpac Pkg, Inc.",,,no,59.88,D,1,"Rancho Cucamonga, CA",US PL Ontario Factory,
CBM Fabrications,,,no,59.87,C,1,"Ballston Lake, NY",US PL Saratoga Spring Factory,
"Alta Industrial Management, Inc",,,no,59.87,C,1,"Mechanicville, NY",US PL Saratoga Spring Factory,
Placon Distribution Center,,,no,59.84,C,1,"DeForest, WI",US PL Madison Factory,
Crate Warehouse,,,no,59.84,C,1,"Houston, TX",US PL S Houston Factory,
A J Logistics,,,no,59.84,C,1,"Houston, TX",US PL S Houston Factory,
East Penn Manufacturing Administration Office,dekabatteries.com,,no,59.83,C,1,"RUSCMBMNR TWP, PA",US PL Allentown NPL Factory,parent_facility:medium
Gator Packaging,,,no,59.76,D,1,"Sacramento, CA",US PL Sacramento Factory,
Texas Manufacturing Co,,,no,59.74,C,1,"Houston, TX",US PL S Houston Factory,
Camino Manufacturing LLC,,,no,59.74,C,1,"Houston, TX",US PL S Houston Factory,
"DeepWater Buoyancy, Inc.",,,no,59.74,C,1,"Biddeford, ME",US PL Hollis Factory,
Cross Industry Dynamics,,,no,59.73,D,1,"Westminster, CO",US PL Denver Factory,
Jsc Cross Docking,,,no,59.73,D,1,"Fontana, CA",US PL Ontario Factory,
Patriot surplus equipment,,,no,59.72,C,1,"Sugar Land, TX",US PL S Houston Factory,
East Penn Manufacturing,dekabatteries.com,54734364234,yes,59.69,C,2,"Lyons, PA",US PL Allentown NPL Factory,package
Amazon DLR2,amazon.com,8981959027,yes,59.68,A,1,"Alexander, AR",US PL Hot Springs 2 Factory,package
EMPIRE CONTAINER FREIGHT STATION,empirecfs.com,,no,59.66,A,2,"Compton, CA",US PL Ontario Factory,package
Occidental Chemical Corporation,,,no,59.63,D,1,"Dallas, TX",US PL Dallas 2 Factory,
US Storage Centers,,,no,59.61,D,4,"Houston, TX",US PL S Houston Factory,
Pasco County Utilities Warehouse - Wesley Chapel,,,no,59.61,C,1,"Wesley Chapel, FL",US PL Zephyrhills Factory,
DallasWarehouse.com Joefield Rd Dallas - Warehouse & Storage,,,no,59.61,C,1,"Dallas, TX",US PL Dallas 2 Factory,
LVHN-Distribution Center,,,no,59.61,C,1,"Bethlehem, PA",US DC NFI - Breinigsville,
Swift Dedicated Terminal,,,no,59.58,D,1,"Fontana, CA",US PL Ontario Factory,
Arden Fair Mall & Terminal (NB),,,no,59.58,D,1,"Sacramento, CA 95815, USA",US PL Sacramento Factory,
Tactical Logistic Solutions,tacticallogistic.com,,no,59.58,D,1,"Chino, CA",US PL Ontario Factory,company_exact:high
Packwell BRT,,,no,59.58,D,1,"Pasadena, TX",US PL Pasadena Factory,
Procold Refrigarated Services,,,no,59.58,D,1,"Allentown, PA",US DC NFI - Breinigsville,
Bell Container International Paper,internationalpaper.com,54772680608,yes,59.55,A,1,"Los Angeles, CA",US PL Ontario Factory,package
The Can Van LLC,,,no,59.5,D,1,"Sacramento, CA",US PL Sacramento Factory,
JVS Logistics,,,no,59.49,C,1,"Indianapolis, IN",US PL Greenwood Indiana,
American Girl Deforest Distribution Center,americangirl.com,,no,59.49,C,1,"DeForest, WI",US PL Madison Factory,parent_facility:medium
Golf & Ski Warehouse,,,no,59.49,C,2,"Scarborough, ME",US PL Hollis Factory,
Dr Pepper/Seven Up Bottling,keurigdrpepper.com,,no,59.49,C,1,"Dallas, TX",US PL Dallas 2 Factory,curated:
XPress360,,,no,59.47,C,1,"Indianapolis, IN",US PL Greenwood Indiana,
Excargo Services Inc.,excargo.com,,no,59.43,D,1,"Pasadena, TX",US PL Pasadena Factory,company_exact:high
Ace Storage Solutions,,,no,59.43,D,1,"Arlington, TX",US PL Dallas 2 Factory,
Smart Warehouse,,,no,59.38,C,2,"Northampton, PA",US DC NFI - Breinigsville,
"FulCross Pro, LLC- 3PL Warehouse, Cross Dock & Fulfillment",,,no,59.38,C,1,"Houston, TX",US PL S Houston Factory,
BSM Logistics LLC,,,no,59.38,C,1,"Indianapolis, IN",US PL Greenwood Indiana,
Regal Wine & Liquor Warehouse,,,no,59.38,C,1,"Clifton Park, NY",US PL Saratoga Spring Factory,
Lehigh & New England - Bethlehem Freight Station Historic Site,,,no,59.38,C,1,"Bethlehem, PA 18018, USA",US DC NFI - Breinigsville,
Abox Packaging Co,,,no,59.37,C,1,"Houston, TX",US PL S Houston Factory,
"Key Courier Logistics, LLC",,,no,59.34,C,1,"Schnecksville, PA",US DC NFI - Breinigsville,
Aero-Tech Industries,,,no,59.29,D,1,"Grand Prairie, TX",US PL Dallas 2 Factory,
M & M Coastal Manufacturing,,,no,59.26,C,1,"Houston, TX",US PL S Houston Factory,
Advanced Manufacturing Techniques,,,no,59.26,C,1,"Clifton Park, NY",US PL Saratoga Spring Factory,
Machinery Manufacturing,,,no,59.26,C,1,"Hartsville, SC",US PL McBee Factory,
Piper Warehouse Inc,piperlogistics.com,,no,59.26,C,2,"Indianapolis, IN",US PL Greenwood Indiana,company_exact:high
Black Creek Warehouses,,,no,59.26,C,1,"Tyler, TX",US PL Hawkins Factory,
Commercial Foods,,,no,59.26,C,1,"Indianapolis, IN",US PL Greenwood Indiana,
Sysco Arkansas - Food Distributor & Restaurant Supplies,sysco.com,,no,59.16,A,1,"Little Rock, AR",US PL Hot Springs 2 Factory,curated:
Nav Logistics,nlius.com,,no,59.15,C,1,"Houston, TX",US PL S Houston Factory,company_exact:high
"The Little Potato Company - Potato Processing, Packaging, Distribution",littlepotatoes.com,,no,59.15,C,1,"DeForest, WI",US PL Madison Factory,parent_facility:medium
Track One Logistics,trackonelogistics.com,,no,59.15,C,1,"Riverside, CA",US PL Ontario Factory,company_exact:high
Sandvik Mining & Rock Technology,,,no,59.14,D,1,"Alachua, FL",US PL High Springs Factory,
Star Packaging Co Inc,,,no,59.12,C,1,"Indianapolis, IN",US PL Greenwood Indiana,
Arhaus Warehouse,arhaus.com,54432266050,yes,59.03,C,1,"Hutchins, TX",US PL Dallas 2 Factory,package
Charger Logistics Dallas Terminal,,,no,59.03,C,1,"Lancaster, TX",US PL Dallas 2 Factory,
Southeastern Freightlines,,,no,59.03,C,2,"Thonotosassa, FL",US PL Zephyrhills Factory,
Mill26,,,no,58.99,D,1,"Rock City Falls, NY",US PL Saratoga Spring Factory,
BCI - Buckeye Corrugated Indianapolis,,,no,58.99,C,1,"Indianapolis, IN",US PL Greenwood Indiana,
Amazon LAX5 Sort Center Warehouse,amazon.com,8981959027,yes,58.99,A,1,"Buena Park, CA",US PL Ontario Factory,package
Ply Gem - Cornerstone Building Brands,plygem.com,54773441846,yes,58.95,D,1,"West Sacramento, CA",US PL Sacramento Factory,package
Praxair Inc,praxair.com,54799581580,yes,58.93,D,1,"Hawkins, TX",US PL Hawkins Factory,package
TLB Food Factory,,,no,58.92,C,1,"Riverside, CA",US PL Ontario Factory,
Tany Foods,,,no,58.92,C,1,"Dallas, TX",US PL Dallas 2 Factory,
Tortillería Pachanga,,,no,58.92,C,1,"Scarborough, ME",US PL Hollis Factory,
"RPC Manufacturing Solutions, LLC",,,no,58.9,C,1,"Broomfield, CO",US PL Denver Factory,
Fred's Auto Transport,,,no,58.85,D,1,"Auburn, ME",US PL Poland Spring Factory,
Warehouse Coffee Co.,,,no,58.82,A,1,"Spring Hill, FL",US PL Zephyrhills Factory,
ÍSAFOLD Distribution Center,,,no,58.81,C,1,"Scarborough, ME",US PL Hollis Factory,
Logistics For Power Systems,,,no,58.81,C,1,"Clifton Park, NY",US PL Saratoga Spring Factory,
Cargo Pizza Company - Food Truck,,,no,58.81,C,1,"Scarborough, ME",US PL Hollis Factory,
Gronbach Food Systems LLC,,,no,58.81,C,1,"Arlington, TX",US PL Dallas 2 Factory,
Michaels Auto Transport,,,no,58.7,D,1,"Lewiston, ME",US PL Poland Spring Factory,
USA Auto Transport,firstchoiceautotransport.com,,no,58.7,D,1,"Lewiston, ME",US PL Poland Spring Factory,company_fuzzy:medium
Bargain Auto Transport,,,no,58.7,D,1,"Lewiston, ME",US PL Poland Spring Factory,
Gilman Electric Supply,,,no,58.7,D,1,"Auburn, ME",US PL Poland Spring Factory,
"Entosense, LLC",,,no,58.7,D,1,"Lewiston, ME",US PL Poland Spring Factory,
Performance Foodservice - Little Rock,pfgc.com,54179665688,yes,58.7,A,1,"Little Rock, AR",US PL Hot Springs 2 Factory,package
"Lightning Logistics, LLC",lightninglogistics.co.uk,,no,58.69,C,1,"Houston, TX",US PL S Houston Factory,company_exact:high
Dollar Warehouse,,,no,58.69,C,1,"Riverside, CA",US PL Ontario Factory,
O Z Fulfillment,,,no,58.69,C,1,"Dallas, TX",US PL Dallas 2 Factory,
R Logistics LLC,,,no,58.69,C,1,"Indianapolis, IN",US PL Greenwood Indiana,
Polytex Fibers Corps #9501,,,no,58.69,C,1,"Houston, TX",US PL S Houston Factory,
Tempo Logistics Inc,tempologistics.com,,no,58.67,C,1,"Pearland, TX",US PL Pasadena Factory,company_exact:high
DFW Truck S.T.O.P. & Wash,,,no,58.66,C,1,"Dallas, TX",US PL Dallas 2 Factory,
FulfillPlus 3PL Ecommerce Fulfillment Center and Warehouse,,,no,58.58,C,2,"Houston, TX",US PL S Houston Factory,
JLM Logistics Inc.,,,no,58.58,C,1,"Channelview, TX",US PL Pasadena Factory,
G M & L Manufacturing,,,no,58.54,C,1,"Houston, TX",US PL S Houston Factory,
Houston Manufacturing & Fab Co,,,no,58.54,C,1,"Houston, TX",US PL S Houston Factory,
Sysco Sacramento - Food Distributor & Restaurant Supplies,sysco.com,,no,58.52,A,1,"Pleasant Grove, CA",US PL Sacramento Factory,curated:
WareSpace NW Houston | Small Warehouse Space Rentals,,,no,58.47,C,1,"Houston, TX",US PL S Houston Factory,
Auto Sound Warehouse,,,no,58.47,C,1,"Channelview, TX",US PL Pasadena Factory,
Furniture Row Distribution Center,furniturerow.com,54774287801,yes,58.47,C,1,"Aurora, CO",US PL Denver Factory,package
Isis Food Truck Fabricacion y Reparacion,,,no,58.47,C,1,"Houston, TX",US PL S Houston Factory,
Coca Cola Bottling Plant Marker,coca-colacompany.com,,no,58.43,A,1,"Trenton, FL",US PL High Springs Factory,package
Southwestern Motor Transport,smtl.com,,no,58.42,C,1,"Tyler, TX",US PL Hawkins Factory,company_exact:high
Sunset Pacific Transportation,sunsettrans.com,,no,58.41,D,1,"Chino, CA",US PL Ontario Factory,parent_facility:medium
Lewiston - Midwest Moving Company,,,no,58.41,D,1,"Lewiston, ME",US PL Poland Spring Factory,
Luther Forest Technology Campus,,,no,58.41,D,1,"Malta, NY",US PL Saratoga Spring Factory,
Amazon Warehouse DJW8,amazon.com,8981959027,yes,58.4,A,1,"Cathedral City, CA",US PL Cabazon Factory,package
Garaga dsi Door Center Distribution - Portland,,,no,58.36,C,1,"Westbrook, ME",US PL Hollis Factory,
Guar Gum King,,,no,58.36,C,1,"Houston, TX",US PL S Houston Factory,
Earth Life Foods,,,no,58.36,C,1,"Indianapolis, IN",US PL Greenwood Indiana,
Core Creative Fabrication,,,no,58.3,C,1,"Tyler, TX",US PL Hawkins Factory,
Alchem Laboratories Corporation,,,no,58.26,D,1,"Alachua, FL",US PL High Springs Factory,
Frontage warehouse,,,no,58.25,C,1,"Plant City, FL",US PL Zephyrhills Factory,
Horwith Trucks Inc,,,no,58.19,C,1,"Northampton, PA",US DC NFI - Breinigsville,
Distribution center,,,no,58.15,C,5,"San Antonio, FL",US PL Zephyrhills Factory,
Texas Fulfillment Center 3PL,,,no,58.14,C,1,"Dallas, TX",US PL Dallas 2 Factory,
Goodwill Southern California Riverside Warehouse Clearance Center,,,no,58.14,C,1,"Riverside, CA",US PL Ontario Factory,
Adapt - Food Distribution Center,,,no,58.14,C,1,"Tyler, TX",US PL Hawkins Factory,
My Place Teen Center - Food Distribution Center,,,no,58.14,C,1,"Westbrook, ME",US PL Hollis Factory,
Crossdock & storage services,,,no,58.14,C,1,"Indianapolis, IN",US PL Greenwood Indiana,
Packit hub - Food Packaging Company,,,no,58.14,C,1,"Dallas, TX",US PL Dallas 2 Factory,
"Terminal Link Texas, LLC",,,no,58.12,D,1,"Seabrook, TX",US PL Pasadena Factory,
Maine Warehousing,,,no,58.12,D,1,"Lewiston, ME",US PL Poland Spring Factory,
Thibodeau's Ice Cream,icfc.es,,no,58.12,D,1,"Saco, ME",US PL Hollis Factory,parent_facility:medium
24-7 Cross Docking,,,no,58.12,C,3,"Arlington, TX",US PL Dallas 2 Factory,
United Salt Corporation,,,no,58.12,D,1,"Houston, TX",US PL S Houston Factory,
Nelipak Healthcare Packaging,nelipak.com,,no,58.11,C,1,"Whitehall Township, PA",US DC NFI - Breinigsville,company_exact:high
"Pillow Logistics Final Mile, Inc",movingme.com,,no,58.03,C,1,"Indianapolis, IN",US PL Greenwood Indiana,parent_facility:medium
Hermann Warehouse Company,,,no,58.03,C,1,"Houston, TX",US PL Pasadena Factory,
Erlanger Distribution Center Inc,,,no,58.03,C,1,"Riverside, CA",US PL Ontario Factory,
Blue Oak Logistics INC.,,,no,58.03,C,1,"Indianapolis, IN",US PL Greenwood Indiana,
Travero Logistics,,,no,58.02,C,1,"Stoughton, WI",US PL Madison Factory,
Ward's Supermarket,,,no,58,B,1,"Gainesville, FL",US PL High Springs Factory,
Interstate Warehousing,tippmanngroup.com,8982338352,yes,57.98,D,2,"Denver, CO",US PL Denver Factory,package
Kerr Industries of Texas,,,no,57.98,D,1,"Arlington, TX",US PL Dallas 2 Factory,
Dollar General Receiving,dollargeneral.com,,no,57.97,A,1,"Longview, TX",US PL Hawkins Factory,company_core:high
Amazon DMF8,amazon.com,8981959027,yes,57.94,A,1,"Clearwater, FL",US PL Zephyrhills Factory,package
Cascade Warehouse Inc,cascorp.com,54774200336,yes,57.92,C,1,"Colton, CA",US PL Ontario Factory,package
Dr. Pepper-7UP Bottling Company,,,no,57.92,C,1,"Tyler, TX",US PL Hawkins Factory,
Haven's Candies,,,no,57.92,C,1,"Westbrook, ME",US PL Hollis Factory,
Giorgio Foods Inc,giorgiofoods.com,,no,57.92,C,1,"Blandon, PA",US PL Allentown NPL Factory,company_exact:high
"Blue Ocean Seafood, Inc.",oceanbluelogistics.co.uk,,no,57.92,C,1,"Scarborough, ME",US PL Hollis Factory,parent_facility:medium
"Cordoba US I Inc, Agro & Food Trading Co Houston, TX",,,no,57.92,C,1,"Houston, TX",US PL S Houston Factory,
B & G Foods,bgfoods.com,,no,57.89,C,1,"Stoughton, WI",US PL Madison Factory,company_exact:high
Coca-Cola Bottling Co Cons,coca-colacompany.com,,no,57.86,A,2,"Monroe, NC",US PL McBee Factory,package
Arnoff Moving & Storage,,,no,57.83,D,1,"Malta, NY",US PL Saratoga Spring Factory,
Coors Glass Co,,,no,57.83,D,1,"Wheat Ridge, CO",US PL Denver Factory,
Precision Environmental Services,,,no,57.83,D,1,"Ballston Spa, NY",US PL Saratoga Spring Factory,
Branson Tractors Texas Distribution Center,,,no,57.81,C,1,"Tyler, TX",US PL Hawkins Factory,
ICC Mechanical Services / ICC Cold Storage Products,,,no,57.81,C,2,"Avon, IN",US PL Greenwood Indiana,
Hiland Dairy Foods - Tyler,hilanddairy.com,54771852144,yes,57.81,C,1,"Tyler, TX",US PL Hawkins Factory,package
Tip Top Packing Co,,,no,57.81,C,1,"Tyler, TX",US PL Hawkins Factory,
JT2 Pack,,,no,57.81,C,1,"Tyler, TX",US PL Hawkins Factory,
Aesir Logistics LLC,aesirlogistics.com,,no,57.76,C,1,"Fleetwood, PA",US PL Allentown NPL Factory,company_exact:high
Fast Lane Logistics,,,no,57.7,C,1,"Plant City, FL",US PL Zephyrhills Factory,
P & O Cold Logistics,,,no,57.7,C,2,"Dallas, TX 75227, USA",US PL Dallas 2 Factory,
BlueTriton / Regency,,,no,57.69,D,1,"Ballston Spa, NY",US PL Saratoga Spring Factory,
Warehouse 951,,,no,57.63,C,1,"Beaumont, CA",US PL Cabazon Factory,
Sunsweet Growers Inc.,sunsweet.com,54773398040,yes,57.63,C,1,"Fleetwood, PA",US PL Allentown NPL Factory,package
"Astro Chemical Company, Inc.",,,no,57.62,D,1,"Ballston Lake, NY",US PL Saratoga Spring Factory,
Western Express terminal entrance,western-express.com,,no,57.61,C,1,"Bethlehem, PA",US DC NFI - Breinigsville,company_core:high
Whole Foods Market Distribution Center Aurora,wholefoodsmarket.com,,no,57.59,C,1,"Aurora, CO",US PL Denver Factory,parent_facility:medium
Mr. Deals Liquidation Warehouse,,,no,57.59,C,1,"Indianapolis, IN",US PL Greenwood Indiana,
Nazareth Apostolic Church - Food Distribution Center,,,no,57.59,C,1,"Hartsville, SC",US PL McBee Factory,
Saint Paul Children's Services Food Pantry - Food Distribution Center,,,no,57.59,C,1,"Tyler, TX",US PL Hawkins Factory,
Tyler Tortilla Factory,,,no,57.59,C,1,"Tyler, TX",US PL Hawkins Factory,
Del Monte Foods,delmontefoods.com,,no,57.59,C,1,"Tampa, FL",US PL Zephyrhills Factory,company_exact:high
Steve Shannon Tire & Auto Center (formerly The Tire Warehouse),,,no,57.51,C,3,"Clifton Park, NY",US PL Saratoga Spring Factory,
Untitled Art - Warehouse,,,no,57.5,C,1,"Waunakee, WI",US PL Madison Factory,
Amazon DTP3,amazon.com,8981959027,yes,57.5,A,1,"Land O' Lakes, FL",US PL Zephyrhills Factory,package
Shaw's Truck Terminal,,,no,57.49,C,1,"Scarborough, ME",US PL Hollis Factory,
SMC Industries (Sproule Manufacturing),,,no,57.49,C,1,"Houston, TX",US PL Pasadena Factory,
"IMH Products, Inc (Andrew J. Brown Plant)",,,no,57.49,C,1,"Indianapolis, IN",US PL Greenwood Indiana,
Nappi Distributors,,,no,57.49,C,1,"Gorham, ME",US PL Hollis Factory,
Thrive 3PL - Houston's E-Commerce Warehousing and Fulfillment Experts,,,no,57.48,C,1,"Houston, TX",US PL S Houston Factory,
Maine Medical Hospital/Warehouse,,,no,57.48,C,1,"Portland, ME",US PL Hollis Factory,
Warehouse Battery Outlet,,,no,57.48,C,1,"Quakertown, PA",US DC NFI - Breinigsville,
Heidi’s Liquidation Warehouse,,,no,57.48,C,1,"Gainesville, FL",US PL High Springs Factory,
Frozen Factory,,,no,57.48,C,1,"South Portland, ME",US PL Hollis Factory,
Diversified Transfer & Storage,dtsb.com,,no,57.41,D,1,"Denver, CO",US PL Denver Factory,company_exact:high
Western Packaging,,,no,57.38,C,1,"Irving, TX",US PL Dallas 2 Factory,
Lighthouse Packaging,,,no,57.38,D,1,"Corona, CA",US PL Ontario Factory,
Tyler Public Warehouse,,,no,57.37,C,1,"Tyler, TX",US PL Hawkins Factory,
Ames distribution center,,,no,57.37,C,1,"Plant City, FL",US PL Zephyrhills Factory,
PA Building Supply Distribution Center | Quakertown (formerly known as Shelly's Supply),,,no,57.37,C,1,"Quakertown, PA",US DC NFI - Breinigsville,
Hot Springs Storage Center,,,no,57.3,D,1,"Hot Springs, AR",US PL Hot Springs 2 Factory,
CargoLoop LLC - Houston Terminal,,,no,57.27,D,3,"La Porte, TX",US PL Pasadena Factory,
S Mfg,,,no,57.27,D,1,"Denver, CO",US PL Denver Factory,
Sanderson Farms,sandersonfarms.com,54784261290,yes,57.27,D,1,"Tyler, TX",US PL Hawkins Factory,package
Cigars International Distribution Center,,,no,57.27,C,1,"Bethlehem, PA",US DC NFI - Breinigsville,
Midea PA MAC Distribution Center,,,no,57.27,C,1,"Bath, PA",US DC NFI - Breinigsville,
"Roberts Freight Consultants, Inc dba Unishippers of Sacramento, CA North and Marin",,,no,57.27,C,1,"Roseville, CA",US PL Sacramento Factory,
Portland Air Freight,airfreight.com,,no,57.27,C,1,"Scarborough, ME",US PL Hollis Factory,parent_facility:medium
Hartsville Paper Comple,,,no,57.26,C,1,"Hartsville, SC",US PL McBee Factory,
Preferred Packaging Products Inc,,,no,57.26,C,1,"Thornton, CO",US PL Denver Factory,
Barry Callebaut,barry-callebaut.com,,no,57.2,C,1,"Bethlehem, PA",US DC NFI - Breinigsville,company_exact:high
Caito Foods - Distribution Center,,,no,57.16,C,1,"Indianapolis, IN",US PL Greenwood Indiana,
Crate and Barrel Distribution Center,crateandbarrel.com,54771891268,yes,57.16,C,1,"Wilmer, TX",US PL Dallas 2 Factory,package
West Erwin Benevolence Center - Food Distribution Center,,,no,57.16,C,1,"Tyler, TX",US PL Hawkins Factory,
Genesis Logistics,genesislogistics.com,,no,57.16,C,1,"Lakeland, FL",US PL Zephyrhills Factory,company_exact:high
Tamale Factory,,,no,57.16,C,1,"Plant City, FL",US PL Zephyrhills Factory,
Freshrealm Indianapolis,,,no,57.16,C,1,"Indianapolis, IN",US PL Greenwood Indiana,
Greenleaf Foods,,,no,57.16,C,1,"Indianapolis, IN",US PL Greenwood Indiana,
Liberty Coca-Cola Beverages Production Center,coca-colacompany.com,,no,57.15,A,1,"Philadelphia, PA",US PL Allentown NPL Factory,package
First Baptist Church of Pine Ridge - Food Distribution Center,,,no,57.14,C,1,"Hartsville, SC",US PL McBee Factory,
Runamuk Acres Conservation Farm,,,no,57.14,C,1,"New Portland, ME",US PL Kingfield Factory,
"Roehl Transport, Inc.",roehl.net,,no,57.13,D,2,"Grand Prairie, TX",US PL Dallas 2 Factory,company_exact:high
Vintage Maine Kitchen,,,no,57.12,C,1,"Pownal, ME",US PL Poland Spring Factory,
Liberty Coca-Cola Beverages Warehouse and Distribution Center,coca-colacompany.com,,no,57.11,A,1,"Philadelphia, PA",US PL Allentown NPL Factory,package
Americold Logistics Brighton,americold.com,,no,57.06,A,1,"Brighton, CO",US PL Denver Factory,curated:
Tesla warehouse,,,no,57.05,C,2,"Plant City, FL",US PL Zephyrhills Factory,
E-Comm Fulfillment 3PL,,,no,57.05,C,1,"Riverside, CA",US PL Ontario Factory,
Primark Distribution Center,,,no,57.05,C,2,"Bethlehem, PA",US DC NFI - Breinigsville,
South Portland Food Cupboard,,,no,57.05,C,1,"South Portland, ME",US PL Hollis Factory,
houston central auto storage,,,no,56.99,D,1,"Houston, TX",US PL Pasadena Factory,
Mile Hi Express,,,no,56.99,D,1,"Aurora, CO",US PL Denver Factory,
PITT OHIO,pittohio.com,,no,56.99,D,2,"Indianapolis, IN",US PL Greenwood Indiana,company_exact:high
Manufacturers Warehousing,,,no,56.99,D,1,"Denver, CO",US PL Denver Factory,
Furniture Warehouse of Gainesville,,,no,56.99,C,1,"Gainesville, FL",US PL High Springs Factory,
MSL CoPackaging & E-Commerce Fulfillment,,,no,56.94,C,1,"Indianapolis, IN",US PL Greenwood Indiana,
Warehouse Furniture,globalfurnituregroup.com,54771812024,yes,56.94,C,6,"Gainesville, FL",US PL High Springs Factory,package
Feed The Children Distribution Center,,,no,56.94,C,1,"Bethlehem, PA",US DC NFI - Breinigsville,
Illes Foods,,,no,56.94,C,1,"Carrollton, TX",US PL Dallas 2 Factory,
Pamolab Manufacturing (FOR OUR MEDICAL SHOP PLEASE SEARCH THE SHOP AT PAMOLAB),,,no,56.92,C,1,"Scarborough, ME",US PL Hollis Factory,
Aegis Manufacturing LLC,,,no,56.92,C,1,"Bethlehem, PA",US DC NFI - Breinigsville,
A-1 Warehousing,,,no,56.85,D,1,"Houston, TX",US PL S Houston Factory,
Cibiya America Warehousing Services,,,no,56.85,D,1,"Grand Prairie, TX",US PL Dallas 2 Factory,
Nocs West Gulf Inc,,,no,56.85,D,1,"Deer Park, TX 77536, USA",US PL Pasadena Factory,
TA Madison 050,,,no,56.85,D,1,"DeForest, WI",US PL Madison Factory,
The Chefs’ Warehouse,chefswarehouse.com,54771978529,yes,56.84,C,1,"Carrollton, TX",US PL Dallas 2 Factory,package
Horizon Industry Distribution Center,,,no,56.84,C,1,"Tyler, TX",US PL Hawkins Factory,
CHRISTUS Trinity Mother Frances Warehouse,,,no,56.84,C,1,"Tyler, TX",US PL Hawkins Factory,
Paradise Cold Storage Division,,,no,56.84,C,1,"Plant City, FL 33563, USA",US PL Zephyrhills Factory,
Pine Knolls Food Pantry - Food Distribution Center,,,no,56.84,C,1,"Glens Falls, NY 12803, USA",US PL Saratoga Spring Factory,
Freightliner & Western Star Of Maine,,,no,56.84,C,1,"Westbrook, ME",US PL Hollis Factory,
Newly Weds Foods,newlywedsfoods.com,55554494490,yes,56.84,C,2,"Bethlehem, PA",US DC NFI - Breinigsville,package
Pegasus Foods Inc,pegasusfoods.com,,no,56.83,A,1,"Rockwall, TX",US PL Dallas 2 Factory,package
A-Armor Steel Mini Storage,,,no,56.79,C,1,"Rio Linda, CA",US PL Sacramento Factory,
Seaboard Cold Storage,seaboardcorp.com,54773464641,yes,56.73,C,1,"Plant City, FL",US PL Zephyrhills Factory,package
Ameri Cold Logistics,,,no,56.73,C,1,"Plant City, FL",US PL Zephyrhills Factory,
quick hands logistics inc,,,no,56.73,C,1,"Colton, CA",US PL Ontario Factory,
M & M Manufacturing Co,mmlogi.com,,no,56.69,C,2,"Houston, TX",US PL S Houston Factory,company_core:high
Gulf Coast Cooling and Packaging,,,no,56.69,C,1,"Plant City, FL",US PL Zephyrhills Factory,
Independence Floor Supply Inc bulk warehouse,,,no,56.63,C,1,"Westbrook, ME",US PL Hollis Factory,
Cajon Distribution Center,,,no,56.63,C,1,"San Bernardino, CA",US PL Ontario Factory,
ACEWAY LOGISTICS,,,no,56.63,C,1,"Indianapolis, IN",US PL Greenwood Indiana,
PennPak Solutions,,,no,56.63,C,1,"Bethlehem, PA",US DC NFI - Breinigsville,
Amazon HLI1,amazon.com,8981959027,yes,56.61,A,1,"Maumelle, AR",US PL Hot Springs 2 Factory,package
Highway Transport,hytt.com,,no,56.57,D,1,"La Porte, TX",US PL Pasadena Factory,company_exact:high
"Forsythe Ware House, CLL",,,no,56.57,D,1,"Franklin, IN",US PL Greenwood Indiana,
Crayola Distribution Center,crayola.com,54734204994,yes,56.52,C,1,"Bethlehem, PA",US DC NFI - Breinigsville,package
Innovative Logistics Group,innlogics.com,,no,56.52,C,2,"Portland, ME",US PL Hollis Factory,company_exact:high
Westgate Global Logistics,westgate-global-logistics.com,,no,56.52,C,1,"Bethlehem, PA",US DC NFI - Breinigsville,company_exact:high
Amazon HOU6,amazon.com,8981959027,yes,56.52,A,1,"Richmond, TX",US PL S Houston Factory,package
Amazon SMF3,amazon.com,8981959027,yes,56.52,A,1,"Stockton, CA",US PL Sacramento Factory,package
MAC Transportation Ltd,ro-mactransport.com,,no,56.5,D,1,"Big Sandy, TX",US PL Hawkins Factory,company_fuzzy:medium
Burger Warehouse,,,no,56.49,C,1,"Tyler, TX",US PL Hawkins Factory,
GDC Industrial Inc,,,no,56.47,C,1,"Tyler, TX",US PL Hawkins Factory,
Kane Logistics CHEP Pallets,idlogistics.com,,no,56.42,C,1,"Lakeland, FL",US PL Zephyrhills Factory,curated:
Alpaca Warehouse,,,no,56.42,C,1,"Gainesville, FL",US PL High Springs Factory,
SWorx Bottling Group,,,no,56.42,C,1,"Colton, CA",US PL Ontario Factory,
Sugar Factory - Tampa Bay,shiptbl.com,,no,56.4,B,1,"Tampa, FL",US PL Zephyrhills Factory,parent_facility:medium
Ralphs Grocery Distribution Center,ralphs.com,54772562210,yes,56.38,C,1,"Riverside, CA",US PL Ontario Factory,package
Bartush Schnitzius Foods Company,bartushfoods.com,,no,56.35,A,1,"Lewisville, TX",US PL Dallas 2 Factory,package
J & R Davenport Trucking,,,no,56.33,C,1,"New Portland, ME",US PL Kingfield Factory,
Lakeland Fulfillment Center,,,no,56.31,C,1,"Lakeland, FL",US PL Zephyrhills Factory,
Landmark Packaging Inc,,,no,56.3,C,1,"Aurora, CO",US PL Denver Factory,
Turner Industries Group,turner-industries.com,54771877217,yes,56.29,D,1,"Pasadena, TX",US PL Pasadena Factory,package
Averitt,averitt.com,45008324495,yes,56.29,D,4,"Tyler, TX",US PL Hawkins Factory,package
Work C&S/Winn-Dixie Distribution Center,,,no,56.28,C,1,"Plant City, FL",US PL Zephyrhills Factory,
Big 5 Distribution Center,,,no,56.21,C,1,"Riverside, CA",US PL Ontario Factory,
Lakeland Cold Storage,,,no,56.21,C,1,"Lakeland, FL",US PL Zephyrhills Factory,
BareBones Furniture Distribution Warehouse,,,no,56.21,C,1,"Queensbury, NY",US PL Saratoga Spring Factory,
Fresh Pop'd Popcorn Company Distribution Center,,,no,56.21,C,1,"Indianapolis, IN",US PL Greenwood Indiana,
Hexsnacks,,,no,56.21,C,1,"Indianapolis, IN",US PL Greenwood Indiana,
Amazon Fulfilment Center SCK1,amazon.com,8981959027,yes,56.21,A,1,"Stockton, CA",US PL Sacramento Factory,package
Amazon MCO5,amazon.com,8981959027,yes,56.18,A,1,"Davenport, FL",US PL Zephyrhills Factory,package
Amazon MCO4,amazon.com,8981959027,yes,56.18,A,1,"Davenport, FL",US PL Zephyrhills Factory,package
Kllm Lancaster Yard,,,no,56.15,D,1,"Lancaster, TX",US PL Dallas 2 Factory,
Elco Precision Machining,,,no,56.15,D,1,"Lewiston, ME",US PL Poland Spring Factory,
Sherwin-Williams Florida Distribution Center,sherwin-auto.cl,,no,56.12,A,1,"Winter Haven, FL",US PL Zephyrhills Factory,parent_facility:medium
Amazon MCO9,amazon.com,8981959027,yes,56.12,A,1,"Davenport, FL",US PL Zephyrhills Factory,package
Dean Warehouse,deanwarehouse.com,,no,56.1,C,2,"San Bernardino, CA",US PL Ontario Factory,company_exact:high
"Rounders Logistics, LLC",,,no,56.1,C,1,"Lakeland, FL",US PL Zephyrhills Factory,
Anita's Mexican Foods Corporation,,,no,56.1,C,1,"San Bernardino, CA",US PL Ontario Factory,
USPS North Texas Processing & Distribution Center,usps.com,,no,56.08,C,1,"Coppell, TX",US PL Dallas 2 Factory,curated:
SCK4 Amazon (IXD),amazon.com,8981959027,yes,56.03,A,1,"Stockton, CA",US PL Sacramento Factory,package
"Manchester Terminal, LLC.",,,no,56.02,D,1,"Houston, TX",US PL S Houston Factory,
DFW Distribution,,,no,56,C,1,"Dallas, TX",US PL Dallas 2 Factory,
Portabull Cold Storage,,,no,56,C,1,"Houston, TX",US PL S Houston Factory,
"WebstaurantStore Distribution Center - Baytown, TX",webstaurantstore.com,54772739682,yes,56,C,1,"Baytown, TX",US PL Pasadena Factory,package
Sagamore Food Pantry - Food Distribution Center,,,no,56,C,1,"Portland, ME",US PL Hollis Factory,
Lucky 7 Logistics LLC,,,no,56,C,1,"Dallas, TX",US PL Dallas 2 Factory,
Box Truxx Courier-Delivery-Crossdock,,,no,56,C,1,"Indianapolis, IN",US PL Greenwood Indiana,
Dandee Foods,,,no,56,C,2,"Lakeland, FL",US PL Zephyrhills Factory,
El Capitan Foods,,,no,56,C,1,"Indianapolis, IN",US PL Greenwood Indiana,
Touchdown Logistics LLC,,,no,55.99,C,1,"Wesley Chapel, FL",US PL Zephyrhills Factory,
Save-A-Lot Distribution Center,savealot.com,55554504979,yes,55.9,C,1,"Plant City, FL",US PL Zephyrhills Factory,package
Ashley Furniture Industries Manufacturing and Distribution Center,ashleyfurniture.com,,no,55.9,C,1,"Leesport, PA",US PL Allentown NPL Factory,curated:
Sysco Baraboo - Food Distributor & Restaurant Supplies,sysco.com,,no,55.9,A,1,"Baraboo, WI",US PL Madison Factory,curated:
"PAM Transport Inc. Irving,TX Terminal",pamtransport.com,,no,55.88,D,1,"Irving, TX",US PL Dallas 2 Factory,parent_facility:medium
"AllTrans Terminal Companies, LLC",,,no,55.88,D,2,"Houston, TX",US PL S Houston Factory,
AJJ 24hr Cross Docking,,,no,55.88,D,1,"Fontana, CA",US PL Ontario Factory,
Millard Refrigerated Services,,,no,55.88,D,1,"Allentown, PA 18104, USA",US DC NFI - Breinigsville,
Stoughton Logistics LLC,,,no,55.87,C,1,"Stoughton, WI",US PL Madison Factory,
Dallas Manufacturing Co,,,no,55.81,C,1,"Dallas, TX",US PL Dallas 2 Factory,
Flooring Warehouse,,,no,55.79,C,1,"South Glens Falls, NY",US PL Saratoga Spring Factory,
A&R LOGISTICS LLC,,,no,55.79,C,1,"Colton, CA",US PL Ontario Factory,
Morehouse Foods Inc,,,no,55.79,C,1,"City of Industry, CA",US PL Ontario Factory,
Santa Barbara Freight Corp,,,no,55.79,C,1,"Carrollton, TX",US PL Dallas 2 Factory,
Dart Transit Company,,,no,55.75,D,1,"Lancaster, TX",US PL Dallas 2 Factory,
Best Overnite,,,no,55.75,D,1,"West Sacramento, CA",US PL Sacramento Factory,
DHE Dependable Highway Express Sacramento,godependable.com,,no,55.75,D,1,"West Sacramento, CA",US PL Sacramento Factory,parent_facility:medium
FedEx Ground Ocala,fedex.com,8981900401,yes,55.7,A,1,"Ocala, FL",US PL High Springs Factory,package
Finch Paper Shipping Warehouse,,,no,55.69,C,1,"Glens Falls, NY",US PL Saratoga Spring Factory,
Wasserstrom Allentown Distribution Center,,,no,55.69,C,1,"Bethlehem, PA",US DC NFI - Breinigsville,
Edwards Warehouse Co,edwards.com,54421364399,yes,55.69,C,2,"Dallas, TX",US PL Dallas 2 Factory,package
Epic Bottling LLC,,,no,55.69,C,2,"Coppell, TX",US PL Dallas 2 Factory,
Tampa Maid Foods Inc,,,no,55.69,C,1,"Lakeland, FL",US PL Zephyrhills Factory,
Marjon Specialty Foods Inc,,,no,55.69,C,1,"Plant City, FL",US PL Zephyrhills Factory,
Wolverine Distribution,wolverineworldwide.com,54771909493,yes,55.62,C,1,"Beaumont, CA",US PL Cabazon Factory,package
"Terminal Frame & Collision, Inc",,,no,55.61,D,1,"West Sacramento, CA",US PL Sacramento Factory,
QFS Transportation- Terminal 150,qfstransportation.com,,no,55.61,D,2,"Houston, TX",US PL S Houston Factory,parent_facility:medium
Top Express LLC,,,no,55.61,D,1,"North Highlands, CA",US PL Sacramento Factory,
Domalgo Corporation,,,no,55.61,D,1,"Allentown, PA",US DC NFI - Breinigsville,
Millennium Manufacturing; A Bracalente Manufacturing Group Company,,,no,55.59,C,1,"Quakertown, PA",US DC NFI - Breinigsville,
Accutek Packaging Machinery,,,no,55.59,C,1,"Irving, TX",US PL Dallas 2 Factory,
Evo Logistics,,,no,55.59,C,1,"Grapevine, TX",US PL Dallas 2 Factory,
Mattress Firm Maine Warehouse,mattressfirm.com,,no,55.59,C,1,"South Portland, ME",US PL Hollis Factory,parent_facility:medium
I-House Cold Storage,,,no,55.59,C,1,"City of Industry, CA",US PL Ontario Factory,
DDC LOGISTICS INC,,,no,55.59,C,1,"Dallas, TX",US PL Dallas 2 Factory,
GLCCB REYES Coca-Cola Bottling Company: Grand Rapids Sales Center,coca-colacompany.com,,no,55.53,A,1,"Grand Rapids, MI",US PL Mecosta Factory,package
Conagra Brands - Russellville,conagrabrands.com,45006156352,yes,55.52,A,1,"Russellville, AR",US PL Hot Springs Factory,package
Salvation Army - Florence - Food Distribution Center,,,no,55.49,C,3,"Glens Falls, NY",US PL Saratoga Spring Factory,
Logistics Credit Repair LLC,,,no,55.49,C,1,"Plant City, FL",US PL Zephyrhills Factory,
"Challenger Freight Systems, Inc.",freightsystems.com,,no,55.49,C,1,"Grapevine, TX",US PL Dallas 2 Factory,parent_facility:medium
Aegle Nutrition,,,no,55.49,C,1,"Carrollton, TX",US PL Dallas 2 Factory,
Coca-Cola Vending,coca-colacompany.com,,no,55.49,A,1,"Grand Rapids, MI",US PL Mecosta Factory,package
3P Industries,,,no,55.47,D,1,"Tyler, TX",US PL Hawkins Factory,
SPi Global,,,no,55.47,D,1,"Lewiston, ME",US PL Poland Spring Factory,
Rio Ranch Warehouse,,,no,55.4,C,1,"San Bernardino, CA",US PL Ontario Factory,
Atwoods Distribution Center,,,no,55.39,C,1,"Tyler, TX",US PL Hawkins Factory,
Xcel Fulfillment,,,no,55.39,C,1,"Grapevine, TX",US PL Dallas 2 Factory,
Chiquita Fresh Distribution Center,,,no,55.39,C,1,"Bethlehem, PA",US DC NFI - Breinigsville,
Sysco Grand Rapids - Food Distributor & Restaurant Supplies,sysco.com,,no,55.35,A,1,"Grand Rapids, MI",US PL Mecosta Factory,curated:
West Side Transport - Indianapolis Indiana,westsidetransport.com,,no,55.34,D,1,"Indianapolis, IN",US PL Greenwood Indiana,parent_facility:medium
Express Refrigeration,,,no,55.34,D,1,"Sacramento, CA",US PL Sacramento Factory,
"HL Distribution, Grapevine",,,no,55.29,C,1,"Grapevine, TX",US PL Dallas 2 Factory,
SUNGISTIX - Smart 3PL Fulfillment & Warehousing,smartwarehousing.com,,no,55.29,C,1,"Riverside, CA",US PL Ontario Factory,parent_facility:medium
Cold Storage Maintenance,,,no,55.29,C,1,"Forest Hill, TX",US PL Dallas 2 Factory,
Mercury Cold Storage,mrcy.com,54771946358,yes,55.29,C,1,"Dover, FL",US PL Zephyrhills Factory,package
Tampa Bay Foods Inc.,shiptbl.com,,no,55.29,C,1,"Dover, FL",US PL Zephyrhills Factory,parent_facility:medium
Indiana Deli Provisions Inc,,,no,55.29,C,1,"Indianapolis, IN",US PL Greenwood Indiana,
Axium Packaging - PA Plant,,,no,55.27,C,1,"Bethlehem, PA",US DC NFI - Breinigsville,
Trinity Oaks Tyler,,,no,55.26,D,1,"Tyler, TX",US PL Hawkins Factory,
Westrock Coffee Company - Roasting & Manufacturing,westrockcoffee.com,54720622756,yes,55.26,A,2,"North Little Rock, AR",US PL Hot Springs 2 Factory,package
KSD Inc,,,no,55.25,D,1,"Banning, CA",US PL Cabazon Factory,
Transport Management Consultants,,,no,55.21,D,1,"Houston, TX",US PL S Houston Factory,
MS Warehousing,,,no,55.21,D,1,"Houston, TX",US PL S Houston Factory,
Sunrise MFG INC,,,no,55.21,D,1,"Gold River, CA",US PL Sacramento Factory,
Colden Corporation,,,no,55.21,D,1,"Ballston Lake, NY",US PL Saratoga Spring Factory,
Sherwin-Williams Manufacturing Plant,sherwin-auto.cl,,no,55.19,A,5,"Ennis, TX",US PL Dallas 2 Factory,company_core:high
CJ LOGISTICS-BETLEHEM,,,no,55.18,C,1,"Bethlehem, PA",US DC NFI - Breinigsville,
Logistics Team,teaminc.com,54773436210,yes,55.18,C,2,"Dallas, TX",US PL Dallas 2 Factory,package
P + P Manufacturing,,,no,55.18,C,1,"Portland, ME",US PL Hollis Factory,
Saint Mary's Church - Food Distribution Center,,,no,55.18,C,1,"Glens Falls, NY",US PL Saratoga Spring Factory,
Worldwide Logistics Group,worldwide-logistics.com,,no,55.18,C,1,"San Bernardino, CA",US PL Ontario Factory,company_exact:high
TIF Worldwide Logistics,,,no,55.18,C,1,"Gainesville, FL",US PL High Springs Factory,
TNN Manufacturing Co Inc,,,no,55.16,C,1,"Houston, TX",US PL S Houston Factory,
The Umbrella Factory Supermarket,,,no,55.15,C,1,"Naples, ME",US PL Poland Spring Factory,
Sun Prairie Cold Storage,,,no,55.14,C,1,"Sun Prairie, WI",US PL Madison Factory,
Local Source Foods,,,no,55.14,C,1,"Sun Prairie, WI",US PL Madison Factory,
CDS Logistics Reading,,,no,55.08,C,1,"Reading, PA",US PL Allentown NPL Factory,
Allagash Brewing Warehouse,,,no,55.08,C,1,"Portland, ME",US PL Hollis Factory,
Warehouse Services Inc,,,no,55.08,C,2,"Waterford, NY",US PL Saratoga Spring Factory,
Elite Sportswear Distribution Center,,,no,55.08,C,1,"Reading, PA",US PL Allentown NPL Factory,
San Bernardino County Public Health Warehouse,,,no,55.08,C,1,"San Bernardino, CA",US PL Ontario Factory,
Greg Beeche Logistics,,,no,55.08,C,1,"Waterford, NY",US PL Saratoga Spring Factory,
"Mechanicville Area Community Services Center, Inc. - Food Distribution Center",,,no,55.02,C,1,"Mechanicville, NY",US PL Saratoga Spring Factory,
HomeGoods Distribution Center,,,no,54.98,C,3,"Houston, TX",US PL S Houston Factory,
Rooms To Go Distribution Center,roomstogo.com,54772593570,yes,54.98,C,1,"Lakeland, FL",US PL Zephyrhills Factory,package
EL PAISANO WAREHOUSE,,,no,54.98,C,1,"Indianapolis, IN",US PL Greenwood Indiana,
LS Partners Logistics,,,no,54.98,C,1,"San Bernardino, CA",US PL Ontario Factory,
"Hacienda Foods Distribution, Inc.",,,no,54.98,C,1,"San Bernardino, CA",US PL Ontario Factory,
FREITTY Cross-Dock San Bernardino,,,no,54.98,C,1,"San Bernardino, CA",US PL Ontario Factory,
Consolidated Mills Inc,,,no,54.98,C,1,"Houston, TX",US PL S Houston Factory,
Savor Street Foods Inc,,,no,54.98,C,1,"Reading, PA",US PL Allentown NPL Factory,
Coastal Foods Inc,,,no,54.98,C,1,"Houston, TX",US PL S Houston Factory,
Colton Truck Terminal Garage,,,no,54.94,C,1,"Colton, CA",US PL Ontario Factory,
Diodes Incorporated: Manufacturing South Portland FAB,,,no,54.94,C,1,"South Portland, ME",US PL Hollis Factory,
"Cole Industrial, Powered by Lehman Pipe & Supply",,,no,54.94,C,1,"Plant City, FL",US PL Zephyrhills Factory,
Slices Concession,,,no,54.94,C,1,"Gainesville, FL",US PL High Springs Factory,
Hormel Foods,hormelfoods.com,45067333980,yes,54.92,A,1,"Irvine, CA",US PL Ontario Factory,package
Stater Bros Distribution Center,staterbros.com,,no,54.91,C,1,"San Bernardino, CA",US PL Ontario Factory,company_fuzzy:medium
The Kitchen Coop,,,no,54.9,C,1,"Broomfield, CO",US PL Denver Factory,
Steve Bay Ranch,,,no,54.9,C,1,"Tyler, TX",US PL Hawkins Factory,
AGILITY LOGISTICS WORLD WIDE,,,no,54.88,C,1,"Riverside, CA",US PL Ontario Factory,
Reddy Ice,reddyice.com,54771925774,yes,54.88,C,2,"Farmers Branch, TX",US PL Dallas 2 Factory,package
Day n Night Logistics,,,no,54.88,C,1,"Riverside, CA",US PL Ontario Factory,
Warren-Hamilton ACEO - Food Distribution Center,,,no,54.88,C,1,"Glens Falls, NY",US PL Saratoga Spring Factory,
Havertys Distribution Center,,,no,54.88,C,1,"Lakeland, FL",US PL Zephyrhills Factory,
Landis Logistics,landislogistics.com,,no,54.88,C,1,"Reading, PA",US PL Allentown NPL Factory,company_exact:high
Plum Group Foods,,,no,54.88,C,1,"Dallas, TX",US PL Dallas 2 Factory,
Energy Freight Systems,energyfreight.com,,no,54.88,C,1,"Houston, TX",US PL S Houston Factory,company_exact:high
Americold Logistics Russellville 324,americold.com,,no,54.85,A,1,"Russellville, AR",US PL Hot Springs Factory,curated:
Kerry Plant City,,,no,54.84,C,1,"Plant City, FL",US PL Zephyrhills Factory,
Portage Plastics Corporation,,,no,54.84,C,1,"Plant City, FL",US PL Zephyrhills Factory,
Smurfit Westrock Columbus Container Plant,westrockcoffee.com,54720622756,yes,54.83,A,1,"Columbus, IN",US PL Greenwood Indiana,package
BTC Terminal,,,no,54.81,D,1,"Indianapolis, IN",US PL Greenwood Indiana,
ReadySpaces,,,no,54.81,D,1,"Houston, TX",US PL S Houston Factory,
McKinley Paper & Packaging,,,no,54.81,C,1,"Lancaster, TX",US PL Dallas 2 Factory,
Bee Logistics LLC,beelogistics.com,,no,54.78,C,1,"Gainesville, FL",US PL High Springs Factory,company_exact:high
Floor & Decor Distribution Center,flooranddecor.com,54771874100,yes,54.78,C,1,"Mont Belvieu, TX",US PL Pasadena Factory,package
Del Monte Houston Distribution Center,delmonte.com,,no,54.78,C,1,"Houston, TX",US PL S Houston Factory,parent_facility:medium
Emser Tile Central Distribution Center,,,no,54.78,C,1,"Houston, TX",US PL S Houston Factory,
Americold Logistics Russellville Elmira,americold.com,,no,54.76,A,1,"Russellville, AR",US PL Hot Springs Factory,curated:
BGC - Brookshire Grocery Company Distribution Center,,,no,54.72,C,1,"Tyler, TX",US PL Hawkins Factory,
"ASH Automated Packaging Systems, Inc.",automatedlogistics.com,,no,54.69,C,1,"Dallas, TX",US PL Dallas 2 Factory,parent_facility:medium
Performance Team Cold Storage,performanceteam-us.com,45012661428,yes,54.69,C,1,"Baytown, TX",US PL Pasadena Factory,package
Napa Warehouse,,,no,54.69,C,2,"Portland, ME",US PL Hollis Factory,
United Methodist Church of Queensbury - Food Distribution Center,,,no,54.69,C,1,"Queensbury, NY",US PL Saratoga Spring Factory,
Cuatro Cinco Enterprises,,,no,54.67,D,1,"Houston, TX",US PL S Houston Factory,
"Tyson Processing Plant Monroe, N.C.",tyson.com,,no,54.65,A,1,"Monroe, NC",US PL McBee Factory,package
"Blue Triton Poland Spring: Hollis Center, ME",,,no,54.63,D,1,"Hollis, ME",US PL Hollis Factory,
"Stingray Logistics, Inc",,,no,54.63,B,1,"Lutz, FL",US PL Zephyrhills Factory,
Amazon Fulfillment Center SCK3,amazon.com,8981959027,yes,54.6,A,1,"Manteca, CA",US PL Sacramento Factory,package
DGR8 Amazon,amazon.com,8981959027,yes,54.6,A,1,"Walker, MI",US PL Mecosta Factory,package
Mat Logistics,,,no,54.59,C,1,"Riverside, CA",US PL Ontario Factory,
Giorgio's Beauty Supply Warehouse,,,no,54.59,C,3,"Gainesville, FL",US PL High Springs Factory,
Legacy Logistics,leglogistics.com,,no,54.59,C,2,"Reading, PA",US PL Allentown NPL Factory,company_exact:high
Wal-Mart Warehouse,,,no,54.59,C,1,"Lakeland, FL",US PL Zephyrhills Factory,
Palace Foods Inc,,,no,54.59,C,1,"Reading, PA",US PL Allentown NPL Factory,
DFL8 Amazon Distribution Center,amazon.com,8981959027,yes,54.59,A,1,"Groveland, FL",US PL Zephyrhills Factory,package
Millcreek Baptist Church - Food Distribution Center,,,no,54.57,C,1,"Hot Springs, AR",US PL Hot Springs 2 Factory,
ProTrans International Indianapolis Dock,,,no,54.54,D,1,"Indianapolis, IN",US PL Greenwood Indiana,
Capitol Warehousing Corporation,,,no,54.54,D,1,"Windsor, WI",US PL Madison Factory,
"Alcoa Storage Corona, CA.",,,no,54.54,D,1,"Corona, CA",US PL Ontario Factory,
Symbia Logistics,symbia.com,54434122799,yes,54.54,C,1,"Commerce City, CO",US PL Denver Factory,package
R.A.W. Industrial Supplies,,,no,54.52,C,1,"Plant City, FL",US PL Zephyrhills Factory,
Amazon HOU5 / HOU9,amazon.com,8981959027,yes,54.51,A,1,"Katy, TX",US PL S Houston Factory,package
Burlington Coat Factory Warehouse,,,no,54.49,C,2,"San Bernardino, CA",US PL Ontario Factory,
Quaker Distribution Warehouse,,,no,54.49,C,1,"Lakeland, FL",US PL Zephyrhills Factory,
Brilliant Fulfillment,bful.co,,no,54.49,C,1,"Grapevine, TX",US PL Dallas 2 Factory,company_exact:high
Auto Parts Warehouse: Auto Salvage Yard,,,no,54.49,C,1,"Tyler, TX",US PL Hawkins Factory,
Buy Low Flooring Warehouse,,,no,54.49,C,1,"Queensbury, NY",US PL Saratoga Spring Factory,
Foodbuy Foodservice,,,no,54.49,C,1,"Temple Terrace, FL",US PL Zephyrhills Factory,
Hayneedle Distribution Center,,,no,54.49,C,1,"Riverside, CA",US PL Ontario Factory,
SPANGLISH FACTORY Peruvian & Puertorican fusion,,,no,54.49,C,1,"Indianapolis, IN",US PL Greenwood Indiana,
Electrical Controls of Maine,,,no,54.48,D,1,"Lyman, ME",US PL Hollis Factory,
McKinley Packaging,,,no,54.47,D,2,"Dallas, TX",US PL Dallas 2 Factory,
Dean Foods,deanfoods.com,54771943536,yes,54.43,A,1,"Charlotte, NC",US PL McBee Factory,package
Armor Products Manufacturing Inc.,,,no,54.42,C,1,"Plant City, FL",US PL Zephyrhills Factory,
Viewpoint Manufacturing LLC,,,no,54.42,C,1,"Houston, TX",US PL S Houston Factory,
Werner Indianapolis Terminal,,,no,54.41,D,1,"Indianapolis, IN",US PL Greenwood Indiana,
Logistic Edge LLC,logisticedge.com,,no,54.41,D,1,"Corona, CA",US PL Ontario Factory,company_exact:high
Shaker Logistics,shipwithshaker.com,,no,54.39,C,1,"Waterford, NY",US PL Saratoga Spring Factory,company_exact:high
Rice warehouse,,,no,54.39,C,1,"Plant City, FL",US PL Zephyrhills Factory,
Hot Topic Distribution Center,hottopic.com,54773455656,yes,54.39,C,1,"Riverside, CA",US PL Ontario Factory,package
MW Logistics,mwlogistics.com,,no,54.39,C,1,"Dallas, TX",US PL Dallas 2 Factory,company_exact:high
UF Asset Management Surplus Warehouse,,,no,54.39,C,1,"Gainesville, FL",US PL High Springs Factory,
High Mind Packaging,,,no,54.36,D,1,"Westbrook, ME",US PL Hollis Factory,
AVP1 Amazon Fulfillment Center,amazon.com,8981959027,yes,54.36,A,1,"Hazle Township, PA",US PL Allentown Factory,package
Yuengling Tampa Brewing Warehouse,,,no,54.34,C,1,"Tampa, FL",US PL Zephyrhills Factory,
Carpenter Technology Corp. Hartsville Operations,cartech.com,,no,54.33,D,1,"McBee, SC",US PL McBee Factory,parent_facility:medium
SFL1/VFL1 - Amazon (GSF),amazon.com,8981959027,yes,54.33,A,1,"Orlando, FL",US PL Zephyrhills Factory,package
Windham Manufacturing Company,,,no,54.31,C,1,"Dallas, TX",US PL Dallas 2 Factory,
American Tire Distributors,atd-us.com,54771777946,yes,54.31,C,2,"Portland, ME",US PL Hollis Factory,package
"National Distributors, Inc.",nationaloak.com,,no,54.31,C,1,"South Portland, ME",US PL Hollis Factory,company_fuzzy:medium
BelGioioso Glenville Warehouse,,,no,54.29,C,1,"Glenville, NY",US PL Saratoga Spring Factory,
Cavender's Distribution Center,cavenders.com,,no,54.29,C,1,"Tyler, TX",US PL Hawkins Factory,company_core:high
County Line Logistics Center,,,no,54.29,C,1,"Plant City, FL",US PL Zephyrhills Factory,
Segue Distribution,,,no,54.29,C,1,"Tyler, TX",US PL Hawkins Factory,
Kirby Risk Distribution Center,kirbyrisk.com,54771907404,yes,54.29,C,1,"Indianapolis, IN",US PL Greenwood Indiana,package
Gatorade Distribution Center,pepsico.com,,no,54.29,C,2,"Lakeland, FL",US PL Zephyrhills Factory,curated:
HIGH TECH LOGISTICS,lpht.com.br,,no,54.29,C,1,"Riverside, CA",US PL Ontario Factory,company_fuzzy:medium
K&G Express Logistics,,,no,54.29,C,1,"Lakeland, FL",US PL Zephyrhills Factory,
Argyle Cheese Farmer,,,no,54.29,C,1,"Hudson Falls, NY",US PL Saratoga Spring Factory,
Seven Star Packaging & Industrial,,,no,54.21,C,1,"Houston, TX",US PL S Houston Factory,
Lakeside Losgitics,,,no,54.21,C,1,"Plant City, FL",US PL Zephyrhills Factory,
Trader Joes Warehouse,,,no,54.2,C,1,"San Bernardino, CA",US PL Ontario Factory,
T.J. Maxx Distribution Center,,,no,54.2,C,1,"Lakeland, FL",US PL Zephyrhills Factory,
suddenlink warehouse,,,no,54.2,C,1,"Tyler, TX",US PL Hawkins Factory,
DCD Warehouse Company,,,no,54.2,C,1,"Tyler, TX",US PL Hawkins Factory,
Reliable Warehouse LLC,,,no,54.2,C,1,"Schenectady, NY",US PL Saratoga Spring Factory,
Well Above Bottling & Canning/careers,,,no,54.2,C,1,"Roseville, CA",US PL Sacramento Factory,
Indy Bargain Warehouse,,,no,54.2,C,1,"Indianapolis, IN",US PL Greenwood Indiana,
US Defense Logistics Agency,dla.mil,54754697309,yes,54.2,C,1,"Scotia, NY",US PL Saratoga Spring Factory,package
Tube Processing Corporation,,,no,54.15,D,1,"Indianapolis, IN",US PL Greenwood Indiana,
IceBox Storage Rentals,,,no,54.15,D,1,"Sacramento, CA",US PL Sacramento Factory,
Steelsafe Storage,,,no,54.14,C,1,"Bally, PA",US PL Allentown NPL Factory,
Pacific Shipping & Trucking Co,,,no,54.11,C,1,"Henderson, CO",US PL Denver Factory,
Marine Sports Manufacturing,,,no,54.1,C,1,"Plant City, FL",US PL Zephyrhills Factory,
EML Manufacturing LLC,,,no,54.1,C,1,"Houston, TX",US PL S Houston Factory,
ARD Logistics‎,ardlogistics.com,,no,54.1,C,1,"Tyler, TX",US PL Hawkins Factory,company_exact:high
Elite Office Logistics,,,no,54.1,C,1,"Lakeland, FL",US PL Zephyrhills Factory,
LNC Logistics LLC,lnclogistics.com,,no,54.1,C,1,"Houston, TX",US PL S Houston Factory,company_exact:high
Freight Solutions LLC,newerafreightsolutions.com,,no,54.1,C,1,"Houston, TX",US PL S Houston Factory,company_fuzzy:medium
Truck Spot,,,no,54.1,C,1,"Lakeland, FL",US PL Zephyrhills Factory,
Great Lakes Coca-Cola,coca-colacompany.com,,no,54.06,A,1,"Caledonia, MI",US PL Mecosta Factory,package
LIT1 Amazon guard shack,amazon.com,8981959027,yes,54.03,A,1,"Little Rock, AR",US PL Hot Springs 2 Factory,package
Challenge Manufacturing,challenge-mfg.com,54773560103,yes,54,C,6,"Irving, TX",US PL Dallas 2 Factory,package
The Costumer Rental Warehouse,,,no,54,C,1,"Schenectady, NY",US PL Saratoga Spring Factory,
Birchwood Interiors Warehouse,,,no,53.99,C,1,"Carrabassett Valley, ME",US PL Kingfield Factory,
Amazon HTP9,amazon.com,8981959027,yes,53.96,A,1,"Ocala, FL",US PL High Springs Factory,package
Ocotillo Services | Receiving Warehouse,,,no,53.95,C,1,"Palm Springs, CA",US PL Cabazon Factory,
TPA6 Amazon Fulfillment,amazon.com,8981959027,yes,53.92,A,1,"Ocala, FL",US PL High Springs Factory,package
Very Good Manufacturing,,,no,53.9,C,1,"Fort Worth, TX",US PL Dallas 2 Factory,
Bulk Manufacturing of Florida,,,no,53.9,C,1,"Plant City, FL",US PL Zephyrhills Factory,
Plastipak Packaging Inc,,,no,53.9,C,1,"Plant City, FL",US PL Zephyrhills Factory,
Moreau Industrial Park,,,no,53.9,C,1,"Glens Falls, NY 12803, USA",US PL Saratoga Spring Factory,
24 HOUR CROSSDOCKING WAREHOUSE /LOCAL DELIVERY/RESTACK,,,no,53.9,C,1,"Houston, TX",US PL S Houston Factory,
Freeway Logistics,,,no,53.9,C,1,"Houston, TX",US PL S Houston Factory,
Southside Furniture Warehouse,,,no,53.9,C,1,"Tyler, TX",US PL Hawkins Factory,
"Portland West, Inc. - Food Distribution Center",,,no,53.9,C,1,"Portland, ME",US PL Hollis Factory,
Tyler Shelving Warehouse,,,no,53.9,C,1,"Tyler, TX",US PL Hawkins Factory,
"Riverson Foods, Inc.",,,no,53.9,C,1,"City of Industry, CA",US PL Ontario Factory,
Wallport Transit Xpress,wtxpress.com,,no,53.89,D,1,"La Porte, TX",US PL Pasadena Factory,company_exact:high
Amazon Distribution Center Ocala,amazon.com,8981959027,yes,53.88,A,1,"Ocala, FL",US PL High Springs Factory,package
Stoughton Trucking Inc,,,no,53.87,C,1,"Stoughton, WI",US PL Madison Factory,
The Tire Warehouse Inc,,,no,53.81,C,1,"Schenectady, NY",US PL Saratoga Spring Factory,
Secure Global Logistics,secure.ca,54773417564,yes,53.81,C,1,"Houston, TX",US PL S Houston Factory,package
Health System Services Distribution Center,,,no,53.81,C,1,"Queensbury, NY",US PL Saratoga Spring Factory,
Welch Packaging - IndyCorr,welchpkg.com,54772703244,yes,53.79,C,1,"Indianapolis, IN",US PL Greenwood Indiana,package
Ricky Rockets Fuel Center,,,no,53.79,C,1,"Garland, TX",US PL Dallas 2 Factory,
Logisticenter At Sourhport,,,no,53.76,D,1,"West Sacramento, CA",US PL Sacramento Factory,
Pemex Deer Park Support Center,,,no,53.76,D,1,"Deer Park, TX",US PL Pasadena Factory,
Regal Machine,,,no,53.76,D,1,"Tyler, TX",US PL Hawkins Factory,
DeCrescente Distributing Company Inc.,,,no,53.74,D,1,"Mechanicville, NY",US PL Saratoga Spring Factory,
"Hodge Transport, LLC",,,no,53.73,D,1,"Buxton, ME",US PL Hollis Factory,
Macpac Fulfillment LLC,,,no,53.72,C,1,"Broomfield, CO",US PL Denver Factory,
Weather King Portable Buildings of Lakeland,,,no,53.72,D,1,"Lakeland, FL",US PL Zephyrhills Factory,
Burlington Distribution Center,burlington.com,55554515498,yes,53.71,C,2,"Riverside, CA",US PL Ontario Factory,package
Maine Logistics Solutions,,,no,53.71,C,2,"Portland, ME",US PL Hollis Factory,
"Up Logistics, LLC",,,no,53.71,C,1,"Indianapolis, IN",US PL Greenwood Indiana,
Industry Distribution Center,,,no,53.71,C,1,"City of Industry, CA",US PL Ontario Factory,
Glen-Gery Mid-Atlantic Plant,glengery.com,,no,53.69,C,1,"Shoemakersville, PA",US PL Allentown NPL Factory,parent_facility:medium
Americold Logistics N Little Rock,americold.com,,no,53.68,A,1,"North Little Rock, AR",US PL Hot Springs 2 Factory,curated:
HCS Dallas,,,no,53.63,D,1,"Lancaster, TX",US PL Dallas 2 Factory,
Emergent Cold,,,no,53.63,D,1,"Dallas, TX",US PL Dallas 2 Factory,
Wilson Logistics,wilsonlogistics.com,45142300417,yes,53.62,C,1,"Dallas, TX",US PL Dallas 2 Factory,package
Shipping Logistics LLC,rlcarriers.com,,no,53.62,C,1,"Houston, TX",US PL S Houston Factory,company_exact:high
Tyler Consignment Warehouse,,,no,53.62,C,1,"Tyler, TX",US PL Hawkins Factory,
Natural American Foods,,,no,53.62,C,1,"San Bernardino, CA",US PL Ontario Factory,
Maine Shellfish Co,,,no,53.61,C,1,"Kennebunk, ME",US PL Hollis Factory,
Craters & Freighters Northern Colorado,cratersandfreighters.com,,no,53.61,C,1,"Broomfield, CO",US PL Denver Factory,parent_facility:medium
Peninsula Steel,,,no,53.59,C,1,"Plant City, FL",US PL Zephyrhills Factory,
Tampa's Best Wash,,,no,53.55,C,1,"Tampa, FL",US PL Zephyrhills Factory,
International Marine Terminal,,,no,53.52,C,2,"Portland, ME",US PL Hollis Factory,
"Miller Warehouse Houston, Texas",,,no,53.52,C,1,"Houston, TX",US PL S Houston Factory,
Tiger Logistics,,,no,53.52,C,1,"Tyler, TX",US PL Hawkins Factory,
"Preble Street, Inc. - Food Distribution Center",,,no,53.52,C,1,"Portland, ME",US PL Hollis Factory,
O.B. Macaroni Company,,,no,53.52,C,1,"Fort Worth, TX",US PL Dallas 2 Factory,
Cold Summit Development,,,no,53.5,D,1,"Dallas, TX",US PL Dallas 2 Factory,
S & B Distributors,,,no,53.5,D,1,"Indianapolis, IN",US PL Greenwood Indiana,
Jessup Logistics,,,no,53.49,C,1,"Mooresville, IN",US PL Greenwood Indiana,
Houseworks Warehouse,,,no,53.43,C,1,"Indianapolis, IN",US PL Greenwood Indiana,
Sicm Food Program - Food Distribution Center,,,no,53.43,C,1,"Schenectady, NY",US PL Saratoga Spring Factory,
Pool & Spa Warehouse of Gainesville,,,no,53.43,C,1,"Gainesville, FL",US PL High Springs Factory,
McYoung Foods,,,no,53.43,C,1,"Indianapolis, IN",US PL Greenwood Indiana,
Midland Manufacturing Co,midlandmfg.com,,no,53.39,C,1,"Fort Worth, TX",US PL Dallas 2 Factory,company_exact:high
Precision Manufacturing Company,,,no,53.39,C,1,"Roseville, CA",US PL Sacramento Factory,
Global Freezer,,,no,53.39,C,1,"Plant City, FL",US PL Zephyrhills Factory,
Tyler Steel Company,,,no,53.38,D,1,"Tyler, TX",US PL Hawkins Factory,
Cheney Brothers Florence,cheneybrothers.com,,no,53.38,A,1,"Florence, SC",US PL McBee Factory,package
Landstar System Inc.,landstar.com,,no,53.37,D,1,"Fort Worth, TX",US PL Dallas 2 Factory,contact_email_modal:high
"Sacramento Refrigeration, Inc.",,,no,53.37,D,1,"Sacramento, CA",US PL Sacramento Factory,
Total Logistics eCommerce Fulfillment Solutions,,,no,53.37,A,1,"Tampa, FL",US PL Zephyrhills Factory,
RC Willey Roseville Distribution Center,,,no,53.33,C,1,"Roseville, CA",US PL Sacramento Factory,
3PL Fulfillment & Prep - FBA Prep & FBM,,,no,53.33,C,1,"Dallas, TX",US PL Dallas 2 Factory,
Lightning Transport and Logistics,,,no,53.33,C,1,"Tampa, FL",US PL Zephyrhills Factory,
Cart.com Dallas Fulfillment Center,cart.com,,no,53.33,C,1,"Garland, TX",US PL Dallas 2 Factory,parent_facility:medium
"Logistics Depot, LLC",,,no,53.33,C,1,"San Bernardino, CA",US PL Ontario Factory,
CMS Warehouse,,,no,53.33,C,1,"Schenectady, NY",US PL Saratoga Spring Factory,
Brookshire's/Super 1 Foods Distribution Shipping/Receiving,,,no,53.33,C,1,"Tyler, TX",US PL Hawkins Factory,
Countrywide Logistics,,,no,53.33,C,1,"Tampa, FL",US PL Zephyrhills Factory,
Cosmo's Superior Foods,,,no,53.33,C,1,"Indianapolis, IN",US PL Greenwood Indiana,
Working Food Community Center,,,no,53.33,C,1,"Gainesville, FL",US PL High Springs Factory,
Packaging Forest LLC,,,no,53.27,C,1,"Grapevine, TX",US PL Dallas 2 Factory,
American Airlines Cargo,americanairlinescenter.com,,no,53.27,D,2,"Irving, TX",US PL Dallas 2 Factory,parent_facility:medium
WareSpace Centennial | Small Warehouse Space Rentals,,,no,53.26,C,1,"Englewood, CO",US PL Denver Factory,
West Motor Freight Inc,westmotor.com,45001355185,yes,53.26,C,1,"Boyertown, PA",US PL Allentown NPL Factory,package
"Western Express, Inc.",westernexp.com,45145577257,yes,53.24,D,1,"Bloomington, CA",US PL Ontario Factory,package
PrepGet,,,no,53.24,D,1,"Stafford, TX",US PL S Houston Factory,
"Jay Bird Mfg. Co., Inc.",,,no,53.24,D,1,"Malvern, AR",US DC Hot Springs (WHSE),
"Texas Cartage Warehouse, Inc.",,,no,53.24,C,1,"Dallas, TX",US PL Dallas 2 Factory,
Voltex Logistics,,,no,53.24,C,1,"Portland, ME",US PL Hollis Factory,
University of Florida Meat Processing Center,,,no,53.24,C,1,"Gainesville, FL",US PL High Springs Factory,
Dallas Parts Distribution Center,,,no,53.24,C,1,"Garland, TX",US PL Dallas 2 Factory,
Plantgistix- Baytown,,,no,53.24,C,1,"Baytown, TX",US PL Pasadena Factory,
Casco Village Church Food Pantry - Food Distribution Center,,,no,53.21,C,1,"Casco, ME",US PL Poland Spring Factory,
Smurfit Westrock Hazleton Fold-Pak Plant,westrockcoffee.com,54720622756,yes,53.19,A,1,"Hazleton, PA",US PL Allentown Factory,package
Rozell Sprayer Manufacturing Co,,,no,53.18,C,1,"Tyler, TX",US PL Hawkins Factory,
RealCold,realcold.com,54913330343,yes,53.16,C,3,"Colton, CA",US PL Ontario Factory,package
Hillco Specialties Inc,,,no,53.16,D,1,"Windham, ME",US PL Hollis Factory,
"HeLP Logistics, Inc.",helplogistics.com,,no,53.15,C,1,"New Palestine, IN",US PL Greenwood Indiana,company_exact:high
Naples CRC Food Pantry - Food Distribution Center,,,no,53.15,C,1,"Naples, ME",US PL Poland Spring Factory,
LKQ Refinish Distribution Center,lkqcorp.com,54771960222,yes,53.15,A,1,"Kentwood, MI",US PL Mecosta Factory,package
WestPark Warehouses,,,no,53.14,C,1,"Tyler, TX",US PL Hawkins Factory,
Save Rack Fulfillment,,,no,53.14,C,1,"Lakeland, FL",US PL Zephyrhills Factory,
Bausch and Lomb Off-Site Warehouse,,,no,53.14,C,1,"Tampa, FL",US PL Zephyrhills Factory,
"Nongshim America, Inc. - Texas Office",nongshimusa.com,54754528336,yes,53.14,C,1,"Garland, TX",US PL Dallas 2 Factory,package
Norfolk Southern Allentown Terminal,nscorp.com,,no,53.12,D,1,"Allentown, PA",US DC NFI - Breinigsville,parent_facility:medium
Express Packing Inc.,,,no,53.12,D,1,"Indianapolis, IN",US PL Greenwood Indiana,
C&S Wholesale Grocers,cswg.com,54181977400,yes,53.08,C,1,"Coppell, TX",US PL Dallas 2 Factory,package
ALB1 Amazon Fulfillment Center,amazon.com,8981959027,yes,53.08,A,1,"Castleton-On-Hudson, NY",US PL Saratoga Spring Factory,package
Warrior Logistics Group,,,no,53.05,C,1,"Coppell, TX",US PL Dallas 2 Factory,
Perfume Warehouse,,,no,53.05,C,2,"Houston, TX",US PL S Houston Factory,
HARBORSIDE LOGISTICS,harborsidelogistics.com,,no,53.05,C,1,"Portland, ME",US PL Hollis Factory,company_exact:high
Roadside Oasis,,,no,53.05,C,4,"Moreno Valley, CA",US PL Ontario Factory,
Americold Logistics Jefferson,americold.com,,no,53.01,A,1,"Jefferson, WI",US PL Madison Factory,curated:
"Central States Manufacturing, Inc.",usmc.mil,,no,52.99,D,1,"Cedar Hill, TX",US PL Dallas 2 Factory,company_fuzzy:medium
Bamboo Bay Rum Company,,,no,52.99,D,1,"Houston, TX",US PL S Houston Factory,
INEOS,ineos.com,,no,52.99,D,1,"La Porte, TX",US PL Pasadena Factory,company_exact:high
Con-Tech Manufacturing Inc,,,no,52.98,C,1,"San Bernardino, CA",US PL Ontario Factory,
Spears manufacturing,spearsmfg.net,,no,52.98,C,2,"Houston, TX",US PL S Houston Factory,company_exact:high
WALKER FURNITURE WAREHOUSE,,,no,52.96,C,1,"Gainesville, FL 32608, USA",US PL High Springs Factory,
"Fusion Logistics Services, LLC",,,no,52.96,C,1,"Lakeland, FL",US PL Zephyrhills Factory,
Olivia Storage & Crossdock,,,no,52.96,C,1,"City of Industry, CA",US PL Ontario Factory,
Fehrenbacher's Meats & Eats,,,no,52.96,C,1,"Gainesville, FL",US PL High Springs Factory,
KBW Supply,,,no,52.96,C,1,"Tyler, TX",US PL Hawkins Factory,
Shop Smart,,,no,52.94,C,1,"Fort White, FL",US PL High Springs Factory,
"Rilco Manufacturing Company, Inc.",,,no,52.88,C,1,"Houston, TX",US PL S Houston Factory,
Royal Manufacturing,,,no,52.88,C,1,"Houston, TX",US PL S Houston Factory,
"Micarles, LLC",,,no,52.86,D,1,"Houston, TX",US PL S Houston Factory,
Tech Valley Flex Park,,,no,52.86,D,1,"Round Lake, NY",US PL Saratoga Spring Factory,
Selery Fulfillment,selery.com,,no,52.86,C,1,"Carrollton, TX",US PL Dallas 2 Factory,company_exact:high
United Freight & Logistics,unitedstatesoffreight.com,,no,52.86,C,1,"Humble, TX",US PL S Houston Factory,company_fuzzy:medium
Emerson cross-dock,,,no,52.86,C,1,"Fort Worth, TX",US PL Dallas 2 Factory,
FLS Dallas Warehouse,,,no,52.77,C,1,"Carrollton, TX",US PL Dallas 2 Factory,
Cart.com Garland Fulfillment Center,cart.com,,no,52.77,C,1,"Garland, TX",US PL Dallas 2 Factory,parent_facility:medium
Kaiser Foodline,,,no,52.77,C,1,"Garland, TX",US PL Dallas 2 Factory,
Ron's Market,,,no,52.77,C,1,"Farmington, ME",US PL Kingfield Factory,
Generations CryoVault,,,no,52.74,D,1,"Indianapolis, IN",US PL Greenwood Indiana,
HF&W,,,no,52.74,D,1,"Indianapolis, IN",US PL Greenwood Indiana,
Origin Materials,,,no,52.74,D,1,"West Sacramento, CA",US PL Sacramento Factory,
"Viking Cold Solutions, Inc.",,,no,52.74,D,1,"Houston, TX",US PL S Houston Factory,
Hartt Drop Yard,,,no,52.74,D,1,"Saco, ME",US PL Hollis Factory,
Warehouse Interiors,,,no,52.69,C,1,"Orangevale, CA",US PL Sacramento Factory,
Ashley Furniture Distribution Center,ashleyfurniture.com,54706117218,yes,52.68,C,4,"Redlands, CA",US PL Ontario Factory,package
Lincoln Distribution,lincolninternational.com,54774241961,yes,52.68,C,1,"Tampa, FL",US PL Zephyrhills Factory,package
Kingz International Logistics,,,no,52.68,C,1,"Dallas, TX",US PL Dallas 2 Factory,
CJ Foods Manufacturing Corp.,,,no,52.68,C,1,"Fullerton, CA",US PL Ontario Factory,
"Alachua Glass and Logistics, LLC.",,,no,52.68,C,1,"Gainesville, FL",US PL High Springs Factory,
National Call Centers and Logistics,,,no,52.68,C,1,"Gainesville, FL",US PL High Springs Factory,
Liberty Manufacturing Group,,,no,52.66,A,1,"Pennsauken, NJ",US PL Allentown NPL Factory,
Harris Teeter Distribution Center,harristeeter.com,45064387700,yes,52.63,A,2,"Indian Trail, NC",US PL McBee Factory,package
Coca-cola EQS,coca-colacompany.com,,no,52.62,A,1,"Charlotte, NC",US PL McBee Factory,package
US Xpress Dallas Terminal,,,no,52.61,D,1,"Dallas, TX",US PL Dallas 2 Factory,
Ellisville Mini Storage Inc,,,no,52.61,D,1,"Lake City, FL",US PL High Springs Factory,
Knight Transportation Houston Yard/PTL,knight-swift.com,,no,52.61,D,1,"Houston, TX",US PL S Houston Factory,parent_facility:medium
Betta-A-Way Transportation,,,no,52.61,D,1,"Whitehall Township, PA",US DC NFI - Breinigsville,
IPS Packaging & Automation,,,no,52.59,C,1,"Plant City, FL",US PL Zephyrhills Factory,
"Thomas & Thomas Logistics, LLC",,,no,52.59,C,1,"Garland, TX",US PL Dallas 2 Factory,
ATA Foods LLC,,,no,52.59,C,1,"Dallas, TX",US PL Dallas 2 Factory,
Goodyear Logistics Center- Operated by DHL,dhl.com,,no,52.57,A,1,"Forney, TX",US PL Dallas 2 Factory,curated:
King's Trading Post Blanchard,,,no,52.55,C,1,"Blanchard, MI",US PL Mecosta Factory,
AC Coffee Co,,,no,52.54,C,1,"Fort White, FL",US PL High Springs Factory,
SRS Houston LLC,,,no,52.49,D,1,"Houston, TX",US PL S Houston Factory,
Covenant Transport,covenanttransport.com,54776184667,yes,52.49,D,1,"Indianapolis, IN",US PL Greenwood Indiana,package
Bachmann Industries Inc.,,,no,52.49,D,1,"New Gloucester, ME",US PL Poland Spring Factory,
Plastipak Plant City,,,no,52.49,C,1,"Plant City, FL",US PL Zephyrhills Factory,
Progressive Packaging,,,no,52.49,C,1,"Carrollton, TX",US PL Dallas 2 Factory,
Jillamy Packaging & Warehouse,,,no,52.49,C,1,"Riverside, CA",US PL Ontario Factory,
Elevate Logistics,,,no,52.49,C,2,"Riverside, CA",US PL Ontario Factory,
New York State Corps Collaboration - Food Distribution Center,nyandcompany.com,,no,52.49,C,1,"Latham, NY",US PL Saratoga Spring Factory,parent_facility:medium
Precise Food Ingredients Inc,,,no,52.49,C,1,"Carrollton, TX",US PL Dallas 2 Factory,
"Kikkoman Foods, Inc.",,,no,52.47,C,1,"Folsom, CA",US PL Sacramento Factory,
South Atlantic Packaging,atlanticpkg.com,,no,52.42,D,1,"Indianapolis, IN",US PL Greenwood Indiana,parent_facility:medium
"FreshOne Distribution Services, LLC",,,no,52.4,C,1,"Tampa, FL",US PL Zephyrhills Factory,
MiniMaxi Warehouse,,,no,52.4,C,1,"Gainesville, FL",US PL High Springs Factory,
"The Tire Warehouse of Gainesville, Inc",,,no,52.4,C,1,"Gainesville, FL",US PL High Springs Factory,
Cook Portable Warehouses - Leonard Truck Outfitters,,,no,52.4,C,1,"Gainesville, FL",US PL High Springs Factory,
Tigers USA Global Logistics,,,no,52.4,C,1,"March Air Reserve Base, CA",US PL Ontario Factory,
Warehouse 71,,,no,52.4,C,1,"Cohoes, NY",US PL Saratoga Spring Factory,
Butler Manufacturing,butlermfg.com,54727912055,yes,52.39,C,2,"Southlake, TX",US PL Dallas 2 Factory,package
Smurfit Westrock Conway Folding Carton Plant,westrockcoffee.com,54720622756,yes,52.37,A,1,"Conway, AR",US PL Hot Springs Factory,package
"FMI, a Tex Tech Company",,,no,52.36,D,1,"Biddeford, ME",US PL Hollis Factory,
Jimmy's Market,,,no,52.36,C,1,"Bingham, ME",US PL Kingfield Factory,
CVS Health Distribution Center,cvs.com,54762328321,yes,52.36,A,1,"Ennis, TX",US PL Dallas 2 Factory,package
"Direct Connect Logistix, LLC",directconnectlogistix.com,,no,52.34,D,1,"Indianapolis, IN",US PL Greenwood Indiana,company_exact:high
WestRock Secondary Warehouse,westrockcoffee.com,54720622756,yes,52.33,A,1,"Conway, AR",US PL Hot Springs Factory,package
Volkswagen parts distribution center,,,no,52.31,C,1,"Rocklin, CA",US PL Sacramento Factory,
Trans Globe Warehousing and Cold Storage LLC,go2tg.com,,no,52.31,C,1,"Tampa, FL",US PL Zephyrhills Factory,parent_facility:medium
Distribution,,,no,52.31,C,1,"Houston, TX",US PL S Houston Factory,
Fortworth Warehouse,,,no,52.31,C,1,"Haltom City, TX",US PL Dallas 2 Factory,
Elite Wheel Warehouse,,,no,52.31,C,1,"Tampa, FL",US PL Zephyrhills Factory,
Meiborg 3PL Warehouse,,,no,52.31,C,1,"Houston, TX",US PL S Houston Factory,
Jerue Logistics Solutions,,,no,52.31,C,1,"Lakeland, FL",US PL Zephyrhills Factory,
GA Foods,,,no,52.31,C,1,"Tampa, FL",US PL Zephyrhills Factory,
FREITTY Cross-Dock Houston,,,no,52.31,C,1,"Houston, TX",US PL S Houston Factory,
Sun Manufacturing Co,,,no,52.29,C,1,"Jersey Village, TX",US PL S Houston Factory,
3D Musketeers,,,no,52.26,D,1,"Wesley Chapel, FL",US PL Zephyrhills Factory,
Prep Prime,,,no,52.24,D,1,"Stafford, TX",US PL S Houston Factory,
Aspire XDock - Indianapolis,,,no,52.24,D,1,"Indianapolis, IN",US PL Greenwood Indiana,
Engineered Automation of Maine,,,no,52.24,D,1,"Biddeford, ME",US PL Hollis Factory,
"World Wide Gas Turbine Products, Inc.",,,no,52.24,D,1,"Clifton Park, NY",US PL Saratoga Spring Factory,
Amazon Fulfillment Center MCO1,amazon.com,8981959027,yes,52.24,A,1,"Orlando, FL",US PL Zephyrhills Factory,package
Amazon GRR5,amazon.com,8981959027,yes,52.24,A,1,"Caledonia, MI",US PL Mecosta Factory,package
PT logistics,,,no,52.22,C,1,"Redlands, CA",US PL Ontario Factory,
GOOD WAREHOUSE LLC,goodinc.com,54773581402,yes,52.22,C,1,"San Bernardino, CA",US PL Ontario Factory,package
Quoc Viet Foods,,,no,52.22,C,1,"Orange, CA",US PL Ontario Factory,
Amazon RDG1 Fulfillment Center,amazon.com,8981959027,yes,52.22,A,1,"Hamburg, PA",US PL Allentown NPL Factory,package
Boxtech Florida,,,no,52.2,C,1,"Plant City, FL",US PL Zephyrhills Factory,
The Hashery,,,no,52.14,C,1,"Windham, ME",US PL Poland Spring Factory,
Famous Tate Distribution Center,,,no,52.13,C,1,"Tampa, FL",US PL Zephyrhills Factory,
Storage Rentals of America,,,no,52.12,D,2,"Bacliff, TX",US PL Pasadena Factory,
Rogue Industries,,,no,52.12,D,1,"Standish, ME",US PL Hollis Factory,
Amazon LIT2,amazon.com,8981959027,yes,52.12,A,1,"North Little Rock, AR",US PL Hot Springs 2 Factory,package
TAT Express Inc.,,,no,52.11,D,1,"Dallas, TX",US PL Dallas 2 Factory,
Southwest Cargo,,,no,52.11,D,1,"Dallas, TX",US PL Dallas 2 Factory,
Enercon Technologies,,,no,52.11,D,1,"Gray, ME",US PL Poland Spring Factory,
PTFE Industries,,,no,52.11,D,1,"Houston, TX",US PL S Houston Factory,
AER Manufacturing,,,no,52.1,C,1,"Addison, TX",US PL Dallas 2 Factory,
Clay Distribution Center: Gordon Food Service,gfs.com,55554494069,yes,52.09,A,1,"Grand Rapids, MI",US PL Mecosta Factory,package
Affordable Family Storage,,,no,52.04,C,1,"Sugar Land, TX",US PL S Houston Factory,
Harbor Freight Tools Distribution Center,harborfreight.com,54734204986,yes,52.04,C,1,"Moreno Valley, CA",US PL Ontario Factory,package
Watson Commerce Distribution Center,,,no,52.04,C,1,"Redlands, CA",US PL Ontario Factory,
Fulfillment Center,,,no,52.04,C,3,"Flower Mound, TX",US PL Dallas 2 Factory,
Keystone Food Products INC.,,,no,52.04,C,1,"Easton, PA",US DC NFI - Breinigsville,
Truck Diesel,,,no,52.04,C,1,"East Lake-Orient Park, FL 33619, USA",US PL Zephyrhills Factory,
Milcon Supply International,,,no,52.02,D,1,"Wesley Chapel, FL",US PL Zephyrhills Factory,
AJ Medical Manufacturing,,,no,52,C,1,"Houston, TX",US PL S Houston Factory,
Gordon Food Service Freezer Warehouse,gfs.com,,no,52,A,1,"Grand Rapids, MI",US PL Mecosta Factory,curated:
Storage Depot,,,no,51.99,C,2,"Houston, TX",US PL S Houston Factory,
Sterling Rope Co. Inc.,,,no,51.99,D,1,"Biddeford, ME",US PL Hollis Factory,
Landstar,landstar.com,55554511488,yes,51.98,D,1,"New Gloucester, ME",US PL Poland Spring Factory,package
HD Supply FM Distribution Center,,,no,51.95,C,1,"Flower Mound, TX",US PL Dallas 2 Factory,
Castle & Cooke Cold Storage,,,no,51.95,C,2,"Fort Worth, TX",US PL Dallas 2 Factory,
JDI Distribution,,,no,51.95,C,1,"Redlands, CA",US PL Ontario Factory,
Bakell,,,no,51.95,C,1,"Redlands, CA",US PL Ontario Factory,
O'Neal Manufacturing Services,onealmfgservices.com,,no,51.9,C,1,"Indianapolis, IN",US PL Greenwood Indiana,company_exact:high
Limington Variety,,,no,51.89,C,1,"Limington, ME",US PL Hollis Factory,
Texas Ice House,,,no,51.87,D,1,"Dallas, TX",US PL Dallas 2 Factory,
Saco Transportation Center,,,no,51.87,D,1,"Saco, ME",US PL Hollis Factory,
Mesa Cold Storage,,,no,51.86,C,1,"Fullerton, CA",US PL Ontario Factory,
Metropolitan Ministries Logistics Warehouse,,,no,51.86,C,1,"Tampa, FL",US PL Zephyrhills Factory,
Precision Logistics Unit B,,,no,51.86,C,1,"Redlands, CA",US PL Ontario Factory,
Legacy Logistics Unlimited,,,no,51.86,C,1,"Moreno Valley, CA",US PL Cabazon Factory,
JMeds - Tyler Distribution Center,,,no,51.86,C,1,"Tyler, TX",US PL Hawkins Factory,
Sysco Jacksonville - Food Distributor & Restaurant Supplies,sysco.com,,no,51.83,A,1,"Jacksonville, FL",US PL High Springs Factory,curated:
Goodman Food Products,,,no,51.81,C,1,"Mansfield, TX",US PL Dallas 2 Factory,
Micronics Filter Press Manufacturing Facility,,,no,51.78,B,1,"Dover, NH",US PL Hollis Factory,
A oil / rbx warehouse,,,no,51.77,C,1,"Tampa, FL",US PL Zephyrhills Factory,
LMS Logistics Solutions,,,no,51.77,C,1,"Redlands, CA",US PL Ontario Factory,
Lids Distribution Center,lids.com,54772627861,yes,51.77,C,1,"Indianapolis, IN",US PL Greenwood Indiana,package
Brand Warehouse,,,no,51.77,C,1,"Rocklin, CA",US PL Sacramento Factory,
SiVance Chemical Plant - Milliken & Company,,,no,51.77,C,1,"Gainesville, FL",US PL High Springs Factory,
CR COMMERCIAL LLC CROSS DOCK,,,no,51.74,D,1,"Indianapolis, IN",US PL Greenwood Indiana,
Nefab Packaging,,,no,51.69,C,1,"Coppell, TX",US PL Dallas 2 Factory,
La-Z-Boy Distribution Center,la-z-boy.com,54430253627,yes,51.68,C,2,"Lakeland, FL",US PL Zephyrhills Factory,package
Double Shield Logistics,,,no,51.68,C,1,"Humble, TX",US PL S Houston Factory,
"IGPS Logistics, LLC",igps.net,9345845027,yes,51.68,C,1,"Moreno Valley, CA",US PL Ontario Factory,package
Redlands BMW Parts Distribution Center,,,no,51.68,C,1,"Redlands, CA",US PL Ontario Factory,
Foundation Logistics,,,no,51.68,C,1,"Humble, TX",US PL S Houston Factory,
Maine Maple Products,,,no,51.68,C,1,"Madison, ME",US PL Kingfield Factory,
Los Matadores Foods,,,no,51.68,C,1,"Redlands, CA",US PL Ontario Factory,
Amazon DHO7,amazon.com,8981959027,yes,51.64,A,1,"Katy, TX",US PL S Houston Factory,package
Pack Edge Inc.,,,no,51.62,D,1,"Saco, ME",US PL Hollis Factory,
Bailey's Logistic Services,,,no,51.62,D,1,"Englewood, CO",US PL Denver Factory,
Box Truxx,,,no,51.62,D,1,"Indianapolis, IN",US PL Greenwood Indiana,
"Spencer Manufacturing, LLC",,,no,51.62,C,1,"Houston, TX",US PL S Houston Factory,
MKM Distribution,,,no,51.59,C,1,"Indianapolis, IN",US PL Greenwood Indiana,
Ben E. Keith Foods Dallas / Fort Worth Distribution Center,benekeith.com,,no,51.59,C,1,"Fort Worth, TX",US PL Dallas 2 Factory,curated:
Renfro Foods Inc.,,,no,51.59,C,1,"Fort Worth, TX",US PL Dallas 2 Factory,
Moran Shipping Agencies,,,no,51.55,D,1,"Dickinson, TX",US PL Pasadena Factory,
Vesta Manufacturing Plant 2,,,no,51.52,C,1,"Indianapolis, IN",US PL Greenwood Indiana,
Freeman Manufacturing & Supply Company,,,no,51.52,C,1,"Fort Worth, TX",US PL Dallas 2 Factory,
Neltec Manufacturing,,,no,51.52,C,1,"San Bernardino, CA",US PL Ontario Factory,
Bunzl Warehouse,bunzldistribution.com,54734689076,yes,51.5,C,1,"Tampa, FL",US PL Zephyrhills Factory,package
"Stir Foods, LLC",,,no,51.5,C,1,"Orange, CA",US PL Ontario Factory,
Bally Plus Food Solutions,,,no,51.5,C,1,"Garland, TX",US PL Dallas 2 Factory,
Pink Panther Logistics,,,no,51.48,C,1,"Land O' Lakes, FL",US PL Zephyrhills Factory,
UPS United Parcel Service Offices & Warehouse,,,no,51.44,A,1,"Stratham, NH",US PL Hollis Factory,
Origin Factory Store,,,no,51.43,C,1,"Farmington, ME",US PL Kingfield Factory,
Brother warehouse,brother-usa.com,54771864483,yes,51.42,C,1,"Perris, CA",US PL Ontario Factory,package
Bilinski Sausage Manufacturing Co,,,no,51.42,C,1,"Cohoes, NY",US PL Saratoga Spring Factory,
Tampa Foods Factory Warehouse,,,no,51.42,C,1,"Tampa, FL",US PL Zephyrhills Factory,
RCS Co of Tampa Inc,,,no,51.42,C,1,"Tampa, FL",US PL Zephyrhills Factory,
Refresco Beverages Truck Entrance,,,no,51.42,C,1,"Lakeland, FL",US PL Zephyrhills Factory,
Herman Packaging Co,,,no,51.39,D,1,"Houston, TX",US PL S Houston Factory,
New Life UPC Ministries-NLR - Food Distribution Center,,,no,51.37,C,1,"Rockport, AR",US DC Hot Springs (WHSE),
Alpha Manufacturing Inc,,,no,51.33,C,1,"Fort Worth, TX",US PL Dallas 2 Factory,
"WestMark Logistics, LLC",,,no,51.33,C,1,"Redlands, CA",US PL Ontario Factory,
LifeScience Logistics,lslog.com,,no,51.33,C,1,"Amsterdam, NY",US PL Saratoga Spring Factory,company_exact:high
Utopia Fulfillment,,,no,51.33,C,1,"Houston, TX",US PL S Houston Factory,
Sams Warehouse,,,no,51.33,C,1,"Perris, CA",US PL Ontario Factory,
Maine Coast Storage,,,no,51.26,D,1,"Saco, ME",US PL Hollis Factory,
Novolex,novolex.com,54771908954,yes,51.26,D,1,"Hartsville, SC",US PL McBee Factory,package
CCL Specialty Cartons,,,no,51.26,D,1,"Tyler, TX",US PL Hawkins Factory,
DAP Products Manufacturing Plant,,,no,51.24,C,3,"Dallas, TX",US PL Dallas 2 Factory,
Distribution Unlimited Incorporated,,,no,51.24,C,1,"Schenectady, NY",US PL Saratoga Spring Factory,
A Truck Express,,,no,51.21,C,1,"Cedar Hill, TX",US PL Dallas 2 Factory,
TRG Packaging and Display Solutions (formerly MaxPak),,,no,51.18,C,2,"Lakeland, FL",US PL Zephyrhills Factory,
CLT6 Amazon Fulfillment Center,amazon.com,8981959027,yes,51.17,A,1,"Pineville, NC",US PL McBee Factory,package
Praxis Packaging,praxispackaging.com,,no,51.17,A,1,"Grand Rapids, MI",US PL Mecosta Factory,package
Irving Tissue Warehouse,,,no,51.15,C,1,"Rotterdam, NY",US PL Saratoga Spring Factory,
Dr. Pepper Distribution,,,no,51.15,C,2,"Indianapolis, IN",US PL Greenwood Indiana,
Rent the Runway Fulfillment Center,renttherunway.com,,no,51.15,C,1,"Fort Worth, TX",US PL Dallas 2 Factory,company_core:high
TX099 Texas Crossdock,,,no,51.15,C,1,"Richardson, TX",US PL Dallas 2 Factory,
Circle U Foods,,,no,51.15,C,1,"Fort Worth, TX",US PL Dallas 2 Factory,
Metalcraft Industries Inc.,,,no,51.14,D,1,"Westminster, CO",US PL Denver Factory,
"Brea AMADA AMERICA, INC. (Brea Manufacturing Facility)",,,no,51.14,C,1,"Brea, CA",US PL Ontario Factory,
Glades Ridge Dairy,,,no,51.12,C,1,"Lake Butler, FL",US PL High Springs Factory,
Dal-Tile Sunnyvale Distribution Center,,,no,51.07,C,1,"Sunnyvale, TX",US PL Dallas 2 Factory,
Freshco Cold Storage,freshco.co,54774277278,yes,51.07,C,1,"Green Island, NY",US PL Saratoga Spring Factory,package
Heartland Food Products Group - Distribution Center,heartlandfpg.com,54751057185,yes,51.07,C,3,"Indianapolis, IN",US PL Greenwood Indiana,package
Tampa Bay Times Riverview Distribution Center,shiptbl.com,,no,51.07,C,1,"Tampa, FL",US PL Zephyrhills Factory,parent_facility:medium
Teddy's Logistics LLC.,,,no,51.07,C,1,"Tampa, FL",US PL Zephyrhills Factory,
JTS Freight Forwarding,,,no,51.07,C,1,"Amsterdam, NY",US PL Saratoga Spring Factory,
MyForest Foods Co.,,,no,51.07,C,1,"Green Island, NY",US PL Saratoga Spring Factory,
Bridgford Foods Corporation,bridgford.com,,no,51.07,C,1,"Anaheim, CA",US PL Ontario Factory,company_exact:high
Worth Food Solutions,,,no,51.07,C,1,"Fort Worth, TX",US PL Dallas 2 Factory,
Roma of Indianapolis,,,no,51.07,C,1,"Indianapolis, IN",US PL Greenwood Indiana,
Pepsi Cola Bottling of Bennettsville,pepsico.com,,no,51.07,A,1,"Bennettsville, SC",US PL McBee Factory,curated:
Wheel Trans Logistics,,,no,51.05,C,1,"West Covina, CA",US PL Ontario Factory,
The Peach Cobbler Factory,,,no,51.05,C,1,"Land O' Lakes, FL",US PL Zephyrhills Factory,
Bradika Trucking,,,no,51.05,C,1,"Madison, ME",US PL Kingfield Factory,
DJT6 Truck Entrance,,,no,51.05,C,1,"March Air Reserve Base, CA",US PL Ontario Factory,
Coca-Cola Shipping and Receiving,coca-colacompany.com,,no,51.05,A,1,"Charlotte, NC",US PL McBee Factory,package
"Coca-Cola Consolidated, Inc.",coca-colacompany.com,54771777560,yes,51.05,A,3,"Charlotte, NC",US PL McBee Factory,package
Truck & Autoxone llc,,,no,51.03,C,1,"San Jacinto, CA",US PL Cabazon Factory,
Outdoor Cover Warehouse,,,no,51.02,C,2,"Six Lakes, MI",US PL Mecosta Factory,
Amspak Inc,,,no,51.02,D,1,"Hartsville, SC",US PL McBee Factory,
"JYC Enterprise, Inc.",,,no,51.02,D,1,"Houston, TX",US PL S Houston Factory,
"DYW Realty Investment, LLC",,,no,50.99,D,1,"Dickinson, TX",US PL Pasadena Factory,
Damn Good Jerky,,,no,50.99,C,1,"Stillwater, NY",US PL Saratoga Spring Factory,
Golub Warehouse,,,no,50.98,C,2,"Schenectady, NY",US PL Saratoga Spring Factory,
ID Logistics,idlogistics.com,,no,50.98,C,1,"Schenectady, NY",US PL Saratoga Spring Factory,curated:
Fulmont Community Action - Food Distribution Center,,,no,50.98,C,1,"Amsterdam, NY",US PL Saratoga Spring Factory,
MV Houston CrossDock,,,no,50.98,C,1,"Houston, TX",US PL S Houston Factory,
Home Base Price Chopper,pricechopper.com,,no,50.98,C,1,"Rotterdam, NY",US PL Saratoga Spring Factory,curated:
TexasFood.com,,,no,50.98,C,1,"Houston, TX",US PL S Houston Factory,
Moyer Packing Co,,,no,50.98,C,1,"Souderton, PA",US PL Allentown NPL Factory,
Coca-Cola truck entrance,coca-colacompany.com,,no,50.97,A,1,"Charlotte, NC",US PL McBee Factory,package
Infinity Industrial Controls,,,no,50.94,A,1,"Clearwater, FL",US PL Zephyrhills Factory,
CCBCC Coca Cola,coca-colacompany.com,,no,50.91,A,1,"Blythewood, SC",US PL McBee Factory,package
Hgh logistic,,,no,50.9,D,1,"Denver, CO",US PL Denver Factory,
Grand Storage,,,no,50.9,D,1,"Dallas, TX",US PL Dallas 2 Factory,
CROSS DOCK FONTANA,,,no,50.9,D,1,"Bloomington, CA",US PL Ontario Factory,
Wally’s Distribution - 3PL Warehousing & Logistics,,,no,50.89,C,2,"Perris, CA",US PL Ontario Factory,
Floor and decor distribution center,flooranddecor.com,,no,50.89,C,1,"Moreno Valley, CA",US PL Ontario Factory,parent_facility:medium
Hayneedle Fulfillment Center,,,no,50.89,C,1,"Indianapolis, IN",US PL Greenwood Indiana,
Warehouse On Broadway,,,no,50.89,C,1,"Tampa, FL",US PL Zephyrhills Factory,
AMEN Food Pantry - Food Distribution Center,,,no,50.89,C,1,"Amsterdam, NY",US PL Saratoga Spring Factory,
Heartland Food Products Group- Utilities / RAM Team,heartlandfpg.com,,no,50.89,C,1,"Indianapolis, IN",US PL Greenwood Indiana,parent_facility:medium
Nettles Beef Processing,,,no,50.84,C,1,"Lake City, FL",US PL High Springs Factory,
Mount Calvary Missionary Baptist Church - Food Distribution Center,,,no,50.84,C,1,"Bishopville, SC",US PL McBee Factory,
Lineage Logistics Jacksonville West,,,no,50.83,A,1,"Jacksonville, FL",US PL High Springs Factory,
F&D Distribution Center,,,no,50.81,C,1,"Moreno Valley, CA",US PL Ontario Factory,
Aim Warehousing Fulfilment center/3pl store/logistics,,,no,50.81,C,1,"Houston, TX",US PL S Houston Factory,
Chadwell Supply Distribution Center,chadwellsupply.com,54774336940,yes,50.81,C,1,"Tampa, FL",US PL Zephyrhills Factory,package
LX Hausys Warehouse & Showroom - FL,,,no,50.81,C,1,"Tampa, FL",US PL Zephyrhills Factory,
Sunoco Logistics Partners LP,,,no,50.81,C,1,"Longview, TX",US PL Hawkins Factory,
Arco Bulk Terminal,,,no,50.78,D,1,"Bloomington, CA",US PL Ontario Factory,
O & D Manufacturing,,,no,50.77,C,1,"White Oak, TX",US PL Hawkins Factory,
"VTech Manufacturing Company, Inc.",,,no,50.77,C,1,"Houston, TX",US PL S Houston Factory,
Green Bay Packaging Inc - Fort Worth Division,gbp.com,54771709462,yes,50.77,C,5,"Redlands, CA",US PL Ontario Factory,package
Tampa Bonded Warehouse,,,no,50.72,C,1,"Tampa, FL",US PL Zephyrhills Factory,
San Manuel Warehouse,,,no,50.72,C,1,"Highland, CA 92346, USA",US PL Ontario Factory,
Distribution Services,,,no,50.72,C,5,"Redlands, CA",US PL Cabazon Factory,
Robbins Manufacturing Co,,,no,50.68,C,3,"Tampa, FL",US PL Zephyrhills Factory,
Clemens Food Group,clemensfoodgroup.com,54772703292,yes,50.67,C,1,"Hatfield, PA",US PL Allentown NPL Factory,package
Amazon DJX2,amazon.com,8981959027,yes,50.67,A,1,"Jacksonville, FL",US PL High Springs Factory,package
AGI Yard,,,no,50.66,D,1,"Houston, TX",US PL S Houston Factory,
Warehouse 1-7,,,no,50.64,C,1,"Indianapolis, IN",US PL Greenwood Indiana,
Amazon FTW5,amazon.com,8981959027,yes,50.64,A,1,"Forney, TX",US PL Dallas 2 Factory,package
Great River Food,,,no,50.63,C,1,"City of Industry, CA",US PL Ontario Factory,
Burch Bottle & Packaging,,,no,50.59,C,1,"Glens Falls, NY",US PL Saratoga Spring Factory,
R & J Manufacturing Co,,,no,50.59,C,1,"Gainesville, FL",US PL High Springs Factory,
Lynden Logistics - Lynden Transport,lynden.com,54773597962,yes,50.55,C,1,"Houston, TX",US PL S Houston Factory,package
SunFoods Production Plant,,,no,50.55,C,1,"Woodland, CA",US PL Sacramento Factory,
"JSL Foods Inc, Texas",,,no,50.55,C,1,"Humble, TX",US PL S Houston Factory,
Fresh Country Fund Raising,,,no,50.55,C,1,"Longview, TX",US PL Hawkins Factory,
Coastal Food Group,,,no,50.55,C,1,"Tampa, FL",US PL Zephyrhills Factory,
Seaboard Marine,seaboardmarine.com,54773495586,yes,50.54,D,1,"Houston, TX",US PL Pasadena Factory,package
FruitRipe Services,,,no,50.54,D,1,"Riverside, CA",US PL Ontario Factory,
C.R. England,crengland.com,45058595593,yes,50.54,D,1,"Colton, CA",US PL Ontario Factory,package
Jacintoport International LLC,,,no,50.54,D,1,"Houston, TX",US PL Pasadena Factory,
Mid Maine Logistics,,,no,50.52,C,1,"Anson, ME",US PL Kingfield Factory,
IUSP Amazon,amazon.com,8981959027,yes,50.51,A,1,"Hesperia, CA",US PL Ontario Factory,package
Siemens Manufacturing Plant,,,no,50.49,C,1,"Fort Worth, TX",US PL Dallas 2 Factory,
Affordable Truck & Trailer Service,,,no,50.49,C,1,"Gainesville, FL",US PL High Springs Factory,
Concrete Exchange Central Florida Fulfillment Center,,,no,50.47,C,1,"Dade City, FL",US PL Zephyrhills Factory,
Lansdale Warehouse Co. Inc.,,,no,50.47,C,3,"Souderton, PA",US PL Allentown NPL Factory,
Allweather Wood LLC - Woodland Distribution Center,,,no,50.47,C,1,"Woodland, CA",US PL Sacramento Factory,
CAE3 Amazon Fulfillment Center,amazon.com,8981959027,yes,50.47,A,1,"South Carolina 29172, USA",US PL McBee Factory,package
Amazon CAE3 MOD,amazon.com,8981959027,yes,50.47,A,1,"West Columbia, SC",US PL McBee Factory,package
BetaPrep Amazon FBA Prep Center Texas | 3PL E-commerce Order Fulfillment I Warehouse Storage,amazon.com,8981959027,yes,50.44,A,1,"Rosenberg, TX",US PL S Houston Factory,package
Meijer Distribution Center,meijer.com,9132857872,yes,50.44,A,7,"Walker, MI",US PL Mecosta Factory,package
Georgia-Pacific Warehouse,gp.com,9189642400,yes,50.42,A,1,"Jacksonville, FL",US PL High Springs Factory,package
Cascades Containerboard Packaging,,,no,50.39,C,1,"Schenectady, NY",US PL Saratoga Spring Factory,
Grand Appliance Indianapolis Warehouse - Not A Retail Store,,,no,50.38,C,1,"Indianapolis, IN",US PL Greenwood Indiana,
7S Logistics Inc,,,no,50.38,C,1,"Longview, TX",US PL Hawkins Factory,
Tampa Steak Company Distribution Center,,,no,50.38,C,1,"Tampa, FL",US PL Zephyrhills Factory,
Surplus Warehouse,,,no,50.38,C,2,"Watervliet, NY",US PL Saratoga Spring Factory,
Western Foods,,,no,50.38,C,1,"Woodland, CA",US PL Sacramento Factory,
Kasas Foods,,,no,50.38,C,1,"Easton, PA",US DC NFI - Breinigsville,
Blackhorse Logistics,,,no,50.36,C,1,"Gladewater, TX",US PL Hawkins Factory,
YOS Bottling,,,no,50.34,C,1,"Dade City, FL",US PL Zephyrhills Factory,
Cotton Growers Warehouse,,,no,50.31,C,1,"Bishopville, SC",US PL McBee Factory,
Libbys R.O.S.E. - Food Distribution Center,,,no,50.31,C,1,"Malvern, AR",US DC Hot Springs (WHSE),
Canyon Manufacturing Services Inc,,,no,50.31,C,1,"Houston, TX",US PL S Houston Factory,
"SMF7 Amazon Vacaville, CA",amazon.com,8981959027,yes,50.31,A,1,"Vacaville, CA",US PL Sacramento Factory,package
Tyler Business Plaza,,,no,50.3,D,1,"Tyler, TX",US PL Hawkins Factory,
Integrated Flow Solutions LLC,iwsolutions.com,,no,50.3,D,1,"Tyler, TX",US PL Hawkins Factory,parent_facility:medium
Launchbox Flexible Warehouse Suites,,,no,50.3,C,1,"Latham, NY",US PL Saratoga Spring Factory,
Freight Force IAH,freightforce.com,,no,50.3,C,1,"Humble, TX",US PL S Houston Factory,parent_facility:medium
ShipBob Bethlehem,,,no,50.29,D,1,"Bethlehem, PA",US DC NFI - Breinigsville,
Specialty Quality Packaging,,,no,50.29,C,1,"Scotia, NY",US PL Saratoga Spring Factory,
SJA1 (Amazon SSD),amazon.com,8981959027,yes,50.27,A,1,"Jacksonville, FL",US PL High Springs Factory,package
Bracalente Manufacturing Group,,,no,50.25,D,1,"Trumbauersville, PA",US DC NFI - Breinigsville,
"Southern Packaging, LP",,,no,50.25,C,1,"Venus, TX",US PL Dallas 2 Factory,
Ultracold Storage Solutions LLC,,,no,50.21,C,1,"Anaheim, CA",US PL Ontario Factory,
Palm River Center Distribution Center,,,no,50.21,C,1,"Tampa, FL",US PL Zephyrhills Factory,
LIQUIDCAPSULE Manufacturing LLC,,,no,50.21,C,1,"Tampa, FL",US PL Zephyrhills Factory,
LexJet Distribution Center,,,no,50.21,C,1,"Watervliet, NY",US PL Saratoga Spring Factory,
Access Distribution Centre,,,no,50.21,C,1,"Tampa, FL",US PL Zephyrhills Factory,
JMB Warehouse - West,,,no,50.21,C,1,"Longview, TX",US PL Hawkins Factory,
American Fabric Filter,,,no,50.15,D,1,"Wesley Chapel, FL",US PL Zephyrhills Factory,
Hillsborough County Warehouse,,,no,50.13,C,1,"Tampa, FL",US PL Zephyrhills Factory,
JMB Industrial Warehouse,,,no,50.13,C,1,"Longview, TX",US PL Hawkins Factory,
Silo Bend Distribution Center,,,no,50.13,C,1,"Tampa, FL",US PL Zephyrhills Factory,
UPS Freight Tampa,,,no,50.13,C,1,"Tampa, FL",US PL Zephyrhills Factory,
McGuckin Distribution Center,,,no,50.1,C,1,"Louisville, CO",US PL Denver Factory,
Ardagh Metal Beverage USA Inc - Fairfield,,,no,50.1,C,2,"Bishopville, SC",US PL McBee Factory,
American Power Systems,,,no,50.07,C,1,"Centennial, CO",US PL Denver Factory,
Calumet-Royal Purple Distribution Center,,,no,50.04,C,1,"Humble, TX",US PL S Houston Factory,
Packing Tape Logistics,,,no,50.04,C,1,"Redlands, CA",US PL Ontario Factory,
Warehouse Space for Rent,,,no,50.04,C,1,"Albany, NY",US PL Saratoga Spring Factory,
Colonielovecenter - Food Distribution Center,,,no,50.04,C,1,"Colonie, NY",US PL Saratoga Spring Factory,
"Riverside County Travel Zone Center, Inc.",,,no,50.04,C,1,"Perris, CA",US PL Ontario Factory,
Amazon JAX5,amazon.com,8981959027,yes,50.03,A,1,"Jacksonville, FL",US PL High Springs Factory,package
Packaging Corporation of America GR,,,no,50.02,B,1,"Grand Rapids, MI",US PL Mecosta Factory,
Warehouse Outlet,,,no,50,C,1,"Quakertown, PA",US DC NFI - Breinigsville,
NewTrac Fulfillment Solutions,,,no,49.99,C,1,"Littleton, CO",US PL Denver Factory,
Albert Logistics Inc,,,no,49.99,C,1,"Newberry, FL",US PL High Springs Factory,
"Compa Logistics, Inc.",,,no,49.96,C,1,"Redlands, CA",US PL Ontario Factory,
Jewett & Noonan Transportation,,,no,49.95,D,1,"Gorham, ME",US PL Hollis Factory,
COOLTEC Body Storage,,,no,49.95,D,1,"Indianapolis, IN",US PL Greenwood Indiana,
"Grapette International, Inc.",,,no,49.92,D,1,"Malvern, AR",US DC Hot Springs (WHSE),
Tim Packaging,,,no,49.9,D,1,"Tyler, TX",US PL Hawkins Factory,
Fox Box 3PL - Fulfillment Center | Cross Dock | Amazon 3PL | Prep Center | DTC,amazon.com,8981959027,yes,49.89,A,1,"Charlotte, NC",US PL McBee Factory,package
Hft Distribution Center Nandina,,,no,49.88,C,1,"Moreno Valley, CA",US PL Ontario Factory,
Albany Carpet Warehouse,,,no,49.88,C,1,"Albany, NY",US PL Saratoga Spring Factory,
La Superior Foods Inc,,,no,49.88,C,1,"Fort Worth, TX",US PL Dallas 2 Factory,
Faith Manufacturing Co Inc,,,no,49.86,C,1,"Humble, TX",US PL S Houston Factory,
Chewy Fulfillment Center MCO1,chewy.com,,no,49.85,A,1,"Ocala, FL",US PL High Springs Factory,curated:
"Tyler Corrugated Box, Inc.",,,no,49.81,D,1,"Tyler, TX",US PL Hawkins Factory,
ARO Foods,,,no,49.8,C,1,"Houston, TX",US PL S Houston Factory,
"NU VISTA FOODS GROUP, INC",,,no,49.8,C,1,"Tampa, FL",US PL Zephyrhills Factory,
Amazon Fulfillment Center HDC3,amazon.com,8981959027,yes,49.8,A,1,"Bethel, PA",US PL Allentown NPL Factory,package
Supply Warehouse Inc,supplytechnologies.com,54754333502,yes,49.79,C,2,"Baytown, TX",US PL Pasadena Factory,package
Tech Packaging Hamburg,,,no,49.79,C,1,"Shoemakersville, PA",US PL Allentown NPL Factory,
Reading Truck Manufacturing Plant - Reading,,,no,49.77,C,1,"Reading, PA",US PL Allentown NPL Factory,
David Powell Community Food Pantry - Food Distribution Center,,,no,49.74,C,1,"Lindale, TX",US PL Hawkins Factory,
Ice Mountain Spring Water,,,no,49.74,C,1,"Stanwood, MI",US PL Mecosta Factory,
"Hensley Industries, Inc",,,no,49.72,D,1,"Dallas, TX",US PL Dallas 2 Factory,
"Utex Industries, Inc.",,,no,49.72,D,1,"Houston, TX",US PL S Houston Factory,
Atlas Cold Storage,oneatlas.com,54774161593,yes,49.71,C,4,"Hatfield, PA",US PL Allentown NPL Factory,package
HenneCold Storage,,,no,49.71,C,1,"Tampa, FL",US PL Zephyrhills Factory,
Ywca Of The Greater Capital Region - Food Distribution Center,,,no,49.71,C,1,"Troy, NY",US PL Saratoga Spring Factory,
East Valley Foods,,,no,49.71,C,1,"Easton, PA",US DC NFI - Breinigsville,
Ben E. Keith Foods Mid-South Distribution Center,benekeith.com,,no,49.71,A,1,"North Little Rock, AR",US PL Hot Springs 2 Factory,curated:
EnableTech Manufacturing,,,no,49.68,C,1,"Houston, TX",US PL S Houston Factory,
Phillips Manufacturing,,,no,49.68,C,2,"Tampa, FL",US PL Zephyrhills Factory,
ITS Logistics - Fort Worth Center,,,no,49.63,C,2,"Fort Worth, TX",US PL Dallas 2 Factory,
Redlands unified school district warehouse,redlandsusd.net,54720786520,yes,49.63,C,1,"Redlands, CA",US PL Ontario Factory,package
Tampa Liquidation Warehouse,,,no,49.63,C,1,"Tampa, FL",US PL Zephyrhills Factory,
SEKO Logistics Albany,,,no,49.63,C,1,"Colonie, NY",US PL Saratoga Spring Factory,
Pittman’sgamechickens,,,no,49.62,C,1,"Gilmer, TX",US PL Hawkins Factory,
Delta Cargo,,,no,49.61,D,5,"Dallas, TX",US PL Dallas 2 Factory,
United Cargo,uclinc.com,45005077595,yes,49.61,D,1,"Dallas, TX",US PL Dallas 2 Factory,package
S. Walter Packaging,swalter.com,54784134031,yes,49.59,C,1,"Shoemakersville, PA",US PL Allentown NPL Factory,package
Tender Heifer Snack Co.,,,no,49.59,C,1,"Hemet, CA",US PL Cabazon Factory,
Kaiser Logistics Inc,kaiserlogistics.com,,no,49.57,B,1,"Milton, WI",US PL Madison Factory,package
Dave Edward Siler,,,no,49.56,D,1,"Remus, MI",US PL Mecosta Factory,
Deckers Warehouse,deckers.com,54407373869,yes,49.55,C,1,"Moreno Valley, CA",US PL Ontario Factory,package
Airgas Distribution Center,airgas.com,54772636746,yes,49.55,C,1,"Albany, NY",US PL Saratoga Spring Factory,package
Tampa Distribution Center,,,no,49.55,C,2,"Tampa, FL 33605, USA",US PL Zephyrhills Factory,
DLT Logistics Inc,,,no,49.55,C,1,"Moreno Valley, CA",US PL Ontario Factory,
Pulmuone Foods USA,,,no,49.55,C,1,"Fullerton, CA",US PL Ontario Factory,
Five Below Distribution Center (not a store),fivebelow.com,,no,49.54,C,1,"Indianapolis, IN",US PL Greenwood Indiana,parent_facility:medium
Roundy’s/Kroger distribution center,kroger.com,8536615981,yes,49.51,A,1,"Mazomanie, WI",US PL Madison Factory,package
Continental Warehouse,continental-corporation.com,54419661190,yes,49.5,C,1,"Alvin, TX",US PL Pasadena Factory,package
JBE Inc,jbeinc.net,,no,49.49,D,1,"Hartsville, SC",US PL McBee Factory,company_exact:high
Southern Maine Industries Corporation,,,no,49.49,D,1,"Gorham, ME",US PL Hollis Factory,
RBC Eastern Distribution Center,,,no,49.49,C,1,"Bishopville, SC",US PL McBee Factory,
BOS3 - Amazon,amazon.com,8981959027,yes,49.45,A,1,"North Andover, MA",US PL Hollis Factory,package
Jaxport Refrigerated Services,jaxport.com,,no,49.41,A,1,"Jacksonville, FL",US PL High Springs Factory,package
Erc Community Warehouse,,,no,49.39,C,1,"Melrose, NY",US PL Saratoga Spring Factory,
Kasco Manufacturing Co Inc,,,no,49.39,C,1,"Shelbyville, IN",US PL Greenwood Indiana,
BlueGrace Logistics,bluegracegroup.com,54771857215,yes,49.39,C,1,"Riverview, FL",US PL Zephyrhills Factory,package
UCI Warehouses,,,no,49.39,C,1,"Albany, NY",US PL Saratoga Spring Factory,
HGC Industries,,,no,49.38,D,1,"Indianapolis, IN",US PL Greenwood Indiana,
Amazon HOU3 guard shack,amazon.com,8981959027,yes,49.37,A,1,"Brookshire, TX",US PL S Houston Factory,package
Pen Manufacturing,,,no,49.33,C,1,"Anaheim, CA",US PL Ontario Factory,
Nialti Manufacturing,,,no,49.33,C,1,"Houston, TX",US PL S Houston Factory,
Global warehouse,,,no,49.3,C,1,"Perris, CA",US PL Ontario Factory,
The Order Fulfillment Group Inc.,,,no,49.3,C,1,"Zionsville, IN",US PL Greenwood Indiana,
Windham Human Services Commission - Food Distribution Center,,,no,49.29,C,1,"Windham, ME",US PL Hollis Factory,
"XPress Cargo, Inc.",,,no,49.26,D,1,"Indianapolis, IN",US PL Greenwood Indiana,
Chambers Warehouse,,,no,49.26,A,1,"Charlotte, NC",US PL McBee Factory,
Dane Manufacturing,,,no,49.24,D,1,"Waunakee, WI",US PL Madison Factory,
Frankston Packaging,,,no,49.24,C,2,"Tyler, TX",US PL Hawkins Factory,
Hauser Packaging Inc,,,no,49.24,D,1,"Portland, ME",US PL Hollis Factory,
Val's Basket Warehouse,,,no,49.22,C,1,"Tampa, FL",US PL Zephyrhills Factory,
Inland Terminal,,,no,49.22,C,2,"Woodland, CA",US PL Sacramento Factory,
Women of Purpose - Food Distribution Center,,,no,49.22,C,1,"Darlington, SC",US PL McBee Factory,
Reynolds Consumer Products,reynoldsconsumerproducts.com,,no,49.21,D,1,"Malvern, AR",US DC Hot Springs (WHSE),company_exact:high
HTP2 Amazon,amazon.com,8981959027,yes,49.19,A,1,"Gibsonton, FL",US PL Zephyrhills Factory,package
L.L.Bean Order Fulfillment Center,,,no,49.18,C,1,"Freeport, ME",US PL Poland Spring Factory,
Knauss Snack Food Co,,,no,49.18,C,1,"Quakertown, PA",US DC NFI - Breinigsville,
Maine Woods Manufacturing LLC,,,no,49.16,D,1,"Kennebunk, ME",US PL Hollis Factory,
GAR Labs,,,no,49.15,D,1,"Riverside, CA",US PL Ontario Factory,
Chrysler,chrysler.com,,no,49.15,D,1,"Irving, TX",US PL Dallas 2 Factory,company_exact:high
Bluff Manufacturing Inc,,,no,49.15,C,1,"Fort Worth, TX",US PL Dallas 2 Factory,
Warehouse Rack - Fort Worth,,,no,49.14,C,1,"Fort Worth, TX",US PL Dallas 2 Factory,
Warehouse & Office Space For Lease from The Anderson Group,,,no,49.14,C,1,"Albany, NY",US PL Saratoga Spring Factory,
The Cookie Factory,,,no,49.14,C,1,"Troy, NY",US PL Saratoga Spring Factory,
The Naan Factory,,,no,49.14,C,1,"Colonie, NY",US PL Saratoga Spring Factory,
Temco Logistics 5224,temcologistics.com,54771885939,yes,49.11,A,1,"Bangor, ME",US PL Kingfield Factory,package
Arcadia Manufacturing Group,,,no,49.07,C,1,"Green Island, NY",US PL Saratoga Spring Factory,
"Engineering & Manufacturing Services, Inc (EMS3D)",,,no,49.07,C,1,"Tampa, FL",US PL Zephyrhills Factory,
Amazon Fulfillment Center LAN2,amazon.com,8981959027,yes,49.07,A,1,"Lansing, MI",US PL Mecosta Factory,package
DEMATIC PSP3 Crossdock Warehouse,,,no,49.06,C,1,"Perris, CA",US PL Ontario Factory,
"N. K. Hurst Co., Inc.",,,no,49.06,C,1,"Zionsville, IN",US PL Greenwood Indiana,
Sysco West Coast Florida - Food Distributor & Restaurant Supplies,sysco.com,,no,49.05,A,1,"Palmetto, FL",US PL Zephyrhills Factory,curated:
Bisson Moving & Storage,,,no,49.03,D,1,"Westbrook, ME",US PL Hollis Factory,
New York FBA Prep Center,nyandcompany.com,,no,49.03,D,1,"Northampton, PA",US DC NFI - Breinigsville,parent_facility:medium
Bisson Transportation,,,no,49.03,D,1,"Westbrook, ME",US PL Hollis Factory,
North Florida Custom Meats,,,no,49.02,C,1,"Lake Butler, FL",US PL High Springs Factory,
Automated Food Systems,automatedlogistics.com,,no,48.98,C,1,"Waxahachie, TX",US PL Dallas 2 Factory,parent_facility:medium
GC Packaging,,,no,48.98,C,1,"Sunnyvale, TX",US PL Dallas 2 Factory,
NDCP / Dunkin' Donuts Distribution Warehouse,,,no,48.98,C,1,"Albany, NY",US PL Saratoga Spring Factory,
MM Packaging Indianapolis,,,no,48.96,D,1,"Indianapolis, IN",US PL Greenwood Indiana,
JM Bozeman Enterprises Inc,,,no,48.94,D,1,"Malvern, AR",US DC Hot Springs (WHSE),
Amazon CLT4,amazon.com,8981959027,yes,48.93,A,1,"Charlotte, NC",US PL McBee Factory,package
BSP Trans Inc,,,no,48.92,D,2,"Westbrook, ME",US PL Hollis Factory,
"New Way Transport Inc , Cross Dock",,,no,48.92,D,1,"Riverside, CA",US PL Ontario Factory,
Mitchell's Specialty Meats and Bakery,,,no,48.9,C,1,"Newberry, FL",US PL High Springs Factory,
International Machinery Exchange,,,no,48.9,C,1,"Deerfield, WI",US PL Madison Factory,
Mini Split Warehouse Tampa,,,no,48.9,C,1,"Tampa, FL",US PL Zephyrhills Factory,
Maine Grain Alliance,,,no,48.9,C,1,"Skowhegan, ME",US PL Kingfield Factory,
W D Collins Trucking,,,no,48.89,C,1,"Farmington, ME",US PL Kingfield Factory,
Grand Gourmet Foods & Gifts,,,no,48.88,C,1,"Freeport, ME",US PL Poland Spring Factory,
WMI1 Amazon,amazon.com,8981959027,yes,48.87,A,1,"Saginaw, MI",US PL Mecosta Factory,package
Perris Distribution Center,,,no,48.82,C,1,"Perris, CA",US PL Ontario Factory,
First Perry Logistics,,,no,48.82,C,1,"Perris, CA",US PL Ontario Factory,
Skowhegan Food Cupboard - Food Distribution Center,,,no,48.82,C,1,"Skowhegan, ME",US PL Kingfield Factory,
One Trade Logistics,,,no,48.82,C,1,"Fort Worth, TX",US PL Dallas 2 Factory,
North Atlantic Cargo Line LLC,nacline.com,,no,48.81,D,1,"Scarborough, ME",US PL Hollis Factory,company_exact:high
Saunders Electronics,,,no,48.81,D,1,"South Portland, ME",US PL Hollis Factory,
L.L.Bean Davis Warehouse,,,no,48.78,C,1,"Freeport, ME",US PL Poland Spring Factory,
Freeport Comm. Services - Food Distribution Center,,,no,48.78,C,1,"Freeport, ME",US PL Poland Spring Factory,
Northstar Packaging Products & Shipping Supplies,,,no,48.77,C,1,"Lakeland, FL",US PL Zephyrhills Factory,
Home Depot Flatbed Distribution Center #5856,homedepot.com,,no,48.77,A,1,"Apollo Beach, FL",US PL Zephyrhills Factory,curated:
Schreiber,schreiberfoods.com,54771894814,yes,48.77,A,1,"Grand Rapids, MI",US PL Mecosta Factory,package
The Hannaford Center Hampden Distribution Center,hannaford.com,54772644190,yes,48.76,A,1,"Hampden, ME",US PL Kingfield Factory,package
Tampa Warehouse and Transload,,,no,48.74,C,1,"Tampa, FL",US PL Zephyrhills Factory,
Kellogg's Snacks,,,no,48.74,A,1,"Charlotte, NC",US PL McBee Factory,
Valtir (Manufacturing Plant),,,no,48.72,C,1,"Fort Worth, TX",US PL Dallas 2 Factory,
Amazon Distribution Center CLT,amazon.com,8981959027,yes,48.72,A,1,"Charlotte, NC",US PL McBee Factory,package
Wastequip,wastequip.com,54772615951,yes,48.69,D,1,"Tyler, TX",US PL Hawkins Factory,package
WareSpace North Richland Hills | Small Warehouse Space Rentals,,,no,48.69,C,1,"North Richland Hills, TX",US PL Dallas 2 Factory,
Valor Chemicals,,,no,48.68,D,1,"Garland, TX",US PL Dallas 2 Factory,
Rev1 packaging,,,no,48.68,D,1,"Fort Worth, TX",US PL Dallas 2 Factory,
Maineweststorage,,,no,48.63,D,1,"New Portland, ME",US PL Kingfield Factory,
Generac Janesville Distribution Center,,,no,48.63,B,1,"Janesville, WI",US PL Madison Factory,
CLT9 Amazon Sort Center,amazon.com,8981959027,yes,48.63,A,1,"Charlotte, NC",US PL McBee Factory,package
Beacon and Bridge Market,,,no,48.59,C,1,"Paris, MI",US PL Mecosta Factory,
Mast Landing Brewing Company - Freeport Taproom,,,no,48.59,C,1,"Freeport, ME",US PL Poland Spring Factory,
"Gifford's Dairy, Inc.",,,no,48.59,C,1,"Skowhegan, ME",US PL Kingfield Factory,
FreeUp Storage Tyler,,,no,48.58,D,1,"Tyler, TX",US PL Hawkins Factory,
"CRST The Transportation Solution, Inc.",,,no,48.58,D,1,"Hutchins, TX",US PL Dallas 2 Factory,
IDEXX Horizon Center,,,no,48.58,D,1,"Scarborough, ME",US PL Hollis Factory,
EPE USA - Riverside,,,no,48.58,D,1,"Riverside, CA",US PL Ontario Factory,
ODYSSEY MANUFACTURING Co,,,no,48.55,C,1,"Tampa, FL",US PL Zephyrhills Factory,
The Factory Amsterdam,,,no,48.55,C,1,"Latham, NY",US PL Saratoga Spring Factory,
Pratt Industries cedar hill tx,prattindustries.com,,no,48.54,D,1,"Cedar Hill, TX",US PL Dallas 2 Factory,parent_facility:medium
Raymond Food Pantry - Food Distribution Center,,,no,48.54,C,1,"Raymond, ME",US PL Poland Spring Factory,
Agtec Distribution Center,,,no,48.54,C,1,"Phillips, ME 04966, USA",US PL Kingfield Factory,
Craft-Bilt Manufacturing Company,,,no,48.47,C,1,"Souderton, PA",US PL Allentown NPL Factory,
iDC Logistics - Perris CA.,,,no,48.43,C,1,"Perris, CA",US PL Cabazon Factory,
"BCP Transportation Warehouse, Deerfield, WI 53531",,,no,48.42,C,1,"Deerfield, WI",US PL Madison Factory,
Bishopville Truck & Auto Plaza,,,no,48.39,C,1,"Bishopville, SC",US PL McBee Factory,
Alessi Manufacturing,,,no,48.35,C,1,"Tampa, FL",US PL Zephyrhills Factory,
Plantain Products Co,,,no,48.35,C,1,"Tampa, FL",US PL Zephyrhills Factory,
XPO Logistics Columbia,xpo.com,8974301475,yes,48.33,A,1,"Columbia, SC",US PL McBee Factory,package
Associated Packaging Inc.,associatedpackaging.com,,no,48.31,C,1,"Mesquite, TX",US PL Dallas 2 Factory,company_exact:high
BHW Logistics,,,no,48.3,C,1,"Newberry, FL",US PL High Springs Factory,
JAXPORT Blount Island Marine Terminal,jaxport.com,,no,48.3,A,1,"Jacksonville, FL",US PL High Springs Factory,package
Amazon JAX2,amazon.com,8981959027,yes,48.28,A,1,"Jacksonville, FL",US PL High Springs Factory,package
Huck Finn Outlet and Distribution Center,,,no,48.27,C,1,"Albany, NY",US PL Saratoga Spring Factory,
The Nutrition Factory,,,no,48.27,C,1,"Tampa, FL",US PL Zephyrhills Factory,
Lanco Integrated,,,no,48.25,D,1,"Westbrook, ME",US PL Hollis Factory,
AWD Procurement & Prep Center,,,no,48.25,D,1,"Riverside, CA",US PL Ontario Factory,
M&M Manufacturing Company,mmlogi.com,,no,48.21,C,1,"Fort Worth, TX",US PL Dallas 2 Factory,company_core:high
Meijer Roasting & Packaging,,,no,48.21,A,1,"Grandville, MI",US PL Mecosta Factory,
WAXAHACHIE WAREHOUSE,,,no,48.2,C,1,"Waxahachie, TX",US PL Dallas 2 Factory,
MINOR LOGISTICS LLC,,,no,48.2,C,1,"Tampa, FL",US PL Zephyrhills Factory,
Bakerly Barn,,,no,48.2,C,1,"Easton, PA",US DC NFI - Breinigsville,
Contract Manufacturers Ltd,,,no,48.14,D,1,"Tyler, TX",US PL Hawkins Factory,
Freight+ Multi-Carrier Shipping Software,,,no,48.13,A,1,"Wildomar, CA",US PL Ontario Factory,HOLD: likely noise / not a freight prospect - exclude
Amazon JAX7,amazon.com,8981959027,yes,48.12,A,1,"Jacksonville, FL",US PL High Springs Factory,package
Newaygo Co Dhs - Food Distribution Center,,,no,48.07,A,1,"White Cloud, MI",US PL Mecosta Factory,
Bootleggers Beverage Warehouse,,,no,48.06,C,1,"Topsham, ME",US PL Poland Spring Factory,
Dow Chemical Co,dow.com,54771885979,yes,48.06,A,1,"Charlotte, NC",US PL McBee Factory,package
Sherwin-Williams Distribution Center,sherwin-williams.com,55554510939,yes,48.06,A,1,"Holland, MI",US PL Mecosta Factory,package
Pca Corrugated Products,,,no,48.04,C,1,"Garland, TX",US PL Dallas 2 Factory,
Doug Harris Trucking Inc,,,no,48.04,C,1,"Farmington Falls, ME",US PL Kingfield Factory,
Longview Warehouse & Storage,,,no,48.04,C,1,"Longview, TX",US PL Hawkins Factory,
CTI Foods Soups Plant,,,no,48.04,C,1,"Saginaw, TX",US PL Dallas 2 Factory,
AFC Logistics Inc,afctransport.com,,no,48.04,C,1,"Tampa, FL",US PL Zephyrhills Factory,company_exact:high
B Happy Peanut Butter Llc,,,no,48.04,C,1,"Zionsville, IN",US PL Greenwood Indiana,
Marine Warehouse Aquarium,,,no,48.04,C,1,"Tampa, FL",US PL Zephyrhills Factory,
DownEaster Manufacturing,,,no,48,D,1,"Topsham, ME",US PL Poland Spring Factory,
USPS Processing and Distribution Center,usps.com,,no,47.97,C,1,"Tampa, FL",US PL Zephyrhills Factory,curated:
Flan Factory - Armature Works,,,no,47.97,C,1,"Tampa, FL",US PL Zephyrhills Factory,
Adventure In Food Trading Co,,,no,47.97,C,1,"Menands, NY",US PL Saratoga Spring Factory,
Cedar Port Terminal,,,no,47.92,D,1,"Baytown, TX",US PL Pasadena Factory,
Value Added Resources,,,no,47.92,D,1,"Indianapolis, IN",US PL Greenwood Indiana,
"Carbonxt, Inc.",,,no,47.92,D,1,"Gainesville, FL",US PL High Springs Factory,
FTI Trucking,,,no,47.9,D,1,"Aurora, CO",US PL Denver Factory,
Tire Warehouse Tires and Service,,,no,47.9,C,1,"Yarmouth, ME",US PL Poland Spring Factory,
Longview Logistics Team,,,no,47.89,C,1,"Longview, TX",US PL Hawkins Factory,
H L Gage Sales Inc,,,no,47.89,C,1,"Albany, NY",US PL Saratoga Spring Factory,
PacMoore Process Technologies,,,no,47.84,C,1,"Mooresville, IN",US PL Greenwood Indiana,
Lone Star Packaging,,,no,47.81,D,2,"Mansfield, TX",US PL Dallas 2 Factory,
Bridge Terminal Transport,,,no,47.81,C,4,"Indianapolis, IN",US PL Greenwood Indiana,
Dirigo Food Safety,,,no,47.81,C,1,"Yarmouth, ME",US PL Poland Spring Factory,
GT Precision Manufacturing Inc.,,,no,47.8,C,1,"Tampa, FL",US PL Zephyrhills Factory,
"RWB Logistics, LLC",,,no,47.74,C,1,"Tampa, FL",US PL Zephyrhills Factory,
Hotshot Logistics,,,no,47.74,C,1,"Benton, AR",US PL Hot Springs 2 Factory,
Phoenix Logistics,phoenixglobal.com,54773450543,yes,47.74,C,1,"Longview, TX",US PL Hawkins Factory,package
Texas Quality Beverage,,,no,47.74,C,1,"Fort Worth, TX",US PL Dallas 2 Factory,
Group O Texas Cross Dock Facility,,,no,47.72,D,1,"Mansfield, TX",US PL Dallas 2 Factory,
"L&P Bisson & Sons, Inc.",,,no,47.71,C,1,"Topsham, ME",US PL Poland Spring Factory,
Hudson Candy Factory,,,no,47.71,C,1,"Troy, NY",US PL Saratoga Spring Factory,
Amazon DCK1,amazon.com,8981959027,yes,47.7,A,1,"Manteca, CA",US PL Sacramento Factory,package
All Steel - Fabrication Plant,,,no,47.69,D,1,"Malvern, AR",US DC Hot Springs (WHSE),
Amazon DJX1 HJX8,amazon.com,8981959027,yes,47.68,A,1,"Jacksonville, FL",US PL High Springs Factory,package
DICK'S Warehouse Sale,,,no,47.66,C,1,"Albany, NY",US PL Saratoga Spring Factory,
Tesla Energy Warehouse,,,no,47.66,C,1,"Tampa, FL",US PL Zephyrhills Factory,
Bess Logistics,,,no,47.66,C,1,"Darlington, SC",US PL McBee Factory,
ARS Prime Logistics,,,no,47.66,C,1,"Albany, NY",US PL Saratoga Spring Factory,
IndoorMedia Distribution Center,,,no,47.62,C,1,"Houston, TX",US PL S Houston Factory,
MBM LOGISTICS,,,no,47.61,C,1,"Oregon, WI",US PL Madison Factory,
RDC USA Plant 6,,,no,47.59,D,1,"Shelbyville, IN",US PL Greenwood Indiana,
Tampa Bay Times Distribution Center,shiptbl.com,,no,47.59,C,1,"Tampa, FL",US PL Zephyrhills Factory,parent_facility:medium
Cryo-Plant International LLC,,,no,47.55,C,1,"Hatfield, PA",US PL Allentown NPL Factory,
Craft Manufacturing and Tooling,,,no,47.54,D,1,"Hot Springs, AR",US DC Hot Springs (WHSE),
CWI Logistics,cwi-logistics.com,,no,47.51,C,5,"Auburndale, FL",US PL Zephyrhills Factory,company_exact:high
Myers Freight Inc,,,no,47.51,C,1,"Tampa, FL",US PL Zephyrhills Factory,
Tampa Port Authority Truck Scale,toledoport.org,,no,47.51,C,1,"Tampa, FL",US PL Zephyrhills Factory,parent_facility:medium
Better Brands Inc.,,,no,47.51,C,1,"Albany, NY",US PL Saratoga Spring Factory,
Genest Concrete: Landscape Masonry Supply & Genest Manufacturing,,,no,47.5,C,1,"Sanford, ME",US PL Hollis Factory,
Hanchett Manufacturing,,,no,47.49,D,1,"Big Rapids, MI",US PL Mecosta Factory,
California Cross Dock Inc.,,,no,47.48,D,1,"Riverside, CA",US PL Ontario Factory,
good2grow Bottling,,,no,47.44,C,2,"Auburndale, FL",US PL Zephyrhills Factory,
Big Truck Logistics,bigtrucklogistics.com,,no,47.44,C,1,"Tampa, FL",US PL Zephyrhills Factory,company_exact:high
B & G Manufacturing Co Inc,,,no,47.39,C,1,"Hatfield, PA",US PL Allentown NPL Factory,
Maine Wood Heat Company,,,no,47.39,C,1,"Skowhegan, ME",US PL Kingfield Factory,
Concord Coach Lines: Portland Transportation Center,concordcoachlines.com,,no,47.38,D,1,"Portland, ME",US PL Hollis Factory,parent_facility:medium
Cold-Link Logistics,,,no,47.36,C,2,"Auburndale, FL",US PL Zephyrhills Factory,
Barrett Distribution Center/ Prime Line Products,,,no,47.36,C,1,"Forney, TX",US PL Dallas 2 Factory,
Warehouse Flooring & Design,,,no,47.36,C,1,"Auburndale, FL",US PL Zephyrhills Factory,
National Parcel Logistics,,,no,47.36,C,1,"Tampa, FL",US PL Zephyrhills Factory,
SEKO Logistics Tampa,,,no,47.36,C,1,"Tampa, FL",US PL Zephyrhills Factory,
"J.C. FOOD DISTRIBUTORS, INC",feesers.com,,no,47.36,C,1,"Tampa, FL",US PL Zephyrhills Factory,company_fuzzy:medium
Radiant Distribution Center,,,no,47.29,C,1,"Tampa, FL",US PL Zephyrhills Factory,
3C DISTRIBUTION CENTER,,,no,47.29,C,1,"Longview, TX 75604, USA",US PL Hawkins Factory,
Airways Freight Corporation,airwaysfreight.com,,no,47.29,C,2,"Benton, AR",US PL Hot Springs 2 Factory,company_exact:high
The Supply Co.,,,no,47.27,D,1,"South Portland, ME",US PL Hollis Factory,
Little Buck Processing,,,no,47.26,C,1,"Mooresville, IN",US PL Greenwood Indiana,
JacksonFill Contract Manufacturing,,,no,47.24,A,1,"Jacksonville, FL",US PL High Springs Factory,
Warehouse Snyder’s Lance,snyderslance.com,,no,47.21,C,1,"Riverview, FL",US PL Zephyrhills Factory,contact_email_modal:high
The Warehouse Off Edison,,,no,47.21,C,1,"Benton, AR",US PL Hot Springs 2 Factory,
National Air Warehouse,,,no,47.21,C,1,"Tampa, FL",US PL Zephyrhills Factory,
First Grade Food,,,no,47.21,C,1,"Tampa, FL",US PL Zephyrhills Factory,
Ramko Manufacturing Inc,,,no,47.18,D,1,"Hemet, CA",US PL Cabazon Factory,
Generac- Warehouse 18 (AKA WHitehouse),generac.com,54772621363,yes,47.17,B,1,"Jefferson, WI",US PL Madison Factory,package
Seven Springs Water Company,,,no,47.14,D,1,"High Springs, FL",US PL High Springs Factory,
L & D Carey & Sons Trucking Co,,,no,47.14,C,1,"Morley, MI",US PL Mecosta Factory,
R M Palmer Co Warehouse,,,no,47.14,C,1,"Reading, PA",US PL Allentown NPL Factory,
Fulfillment and Warehousing Service,,,no,47.14,C,1,"Tampa, FL",US PL Zephyrhills Factory,
Coca-Cola Bottling Co biscoe,coca-colacompany.com,,no,47.12,A,1,"Rock Hill, SC",US PL McBee Factory,package
Publix warehouse,publix.com,9355807576,yes,47.09,A,2,"Jacksonville, FL",US PL High Springs Factory,package
Packaging Technology Group (PTG),,,no,47.07,C,1,"Fort Worth, TX",US PL Dallas 2 Factory,
Pinky D's,,,no,47.03,C,1,"Lisbon Falls, ME",US PL Poland Spring Factory,
Uniroyal Global Engineered Products Llc,,,no,46.99,D,1,"Stoughton, WI",US PL Madison Factory,
RASP Inc.,,,no,46.99,D,1,"Gansevoort, NY",US PL Saratoga Spring Factory,
Boscov's Warehouse,,,no,46.96,C,2,"Reading, PA",US PL Allentown NPL Factory,
Casco Bay Lines,,,no,46.96,D,1,"Portland, ME",US PL Hollis Factory,
California FBA Prep Center | E-commerce Fulfillment Center | 3PL Warehouse,,,no,46.92,C,1,"Santa Fe Springs, CA",US PL Ontario Factory,
Beneficial Blends LLC,,,no,46.92,C,1,"Tampa, FL",US PL Zephyrhills Factory,
Creative Packaging Solutions (CPS),creativelogisticsolutions.com,,no,46.89,C,1,"Indianapolis, IN",US PL Greenwood Indiana,parent_facility:medium
Latitude Corporation,,,no,46.86,D,1,"Verona, WI",US PL Madison Factory,
Toyota Industries Group,toyota.com,45057672517,yes,46.84,D,1,"Irving, TX",US PL Dallas 2 Factory,package
MADISON WAREHOUSE,,,no,46.77,C,1,"Santa Fe Springs, CA",US PL Ontario Factory,
TJ Maxx Distribution Center,tjx.com,54415288863,yes,46.77,A,1,"Charlotte, NC",US PL McBee Factory,package
"Midway Meat Processing, LLC",,,no,46.69,C,1,"Lake Butler, FL",US PL High Springs Factory,
Atlantic Transport Systems,,,no,46.63,D,1,"Westbrook, ME",US PL Hollis Factory,
Environment One Corporation,,,no,46.63,D,1,"Niskayuna, NY",US PL Saratoga Spring Factory,
Allchem Industries Inc,,,no,46.63,D,1,"Gainesville, FL",US PL High Springs Factory,
Port Logistics Refrigerated Services,,,no,46.63,C,1,"Tampa, FL",US PL Zephyrhills Factory,
One Earth Natural Food Store,,,no,46.62,C,1,"Shapleigh, ME",US PL Hollis Factory,
Amazon JAX9 Sort Center,amazon.com,8981959027,yes,46.62,A,1,"Jacksonville, FL",US PL High Springs Factory,package
HP Fairfield,,,no,46.59,C,1,"Skowhegan, ME",US PL Kingfield Factory,
Albany Community Land Trust - Food Distribution Center,,,no,46.56,C,1,"Albany, NY",US PL Saratoga Spring Factory,
Amazon (Ruskin FL) TPA1,amazon.com,8981959027,yes,46.5,A,1,"Ruskin, FL",US PL Zephyrhills Factory,package
DUKE AND G LLC,,,no,46.48,C,1,"Albany, NY",US PL Saratoga Spring Factory,
Amazon FC SCK6 (Big Bird),amazon.com,8981959027,yes,46.46,A,1,"Tracy, CA",US PL Sacramento Factory,package
Portland General Storage,,,no,46.42,D,1,"Portland, ME",US PL Hollis Factory,
Historic Albany Architectural Parts Warehouse,,,no,46.41,C,1,"Albany, NY",US PL Saratoga Spring Factory,
Bassett Furniture @ The Warehouse at Huck Finn,,,no,46.41,C,1,"Albany, NY",US PL Saratoga Spring Factory,
Mount Pleasant Salvation Army Food Pantry - Food Distribution Center,,,no,46.4,C,1,"Mt Pleasant, MI",US PL Mecosta Factory,
Laughing Chicken Farm,,,no,46.38,C,1,"Trenton, FL",US PL High Springs Factory,
Amazon OAK4 Fulfillment Center,amazon.com,8981959027,yes,46.34,A,1,"Tracy, CA",US PL Sacramento Factory,package
"Owens Corning warehouse ""logisticsone""",owenscorning.com,,no,46.3,A,1,"Feura Bush, NY",US PL Saratoga Spring Factory,parent_facility:medium
"Zeppelin Systems USA -Polyolefin, Plastics and Chemical Plants Division",,,no,46.29,D,1,"Houston, TX",US PL S Houston Factory,
US Foundry & Manufacturing,,,no,46.27,D,1,"Tampa, FL",US PL Zephyrhills Factory,
Luce's Meats,,,no,46.26,C,1,"Embden, ME",US PL Kingfield Factory,
Rossi Truck Yard,,,no,46.26,C,1,"Manvel, TX",US PL S Houston Factory,
Crosswalk Community Outreach - Food Distribution Center,,,no,46.25,C,1,"Naples, ME",US PL Poland Spring Factory,
Adirondack Kayak Warehouse,,,no,46.22,C,1,"Amsterdam, NY",US PL Saratoga Spring Factory,
Capitol Food Company,,,no,46.2,C,1,"Cerritos, CA",US PL Ontario Factory,
US Brick Manufacturing Facility,,,no,46.19,C,1,"Mooresville, IN",US PL Greenwood Indiana,
Stevens Drop Yard,,,no,46.1,D,1,"Lakeland, FL",US PL Zephyrhills Factory,
5210 Catron Drive Dallas,,,no,46.1,D,1,"Dallas, TX",US PL Dallas 2 Factory,
Southwest Packaging Solutions,swpackaging.net,,no,46.04,C,1,"Fort Worth, TX",US PL Dallas 2 Factory,parent_facility:medium
Advanced Manufacturing Development,,,no,46.04,D,1,"Houston, TX",US PL S Houston Factory,
South Atlantic Canners,,,no,46,D,1,"Bishopville, SC",US PL McBee Factory,
WSI,wsinc.com,,no,46,D,1,"San Bernardino, CA",US PL Ontario Factory,company_exact:high
Cedarstone Industry,,,no,46,D,1,"Houston, TX",US PL S Houston Factory,
Pure Laboratories,,,no,46,D,1,"Gainesville, FL",US PL High Springs Factory,
Daniel's Cold Storage,,,no,45.99,C,1,"Pico Rivera, CA",US PL Ontario Factory,
Solitude Logistics Inc,,,no,45.99,C,1,"Longview, TX",US PL Hawkins Factory,
TQB- Carolina Beverage,carolinabeveragegroup.com,,no,45.99,C,1,"Roanoke, TX",US PL Dallas 2 Factory,parent_facility:medium
Grampa's Garden,,,no,45.95,C,1,"Brunswick, ME",US PL Poland Spring Factory,
Dallas Mainfreight Transport,,,no,45.92,C,1,"Fort Worth, TX",US PL Dallas 2 Factory,
"Thurston and Peters Sugarhouse, LLC",,,no,45.9,C,1,"West Newfield, ME",US PL Hollis Factory,
Diamond State Trucking Inc,,,no,45.9,C,1,"Malvern, AR",US DC Hot Springs (WHSE),
Polyset,,,no,45.87,D,1,"Mechanicville, NY",US PL Saratoga Spring Factory,
Soshaul Logistics,,,no,45.86,C,1,"Mt Pleasant, MI",US PL Mecosta Factory,
New York Wine & Liquor Warehouse,nyandcompany.com,,no,45.85,C,1,"Rensselaer, NY",US PL Saratoga Spring Factory,parent_facility:medium
N.y.s. Department Of Social Services - Food Distribution Center,,,no,45.85,C,1,"Albany, NY",US PL Saratoga Spring Factory,
QUANTUM ONE LOGISTICS LLC,,,no,45.78,C,1,"Albany, NY",US PL Saratoga Spring Factory,
Buchanan Fabrication,,,no,45.74,D,1,"Mt Croghan, SC",US PL McBee Factory,
Allentown Refrigerated Terminals,,,no,45.74,D,1,"Boyertown, PA",US PL Allentown NPL Factory,
Fraccaro Industries Inc,,,no,45.74,D,1,"Boyertown, PA",US PL Allentown NPL Factory,
Trinity Insitution - Food Distribution Center,,,no,45.64,C,1,"Albany, NY",US PL Saratoga Spring Factory,
Greylock Storage,,,no,45.59,D,1,"Glens Falls, NY",US PL Saratoga Spring Factory,
Moto Transportation & Cross Dock,,,no,45.59,D,1,"Grapevine, TX",US PL Dallas 2 Factory,
Transport Logistics LLC,,,no,45.59,C,3,"Indianapolis, IN",US PL Greenwood Indiana,
The Warehouse Church,,,no,45.59,C,1,"Valrico, FL",US PL Zephyrhills Factory,
Oliventures Inc.,,,no,45.59,C,1,"Indianapolis, IN",US PL Greenwood Indiana,
Amazon DNH2,amazon.com,8981959027,yes,45.59,A,1,"Hooksett, NH",US PL Hollis Factory,package
Infinity Bottling,,,no,45.57,A,1,"American Canyon, CA",US PL Sacramento Factory,HOLD: independent/landmark bottler - verify franchise domain
Specialty Packaging Inc.,,,no,45.55,D,1,"Fort Worth, TX",US PL Dallas 2 Factory,
Paramont Manufacturing,,,no,45.51,D,1,"Fort Worth, TX",US PL Dallas 2 Factory,
Total Truck Transport (TPA),mum.ttspl.in,,no,45.51,C,1,"Tampa, FL",US PL Zephyrhills Factory,parent_facility:medium
Alvin Chemical Inc,,,no,45.5,D,1,"Alvin, TX",US PL Pasadena Factory,
Alummikon,,,no,45.5,D,1,"Naples, ME",US PL Poland Spring Factory,
Guitar Center Warehouse,guitarcenter.com,54406542505,yes,45.5,C,1,"Brownsburg, IN",US PL Greenwood Indiana,package
North Monmouth Food Pantry - Food Distribution Center,,,no,45.5,C,1,"North Monmouth, ME",US PL Poland Spring Factory,
Certified Foods Inc,,,no,45.5,C,1,"Woodland, CA",US PL Sacramento Factory,
Famois Freight,,,no,45.5,C,1,"Longview, TX",US PL Hawkins Factory,
Amazon Fulfillment VXO6,amazon.com,8981959027,yes,45.5,A,1,"Oakley, CA",US PL Sacramento Factory,package
"Mt. Olive Manufacturing, Inc.",,,no,45.49,D,1,"Mooresville, IN",US PL Greenwood Indiana,
United Vision Logistics,uvlogistics.com,,no,45.48,C,1,"Gladewater, TX",US PL Hawkins Factory,company_exact:high
Superstar Storage,,,no,45.44,C,1,"Longview, TX",US PL Hawkins Factory,
Vital Eats,,,no,45.44,C,1,"Albany, NY",US PL Saratoga Spring Factory,
Citi Trends Distribution Center,cititrends.com,54771843935,yes,45.42,C,1,"Darlington, SC",US PL McBee Factory,package
Santa Fe Warehouse,,,no,45.42,C,1,"Moreno Valley, CA",US PL Cabazon Factory,
Amazon Fulfillment SCK8,amazon.com,8981959027,yes,45.4,A,1,"Oakley, CA",US PL Sacramento Factory,package
Cross Dock & Warehousing - Supply Solutions America,,,no,45.39,D,1,"Coppell, TX",US PL Dallas 2 Factory,
KGP Cross Dock,,,no,45.39,D,1,"Coppell, TX",US PL Dallas 2 Factory,
Brooks Sports Inc. Distribution Center,,,no,45.37,C,1,"Whitestown, IN",US PL Greenwood Indiana,
Daim Logistics,daimlogistics.com,45140762112,yes,45.37,C,1,"Fultonville, NY",US PL Saratoga Spring Factory,package
Lakewood Manufacturing Co,,,no,45.36,D,1,"Morrison, CO",US PL Denver Factory,
Suominen Bethune,,,no,45.33,D,1,"Bethune, SC",US PL McBee Factory,
SAB FULFILLMENT INC,,,no,45.33,C,1,"Houston, TX",US PL S Houston Factory,
Sur La Table Warehouse,surlatable.com,54773472887,yes,45.33,C,1,"Brownsburg, IN",US PL Greenwood Indiana,package
Belted Cow Company Warehouse Store,,,no,45.33,C,1,"Cumberland Foreside, ME",US PL Poland Spring Factory,
Frontline Freight Inc,frontlinefreightinc.com,,no,45.33,C,1,"City of Industry, CA",US PL Ontario Factory,company_exact:high
Marchaland Farms,,,no,45.3,C,1,"Greenwich, NY",US PL Saratoga Spring Factory,
M46 Auto Truck Plz,,,no,45.3,C,1,"Howard City, MI",US PL Mecosta Factory,
GNC Indianapolis Distribution Center,,,no,45.3,C,1,"Whitestown, IN",US PL Greenwood Indiana,
M & M Industries,ultimatepail.com,,no,45.29,D,1,"Portland, ME 04102, USA",US PL Hollis Factory,company_exact:high
TMG Manufacturing,,,no,45.29,D,1,"Tampa, FL",US PL Zephyrhills Factory,
"MILLER EXPRESS LOGISTICS, LLC",,,no,45.27,C,1,"Midlothian, TX 76065, USA",US PL Dallas 2 Factory,
Loves,loves.com,54404163397,yes,45.26,D,1,"Winona, TX",US PL Hawkins Factory,package
Launch Automation,,,no,45.26,D,1,"Raymond, ME",US PL Poland Spring Factory,
"Acceptance Now (inside ABC Warehouse)⁸,",,,no,45.24,C,1,"Mt Pleasant, MI",US PL Mecosta Factory,
Hirschbach,hirschbach.com,45010181476,yes,45.18,D,1,"Dover, FL",US PL Zephyrhills Factory,package
Desert Empire Transfer & Storage,,,no,45.18,D,1,"San Bernardino, CA",US PL Ontario Factory,
"Aws, Inc.",,,no,45.18,D,1,"South Portland, ME",US PL Hollis Factory,
Boyle Warehouse,,,no,45.17,C,1,"Lugoff, SC",US PL McBee Factory,
First Presbyterian Church - Food Distribution Center,,,no,45.17,C,1,"Johnstown, NY",US PL Saratoga Spring Factory,
Americold Logistics Ft Smith Hwy 45,americold.com,,no,45.17,A,1,"Fort Smith, AR",US PL Hot Springs Factory,curated:
Wolf's Mini Warehouses,,,no,45.16,C,1,"Cambridge, WI",US PL Madison Factory,
"Sabattus Machine Works, Inc.",,,no,45.14,D,1,"Sabattus, ME",US PL Poland Spring Factory,
Regeneron Warehouse,,,no,45.1,C,1,"Rensselaer, NY",US PL Saratoga Spring Factory,
No Problem Warehouse & Cross-Dock,,,no,45.07,C,1,"City of Industry, CA",US PL Ontario Factory,
G&B Fulfillment,,,no,45.07,C,1,"Woodland, CA",US PL Sacramento Factory,
J.H. Rose Logistics,,,no,45.07,C,2,"Valrico, FL",US PL Zephyrhills Factory,
Sherwin-Williams Manufacturing Plant & Distribution Center,sherwin-auto.cl,,no,45.01,A,1,"Victorville, CA",US PL Ontario Factory,company_core:high
Karisma Ford Logistics LLC.,ford.com,45131677516,yes,44.97,C,1,"Bryant, AR",US PL Hot Springs 2 Factory,package
"Protective Packaging, Inc.",,,no,44.97,C,1,"Lugoff, SC",US PL McBee Factory,
Amazon Warehouse WNY4,amazon.com,8981959027,yes,44.96,A,1,"Granville, NY",US PL Saratoga Spring Factory,package
Whalen's Horseradish Products,,,no,44.95,C,1,"Galway, NY",US PL Saratoga Spring Factory,
Ruts Ridge Farm,,,no,44.95,C,1,"Greenwich, NY",US PL Saratoga Spring Factory,
Blue Planet Alkaline Water,,,no,44.94,C,1,"Palm Springs, CA",US PL Cabazon Factory,
Tampa Port Truck Park,,,no,44.92,D,1,"Tampa, FL",US PL Zephyrhills Factory,
Smart Foods,,,no,44.9,C,1,"Montebello, CA",US PL Ontario Factory,
Ocean Spray Cranberries Inc,oceanspray.com,54700172547,yes,44.89,B,1,"Sulphur Springs, TX",US PL Hawkins Factory,package
"Ajax Paving Industries of Florida, LLC - Plant 6 (Tampa)",ajaxpavingfl.com,54771778060,yes,44.85,D,1,"Tampa, FL",US PL Zephyrhills Factory,package
"Southern Manufacturing Technologies, Inc.",,,no,44.85,D,1,"Tampa, FL",US PL Zephyrhills Factory,
Plantation Shutter Warehouse,,,no,44.84,C,1,"Gilmer, TX",US PL Hawkins Factory,
Sandhill Warehouse,,,no,44.83,C,1,"Lugoff, SC",US PL McBee Factory,
Union Manufacturing Company,,,no,44.81,D,1,"Boyertown, PA",US PL Allentown NPL Factory,
Fritz Industries,,,no,44.78,D,1,"Mesquite, TX",US PL Dallas 2 Factory,
Fedrigoni Special Papers North America Distribution Center,,,no,44.77,C,1,"Albany, NY",US PL Saratoga Spring Factory,
Shovel and Spoon,,,no,44.72,C,1,"Limington, ME",US PL Hollis Factory,
Sprague Terminal,,,no,44.69,D,1,"Portland, ME",US PL Hollis Factory,
KB Specialty Foods (Kroger Manufacturing),kroger.com,8536615981,yes,44.65,A,1,"Greensburg, IN",US PL Greenwood Indiana,package
JVL1 Amazon Distribution Center,amazon.com,8981959027,yes,44.65,A,1,"Beloit, WI",US PL Madison Factory,package
"Amazon Career Center - Beloit, WI",amazon.com,8981959027,yes,44.65,A,1,"Beloit, WI",US PL Madison Factory,package
Anointed Outreach Ministries - Food Distribution Center,,,no,44.64,C,1,"Darlington, SC",US PL McBee Factory,
84 Lumber Truss Manufacturing Plant,,,no,44.63,D,1,"Winter Haven, FL",US PL Zephyrhills Factory,
Acton Food Pantry - Food Distribution Center,,,no,44.61,C,1,"Acton, ME",US PL Hollis Factory,
Merrill's Marine Terminal,,,no,44.59,D,1,"Portland, ME",US PL Hollis Factory,
StorHouse-Nazareth Pike,,,no,44.59,D,1,"Bethlehem, PA",US DC NFI - Breinigsville,
Pregis Corp,pregis.com,54774328465,yes,44.59,D,1,"Queensbury, NY",US PL Saratoga Spring Factory,package
Specialty Design & Manufacturing Co Inc,,,no,44.58,C,1,"Reading, PA",US PL Allentown NPL Factory,
New Balance Shoe Manufacturing,newbalance.com,,no,44.58,D,1,"Norway, ME",US PL Poland Spring Factory,parent_facility:medium
Propak Logistics,propaksystems.com,54771882646,yes,44.5,C,1,"Johnstown, NY",US PL Saratoga Spring Factory,package
Gulf Central Distribution Center,,,no,44.5,C,1,"Tampa, FL",US PL Zephyrhills Factory,
BFS Services,,,no,44.49,D,1,"Carrollton, TX",US PL Dallas 2 Factory,
"InTek Logistics, Inc.",,,no,44.47,C,1,"Indianapolis, IN",US PL Greenwood Indiana,
Family Dollar Distribution Center,familydollar.com,54734204991,yes,44.4,A,1,"Matthews, NC",US PL McBee Factory,package
Farmington Chipping Enterprise,,,no,44.39,D,1,"Farmington, ME",US PL Kingfield Factory,
Fisher Hill Community Baptist Church - Food Distribution Center,,,no,44.38,C,1,"Cheraw, SC",US PL McBee Factory,
Pacific Beach Peanut Butter,,,no,44.38,C,1,"Indianapolis, IN",US PL Greenwood Indiana,
Leaning S Land and Cattle,,,no,44.3,C,1,"Van, TX",US PL Hawkins Factory,
Reyes Cocacola Bottling,,,no,44.25,C,1,"Downey, CA",US PL Ontario Factory,
Amazon DDX6,amazon.com,8981959027,yes,44.24,A,1,"Prosper, TX",US PL Dallas 2 Factory,package
A-WAREHOUSE FURNITURE,,,no,44.21,C,1,"Baytown, TX",US PL Pasadena Factory,
STS Packaging,,,no,44.2,D,2,"Mooresville, IN",US PL Greenwood Indiana,
Bunzl Maine,,,no,44.2,D,1,"Portland, ME",US PL Hollis Factory,
Stone Cold Solutions Inc,,,no,44.2,D,1,"Anaheim, CA",US PL Ontario Factory,
Lowe’s BDC #3368,,,no,44.19,D,1,"Commerce City, CO",US PL Denver Factory,
Pantera Logistics,,,no,44.18,C,1,"Murrieta, CA",US PL Cabazon Factory,
George R Roberts Co & The Step Guys,,,no,44.15,D,1,"Alfred, ME",US PL Hollis Factory,
RJW Logistics - D01,,,no,44.13,C,1,"Mesquite, TX",US PL Dallas 2 Factory,
Knight Transportation Truck Access,knight-swift.com,,no,44.13,C,1,"Katy, TX",US PL S Houston Factory,parent_facility:medium
CITGO South Portland Terminal,,,no,44.1,D,1,"South Portland, ME",US PL Hollis Factory,
FreeUp Storage Tyler Frankston Hwy,,,no,44.1,D,1,"Tyler, TX",US PL Hawkins Factory,
Turner Island LLC,,,no,44.1,D,1,"South Portland, ME",US PL Hollis Factory,
J & M Warehouse,,,no,44.06,C,1,"Florence, SC",US PL McBee Factory,
Premio Foods Warehouse,,,no,44.04,C,1,"Brooksville, FL",US PL Zephyrhills Factory,
Victory Baptist Church - Food Distribution Center,,,no,44.04,C,1,"Benton, AR",US DC Hot Springs (WHSE),
ChargeUP 34,,,no,44.04,A,1,"Winfield, TX",US PL Hawkins Factory,HOLD: likely noise / not a freight prospect - exclude
Owens Corning Warehouse,owenscorning.com,54771935779,yes,44.02,A,1,"Fort Smith, AR",US PL Hot Springs Factory,package
Mor Furniture for Less Warehouse,morfurniture.com,54774161677,yes,43.99,C,1,"Murrieta, CA",US PL Cabazon Factory,package
Mini-Maxi Warehouses,,,no,43.99,C,1,"Florence, SC",US PL McBee Factory,
True Warehouse,,,no,43.99,C,1,"Bryant, AR",US PL Hot Springs 2 Factory,
Soaring Eagle Warehouse,,,no,43.96,C,1,"Mt Pleasant, MI",US PL Mecosta Factory,
Exodus Logistix,,,no,43.9,D,1,"Roseville, CA",US PL Sacramento Factory,
FGF Brands Inc.,fgfbrands.com,54773560101,yes,43.88,C,1,"Brownsburg, IN",US PL Greenwood Indiana,package
Razor Logistics,,,no,43.8,C,1,"Murrieta, CA",US PL Cabazon Factory,
PTG Crossdocking Services,,,no,43.8,C,1,"Commerce, CA",US PL Ontario Factory,
UNFI Londonderry,unfi.com,54174684591,yes,43.79,A,1,"Londonderry, NH",US PL Hollis Factory,package
Sweet Logistics LLC,,,no,43.74,C,1,"Murrieta, CA",US PL Cabazon Factory,
Ashley Furniture HomeStore Warehouse,ashleyfurniture.com,,no,43.71,C,2,"Mesquite, TX",US PL Dallas 2 Factory,curated:
Van Mini-Warehouse & Storage,,,no,43.71,C,1,"Van, TX",US PL Hawkins Factory,
Katy Fulfillment Center,,,no,43.71,C,1,"Katy, TX",US PL S Houston Factory,
DTW1 Amazon Fulfillment Center,amazon.com,8981959027,yes,43.7,A,1,"Romulus, MI",US PL Mecosta Factory,package
Maple Lynn Logistics,,,no,43.69,C,1,"Gladewater, TX",US PL Hawkins Factory,
Mr G's Foods,,,no,43.63,C,1,"Brooksville, FL",US PL Zephyrhills Factory,
502 Logistics,,,no,43.62,C,1,"Murrieta, CA",US PL Cabazon Factory,
Venezia Bulk Transport Inc. Evansville Terminal,,,no,43.61,D,1,"Fleetwood, PA",US PL Allentown NPL Factory,
Santa Ana Packaging,,,no,43.59,D,1,"La Mirada, CA",US PL Ontario Factory,
Kohler Distribution Center,kohler.com,55554491650,yes,43.59,A,1,"Sheridan, AR",US DC Hot Springs (WHSE),package
East Texas Warehouse and Storage,,,no,43.55,C,1,"Kilgore, TX",US PL Hawkins Factory,
East Texas Business Park,,,no,43.55,C,1,"Kilgore, TX",US PL Hawkins Factory,
Outreach Family Fellowship - Food Distribution Center,,,no,43.55,C,1,"Florence, SC",US PL McBee Factory,
Third Party Logistics,symbia.com,,no,43.49,C,1,"Florence, SC",US PL McBee Factory,company_fuzzy:medium
Velocity Truck Centers,,,no,43.49,C,1,"Florence, SC",US PL McBee Factory,
U-Stor Mor Inc Storage Pearland,,,no,43.47,D,1,"Pearland, TX",US PL Pasadena Factory,
Farm Country Cheese House,,,no,43.47,C,1,"Lakeview, MI",US PL Mecosta Factory,
RWC Distribution Center - Dallas,,,no,43.47,C,1,"Mesquite, TX",US PL Dallas 2 Factory,
Darlington Snacks,,,no,43.47,C,1,"Indianapolis, IN",US PL Greenwood Indiana,
Florida Freezer,,,no,43.43,D,1,"Lakeland, FL",US PL Zephyrhills Factory,
Origin BJJ LLC,,,no,43.43,D,1,"Farmington, ME",US PL Kingfield Factory,
K C Logistics Co,kcwarehouse.com,,no,43.43,C,1,"Florence, SC",US PL McBee Factory,company_core:high
"Nino's Trading - Discount Appliances & TVs, Little Rock Warehouse",,,no,43.4,C,1,"Little Rock, AR",US PL Hot Springs 2 Factory,
CDS Cold,,,no,43.36,C,1,"Santa Fe Springs, CA",US PL Ontario Factory,
Georgia-Pacific Packaging,gp.com,9189642400,yes,43.34,A,1,"Denton, TX",US PL Dallas 2 Factory,package
Tex Tech Industries Inc.,,,no,43.33,D,3,"Portland, ME",US PL Hollis Factory,
CAT Scale,,,no,43.31,C,3,"Florence, SC",US PL McBee Factory,
HEB E-Commerce Fulfillment Center,,,no,43.3,C,1,"Katy, TX",US PL S Houston Factory,
Warehouse Wine & Liquor,,,no,43.3,C,1,"Spring Hill, FL",US PL Zephyrhills Factory,
Storage Max,,,no,43.24,D,1,"Tyler, TX",US PL Hawkins Factory,
Beverage Industries,,,no,43.22,C,1,"Cheraw, SC",US PL McBee Factory,
Trimble Farms,,,no,43.21,D,1,"Big Sandy, TX",US PL Hawkins Factory,
Personal Mini Storage,,,no,43.14,D,1,"Gainesville, FL",US PL High Springs Factory,
STORAGE CENTER,,,no,43.14,D,1,"Tyler, TX",US PL Hawkins Factory,
Samantha Springs,,,no,43.14,C,1,"Keller, TX",US PL Dallas 2 Factory,
Hicks Brothers,,,no,43.12,D,1,"Lindale, TX",US PL Hawkins Factory,
Third Place Processing,,,no,43.07,D,1,"Bechtelsville, PA",US PL Allentown NPL Factory,
Sunbelt Manufacturing Company.,,,no,43.05,C,1,"Gladewater, TX",US PL Hawkins Factory,
Walmart Sam's Club Distribution Center,samsclub.com,45064080036,yes,43.04,A,1,"Dayton, TX",US PL Pasadena Factory,package
All Star Super Storage,allstar-logistics.com,,no,43.03,D,2,"Hemet, CA",US PL Cabazon Factory,parent_facility:medium
Port of Tampa Container Terminal,,,no,42.99,D,1,"Tampa, FL",US PL Zephyrhills Factory,
"Orgill, Inc. Distribution Center",orgill.com,54720477482,yes,42.98,C,1,"Kilgore, TX",US PL Hawkins Factory,package
J & S Manufacturing Co Inc,,,no,42.97,D,1,"Bryant, AR",US PL Hot Springs 2 Factory,
Columbia Consolidated Warehouse,,,no,42.9,C,1,"Lake City, FL",US PL High Springs Factory,
Darlington Packing Co,,,no,42.9,C,1,"Darlington, SC",US PL McBee Factory,
Seaboard Tampa Terminals,,,no,42.86,D,1,"Tampa, FL",US PL Zephyrhills Factory,
West Farmington Grange Hall,,,no,42.86,D,1,"West Farmington, ME",US PL Kingfield Factory,
Roy's Wood Products Manufacturing Facility,,,no,42.83,D,1,"Lugoff, SC",US PL McBee Factory,
"P & B Cold Storage, Georgia",,,no,42.82,A,1,"Valdosta, GA",US PL High Springs Factory,
Mount Elon Food Ministry - Food Distribution Center,,,no,42.81,C,1,"Hartsville, SC",US PL McBee Factory,
Portland Cruise Terminal,,,no,42.77,D,1,"Portland, ME",US PL Hollis Factory,
General Cold Storage,,,no,42.71,C,1,"South Gate, CA",US PL Ontario Factory,
Carparts Distribution Center,,,no,42.71,C,2,"Fairfield, ME",US PL Kingfield Factory,
Packing House District,,,no,42.7,D,1,"Redlands, CA 92374, USA",US PL Ontario Factory,
Maine Plywood USA,,,no,42.69,D,1,"Bingham, ME 04920, USA",US PL Kingfield Factory,
Shaw's Wells Distribution Center,,,no,42.69,C,1,"Wells, ME",US PL Hollis Factory,
Exxon and Pilot,,,no,42.67,C,1,"Van, TX",US PL Hawkins Factory,
Quality Tire Warehouse,,,no,42.65,C,1,"Florence, SC",US PL McBee Factory,
Sysco Central Florida - Food Distributor & Restaurant Supplies,sysco.com,,no,42.65,A,1,"Ocoee, FL",US PL Zephyrhills Factory,curated:
Wayfair,wayfair.com,54725620593,yes,42.65,A,1,"Jacksonville, FL",US PL High Springs Factory,package
Kito Crosby - Longview Plant,,,no,42.64,D,1,"Longview, TX",US PL Hawkins Factory,
"NextGen Industrial Services, LLC",,,no,42.64,D,1,"Longview, TX",US PL Hawkins Factory,
Centerline Manufacturing,,,no,42.61,D,1,"Winnsboro, TX",US PL Hawkins Factory,
"Refrigerated Food Systems, Inc.",,,no,42.59,C,1,"Katy, TX",US PL S Houston Factory,
Amazon Sort Center CLT5,amazon.com,8981959027,yes,42.59,A,1,"Concord, NC",US PL McBee Factory,package
Specialty Box & Packaging Co,,,no,42.56,D,1,"Menands, NY",US PL Saratoga Spring Factory,
Stone Bridge Iron & Steel,,,no,42.54,D,1,"Gansevoort, NY",US PL Saratoga Spring Factory,
California Cold Storage,,,no,42.53,C,2,"Los Angeles, CA",US PL Ontario Factory,
GE Manufacturing Solutions,,,no,42.5,D,1,"Fort Worth, TX",US PL Dallas 2 Factory,
Logistic Services,biralogisticservices.com,,no,42.49,D,1,"Schenectady, NY",US PL Saratoga Spring Factory,company_fuzzy:medium
My Furniture Warehouse Alexander,,,no,42.47,C,1,"Bryant, AR",US PL Hot Springs 2 Factory,
The Outdoor Warehouse,,,no,42.47,C,1,"Murrieta, CA",US PL Cabazon Factory,
Coca Cola Distributor,coca-colacompany.com,,no,42.47,A,1,"Traverse City, MI",US PL Mecosta Factory,package
STEMCO,stemco.com,,no,42.44,D,1,"Longview, TX",US PL Hawkins Factory,company_exact:high
Rehrig Penn Logistics,,,no,42.43,C,1,"Gloversville, NY",US PL Saratoga Spring Factory,
Life Made warehouse,,,no,42.43,C,1,"Wilton, ME",US PL Kingfield Factory,
DHL Bow Distribution Center (Formerly EXEL),dhl.com,8974643893,yes,42.43,A,1,"Bow, NH",US PL Hollis Factory,package
Azleway Boys' Ranch - Food Distribution Center,,,no,42.37,C,1,"Tyler, TX",US PL Hawkins Factory,
EZ Safe Storage,,,no,42.31,D,1,"Schenectady, NY",US PL Saratoga Spring Factory,
Warehousing Etc,,,no,42.31,D,1,"Tampa, FL",US PL Zephyrhills Factory,
"Brentwood Industries, Inc.",,,no,42.31,D,2,"Reading, PA",US PL Allentown NPL Factory,
Bicycle Warehouse Temecula,,,no,42.3,C,1,"Temecula, CA",US PL Cabazon Factory,
AMAZON SNC2 VNC2 WAREHOUSE,amazon.com,8981959027,yes,42.3,A,1,"Huntersville, NC",US PL McBee Factory,package
Oasis Super Stop,,,no,42.29,C,1,"Lindale, TX",US PL Hawkins Factory,
.,,,no,42.25,D,1,"Mansfield, TX",US PL Dallas 2 Factory,
Upward Storage,,,no,42.25,D,1,"Bingham, ME",US PL Kingfield Factory,
Trans Network LLC,,,no,42.22,D,1,"Rocklin, CA",US PL Sacramento Factory,
Sunny Sky Products,,,no,42.22,D,1,"Houston, TX",US PL S Houston Factory,
NETC Warehouse,,,no,42.2,C,1,"Wells, ME",US PL Hollis Factory,
Opportunities Inc. Warehouse,,,no,42.2,C,2,"Fort Atkinson, WI",US PL Madison Factory,
"Challenge Manufacturing Northlake, TX",,,no,42.18,D,1,"Northlake, TX",US PL Dallas 2 Factory,
Fleet Yards Inc./DAMCO DISTRIBUTION INC,,,no,42.18,C,1,"South Gate, CA",US PL Ontario Factory,
Roar Logistics,roarlogistics.com,,no,42.18,C,1,"Murrieta, CA",US PL Cabazon Factory,company_exact:high
Pepsi Beverage of North America/Ocala FL,pepsico.com,,no,42.18,A,1,"Ocala, FL",US PL Zephyrhills Factory,curated:
Columbus Warehouse & Cartage,,,no,42.16,C,2,"Edinburgh, IN",US PL Greenwood Indiana,
Tt dunphy,,,no,42.14,D,1,"North Anson, ME",US PL Kingfield Factory,
T&T Storage,,,no,42.13,D,1,"Cohoes, NY",US PL Saratoga Spring Factory,
Plug Power,plugpower.com,54755808006,yes,42.13,D,1,"Latham, NY",US PL Saratoga Spring Factory,package
Florence Chapter Mnistries - Food Distribution Center,,,no,42.13,C,1,"Florence, SC",US PL McBee Factory,
CLT3 Amazon Truck entrance,amazon.com,8981959027,yes,42.12,A,1,"Concord, NC",US PL McBee Factory,package
SPRING BROOK FARM and MARKET,,,no,42.1,C,1,"Cumberland, ME",US PL Poland Spring Factory,
BWT/ Dixie Offsite Warehouse,,,no,42.07,C,1,"Florence, SC",US PL McBee Factory,
Hickory Springs Water Co Inc,,,no,42.07,C,1,"Florence, SC",US PL McBee Factory,
Progressive Produce Cold Storage,progressiveproduce.com,,no,42.04,C,1,"La Mirada, CA",US PL Ontario Factory,parent_facility:medium
Community Family Enrichment Center - Food Distribution Center,,,no,42.04,C,1,"Arkadelphia, AR",US DC Hot Springs (WHSE),
Allentown Refrigerated,,,no,42.02,D,1,"East Greenville, PA",US PL Allentown NPL Factory,
Upshur County Shares - Food Distribution Center,,,no,42,C,1,"Gilmer, TX",US PL Hawkins Factory,
At Home Distribution Center,athome.com,54751049235,yes,41.97,C,1,"Plano, TX",US PL Dallas 2 Factory,package
DairyChem,,,no,41.97,C,1,"Fishers, IN",US PL Greenwood Indiana,
Ice Cold Storage Inc,,,no,41.96,C,1,"Vernon, CA",US PL Ontario Factory,
TFG Little Rock,,,no,41.96,C,1,"Little Rock, AR",US PL Hot Springs 2 Factory,
U.S. Growers Cold Storage - Area 3,,,no,41.9,C,1,"Vernon, CA",US PL Ontario Factory,
Gap Distribution Center,,,no,41.89,C,1,"Longview, TX",US PL Hawkins Factory,
Divine Enterprises,,,no,41.86,D,1,"Rocklin, CA",US PL Sacramento Factory,
Ruiz Foods,ruizfoods.com,54734689091,yes,41.84,C,1,"Florence, SC",US PL McBee Factory,package
Lufkin Coca-Cola,coca-colacompany.com,,no,41.82,A,1,"Lufkin, TX",US PL Hawkins Factory,package
The Man Cave Warehouse,,,no,41.81,C,1,"Odessa, FL",US PL Zephyrhills Factory,
Painted Woods Wild Game Butcher and Meat Processing,,,no,41.81,C,1,"Rochester, NH",US PL Hollis Factory,
Arkadelphia First United Methodist Church - Food Distribution Center,,,no,41.81,C,1,"Arkadelphia, AR",US DC Hot Springs (WHSE),
Growers Cold Storage,,,no,41.79,C,3,"Vernon, CA",US PL Ontario Factory,
Victory Logistics - Cold Storage & 3PL Fulfillment Services,,,no,41.79,C,1,"Temecula, CA",US PL Cabazon Factory,
Lois G. McArn Food Bank- Food Distribution Center,,,no,41.74,C,1,"Cheraw, SC",US PL McBee Factory,
Warehouse Furniture Showroom,,,no,41.74,C,1,"Arkadelphia, AR",US DC Hot Springs (WHSE),
"Mineola Packing Company, Inc.",,,no,41.73,C,1,"Mineola, TX",US PL Hawkins Factory,
E-Town Cold Storage,,,no,41.71,C,1,"Edgerton, WI",US PL Madison Factory,
Cross Dock Building Warehouse,,,no,41.71,C,1,"Houston, TX",US PL S Houston Factory,
Easy Street Distribution Center,,,no,41.66,C,1,"Somersworth, NH",US PL Hollis Factory,
Clark County Ecumerical Food Pantry - Food Distribution Center,,,no,41.66,C,1,"Arkadelphia, AR",US DC Hot Springs (WHSE),
Mid Michigan Community Action Food Warehouse,,,no,41.66,C,1,"Clare, MI",US PL Mecosta Factory,
Southern Star Foods,,,no,41.59,C,1,"Plano, TX",US PL Dallas 2 Factory,
Ideal Fulfillment - 3PL,,,no,41.57,C,1,"Temecula, CA",US PL Cabazon Factory,
Duluth Trading Company Distribution Center,duluthtrading.com,54774164022,yes,41.52,C,1,"Belleville, WI",US PL Madison Factory,package
Uniqlo Distribution Center,,,no,41.51,C,1,"Phillipsburg, NJ",US DC NFI - Breinigsville,
Cart.com Terrell Fulfillment Center,cart.com,,no,41.46,C,1,"Terrell, TX",US PL Dallas 2 Factory,parent_facility:medium
Wedekind Farms,,,no,41.42,C,1,"Chesterfield, SC",US PL McBee Factory,
"GMI Group | Texas, USA",,,no,41.42,D,1,"Humble, TX",US PL S Houston Factory,
Southwest Insulated Panels,,,no,41.42,D,1,"White Oak, TX",US PL Hawkins Factory,
JFK8 - Amazon Fulfillment Center,amazon.com,8981959027,yes,41.38,A,1,"Staten Island, NY",US DC NFI - Breinigsville,package
Trent Cates Trucking Inc,,,no,41.36,C,1,"Solon, ME",US PL Kingfield Factory,
CalArk,,,no,41.35,C,2,"Little Rock, AR",US PL Hot Springs 2 Factory,
Amazon Fulfillment Center DAS7,amazon.com,8981959027,yes,41.35,A,1,"Salem, MA",US PL Hollis Factory,package
SWEN Cross-Docking / WAREHOUSE Philadelphia,,,no,41.33,C,1,"Stowe, PA",US PL Allentown NPL Factory,
FreeUp Storage Tyler South Broadway,,,no,41.33,D,1,"Tyler, TX",US PL Hawkins Factory,
Pourter,,,no,41.32,A,1,"Grand Rapids, MI",US PL Mecosta Factory,
Lighthouse Ministries - Food Distribution Center,,,no,41.29,C,1,"Arkadelphia, AR",US DC Hot Springs (WHSE),
S & W Manufacturing,,,no,41.25,D,1,"Florence, SC",US PL McBee Factory,
Global Packaging,all4labels.com,,no,41.24,D,5,"Katy, TX",US PL S Houston Factory,company_fuzzy:medium
Amber Terminal Inc,,,no,41.24,D,1,"Fort Worth, TX",US PL Dallas 2 Factory,
Dillard's Distribution Center,dillards.com,,no,41.24,C,2,"Mabelvale, AR",US PL Hot Springs 2 Factory,company_core:high
Perrigo ACDC Warehouse,perrigo.com,,no,41.21,B,1,"Holland, MI 49423, USA",US PL Mecosta Factory,package
On The Move Logistics llc,,,no,41.18,C,1,"Florence, SC",US PL McBee Factory,
Melcher Logging Co Garage,,,no,41.16,D,1,"Moscow, ME",US PL Kingfield Factory,
PDQ America,pdqamerica.com,,no,41.15,D,1,"White Oak, TX",US PL Hawkins Factory,company_exact:high
DFL4 Amazon,amazon.com,8981959027,yes,41.15,A,1,"Orlando, FL",US PL Zephyrhills Factory,package
"Tailored Packaging, LLC",,,no,41.14,D,1,"Edmore, MI",US PL Mecosta Factory,
Yusen Logistics,us.yusen-logistics.com,54406078250,yes,41.14,C,1,"Gloversville, NY",US PL Saratoga Spring Factory,package
Southbay Cold Storage,,,no,41.13,C,1,"Los Angeles, CA",US PL Ontario Factory,
Quality Drivers Logistics,,,no,41.13,C,1,"Little Rock, AR",US PL Hot Springs 2 Factory,
"Lignetics Of Maine, LLC",,,no,41.12,D,1,"Strong, ME",US PL Kingfield Factory,
Sunrider Manufacturing LP,,,no,41.08,D,1,"Midlothian, TX",US PL Dallas 2 Factory,
Blake Furniture Warehouse,,,no,41.07,C,1,"Longview, TX",US PL Hawkins Factory,
"K&C Warehousing, Cross Docking, Lumper Services, Trucking",,,no,41.07,C,1,"Santa Ana, CA",US PL Ontario Factory,
Fast Trac Transportation - Terminal 57,,,no,41.05,D,1,"Fort Worth, TX",US PL Dallas 2 Factory,
Los Angeles Cold Storage,,,no,41.02,C,1,"Los Angeles, CA",US PL Ontario Factory,
Warehouse Beverages,,,no,41.02,C,1,"Terrell, TX",US PL Dallas 2 Factory,
STC Warehouse,,,no,40.99,C,1,"Phillipsburg, NJ",US DC NFI - Breinigsville,
Orange County Cold Services,,,no,40.98,D,1,"Anaheim, CA",US PL Ontario Factory,
"Emery's Meat & Produce, Waterville Maine",,,no,40.97,C,1,"Waterville, ME",US PL Kingfield Factory,
PCA City of Industry,,,no,40.94,D,1,"City of Industry, CA",US PL Ontario Factory,
King Steel Warehouse,,,no,40.92,C,1,"Florence, SC",US PL McBee Factory,
"Universe Carrier Warehouse - Cross-docking, Fulfilment, Kitting, Delivery",,,no,40.9,A,1,"Huntley, IL",US PL Madison Factory,
S&D Receiving & Installation Warehouse,,,no,40.86,C,1,"Cathedral City, CA",US PL Cabazon Factory,
Terra Green Packing,,,no,40.81,D,1,"Green Island, NY",US PL Saratoga Spring Factory,
Warehouse Unlimited,,,no,40.77,C,2,"GUILDRLND CTR, NY",US PL Saratoga Spring Factory,
MiTek,mii.com,54771873434,yes,40.72,D,1,"Tampa, FL",US PL Zephyrhills Factory,package
Mb1 Logistics Inc,,,no,40.71,C,1,"Terrell, TX",US PL Dallas 2 Factory,
New York Fulfillment,nyandcompany.com,54774365610,yes,40.7,C,2,"Altamont, NY",US PL Saratoga Spring Factory,package
Village Green Foods Inc,,,no,40.7,C,1,"Irvine, CA",US PL Ontario Factory,
Glenn Logistics,,,no,40.65,C,1,"Little Rock, AR",US PL Hot Springs 2 Factory,
Atlas Storage & Business Centers - Calimesa,,,no,40.63,D,1,"Calimesa, CA",US PL Cabazon Factory,
Kennebec Valley Organization - Food Distribution Center,,,no,40.6,C,1,"Waterville, ME",US PL Kingfield Factory,
Alternative Manufacturing Inc.,,,no,40.59,D,1,"Winthrop, ME",US PL Poland Spring Factory,
a Culture Factory,,,no,40.56,C,1,"Phoenixville, PA",US PL Allentown NPL Factory,
Sandell Transport,,,no,40.55,D,1,"Schenectady, NY",US PL Saratoga Spring Factory,
Felbro Food Products,,,no,40.55,C,2,"Compton, CA",US PL Ontario Factory,
Parts Warehouse,,,no,40.53,C,1,"Rockwall, TX",US PL Dallas 2 Factory,
HPH Logistics,,,no,40.49,C,1,"Lake Mills, WI",US PL Madison Factory,
Ase Logistics and Solutions LLC,,,no,40.45,C,1,"Little Rock, AR",US PL Hot Springs 2 Factory,
Bouchers Deer Cutting,,,no,40.45,C,1,"Winslow, ME",US PL Kingfield Factory,
"Dixon Valve Distribution Center - Albany, NY",dixonvalve.com,54771885930,yes,40.41,C,1,"Gloversville, NY",US PL Saratoga Spring Factory,package
The Gathering - Food Distribution Center,,,no,40.41,C,1,"Gloversville, NY",US PL Saratoga Spring Factory,
CNC Logistics Corp.,,,no,40.4,C,1,"Broadalbin, NY",US PL Saratoga Spring Factory,
ADI Global Distribution - Little Rock,,,no,40.39,C,1,"Little Rock, AR",US PL Hot Springs 2 Factory,
Uncle Dean's Natural Market,,,no,40.39,C,1,"Waterville, ME",US PL Kingfield Factory,
Amazon Fulfillment Center SHV1,amazon.com,8981959027,yes,40.39,A,1,"Shreveport, LA",US PL Hawkins Factory,package
Wood Pellet Warehouse,,,no,40.34,C,1,"Jay, ME",US PL Kingfield Factory,
AHH-Warehouse,,,no,40.34,C,1,"Little Rock, AR",US PL Hot Springs 2 Factory,
"Freight Connect Logistics, Llc",depotconnect.com,54688617729,yes,40.31,C,1,"Waxahachie, TX",US PL Dallas 2 Factory,package
National Packaging Products,,,no,40.31,D,1,"Commerce, CA",US PL Ontario Factory,
Solution413,,,no,40.3,D,1,"Richardson, TX",US PL Dallas 2 Factory,
GC Logistics,gclogistics.us,,no,40.29,C,1,"Little Rock, AR",US PL Hot Springs 2 Factory,company_exact:high
Unified Brands,,,no,40.24,D,1,"Weidman, MI",US PL Mecosta Factory,
ACY1 Amazon Fulfillment Center,amazon.com,8981959027,yes,40.24,A,1,"West Deptford, NJ",US PL Allentown NPL Factory,package
ACY5 Amazon Fulfillment Center,amazon.com,8981959027,yes,40.18,A,1,"Logan Township, NJ",US PL Allentown NPL Factory,package
Maine Crisp Company,,,no,40.14,C,1,"Winslow, ME",US PL Kingfield Factory,
Engineering Industries Inc,nbcbearings.com,,no,40.11,D,1,"Verona, WI",US PL Madison Factory,company_fuzzy:medium
TimberHP by GO Lab,,,no,40.1,D,1,"Madison, ME",US PL Kingfield Factory,
Trans Atlantic Air and Ocean Shipping USA,,,no,40.1,D,1,"Alvarado, TX",US PL Dallas 2 Factory,
Saint Matthew Baptist Church - Food Distribution Center,,,no,40.06,C,1,"Lugoff, SC",US PL McBee Factory,
Trinity Industries Inc,trinityrail.com,,no,40.04,D,2,"Longview, TX",US PL Hawkins Factory,company_fuzzy:medium
eWorld Fulfillment,,,no,40.04,C,1,"St. Petersburg, FL",US PL Zephyrhills Factory,
Mix N Pack,,,no,40.04,C,1,"Little Rock, AR",US PL Hot Springs 2 Factory,
The Home Improvement Warehouse,,,no,40.04,C,1,"Pinellas Park, FL",US PL Zephyrhills Factory,
Coastal Metal Fab,,,no,40,D,1,"Topsham, ME",US PL Poland Spring Factory,
111 Coldwater Storage,,,no,39.99,D,1,"Weidman, MI",US PL Mecosta Factory,
Specialty Machining Inc.,,,no,39.99,D,1,"Newberry, FL",US PL High Springs Factory,
AFS Logistics,afs.net,,no,39.99,C,1,"Little Rock, AR",US PL Hot Springs 2 Factory,company_exact:high
AVP8 Amazon Fulfillment Center,amazon.com,8981959027,yes,39.97,A,1,"Pittston, PA",US DC NFI - Breinigsville,package
Raybestos Powertrain - Manufacturing Plant,raybestospowertrain.com,,no,39.95,A,2,"Crawfordsville, IN",US PL Greenwood Indiana,package
Arkansas Foodbank Network Inc - Food Distribution Center,,,no,39.94,C,1,"Little Rock, AR",US PL Hot Springs 2 Factory,
Pulaski Heights UMC - Food Distribution Center,,,no,39.94,C,1,"Little Rock, AR",US PL Hot Springs 2 Factory,
Treadstone Logistics LLC,,,no,39.92,C,1,"Benton, AR",US DC Hot Springs (WHSE),
Amazon Fulfillment Center TCY5 - employee parking,amazon.com,8981959027,yes,39.91,A,1,"Tracy, CA",US PL Sacramento Factory,package
IKI Manufacturing Co,,,no,39.9,D,1,"Edgerton, WI",US PL Madison Factory,
Stockton Cold Storage,,,no,39.89,C,1,"Stockton, CA",US PL Sacramento Factory,
"Sober Living, Inc. - Food Distribution Center",,,no,39.89,C,1,"Little Rock, AR",US PL Hot Springs 2 Factory,
Genpak LLC,genpak.com,54774307392,yes,39.88,D,1,"Longview, TX",US PL Hawkins Factory,package
TCY5 Amazon,amazon.com,8981959027,yes,39.88,A,1,"Tracy, CA",US PL Sacramento Factory,package
Thunder Bay Foods,,,no,39.84,C,1,"Clearwater, FL",US PL Zephyrhills Factory,
Karma Innovation and Customization Center,,,no,39.8,D,1,"Moreno Valley, CA",US PL Ontario Factory,
Amazon Fulfilment TEB3,amazon.com,8981959027,yes,39.79,A,1,"Logan Township, NJ",US PL Allentown NPL Factory,package
"SMC Global Distribution Center (Pageland, SC)",,,no,39.77,C,1,"Pageland, SC",US PL McBee Factory,
Pepsi Bottling Ventures,pepsibottlingventures.com,54701592927,yes,39.76,A,4,"Harrisburg, NC",US PL McBee Factory,package
Steel River Manufacturing,,,no,39.74,D,1,"Spring, TX",US PL S Houston Factory,
Ark-La-Miss Logistics Inc,,,no,39.74,C,1,"Maumelle, AR",US PL Hot Springs 2 Factory,
Fantis Food of Florida Inc,,,no,39.74,C,1,"St. Petersburg, FL",US PL Zephyrhills Factory,
Applied Manufacturing,,,no,39.73,D,1,"Temecula, CA",US PL Cabazon Factory,
Amazon SJC7,amazon.com,8981959027,yes,39.73,A,1,"Tracy, CA",US PL Sacramento Factory,package
Crossdock in Elk Grove Village,,,no,39.73,A,1,"Elk Grove Village, IL",US PL Madison Factory,HOLD: likely noise / not a freight prospect - exclude
"The Logistix Savant, LLC",,,no,39.71,D,1,"Troy, NY",US PL Saratoga Spring Factory,
MTN1 Amazon Fulfillment Center work,amazon.com,8981959027,yes,39.71,A,1,"Wilmington, DE",US PL Allentown NPL Factory,package
Prime Time Cold Storage LLC,,,no,39.69,C,1,"Carson, CA",US PL Ontario Factory,
"Hyder Logistics, LLC",,,no,39.69,C,1,"Terrell, TX",US PL Dallas 2 Factory,
Greaney's Turkey Farm,,,no,39.68,C,1,"Mercer, ME",US PL Kingfield Factory,
FREITTY Cross-Dock Stockton,,,no,39.64,C,1,"Stockton, CA",US PL Sacramento Factory,
Columbia Containers & Storage,,,no,39.63,C,1,"Lake City, FL",US PL High Springs Factory,
Auger Michael,,,no,39.62,D,1,"Phillips, ME",US PL Kingfield Factory,
The Texas Slab Factory,,,no,39.59,D,1,"Plano, TX",US PL Dallas 2 Factory,
PinkBlush Maternity Fulfillment Center,,,no,39.57,C,1,"Noblesville, IN",US PL Greenwood Indiana,
Rineco Chemical Industries Inc,,,no,39.55,D,1,"Benton, AR",US DC Hot Springs (WHSE),
DTL Terminal,,,no,39.55,D,1,"Woodland, CA",US PL Sacramento Factory,
JMS Warehousing Co,,,no,39.55,D,1,"Albany, NY",US PL Saratoga Spring Factory,
Opus Packaging,,,no,39.55,D,2,"Florence, SC",US PL McBee Factory,
Baker Cold Storage,thebakergroup.com,54773367046,yes,39.55,C,1,"Long Beach, CA",US PL Ontario Factory,package
BDP Industries Inc,,,no,39.5,D,1,"Greenwich, NY",US PL Saratoga Spring Factory,
Horizon Warehouse,horizonglobal.com,54772023691,yes,39.5,C,1,"Lake Mills, WI",US PL Madison Factory,package
Hemlock Ridge Meat Processing,,,no,39.5,C,1,"New Sharon, ME",US PL Kingfield Factory,
Hemlock Ridge Smokehouse,,,no,39.5,C,1,"New Sharon, ME",US PL Kingfield Factory,
TKS Cold Storage MFG & Construction,,,no,39.5,C,2,"Stockton, CA",US PL Sacramento Factory,
Hope Outreach-New Beginnings - Food Distribution Center,,,no,39.49,C,1,"Bismarck, AR",US DC Hot Springs (WHSE),
Georgia-Pacific Palatka Operations,gp.com,9189642400,yes,39.48,A,1,"Palatka, FL",US PL High Springs Factory,package
Reliance Cold Storage,reliance.com,54751049236,yes,39.45,C,1,"Stockton, CA",US PL Sacramento Factory,package
Crossdock & Rework Service,,,no,39.45,C,1,"Stockton, CA",US PL Sacramento Factory,
Atlas Storage Centers Yucaipa,,,no,39.39,D,1,"Yucaipa, CA",US PL Cabazon Factory,
Nordic Cold Chain Solutions,,,no,39.39,D,1,"Hatfield, PA",US PL Allentown NPL Factory,
JM Eagle Co,jmeagle.com,54758074006,yes,39.39,D,1,"Perris, CA",US PL Ontario Factory,package
Iglesia Apostolica - Food Distribution Center,,,no,39.35,C,1,"Little Rock, AR",US PL Hot Springs 2 Factory,
RENOSY by Renters Warehouse Tampa,,,no,39.33,C,1,"Land O' Lakes, FL",US PL Zephyrhills Factory,
Allen Greenhouses Mfg LLC,,,no,39.33,C,1,"Benton, AR",US DC Hot Springs (WHSE),
Pickup Truck Accessory Warehouse & Vortex Sprayliner,,,no,39.31,C,1,"Little Rock, AR",US PL Hot Springs 2 Factory,
"Beme, Nova Container Freight Station",,,no,39.31,C,1,"Carson, CA",US PL Ontario Factory,
A-1 Creative Packaging Corporation Plant-4,,,no,39.3,A,1,"Palmyra, WI",US PL Madison Factory,
Pepsi Bottling Group Truck Entrance,pepsico.com,,no,39.28,A,1,"Modesto, CA",US PL Sacramento Factory,curated:
Hershey's Annville Fulfillment Center,,,no,39.25,A,1,"Annville, PA",US PL Allentown NPL Factory,
Nu Leif Logistics,,,no,39.21,C,1,"Little Rock, AR",US PL Hot Springs 2 Factory,
XEW6 Amazon Fulfillment Center,amazon.com,8981959027,yes,39.2,A,1,"Somerset, NJ",US DC NFI - Breinigsville,package
"Aberdeen Coca-Cola Bottling Co., Inc.",coca-colacompany.com,,no,39.18,A,1,"Aberdeen, NC",US PL McBee Factory,package
Iray Logistics Inc,,,no,39.17,C,1,"Janesville, WI",US PL Madison Factory,
Florida Pasta Company,,,no,39.16,C,1,"Clearwater, FL",US PL Zephyrhills Factory,
Central Maine Warehousing,,,no,39.14,D,1,"Skowhegan, ME",US PL Kingfield Factory,
Lowe's Regional Distribution Center,lowes.com,,no,39.14,A,1,"Rockford, IL",US PL Madison Factory,curated:
"Crossing Storage Services, Inc.",,,no,39.13,C,1,"Los Angeles, CA",US PL Ontario Factory,
Catch A Fire,,,no,39.12,C,1,"Clearwater, FL",US PL Zephyrhills Factory,
Condor Cold Storage,,,no,39.1,C,1,"Costa Mesa, CA",US PL Ontario Factory,
Dillards Fulfillment Center,,,no,39.07,C,1,"Maumelle, AR",US PL Hot Springs 2 Factory,
Carson Cold Storage & Packing,,,no,39.07,C,1,"Carson, CA",US PL Ontario Factory,
North Force MFG,,,no,39.06,D,1,"Norridgewock, ME",US PL Kingfield Factory,
Mastercraft Inc.,,,no,38.98,D,1,"Skowhegan, ME",US PL Kingfield Factory,
Ace Hardware Corporate Warehouse,acehardware.com,,no,38.98,C,1,"Maumelle, AR",US PL Hot Springs 2 Factory,parent_facility:medium
Tipton Mills Foods LLC,,,no,38.97,C,1,"Columbus, IN",US PL Greenwood Indiana,
Diamond Cross-Dock Services,dssuae.com,,no,38.93,C,1,"Stockton, CA",US PL Sacramento Factory,parent_facility:medium
Carolina Canners Inc,,,no,38.9,D,1,"Cheraw, SC",US PL McBee Factory,
Candor Expedite Inc.,candorexp.com,,no,38.9,D,1,"Plano, TX",US PL Dallas 2 Factory,company_exact:high
Acme Brick Co.,brick.com,54773571363,yes,38.88,D,1,"Malvern, AR",US DC Hot Springs (WHSE),package
"Cypress Cold Storage, LLC",,,no,38.88,C,3,"Maumelle, AR",US PL Hot Springs 2 Factory,
AY Logistics Inc Crossdock and Warehouse,,,no,38.88,C,1,"Monroe, NC",US PL McBee Factory,
DNK7 Amazon,amazon.com,8981959027,yes,38.85,A,1,"Middlesex, NJ",US DC NFI - Breinigsville,package
Huck Finn Home,,,no,38.81,D,1,"Albany, NY",US PL Saratoga Spring Factory,
Amazon Fulfillment Center DMH4,amazon.com,8981959027,yes,38.81,A,1,"Canton, MA",US PL Hollis Factory,package
SHIPPING,,,no,38.78,D,1,"Stanwood, MI",US PL Mecosta Factory,
Great Bay Manufacturing,,,no,38.77,D,1,"Rochester, NH",US PL Hollis Factory,
DuPont Salisbury Manufacturing Plant - ArmorWall Fire-Rated Structural Insulated Sheathing,dupont.com,,no,38.76,B,1,"Salisbury, NC",US PL McBee Factory,curated:
Global Warehousing,,,no,38.74,C,3,"Tampa, FL",US PL Zephyrhills Factory,
Ice Service Co,,,no,38.74,D,1,"Darlington, SC",US PL McBee Factory,
The Plumbing Warehouse,,,no,38.74,C,1,"Little Rock, AR",US PL Hot Springs 2 Factory,
Arkansas Warehouse and Transfer,,,no,38.74,C,1,"Little Rock, AR",US PL Hot Springs 2 Factory,
World Wide Packaging Logistics Inc,,,no,38.71,C,1,"Arlington, WI",US PL Madison Factory,
Wakefield Food Pantry - Food Distribution Center,,,no,38.71,C,1,"Sanbornville, NH",US PL Hollis Factory,
Arkansas Elite Warehouse,,,no,38.7,C,2,"Little Rock, AR",US PL Hot Springs 2 Factory,
Tessiers Farm,,,no,38.67,D,1,"Skowhegan, ME",US PL Kingfield Factory,
Sandy River & Rangeley Lakes Rly Depot,,,no,38.66,D,1,"Phillips, ME",US PL Kingfield Factory,
Distribution International,,,no,38.65,C,1,"Little Rock, AR",US PL Hot Springs 2 Factory,
Abby Road Warehouse,,,no,38.61,C,1,"Little Rock, AR",US PL Hot Springs 2 Factory,
Merrimack Manufacturing,,,no,38.59,D,1,"Bridgton, ME",US PL Poland Spring Factory,
HUB Industrial Supply,,,no,38.59,C,1,"Lake City, FL",US PL High Springs Factory,
Signature Warehouse Solutions,,,no,38.56,C,1,"Little Rock, AR",US PL Hot Springs 2 Factory,
Hodges Heavy Duty Truck Parts,,,no,38.56,C,1,"Russellville, AR",US PL Hot Springs Factory,
River City Cold Storage,rivercitylogistics.net,,no,38.52,C,1,"Little Rock, AR",US PL Hot Springs 2 Factory,parent_facility:medium
East Harding Warehouse Facility,,,no,38.52,C,1,"Little Rock, AR",US PL Hot Springs 2 Factory,
Signode,signode.com,54771864209,yes,38.51,D,1,"Benton, AR",US PL Hot Springs 2 Factory,package
Hazleton Logistics Park,,,no,38.5,C,1,"McAdoo, PA",US PL Allentown Factory,
On Time Logistics,,,no,38.47,C,1,"Little Rock, AR",US PL Hot Springs 2 Factory,
Colonial Springs Bottling Plant,,,no,38.44,C,1,"Phoenixville, PA",US PL Allentown NPL Factory,
U Storage,,,no,38.43,D,1,"Benton, AR",US PL Hot Springs 2 Factory,
Saint Francis House-Little Rock Pantry - Food Distribution Center,,,no,38.43,C,1,"Little Rock, AR",US PL Hot Springs 2 Factory,
Quality Living Center -,,,no,38.43,C,1,"Little Rock, AR",US PL Hot Springs 2 Factory,
"DMG MORI Manufacturing USA, Inc.",,,no,38.39,D,1,"Davis, CA",US PL Sacramento Factory,
Peak Manufacturing Inc,,,no,38.39,D,1,"Galt, CA",US PL Sacramento Factory,
AR Fireworks Warehouse,,,no,38.38,C,1,"Little Rock, AR",US PL Hot Springs 2 Factory,
Morgan SuperStop,,,no,38.38,C,1,"North Little Rock, AR",US PL Hot Springs 2 Factory,
Little Rock Compassion Center - Food Distribution Center,,,no,38.34,C,1,"Little Rock, AR",US PL Hot Springs 2 Factory,
Co Packing Express,,,no,38.34,C,1,"St. Petersburg, FL",US PL Zephyrhills Factory,
Rudd Manufacturing and Custom Welding,,,no,38.29,D,1,"Arp, TX",US PL Hawkins Factory,
SI Group Inc,siigroup.com,,no,38.29,C,2,"Rotterdam Junction, NY",US PL Saratoga Spring Factory,company_exact:high
Semper Foods,,,no,38.29,C,1,"Seminole, FL",US PL Zephyrhills Factory,
Dirigo Fire,,,no,38.27,D,1,"Skowhegan, ME",US PL Kingfield Factory,
Amazon Flex Fulfillment Center EWR4,amazon.com,8981959027,yes,38.27,A,1,"Robbinsville Twp, NJ",US DC NFI - Breinigsville,package
Pentagon Logistics Group LLC,pentagonlogistics.ca,,no,38.21,C,1,"Little Rock, AR",US PL Hot Springs 2 Factory,company_exact:high
Freight Ready,,,no,38.21,C,1,"Stockton, CA",US PL Sacramento Factory,
Gwynedd Manufacturing Inc,,,no,38.2,D,1,"North Wales, PA",US PL Allentown NPL Factory,
SteelSafe Storage Pottstown,,,no,38.19,D,1,"Pottstown, PA",US PL Allentown NPL Factory,
KHS&S-Tampa Warehouse,,,no,38.18,C,1,"Tampa, FL",US PL Zephyrhills Factory,
Warehouse Liquor Store and Bar,,,no,38.18,C,1,"Tampa, FL",US PL Zephyrhills Factory,
Crossdock 24/7 Tampa,,,no,38.16,C,1,"Largo, FL",US PL Zephyrhills Factory,
Smurfit Westrock Mooresville Container Plant,westrockcoffee.com,54720622756,yes,38.16,B,1,"Mooresville, NC",US PL McBee Factory,package
Leeds Food Pantry - Food Distribution Center,,,no,38.14,C,1,"Leeds, ME",US PL Poland Spring Factory,
Full Metal Fab Automotive Services,,,no,38.14,D,1,"Winslow, ME",US PL Kingfield Factory,
Seaport Storage,,,no,38.12,D,1,"Tampa, FL",US PL Zephyrhills Factory,
Hope Ministry Alliance - Food Distribution Center,,,no,38.12,C,1,"North Little Rock, AR",US PL Hot Springs 2 Factory,
DET3 Amazon Fulfillment Center,amazon.com,8981959027,yes,38.09,A,1,"Pontiac, MI",US PL Mecosta Factory,package
Nacogdoches Coca-Cola,coca-colacompany.com,,no,38.06,A,1,"Nacogdoches, TX",US PL Hawkins Factory,package
Magnum Truck Racks,,,no,38.04,C,1,"Waterville, ME",US PL Kingfield Factory,
Bona US - Distribution Center (DC2),,,no,38.03,C,1,"Monroe, NC",US PL McBee Factory,
"Lippert Plant 115-A in Gloversville, NY",,,no,37.99,D,1,"Gloversville, NY",US PL Saratoga Spring Factory,
Advanced Manufacturing Inc,,,no,37.99,D,2,"St. Petersburg, FL",US PL Zephyrhills Factory,
Albany Nanotech Complex Zen Loading Dock,,,no,37.97,D,1,"Albany, NY",US PL Saratoga Spring Factory,
Orangeburg Coca-Cola Bottling Co.,coca-colacompany.com,,no,37.97,A,1,"Orangeburg, SC",US PL McBee Factory,package
Rural Community Action Ministry - Food Distribution Center,,,no,37.96,C,1,"Leeds, ME",US PL Poland Spring Factory,
The Gazette Printing & Distribution Center,,,no,37.93,C,1,"Janesville, WI",US PL Madison Factory,
New Life Warehouse,,,no,37.93,C,1,"Oldsmar, FL",US PL Zephyrhills Factory,
Smurfit Westrock Greenville Folding Carton Plant,westrockcoffee.com,54720622756,yes,37.91,B,1,"Greenville, TX",US PL Dallas 2 Factory,package
DET1 Amazon Fulfillment Center,amazon.com,8981959027,yes,37.91,A,1,"Livonia, MI",US PL Mecosta Factory,package
Tipton & Hurst Warehouse,,,no,37.9,C,1,"Little Rock, AR",US PL Hot Springs 2 Factory,
Phillip View Farm,,,no,37.86,C,1,"Sebago, ME",US PL Poland Spring Factory,
GSP Logistics Inc,,,no,37.82,C,1,"Russellville, AR",US PL Hot Springs Factory,
Castillo Packaging,,,no,37.81,D,1,"Columbus, IN",US PL Greenwood Indiana,
Northwoods Pet Provisions,,,no,37.8,C,1,"Mazomanie, WI",US PL Madison Factory,
Warehouse Deli,,,no,37.8,C,1,"Oldsmar, FL",US PL Zephyrhills Factory,
Essex Food Ingredients,,,no,37.8,C,1,"Frazer, PA",US PL Allentown NPL Factory,
Rev-Tech Manufacturing Solutions,,,no,37.79,D,1,"St. Petersburg, FL",US PL Zephyrhills Factory,
Chewy Fullfillment Center AVP1,chewy.com,,no,37.78,A,1,"Wilkes-Barre, PA",US PL Allentown Factory,curated:
Montcalm Dept Human Services - Food Distribution Center,,,no,37.77,C,1,"Stanton, MI",US PL Mecosta Factory,
RFD1- Merch by Amazon,amazon.com,8981959027,yes,37.75,A,1,"Rockford, IL",US PL Madison Factory,package
All-Temp Storage,,,no,37.74,D,1,"Auburndale, FL",US PL Zephyrhills Factory,
Longview Texas,,,no,37.74,D,1,"Longview, TX",US PL Hawkins Factory,
Gene Haas Center,,,no,37.74,D,1,"Troy, NY",US PL Saratoga Spring Factory,
East Coast Warehouse & Fulfillment,eastcoastwarehouse.com,51723121415,yes,37.74,C,1,"Exton, PA",US PL Allentown NPL Factory,package
Mom's Mini Warehouses,,,no,37.71,C,1,"Poynette, WI",US PL Madison Factory,
The Rustic Warehouse,,,no,37.68,C,1,"Rockwall, TX",US PL Dallas 2 Factory,
IPM Foods,,,no,37.68,C,1,"Janesville, WI",US PL Madison Factory,
Amazon Fulfillment Center DIA6,amazon.com,8981959027,yes,37.67,A,1,"Rockford, IL",US PL Madison Factory,package
Bandit Industries Inc,banditchippers.com,,no,37.61,D,1,"Remus, MI",US PL Mecosta Factory,company_exact:high
R-Cold,,,no,37.59,D,1,"Perris, CA",US PL Cabazon Factory,
Pine Tree Poultry,,,no,37.55,C,1,"New Sharon, ME",US PL Kingfield Factory,
Smurfit Westrock Fort Smith Sheet Plant,westrockcoffee.com,54720622756,yes,37.54,B,1,"Fort Smith, AR",US PL Hot Springs Factory,package
"Hedrick Logistics Specialists, Inc.",,,no,37.52,C,1,"Monroe, NC",US PL McBee Factory,
Mount Zion Baptist Church - Food Distribution Center,,,no,37.52,C,1,"Little Rock, AR",US PL Hot Springs 2 Factory,
Blain Supply 6th Warehouse,,,no,37.49,C,1,"Janesville, WI",US PL Madison Factory,
Maine Childrens Alliance - Food Distribution Center,,,no,37.49,C,1,"Augusta, ME",US PL Poland Spring Factory,
Main Street Mission Warehouse,,,no,37.48,C,1,"Russellville, AR",US PL Hot Springs Factory,
Mayfield Central Presbyterian Church - Food Distribution Center,,,no,37.47,C,1,"Mayfield, NY",US PL Saratoga Spring Factory,
Eastern Propane & Oil Distribution Center,,,no,37.47,C,1,"Rochester, NH",US PL Hollis Factory,
Penn Manufacturing Industries,,,no,37.44,D,1,"Montgomeryville, PA",US PL Allentown NPL Factory,
Pactiv Evergreen Manufacturing Plant,pactivevergreen.com,54419196992,yes,37.42,B,1,"Corsicana, TX",US PL Dallas 2 Factory,package
Central Baptist Church-Conway - Food Distribution Center,,,no,37.4,C,1,"Conway, AR",US PL Hot Springs Factory,
Supreme Team Logistics,,,no,37.4,C,1,"Little Rock, AR 72206, USA",US PL Hot Springs 2 Factory,
Lakeside Foods - Poynette Distribution Center,lakesidefoods.com,54688617733,yes,37.39,C,1,"Poynette, WI",US PL Madison Factory,package
Super Discount Warehouse,,,no,37.39,C,1,"Farwell, MI",US PL Mecosta Factory,
Port Tampa Bay,tampaport.com,,no,37.36,D,1,"Tampa, FL",US PL Zephyrhills Factory,company_exact:high
Merchants Transfer & Warehouse Company,,,no,37.35,C,1,"Little Rock, AR",US PL Hot Springs 2 Factory,
Saint John Baptist Church - Food Distribution Center,,,no,37.35,C,1,"Little Rock, AR",US PL Hot Springs 2 Factory,
Source Logistics Inc,sourcelogistics.net,,no,37.35,C,1,"Russellville, AR",US PL Hot Springs Factory,company_exact:high
Joshen Paper & Packaging,joshen.com,,no,37.35,C,1,"Little Rock, AR",US PL Hot Springs 2 Factory,company_exact:high
Kraft Foods,kraftheinzcompany.com,55354356550,yes,37.31,C,1,"Grand Rapids, MI",US PL Mecosta Factory,package
Arcadia Cold Storage | Fort Worth,,,no,37.3,C,1,"Burleson, TX",US PL Dallas 2 Factory,
PE Manufacturing of FL,,,no,37.26,D,1,"Clearwater, FL",US PL Zephyrhills Factory,
Bella Rosa Commerce Center Mini,,,no,37.24,C,1,"Little Rock, AR",US PL Hot Springs 2 Factory,
Warehouse Liquor Market,,,no,37.23,C,3,"Little Rock, AR",US PL Hot Springs 2 Factory,
Transportation and Logistics Practice,,,no,37.23,C,1,"Little Rock, AR",US PL Hot Springs 2 Factory,
SPR Distribution Center,,,no,37.19,C,1,"Rockwall, TX",US PL Dallas 2 Factory,
PetSmart Distribution Center,petsmart.com,54411158288,yes,37.19,C,2,"Ennis, TX",US PL Dallas 2 Factory,package
"American International Foods, Inc.",americanfoodsgroup.com,54772556288,yes,37.19,C,1,"Ada, MI",US PL Mecosta Factory,package
Rainbow Ecommerce Fulfillment Center,,,no,37.15,C,1,"Philadelphia, PA",US PL Allentown NPL Factory,
Adcom Worldwide TPA,adcomworldwide.com,,no,37.14,D,1,"Tampa, FL",US PL Zephyrhills Factory,parent_facility:medium
DEP Garage/Warehouse,,,no,37.13,C,1,"Augusta, ME",US PL Poland Spring Factory,
Philadelphia Distribution Center,,,no,37.11,C,1,"Philadelphia, PA",US PL Allentown NPL Factory,
Kensington Food Company,,,no,37.11,C,1,"Philadelphia, PA",US PL Allentown NPL Factory,
LML logistics,,,no,37.04,C,1,"North Berwick, ME",US PL Hollis Factory,
"Great Northern Docks, Inc.",greatnorthernag.com,,no,37.03,D,1,"Naples, ME",US PL Poland Spring Factory,parent_facility:medium
"DIEL JERUE LOGISTICS, INC.",dieljerue.com,,no,37.03,C,1,"Ocala, FL",US PL High Springs Factory,company_core:high
"RJS Logistics, LLC",rjslogistics.com,,no,37.03,C,1,"Monroe, NC",US PL McBee Factory,company_exact:high
Custom Manufacturing & Engineering,,,no,37.02,D,1,"Pinellas Park, FL",US PL Zephyrhills Factory,
Frugal MacDoogal Beverage Warehouse,,,no,37.01,C,1,"Fort Mill, SC",US PL McBee Factory,
Marshalls Distribution Center,marshalls.com,54773427860,yes,37,B,1,"Woburn, MA",US PL Hollis Factory,package
Cellblock FCS,,,no,36.99,D,1,"Standish, ME",US PL Hollis Factory,
Southwest Airlines,southwest.com,54771709460,yes,36.99,D,1,"Tampa, FL",US PL Zephyrhills Factory,package
Coating Place - Food Manufacturing,,,no,36.98,C,1,"Sauk City, WI",US PL Madison Factory,
"Molex, LLC. LRC Plant",molex.com,54432421125,yes,36.98,D,1,"Maumelle, AR",US PL Hot Springs 2 Factory,package
Logistics Terminals Inc,,,no,36.95,C,1,"French Camp, CA",US PL Sacramento Factory,
Watershed - Food Distribution Center,,,no,36.95,C,1,"Little Rock, AR",US PL Hot Springs 2 Factory,
Grace Manufacturing,,,no,36.93,D,1,"Russellville, AR",US PL Hot Springs Factory,
Minute Maid Co./work,,,no,36.92,D,1,"Auburndale, FL",US PL Zephyrhills Factory,
A&A INTERMODAL TERMINAL,,,no,36.91,C,1,"French Camp, CA",US PL Sacramento Factory,
E & J Logistics Llc,,,no,36.91,C,1,"Ada, MI",US PL Mecosta Factory,
"Baker Manufacturing Company, LLC",,,no,36.9,D,1,"Evansville, WI",US PL Madison Factory,
Warehouse One Antiques & Collectibles,,,no,36.9,C,1,"Grand Rapids, MI",US PL Mecosta Factory,
Parts Warehouse Inc-Little Rock,,,no,36.87,C,1,"Little Rock, AR",US PL Hot Springs 2 Factory,
Food Process Systems Inc,,,no,36.86,C,1,"Lodi, WI",US PL Madison Factory,
"UPS Freight Little Rock, AR Terminal",,,no,36.83,C,1,"Little Rock, AR",US PL Hot Springs 2 Factory,
Family Farm & Home Distribution Center,,,no,36.79,C,1,"Walker, MI",US PL Mecosta Factory,
Amway Warehouse,amwayglobal.com,54771909152,yes,36.79,C,1,"Grand Rapids, MI",US PL Mecosta Factory,package
River City Ministries - Food Distribution Center,foodcity.com,,no,36.79,C,1,"North Little Rock, AR",US PL Hot Springs 2 Factory,parent_facility:medium
Hill Logistics Inc Delivery,,,no,36.79,C,1,"Little Rock, AR",US PL Hot Springs 2 Factory,
Warehouse-Pro 3rd Party Fulfillment Center 3PL,,,no,36.77,C,1,"Rockwall, TX",US PL Dallas 2 Factory,
PEC Warehouse 1501A,,,no,36.75,C,1,"North Little Rock, AR",US PL Hot Springs 2 Factory,
Vans Warehouse,vans.com,54773492113,yes,36.75,C,1,"Grand Rapids, MI",US PL Mecosta Factory,package
Hearthside Foods H2,,,no,36.75,C,1,"Grand Rapids, MI",US PL Mecosta Factory,
Certainteed - Davis Warehouse,certainteed.com,54773450541,yes,36.71,C,1,"Little Rock, AR",US PL Hot Springs 2 Factory,package
Wilkinson Logistics Llc,,,no,36.68,C,1,"Lake City, FL",US PL High Springs Factory,
Konopelski Meats,,,no,36.67,C,1,"Sinking Spring, PA",US PL Allentown NPL Factory,
Corewell Health Distribution Center,,,no,36.67,C,2,"Walker, MI",US PL Mecosta Factory,
Marino\WARE Manufacturing Facility and Headquarters,marinoware.com,,no,36.67,B,1,"South Plainfield, NJ",US DC NFI - Breinigsville,package
Barrett Auto Logistics,,,no,36.65,C,1,"Rumford, ME",US PL Kingfield Factory,
Martin Brower Distribution Center,martinbrower.com,55554506329,yes,36.63,C,3,"North Little Rock, AR",US PL Hot Springs 2 Factory,package
J&M Foods,,,no,36.63,C,2,"Little Rock, AR",US PL Hot Springs 2 Factory,
MCT Logistics,,,no,36.6,C,1,"North Little Rock, AR",US PL Hot Springs 2 Factory,
"Baking Company, LLC dba Savory Foods",,,no,36.6,C,1,"Grand Rapids, MI",US PL Mecosta Factory,
Safe Foods Corporation,,,no,36.6,C,1,"North Little Rock, AR",US PL Hot Springs 2 Factory,
CHG Logistics,,,no,36.59,C,1,"Salem, NY",US PL Saratoga Spring Factory,
Factory Wheel Warehouse,,,no,36.59,C,1,"East Greenbush, NY",US PL Saratoga Spring Factory,
All Of The Above Logistics & Storing LLC,,,no,36.56,C,1,"North Little Rock, AR",US PL Hot Springs 2 Factory,
"Wing Lee Food Processing, LLC.",,,no,36.56,C,1,"Philadelphia, PA",US PL Allentown NPL Factory,
Farrand Trucking,,,no,36.55,C,1,"Norridgewock, ME",US PL Kingfield Factory,
Barrie's House - Food Distribution Center,,,no,36.5,C,1,"Greenville, MI",US PL Mecosta Factory,
Low-E Midsouth Distribution Center,,,no,36.48,C,1,"Indian Trail, NC",US PL McBee Factory,
Egan Food Technologies,,,no,36.48,C,1,"Grand Rapids, MI",US PL Mecosta Factory,
Electronic Manufacturing Co.,,,no,36.44,D,1,"Tampa, FL",US PL Zephyrhills Factory,
Keystone Michigan Distribution Center,,,no,36.43,C,1,"Greenville, MI",US PL Mecosta Factory,
Zeppelin Systems USA-Food and Chemicals Processing Plants Division,,,no,36.43,D,1,"Odessa, FL",US PL Zephyrhills Factory,
Grand Rapids Center For Ecumenism - Food Distribution Center,,,no,36.4,C,1,"Grand Rapids, MI",US PL Mecosta Factory,
Sweetwater Logistics,sweetwater.com,54410383666,yes,36.4,C,1,"Indian Trail, NC",US PL McBee Factory,package
Amazon SWI1,amazon.com,8981959027,yes,36.39,A,1,"Pewaukee, WI",US PL Madison Factory,package
National DCP LLC/Dunkin Donuts Distribution Center,,,no,36.36,C,1,"Groveland, FL",US PL Zephyrhills Factory,
"Niagra Bottling, LLC",niagarawater.com,,no,36.36,C,1,"Groveland, FL",US PL Zephyrhills Factory,curated:
Koola Logistics,,,no,36.35,C,1,"Carmel, IN",US PL Greenwood Indiana,
Cline Transport & Logistics,,,no,36.35,C,1,"Shepherd, MI",US PL Mecosta Factory,
Amazon warehouse nacogdoches,amazon.com,8981959027,yes,36.35,A,1,"Nacogdoches, TX",US PL Hawkins Factory,package
Davis warehouse,,,no,36.33,C,1,"North Little Rock, AR",US PL Hot Springs 2 Factory,
Whiskey Warehouse,,,no,36.32,C,1,"Charlotte, NC",US PL McBee Factory,
Automated Logistics Systems,automatedlogistics.com,,no,36.29,C,1,"Grand Rapids, MI",US PL Mecosta Factory,company_exact:high
Kent Quality Foods,,,no,36.25,C,2,"Grand Rapids, MI",US PL Mecosta Factory,
The Campbell Soup Company,snyderslance.com,,no,36.25,A,1,"Maxton, NC",US PL McBee Factory,package
Behr Fulfillment Center,,,no,36.22,C,1,"Orlando, FL",US PL Zephyrhills Factory,
California Concentrate Company,,,no,36.2,C,1,"Acampo, CA",US PL Sacramento Factory,
CoorsTek Benton,,,no,36.2,D,1,"Benton, AR",US PL Hot Springs 2 Factory,
Wrap Right Packaging,,,no,36.19,D,1,"Little Rock, AR",US PL Hot Springs 2 Factory,
TJ's Warehouse,,,no,36.18,C,1,"Grand Rapids, MI",US PL Mecosta Factory,
Smurfit Westrock Winston-Salem Container Plant,westrockcoffee.com,54720622756,yes,36.15,B,1,"Winston-Salem, NC",US PL McBee Factory,package
Big Rapids Ace Climate Control Storage,,,no,36.14,D,1,"Big Rapids, MI",US PL Mecosta Factory,
PGP International Inc,,,no,36.13,D,1,"Woodland, CA",US PL Sacramento Factory,
FDR Warehouse,,,no,36.12,C,1,"Lodi, CA",US PL Sacramento Factory,
Elite Logistics Recruiting,,,no,36.12,D,1,"Effingham, NH",US PL Hollis Factory,
JSP Manufacturing,,,no,36.12,D,1,"Pinellas Park, FL",US PL Zephyrhills Factory,
"MI Prime Logistics, LLC",,,no,36.1,C,1,"Walker, MI",US PL Mecosta Factory,
ZK Logistics LLC,,,no,36.1,C,1,"Conway, AR",US PL Hot Springs Factory,
Oliver Packaging & Equipment Co,,,no,36.1,C,1,"Walker, MI",US PL Mecosta Factory,
Houston Mini Storage - Bear Creek,,,no,36.04,D,1,"Houston, TX",US PL S Houston Factory,
Big Rapids Products,,,no,36.03,D,1,"Big Rapids, MI",US PL Mecosta Factory,
Epic Industrial Warehouse (shipping and receiving),,,no,36.01,C,1,"Canton, TX",US PL Hawkins Factory,
"Vine Line Logistics, Llc. (A Division of Van Eerden Trucking, Inc.)",vetrucking.com,,no,35.99,C,1,"Grand Rapids, MI",US PL Mecosta Factory,parent_facility:medium
Warehouse Optimizers Michigan,,,no,35.99,C,1,"Grand Rapids, MI",US PL Mecosta Factory,
Natural Choice Foods,,,no,35.99,C,1,"Marne, MI",US PL Mecosta Factory,
"Badger Warehouse, LLC",,,no,35.97,C,3,"Fall River, WI",US PL Madison Factory,
Seeds of Faith - Food Distribution Center,,,no,35.97,C,1,"Rollinsford, NH",US PL Hollis Factory,
Sneaky Pete's Discount Warehouse LLC,,,no,35.96,C,1,"Baraboo, WI",US PL Madison Factory,
Amazon Sort Center EWR5,amazon.com,8981959027,yes,35.96,A,1,"Avenel, NJ",US DC NFI - Breinigsville,package
Martin's Trailside Express,,,no,35.9,C,1,"East Earl, PA",US PL Allentown NPL Factory,
French Camp Truck Terminal,,,no,35.9,D,1,"French Camp, CA",US PL Sacramento Factory,
W&A Distribution Warehouse,,,no,35.89,C,1,"Fort Atkinson, WI",US PL Madison Factory,
Webster Wholesale Warehouse,,,no,35.89,C,1,"Webster, FL",US PL Zephyrhills Factory,
Sgs Transport Logistics,,,no,35.89,C,1,"Menifee, CA",US PL Cabazon Factory,
Herbalife Innovation & Manufacturing - Lake Forest,,,no,35.89,C,1,"Lake Forest, CA",US PL Ontario Factory,
Unusual Machines Fulfillment Center,,,no,35.88,C,1,"Orlando, FL",US PL Zephyrhills Factory,
Spice World Inc,,,no,35.88,C,1,"Orlando, FL",US PL Zephyrhills Factory,
Prime Line Distributors Inc. | Orlando,,,no,35.88,C,1,"Orlando, FL",US PL Zephyrhills Factory,
Hazle Park Cold Storage,,,no,35.84,C,1,"Hazle Township, PA",US PL Allentown Factory,
God's Kitchen - Food Distribution Center,,,no,35.81,C,1,"Grand Rapids, MI",US PL Mecosta Factory,
Mill Steel Company - Headquarters and Fulfillment Center,steeltechnologies.com,54771777566,yes,35.81,C,1,"Grand Rapids, MI",US PL Mecosta Factory,package
Silver Springs Bottled Water Company,,,no,35.81,C,1,"Ocala, FL",US PL High Springs Factory,
Champion Homes Manufacturing Facility,,,no,35.8,D,2,"Burleson, TX",US PL Dallas 2 Factory,
Ryder Truck Terminal,ryder.com,55553605396,yes,35.8,A,1,"Terre Haute, IN",US PL Greenwood Indiana,package
Badger State Cold Storage,,,no,35.79,C,1,"Monroe, WI",US PL Madison Factory,
Swiss Colony Fulfillment,,,no,35.79,C,1,"Monroe, WI",US PL Madison Factory,
Emmi Roth - Distribution Center,,,no,35.79,C,1,"Monroe, WI",US PL Madison Factory,
DML8 Amazon,amazon.com,8981959027,yes,35.79,A,1,"Sturtevant, WI",US PL Madison Factory,package
KLD Logistics,,,no,35.78,C,1,"Grand Rapids, MI",US PL Mecosta Factory,
Quirch Foods Orlando,quirchfoods.com,,no,35.78,C,1,"Orlando, FL",US PL Zephyrhills Factory,parent_facility:medium
Proficient Food Company,,,no,35.78,C,1,"Orlando, FL",US PL Zephyrhills Factory,
Sauk Prairie Mini Warehouse,,,no,35.74,C,1,"Prairie du Sac, WI",US PL Madison Factory,
South Tyler Warehouse Storage,,,no,35.74,C,1,"Flint, TX",US PL Hawkins Factory,
CWD Warehouse,,,no,35.73,C,1,"Baraboo, WI",US PL Madison Factory,
Amazon DJX4,amazon.com,8981959027,yes,35.71,A,1,"Jacksonville, FL",US PL High Springs Factory,package
Dill Daddy Pickles,,,no,35.7,C,1,"Grand Rapids, MI",US PL Mecosta Factory,
Maple Leaf Farms Warehouse 5,mapleleaffarms.com,,no,35.68,C,1,"Monroe, WI 53566, USA",US PL Madison Factory,parent_facility:medium
"CMB Logistics, LLC.",,,no,35.66,C,1,"West Gardiner, ME",US PL Poland Spring Factory,
State Line Beverage Warehouse,,,no,35.65,C,1,"Fort Mill, SC",US PL McBee Factory,
Group O Indiana Cross Dock Facility,,,no,35.64,D,1,"Lebanon, IN",US PL Greenwood Indiana,
Almatis Inc,,,no,35.64,D,1,"Benton, AR",US PL Hot Springs 2 Factory,
Peninsula Foodservice,,,no,35.63,C,1,"Orlando, FL",US PL Zephyrhills Factory,
Applied Innovation Distribution Center,,,no,35.63,C,1,"Grand Rapids, MI",US PL Mecosta Factory,
Crossdock 24/7 Orlando,,,no,35.63,C,1,"Orlando, FL",US PL Zephyrhills Factory,
Clearwater Manufacturing Co,,,no,35.62,D,1,"Oldsmar, FL",US PL Zephyrhills Factory,
Arcadia Cold Storage | Hazleton,,,no,35.62,C,1,"Hazle Township, PA",US PL Allentown Factory,
Pacific Terminal Services Company,pacific-logistics.com,54784283720,yes,35.62,C,3,"Long Beach, CA",US PL Ontario Factory,package
"Verst Logistics Warehouse Baraboo, WI- Sauk Avenue",,,no,35.62,C,1,"Baraboo, WI",US PL Madison Factory,
Columbian Logistics Network – K1,,,no,35.6,C,6,"Grand Rapids, MI",US PL Mecosta Factory,
PRIME FULFILLMENT NJ,,,no,35.6,C,1,"Pennsauken, NJ",US PL Allentown NPL Factory,
Arc Force Manufacturing,,,no,35.59,D,1,"Quitman, TX",US PL Hawkins Factory,
Slumberland Warehouse,,,no,35.57,C,1,"Baraboo, WI",US PL Madison Factory,
C&E Logistics,,,no,35.56,C,1,"Grand Rapids, MI",US PL Mecosta Factory,
Modern Heritage Meat Processing,,,no,35.56,C,1,"Ocala, FL",US PL High Springs Factory,
Advanced Food Technologies,astship.com,,no,35.56,C,1,"Grand Rapids, MI",US PL Mecosta Factory,parent_facility:medium
Estate Sales Warehouse,,,no,35.53,C,2,"Grand Rapids, MI",US PL Mecosta Factory,
Skippy Foods,,,no,35.53,C,1,"Little Rock, AR",US PL Hot Springs 2 Factory,
MCE1 amazon,amazon.com,8981959027,yes,35.53,A,1,"Turlock, CA",US PL Sacramento Factory,package
North Atlantic Naturals,,,no,35.5,D,1,"Cumberland Foreside, ME",US PL Poland Spring Factory,
Founders Brewing Company Warehouse,,,no,35.49,C,1,"Grand Rapids, MI",US PL Mecosta Factory,
Freight Central,centralfreight.com,,no,35.49,C,4,"Kentwood, MI",US PL Mecosta Factory,company_fuzzy:medium
Festida Foods Ltd,,,no,35.49,C,1,"Grand Rapids, MI",US PL Mecosta Factory,
Big Barn Storage,,,no,35.48,D,1,"Evansville, WI",US PL Madison Factory,
Sheafe Warehouse,,,no,35.46,C,1,"Portsmouth, NH",US PL Hollis Factory,
Exceptional Foods Inc,,,no,35.46,C,1,"Pennsauken, NJ",US PL Allentown NPL Factory,
Robert Mondavi Distribution Center,,,no,35.44,C,1,"Lodi, CA",US PL Sacramento Factory,
Mueller Sports Medicine Warehouse,,,no,35.44,C,1,"Prairie du Sac, WI",US PL Madison Factory,
ISC Manufacturing LLC.,,,no,35.44,C,1,"Burleson, TX",US PL Dallas 2 Factory,
Castonguay Meats,,,no,35.44,C,1,"Livermore, ME",US PL Poland Spring Factory,
Advanced Fulfillment,,,no,35.42,C,1,"Grand Rapids, MI",US PL Mecosta Factory,
"Pritchett Trucking, Inc.",,,no,35.4,C,1,"Lake Butler, FL",US PL High Springs Factory,
Sonoco Industrial Plastics – Chatham Plant,sonoco.com,,no,35.4,B,1,"Chatham, NY",US PL Saratoga Spring Factory,curated:
Michelin Norwood Manufacturing,,,no,35.4,B,1,"Norwood, NC",US PL McBee Factory,
Huizen Furniture Warehouse,,,no,35.39,C,1,"Grand Rapids, MI",US PL Mecosta Factory,
Value Warehouse Liquidation Grand Rapids,,,no,35.39,C,1,"Grand Rapids, MI",US PL Mecosta Factory,
Freight X,,,no,35.39,C,1,"Ocala, FL",US PL High Springs Factory,
Cold Creek Processing,,,no,35.38,C,1,"Athens, ME",US PL Kingfield Factory,
ShipBob Moreno Valley,,,no,35.33,D,1,"Moreno Valley, CA",US PL Cabazon Factory,
Coca - Cola,coca-colacompany.com,,no,35.3,D,1,"Fort Worth, TX",US PL Dallas 2 Factory,package
MKE5 Amazon Fulfillment Center,amazon.com,8981959027,yes,35.29,A,1,"Kenosha, WI",US PL Madison Factory,package
Scentsy Distribution Center,scentsy.com,54772613903,yes,35.28,C,1,"Rock Hill, SC",US PL McBee Factory,package
Hearthside Foods Solutions H5,,,no,35.28,C,1,"Kentwood, MI",US PL Mecosta Factory,
Ventra warehouse,,,no,35.25,C,1,"Kentwood, MI",US PL Mecosta Factory,
Roskam Foods (M1),roskamfoods.com,54773484604,yes,35.25,C,2,"Kentwood, MI",US PL Mecosta Factory,package
OAK5 Amazon Sort Center,amazon.com,8981959027,yes,35.24,A,1,"Newark, CA",US PL Sacramento Factory,package
Fulfillment 9,,,no,35.22,C,1,"Orlando, FL",US PL Zephyrhills Factory,
Cascade OT Warehouse,,,no,35.22,C,1,"Grand Rapids, MI",US PL Mecosta Factory,
Monsma Marketing - Hearth Distribution Center,,,no,35.22,C,1,"Grand Rapids, MI",US PL Mecosta Factory,
Nelson's Candies,,,no,35.21,C,1,"Cornville, ME",US PL Kingfield Factory,
Cypress Creek Warehouses,,,no,35.21,C,1,"Gilmer, TX",US PL Hawkins Factory,
Tasty Factory,,,no,35.21,C,1,"South El Monte, CA",US PL Ontario Factory,
Frito Lay southeast regional warehouse,fritolay.com,54772621360,yes,35.18,C,1,"Ocala, FL",US PL High Springs Factory,package
Wolf Mini Storage,,,no,35.16,D,1,"Cambridge, WI",US PL Madison Factory,
Darlington polymer processing,,,no,35.15,D,1,"Darlington, SC",US PL McBee Factory,
Transform Warehouse Operations Ocala,,,no,35.15,C,2,"Ocala, FL",US PL High Springs Factory,
Premier Lock Storage,,,no,35.1,D,1,"Longview, TX",US PL Hawkins Factory,
Hazleton Manufacturing Plant,,,no,35.07,C,1,"Hazleton, PA",US PL Allentown Factory,
Graham Packaging,grahampackaging.com,54771843944,yes,35.07,D,1,"Rockwall, TX",US PL Dallas 2 Factory,package
"Lyco Manufacturing, Inc.",,,no,35.06,D,1,"Columbus, WI",US PL Madison Factory,
"GRMI Logistics, LLC",,,no,35.05,C,1,"Kentwood, MI",US PL Mecosta Factory,
BBMR Warehouse,,,no,35.04,C,1,"Big Bear Lake, CA",US PL Cabazon Factory,
Conner Industries Inc,,,no,35.03,D,1,"Lugoff, SC",US PL McBee Factory,
Amazon Fulfillment Center RFD4,amazon.com,8981959027,yes,35,A,1,"Huntley, IL",US PL Madison Factory,package
Kwik-Kut Manufacturing Co,,,no,34.99,A,1,"Mohawk, NY",US PL Saratoga Spring Factory,
Amazon Fulfillment Center RFD2,amazon.com,8981959027,yes,34.98,A,1,"Huntley, IL",US PL Madison Factory,package
Safelock Storage Longview,,,no,34.97,D,1,"Longview, TX",US PL Hawkins Factory,
Split Rock Supply Chain Solutions,scsolutionsinc.com,,no,34.95,C,1,"Grand Rapids, MI",US PL Mecosta Factory,parent_facility:medium
Pearson Foods Corporation,,,no,34.95,C,1,"Grand Rapids, MI",US PL Mecosta Factory,
Finchberry Distribution Center,,,no,34.92,D,1,"Waldo, FL",US PL High Springs Factory,
Design Manufacturing LLC,,,no,34.91,C,1,"Grand Rapids, MI",US PL Mecosta Factory,
GE Dixon Distribution Center,,,no,34.88,C,1,"Dixon, CA",US PL Sacramento Factory,
Classic Transportation & Warehouse,red-classic.com,,no,34.88,C,1,"Grand Rapids, MI",US PL Mecosta Factory,company_fuzzy:medium
CSX Transportation Bulk Storage Warehouse,,,no,34.88,C,1,"Ocala, FL 34475, USA",US PL High Springs Factory,
PCA Warehouse North,,,no,34.88,C,1,"Grand Rapids, MI",US PL Mecosta Factory,
"Paramount Transportation Logistics Services, LLC",us-transportation.net,,no,34.88,C,1,"Ocala, FL",US PL High Springs Factory,parent_facility:medium
PCA Warehouse South,,,no,34.85,C,1,"Grand Rapids, MI",US PL Mecosta Factory,
Casco Bay Molding,,,no,34.84,D,1,"Sanford, ME",US PL Hollis Factory,
Royal Emerald Pharmaceuticals,,,no,34.84,D,1,"Desert Hot Springs, CA",US PL Cabazon Factory,
Office Outlet - WAREHOUSE ONLY,,,no,34.82,C,1,"Kentwood, MI",US PL Mecosta Factory,
Now Delivery & Logistics,nowdelivery.com,,no,34.82,C,1,"Kentwood, MI",US PL Mecosta Factory,company_core:high
Signature Brands- Popcorn Factory,,,no,34.82,C,1,"Ocala, FL",US PL High Springs Factory,
"Nutra Food Ingredients, LLC",,,no,34.82,C,1,"Kentwood, MI",US PL Mecosta Factory,
O-G Packing & Cold Storage Co,,,no,34.81,C,1,"Stockton, CA",US PL Sacramento Factory,
Carolina Bottle Manufacturer LLC,,,no,34.79,D,1,"Monroe, NC",US PL McBee Factory,
Dyna-Tech Manufacturing,,,no,34.79,D,1,"Monroe, NC",US PL McBee Factory,
Richland County DSS - Food Distribution Center,,,no,34.78,C,1,"Columbia, SC",US PL McBee Factory,
Chewy Fulfillment Center DAY1,chewy.com,,no,34.76,A,1,"Vandalia, OH",US PL Greenwood Indiana,curated:
Virco Manufacturing - Plant 3,,,no,34.75,C,2,"Conway, AR",US PL Hot Springs Factory,
Ally Logistics,allylogistics.com,,no,34.75,C,1,"Grand Rapids, MI",US PL Mecosta Factory,company_exact:high
"Lamb & Associates Packaging, Inc.",,,no,34.74,D,1,"Maumelle, AR",US PL Hot Springs 2 Factory,
Alliance Parts Warehouse,opaparts.com,,no,34.72,C,1,"North Little Rock, AR",US PL Hot Springs 2 Factory,company_fuzzy:medium
FreeUp Storage I-20,,,no,34.7,D,1,"Longview, TX",US PL Hawkins Factory,
Dana Incorporated,dana.com,,no,34.7,D,1,"Lugoff, SC",US PL McBee Factory,company_exact:high
Regeneron Pharmaceuticals Inc,regeneron.com,,no,34.7,D,1,"Rensselaer, NY",US PL Saratoga Spring Factory,company_exact:high
Morrison Industrial Equipment - Central Parts Distribution Center,,,no,34.69,C,1,"Grand Rapids, MI",US PL Mecosta Factory,
Kent Manufacturing Company,,,no,34.67,D,1,"Grand Rapids, MI",US PL Mecosta Factory,
The Warrior Warehouse Training Institute,,,no,34.65,C,1,"Columbia, SC",US PL McBee Factory,
Fidelity Manufacturing,,,no,34.65,C,1,"Ocala, FL",US PL High Springs Factory,
Prestige Expedite,,,no,34.64,D,1,"Glenmont, NY",US PL Saratoga Spring Factory,
Exit 43 Quik Stop,,,no,34.63,C,1,"Richmond, ME",US PL Poland Spring Factory,
AJS Manufacturing,,,no,34.63,D,1,"Grand Rapids, MI",US PL Mecosta Factory,
NorthStar Logistics,northstar-logistics.net,,no,34.62,C,1,"Grand Rapids, MI",US PL Mecosta Factory,company_exact:high
Berner Food & Beverage Distribution Center,bernerfoods.com,,no,34.6,A,1,"Rockford, IL",US PL Madison Factory,package
Concord Coach Lines: Bus Terminal,concordcoachlines.com,,no,34.59,D,1,"Augusta, ME",US PL Poland Spring Factory,parent_facility:medium
Hank's Furniture Warehouse,,,no,34.59,C,1,"North Little Rock, AR",US PL Hot Springs 2 Factory,
Blocker's Furniture Warehouse,,,no,34.53,C,1,"Ocala, FL",US PL High Springs Factory,
Spartronics,spartronics.com,54430717720,yes,34.52,D,1,"Brooksville, FL",US PL Zephyrhills Factory,package
Three D Plastics,,,no,34.52,D,1,"Gladewater, TX",US PL Hawkins Factory,
Stream-Flo,,,no,34.5,D,1,"Longview, TX",US PL Hawkins Factory,
Atlas Copco Power Technique Warehouse - Rock Hill,pk.atlascopco.com,,no,34.49,C,1,"Rock Hill, SC",US PL McBee Factory,parent_facility:medium
Prima Foods International Inc,,,no,34.49,C,1,"Ocala, FL",US PL High Springs Factory,
New Mission Logistics,,,no,34.46,C,1,"Kentwood, MI",US PL Mecosta Factory,
The Warehouse Club of Dunedin,,,no,34.45,C,1,"Dunedin, FL",US PL Zephyrhills Factory,
"LSS Logistics, Inc.",,,no,34.43,C,1,"Ocala, FL",US PL High Springs Factory,
Conway Manufacturing Group,,,no,34.4,D,1,"Conway, AR",US PL Hot Springs Factory,
Distribution Direct,,,no,34.4,C,1,"Rock Hill, SC",US PL McBee Factory,
Holland American Food Company,,,no,34.4,C,1,"Wyoming, MI",US PL Mecosta Factory,
Phoenix Food LLC,,,no,34.39,C,1,"Canton, TX",US PL Hawkins Factory,
Advanced Food Products LLC,,,no,34.39,C,1,"New Holland, PA",US PL Allentown NPL Factory,
First Alliance Logistics Management,,,no,34.37,C,1,"Charlotte, NC",US PL McBee Factory,
Zausner Foods Corporation,,,no,34.34,C,1,"New Holland, PA",US PL Allentown NPL Factory,
L&M Distribution Center,lymgrp.com,,no,34.31,C,1,"Rock Hill, SC",US PL McBee Factory,company_core:high
S & L Mart,,,no,34.29,C,1,"Oppelo, AR",US PL Hot Springs Factory,
Truckomat of N. Little Rock,,,no,34.28,C,1,"North Little Rock, AR",US PL Hot Springs 2 Factory,
Community Caregivers - Food Distribution Center,,,no,34.27,C,1,"Altamont, NY 12009, USA",US PL Saratoga Spring Factory,
DOS Lumper Service,,,no,34.25,D,1,"Downey, CA",US PL Ontario Factory,
"Index Packaging, Inc.",,,no,34.24,D,1,"Milton, NH",US PL Hollis Factory,
"All American Pet Manufacturing, LLC",allamlogistics.com,,no,34.24,C,1,"New Holland, PA",US PL Allentown NPL Factory,parent_facility:medium
Saint Mark Pentecostal Church - Food Distribution Center,,,no,34.22,C,1,"Lamar, SC",US PL McBee Factory,
Bath Area Food Bank - Food Distribution Center,,,no,34.2,C,1,"Bath, ME",US PL Poland Spring Factory,
City of Rock Hill Warehouse,rockcitydet.com,,no,34.18,C,1,"Rock Hill, SC 29732, USA",US PL McBee Factory,parent_facility:medium
Reid Transportation Llc,,,no,34.15,D,1,"Jefferson, SC",US PL McBee Factory,
Caldwell Presbyterian Church - Food Distribution Center,,,no,34.14,C,1,"Lake George, NY",US PL Saratoga Spring Factory,
Curran Logistics LLC,,,no,34.14,C,1,"Portsmouth, NH",US PL Hollis Factory,
Z & N / Warehousing and Cross docking,,,no,34.13,D,1,"Baldwin Park, CA",US PL Ontario Factory,
Management Services Distribution Center,roanokegroup.com,,no,34.13,D,1,"Starke, FL",US PL High Springs Factory,company_fuzzy:medium
Meridian Foods,,,no,34.13,A,1,"Eaton, IN",US PL Greenwood Indiana,
Eastern Warehouse & Transfer LLC,,,no,34.09,C,1,"Monroe, NC",US PL McBee Factory,
Seacoast Logistics Inc.,,,no,34.09,C,1,"Portsmouth, NH",US PL Hollis Factory,
"American Specialty Food Mfg, LLC",,,no,34.09,C,1,"New Holland, PA",US PL Allentown NPL Factory,
Hershey Foods West Distribution,,,no,34.09,A,1,"Hershey, PA",US PL Allentown NPL Factory,
Knob Creek Bottling Plant,beamsuntory.com,54421210190,yes,34.08,A,1,"Shepherdsville, KY",US PL Greenwood Indiana,package
Sugar River Cold Storage,,,no,34.06,C,1,"Monticello, WI",US PL Madison Factory,
Hoosick Area Church Association - Food Distribution Center,,,no,34.06,C,1,"Hoosick Falls, NY",US PL Saratoga Spring Factory,
HALO Brands LLC,,,no,34.06,C,1,"Charlotte, NC",US PL McBee Factory,
Dish Warehouse Canton Texas,,,no,34.04,C,1,"Canton, TX",US PL Hawkins Factory,
Vista Manufacturing,,,no,34.03,C,1,"Grand Rapids, MI",US PL Mecosta Factory,
Lowes distribution center,,,no,34,C,2,"North Little Rock, AR",US PL Hot Springs 2 Factory,
Jordan's Warehouse Division,,,no,33.98,C,1,"Ben Wheeler, TX",US PL Hawkins Factory,
Nass family Logistics and Transportation LLC,,,no,33.97,C,1,"Wyoming, MI",US PL Mecosta Factory,
Tifton Coca-Cola Bottling Company UNITED,coca-colacompany.com,,no,33.96,A,1,"Tifton, GA",US PL High Springs Factory,package
Fob Warehousing & Logistics,,,no,33.94,C,1,"Monroe, NC",US PL McBee Factory,
Packing Supply Moving Boxes Inc,,,no,33.92,D,1,"Corinth, NY",US PL Saratoga Spring Factory,
Hengst of North America Distribution Center,,,no,33.9,C,1,"Camden, SC",US PL McBee Factory,
Bay Logistics,,,no,33.9,C,4,"Spring Lake, MI",US PL Mecosta Factory,
BL Bio Lab,,,no,33.89,C,1,"Clearwater, FL",US PL Zephyrhills Factory,
Little & Co Inc,,,no,33.88,D,1,"Lakeland, FL",US PL Zephyrhills Factory,
32 Cold,,,no,33.87,D,1,"Commerce, CA",US PL Ontario Factory,
KAP Logistics Inc,,,no,33.82,D,1,"Monticello, WI",US PL Madison Factory,
Petro Fuel Island,,,no,33.82,C,2,"Columbia, SC",US PL McBee Factory,
Schwend Inc,schwendinc.com,,no,33.81,D,1,"Dade City, FL",US PL Zephyrhills Factory,company_exact:high
Spectra Fulfillment Center,,,no,33.79,C,1,"Columbia, SC",US PL McBee Factory,
Northern Logistics,norloworld.com,,no,33.78,C,3,"Clare, MI",US PL Mecosta Factory,company_exact:high
RB's Meats,,,no,33.78,C,1,"Livermore, ME",US PL Poland Spring Factory,
ARNOLD TRUSS MANUFACTURING LLC,,,no,33.78,D,1,"Ocala, FL",US PL High Springs Factory,
Load Time Logistics Auto Transport,,,no,33.74,C,1,"Farmington, NH",US PL Hollis Factory,
Chief Packaging Co,,,no,33.74,D,1,"Oldsmar, FL",US PL Zephyrhills Factory,
Grand River Aseptic Manufacturing,,,no,33.74,D,2,"Grand Rapids, MI",US PL Mecosta Factory,
BJ’s Jacksonville Distribution Center,,,no,33.72,C,1,"Jacksonville, FL",US PL High Springs Factory,
On Your Way Distribution Center,,,no,33.71,C,1,"Muskegon, MI",US PL Mecosta Factory,
NEHDS Logistics,nehds.com,,no,33.69,C,1,"Portsmouth, NH",US PL Hollis Factory,company_exact:high
Johnson's Fastener Warehouse,,,no,33.69,C,1,"Portsmouth, NH",US PL Hollis Factory,
AMAZON DEN4,amazon.com,8981959027,yes,33.63,A,1,"Colorado Springs, CO",US PL Denver Factory,package
ANGELS ROAD,,,no,33.62,D,1,"Commerce, CA",US PL Ontario Factory,
Giant Warehouse,,,no,33.62,C,1,"Columbia, SC",US PL McBee Factory,
Cal-Maine Foods Inc,calmainefoods.com,54772698721,yes,33.59,C,1,"Pittsburg, TX",US PL Hawkins Factory,package
Amazon Distribution Center Colorado Springs,amazon.com,8981959027,yes,33.59,A,1,"Colorado Springs, CO",US PL Denver Factory,package
The Gaming Warehouse,,,no,33.56,C,1,"Grandville, MI",US PL Mecosta Factory,
SoCal Bottling,,,no,33.5,D,1,"Laguna Hills, CA",US PL Ontario Factory,
Warehouse World,,,no,33.5,C,3,"Timmonsville, SC",US PL McBee Factory,
ORGANOLEAF manufacturing and white label,,,no,33.49,D,1,"Orlando, FL",US PL Zephyrhills Factory,
Amazon Fulfillment Center DAB2,amazon.com,8981959027,yes,33.48,A,1,"Daytona Beach, FL",US PL Zephyrhills Factory,package
R.M.Tate’s,,,no,33.47,D,1,"Brunswick, ME",US PL Poland Spring Factory,
2 Gen Manufacturing,,,no,33.46,D,1,"Grand Rapids, MI",US PL Mecosta Factory,
Rainbow Natural Group Food Manufacturing Packaging Services,,,no,33.45,C,1,"Los Angeles, CA",US PL Ontario Factory,
Amish Oak Warehouse LLC,,,no,33.45,C,1,"Jenison, MI",US PL Mecosta Factory,
US Post Office Distribution Center,,,no,33.45,C,2,"Jacksonville, FL",US PL High Springs Factory,
Leedy Manufacturing Co Inc,,,no,33.42,D,1,"Grand Rapids, MI",US PL Mecosta Factory,
Carpet Discount Warehouse,,,no,33.42,C,1,"Charlotte, NC",US PL McBee Factory,
Daniels Manufacturing Corporation,,,no,33.39,D,1,"Orlando, FL",US PL Zephyrhills Factory,
Christ is the King - Food Distribution Center,,,no,33.37,C,1,"Timmonsville, SC",US PL McBee Factory,
Leahy Transportation LLC,,,no,33.37,C,1,"Canton, TX",US PL Hawkins Factory,
Buck Mason Fulfillment Center,,,no,33.35,C,1,"The Colony, TX",US PL Dallas 2 Factory,
First AOG-Morrilton - Food Distribution Center,,,no,33.35,C,1,"Morrilton, AR",US PL Hot Springs Factory,
Warehouse Dist Co.,,,no,33.31,C,1,"Morrilton, AR",US PL Hot Springs Factory,
"PAR Logistics, LLC",,,no,33.31,C,1,"Grand Rapids, MI",US PL Mecosta Factory,
LGX Dock,,,no,33.3,D,1,"Lakeland, FL",US PL Zephyrhills Factory,
Brunswick Cares Community Food Pantry - Food Distribution Center,,,no,33.27,C,1,"Troy, NY",US PL Saratoga Spring Factory,
Desert Logistics,,,no,33.27,D,1,"Yucca Valley, CA",US PL Cabazon Factory,
Blackbird Packaging Solutions,,,no,33.27,D,1,"Little Rock, AR",US PL Hot Springs 2 Factory,
Delivert Logistics LLC,,,no,33.25,C,1,"Byron Center, MI",US PL Mecosta Factory,
Amazon Fulfillment Center CMH3,amazon.com,8981959027,yes,33.25,A,1,"Monroe, OH",US PL Greenwood Indiana,package
Friends United - Food Distribution Center,,,no,33.23,C,1,"Timmonsville, SC",US PL McBee Factory,
Mungo Farms Meat Co. - Mungo's Deer Processing,,,no,33.2,C,1,"Heath Springs, SC",US PL McBee Factory,
Carolina Foods,,,no,33.2,C,3,"Pineville, NC",US PL McBee Factory,
"Specialty Delivery & Logistics, Inc.",,,no,33.12,C,1,"Fort Mill, SC",US PL McBee Factory,
SpartanNash Distribution Center,spartannash.com,54180580500,yes,33.12,C,3,"Byron Center, MI",US PL Mecosta Factory,package
Boss Logistics LLC,,,no,33.12,C,1,"Charlotte, NC",US PL McBee Factory,
Pioneer Cold Logistic Services,pioneercold.com,,no,33.11,A,1,"Chicopee, MA",US PL Saratoga Spring Factory,package
Lightning Manufacturing Group,,,no,33.08,D,1,"Grand Rapids, MI",US PL Mecosta Factory,
axium foods warehouse,,,no,33.07,C,1,"Beloit, WI",US PL Madison Factory,
Forms & Fulfillment Services Inc.,,,no,33.04,C,1,"Gowen, MI",US PL Mecosta Factory,
Macys Distribution Center,macys.com,55554506061,yes,33.03,C,1,"Tomball, TX",US PL S Houston Factory,package
BDL4 Amazon Fulfillment Center,amazon.com,8981959027,yes,33.03,A,1,"Windsor, CT",US PL Saratoga Spring Factory,package
Hospitality Logistics International,,,no,33.01,C,1,"Charlotte, NC",US PL McBee Factory,
MKE2 Amazon Center,amazon.com,8981959027,yes,33.01,A,1,"Oak Creek, WI",US PL Madison Factory,package
Spencer's Warehouse,spencersonline.com,54771958043,yes,32.98,C,1,"Charlotte, NC",US PL McBee Factory,package
Caribbean Logistics LLC,,,no,32.98,C,1,"Pineville, NC",US PL McBee Factory,
SpartanNash Chill Warehouse Turnstile,,,no,32.98,C,1,"Byron Center, MI",US PL Mecosta Factory,
"C-H-E Integrity Logistics, LLC",,,no,32.97,D,1,"Pittsburg, TX",US PL Hawkins Factory,
"Michaels Distribution Center Jacksonville, FL",,,no,32.96,C,1,"Jacksonville, FL",US PL High Springs Factory,
Dayton Freight- Grand Rapids,daytonfreight.com,,no,32.96,C,1,"Byron Center, MI",US PL Mecosta Factory,curated:
DCA1 Amazon Fulfillment Center,amazon.com,8981959027,yes,32.96,A,1,"Edgemere, MD",US PL Allentown NPL Factory,package
Western Massachusetts Food Processing Center,,,no,32.94,B,1,"Greenfield, MA",US PL Saratoga Spring Factory,
Southeast Logistics,,,no,32.89,C,1,"Amity, AR",US DC Hot Springs (WHSE),
Amazon Fulfillment Center LUK2,amazon.com,8981959027,yes,32.87,A,1,"Vandalia, OH",US PL Greenwood Indiana,package
"E-ONE Inc. Production Plant 4, Aerial",,,no,32.85,D,1,"Ocala, FL",US PL High Springs Factory,
Paradigm Plus – Distribution Center,paradigm-plus.com,,no,32.85,C,1,"Hudsonville, MI",US PL Mecosta Factory,company_core:high
Distribution Technology Warehouse #8,,,no,32.83,C,1,"Charlotte, NC",US PL McBee Factory,
Highland Industries,,,no,32.82,D,1,"Cheraw, SC",US PL McBee Factory,
Amazon BOS5,amazon.com,8981959027,yes,32.82,A,1,"Stoughton, MA",US PL Hollis Factory,package
Possum Trail Processing,,,no,32.81,C,1,"Chiefland, FL",US PL High Springs Factory,
Amphora Nutritional Manufacturing,,,no,32.81,D,1,"Quitman, TX",US PL Hawkins Factory,
"Pendu Manufacturing, LLC",,,no,32.81,D,1,"New Holland, PA",US PL Allentown NPL Factory,
On Your Way Storage,,,no,32.78,D,1,"Howard City, MI",US PL Mecosta Factory,
OAK3 Amazon Fulfillment Center,amazon.com,8981959027,yes,32.78,A,1,"Patterson, CA",US PL Sacramento Factory,package
Truly Good Foods,goodfoods.com,,no,32.77,C,1,"Charlotte, NC",US PL McBee Factory,parent_facility:medium
"Gemini Logistics of North Florida/ Gemini Logistics / Gemini Warehouse, Inc.",,,no,32.75,C,1,"Jacksonville, FL",US PL High Springs Factory,
Logistics Pointe Distribution Center,,,no,32.75,C,1,"Charlotte, NC",US PL McBee Factory,
MCO2 Amazon,amazon.com,8981959027,yes,32.73,A,1,"Deltona, FL",US PL Zephyrhills Factory,package
Ocala Manufacturing Co Shop,,,no,32.72,D,1,"Ocala, FL",US PL High Springs Factory,
Carolinas Crossdock 3PL LLC,,,no,32.72,C,1,"Charlotte, NC",US PL McBee Factory,
Chewy Fulfillment Center MDT1,chewy.com,,no,32.72,A,1,"Lewisberry, PA",US PL Allentown NPL Factory,curated:
Yo Mama's Foods,,,no,32.7,C,1,"Clearwater, FL",US PL Zephyrhills Factory,
Samaritan Purse warehouse,,,no,32.7,C,1,"Charlotte, NC",US PL McBee Factory,
Tesla Manufacturing - Grand Rapids,,,no,32.69,D,1,"Grand Rapids, MI",US PL Mecosta Factory,
MCO2 Amazon FC Truck Entrance,amazon.com,8981959027,yes,32.65,A,1,"Deltona, FL",US PL Zephyrhills Factory,package
Dixfield Food Pantry - Food Distribution Center,,,no,32.64,C,1,"Dixfield, ME",US PL Kingfield Factory,
Big Sky Fulfillment,bigskyfulfillment.com,,no,32.64,C,1,"Charlotte, NC",US PL McBee Factory,company_exact:high
Atlantic Sweetener Inc,,,no,32.64,C,1,"Charlotte, NC",US PL McBee Factory,
Easy Foods Inc Kissimmee,,,no,32.61,C,1,"Kissimmee, FL",US PL Zephyrhills Factory,
Cabinet Warehouse Plus,,,no,32.57,C,1,"Hudson, FL",US PL Zephyrhills Factory,
GM CROSSDOCK #939,,,no,32.57,C,1,"Charlotte, NC",US PL McBee Factory,
"Sunny Morning Foods, an Honor Foods Company",,,no,32.56,C,1,"Kissimmee, FL",US PL Zephyrhills Factory,
Ashlynn's Gourmet,,,no,32.56,C,1,"Clearwater, FL",US PL Zephyrhills Factory,
Alta supply and packaging,,,no,32.56,C,1,"North Little Rock, AR",US PL Hot Springs 2 Factory,
Advantage Logistics inc,,,no,32.54,C,1,"Lexington, SC",US PL McBee Factory,
AJS Discount Warehouse,,,no,32.54,C,1,"Charlotte, NC",US PL McBee Factory,
Amazon GSP1,amazon.com,8981959027,yes,32.53,A,1,"Spartanburg, SC",US PL McBee Factory,package
MG Foods,,,no,32.52,C,1,"Charlotte, NC",US PL McBee Factory,
Cherchies Specialty Foods,,,no,32.5,C,1,"Chester Springs, PA",US PL Allentown NPL Factory,
Ontrak Logistics,,,no,32.49,C,1,"Charlotte, NC",US PL McBee Factory,
Talsma Furniture Warehouse,,,no,32.47,C,1,"Hudsonville, MI",US PL Mecosta Factory,
PHL7 - Amazon Fulfillment Center,amazon.com,8981959027,yes,32.45,A,1,"Middletown, DE",US PL Allentown NPL Factory,package
Carolina Renovation Warehouse,,,no,32.44,C,1,"Charlotte, NC",US PL McBee Factory,
"Promesa Logistics, LLC",,,no,32.44,C,1,"Hudsonville, MI",US PL Mecosta Factory,
MDT4 Amazon Fulfillment Center,amazon.com,8981959027,yes,32.44,A,1,"York, PA",US PL Allentown NPL Factory,package
Crown Cork & Seal Co Inc,,,no,32.43,D,1,"Cheraw, SC",US PL McBee Factory,
Mercy Ships International Support Center,,,no,32.39,D,1,"Lindale, TX",US PL Hawkins Factory,
UTI Intregrated Logistics,,,no,32.39,C,1,"West Columbia, SC",US PL McBee Factory,
CBI Warehouse,,,no,32.39,C,1,"Charlotte, NC",US PL McBee Factory,
Scenic Road Manufacturing,,,no,32.38,C,1,"Denver, PA",US PL Allentown NPL Factory,
TNT SUPPLEMENTS,,,no,32.38,C,1,"Leesburg, FL",US PL Zephyrhills Factory,
Stonewall Kitchen York Company Store,,,no,32.37,C,1,"York, ME",US PL Hollis Factory,
W Ludwig Manufacturing Inc,,,no,32.37,D,1,"Orlando, FL",US PL Zephyrhills Factory,
B Robert's Foods,,,no,32.37,C,1,"Charlotte, NC",US PL McBee Factory,
Prep Partners Group,,,no,32.35,D,1,"Rochester, NH",US PL Hollis Factory,
C&K Plastics Pennsylvania,,,no,32.35,D,1,"Easton, PA",US DC NFI - Breinigsville,
Irwin Seating Distribution Center,,,no,32.34,C,1,"Spring Lake, MI",US PL Mecosta Factory,
Proper Beverage Co.,,,no,32.34,C,1,"Hudsonville, MI",US PL Mecosta Factory,
Brown West Logistics,,,no,32.3,C,1,"Charlotte, NC",US PL McBee Factory,
Commonwealth Logistics Center,,,no,32.3,C,1,"Jacksonville, FL",US PL High Springs Factory,
Les Blankenship Logistics,,,no,32.29,C,1,"Mt Vernon, TX",US PL Hawkins Factory,
Griffin Industries Inc,,,no,32.27,C,1,"Jacksonville, FL 32210, USA",US PL High Springs Factory,
Northbay Logistics Center,,,no,32.25,C,1,"Vacaville, CA 95688, USA",US PL Sacramento Factory,
Nutramax Warehouse,,,no,32.25,D,1,"Lancaster, SC",US PL McBee Factory,
Butterfield Foods LLC,,,no,32.25,C,1,"Noblesville, IN",US PL Greenwood Indiana,
Verdure Sciences,,,no,32.25,C,1,"Noblesville, IN",US PL Greenwood Indiana,
Network Distribution Center,,,no,32.25,C,1,"Jacksonville, FL",US PL High Springs Factory,
"CNH- New Holland Agriculture, New Holland Construction Manufacturing Plant, Offices, R&D",,,no,32.24,D,1,"New Holland, PA",US PL Allentown NPL Factory,
Magellan Transport Logistics,magellantransportlogistics.com,,no,32.19,C,1,"Jacksonville, FL",US PL High Springs Factory,company_exact:high
Sea Freight Logistics,sfzone.in,,no,32.18,C,1,"Jacksonville, FL 32219, USA",US PL High Springs Factory,company_fuzzy:medium
"Queen Logistics, LLC",shipqueen.com,,no,32.15,C,1,"Charlotte, NC",US PL McBee Factory,company_exact:high
Excellence Logistics LLC,,,no,32.15,C,1,"Charlotte, NC",US PL McBee Factory,
Hickory Foods Inc,,,no,32.15,C,2,"Jacksonville, FL",US PL High Springs Factory,
Hope Warehouse LLP,,,no,32.14,C,1,"Hope, IN",US PL Greenwood Indiana,
Worldpac Charlotte Warehouse,,,no,32.13,C,1,"Charlotte, NC",US PL McBee Factory,
BWF. Fire Wood Warehouse,,,no,32.12,C,1,"Ennis, TX",US PL Dallas 2 Factory,
Gateway Manufacturing Agricultural & Commercial Equipment,,,no,32.12,C,1,"Clare, MI",US PL Mecosta Factory,
Salvation Army Corps Community Center Office- Alma - Food Distribution Center,,,no,32.12,C,1,"Alma, MI",US PL Mecosta Factory,
Premier Protective Packaging,,,no,32.1,D,1,"Grand Rapids, MI",US PL Mecosta Factory,
Charlotte Bonded Warehouse,,,no,32.1,C,1,"Charlotte, NC",US PL McBee Factory,
Bravo Foods,,,no,32.08,C,1,"Jacksonville, FL",US PL High Springs Factory,
Annette's Attic Warehouse,,,no,32.07,C,1,"Old Town, FL",US PL High Springs Factory,
The Warehouse Social Club operated by the Military Fire Police Support Association,,,no,32.07,C,1,"Leesburg, FL",US PL Zephyrhills Factory,
Precision Packaging Inc,,,no,32.07,D,1,"North Little Rock, AR",US PL Hot Springs 2 Factory,
Wagner Logistics,wagnerindustries.com,,no,32.06,C,2,"Jacksonville, FL",US PL High Springs Factory,company_exact:high
Coastal International Logistics,,,no,32.06,C,1,"Jacksonville, FL",US PL High Springs Factory,
American Red Cross Warehouse,,,no,32.06,C,1,"Charlotte, NC",US PL McBee Factory,
Dash Courier and Logistics,,,no,32.06,C,1,"Charlotte, NC",US PL McBee Factory,
Lance,,,no,32.06,C,1,"Charlotte, NC",US PL McBee Factory,
CAIF - Concentrated Active Ingredients and Flavors,,,no,32.06,C,1,"West Columbia, SC",US PL McBee Factory,
BGF Industries Inc,,,no,32.04,D,1,"Cheraw, SC",US PL McBee Factory,
Frito-Lay Liberty,fritolay.com,54772621360,yes,32.04,A,1,"Liberty, NY",US DC NFI - Breinigsville,package
Big Reds,,,no,32.03,C,1,"Newport, ME",US PL Kingfield Factory,
Red Oak Logistics,,,no,32.03,C,1,"Jacksonville, FL",US PL High Springs Factory,
Wasserstrom Jacksonville Distribution Center,,,no,32.03,C,1,"Jacksonville, FL",US PL High Springs Factory,
Johnstone Supply Distribution Center,johnstonesupply.com,54404007990,yes,32.03,C,1,"Jacksonville, FL",US PL High Springs Factory,package
Transport Arthur Cuming Inc,,,no,32.03,A,1,"Cookshire-Eaton, QC",US PL Kingfield Factory,
Fastenal Canada Fulfillment Center,fastenal.com,,no,32.02,A,4,"Saint-Georges, QC",US PL Kingfield Factory,curated:
Ship My Deal,,,no,32.01,D,1,"Temecula, CA",US PL Cabazon Factory,
Custom Commodities,,,no,32,D,1,"Gilmer, TX",US PL Hawkins Factory,
Smokey’s egg factory,,,no,31.99,C,1,"Fort Ann, NY",US PL Saratoga Spring Factory,
Stonewall Kitchen Dover Distribution Center,,,no,31.99,C,1,"Dover, NH",US PL Hollis Factory,
Sports Warehouse,,,no,31.99,C,1,"La Quinta, CA",US PL Cabazon Factory,
Winn dixie warehouse/ C&S Wholesale Groceries,,,no,31.99,C,1,"Jacksonville, FL",US PL High Springs Factory,
Dominant Express 24/7 Cross Dock and Warehouse,,,no,31.99,C,1,"Charlotte, NC",US PL McBee Factory,
Amazon RDU9 Fulfillment Center,amazon.com,8981959027,yes,31.97,A,1,"Mebane, NC",US PL McBee Factory,package
Vistapak Industries Inc,,,no,31.94,C,1,"Leesburg, FL",US PL Zephyrhills Factory,
Metropolitan Warehouse and Delivery,metropolitanwarehouse.com,,no,31.94,C,1,"Jacksonville, FL",US PL High Springs Factory,parent_facility:medium
Saturiwa Trading Co.,,,no,31.94,C,1,"Jacksonville, FL",US PL High Springs Factory,
Kraft Heinz-Newberry,kraftheinzcompany.com,55354356550,yes,31.94,A,1,"Newberry, SC",US PL McBee Factory,package
Fisher Barton Specialty Products / Blades Warehouse,,,no,31.93,C,1,"Watertown, WI",US PL Madison Factory,
Hotel Liquidation Warehouse,,,no,31.93,C,2,"Hudson, FL",US PL Zephyrhills Factory,
Fisher Barton Distribution Center,,,no,31.93,D,1,"Watertown, WI",US PL Madison Factory,
Crossdock 24/7 Jacksonville,,,no,31.92,C,1,"Jacksonville, FL",US PL High Springs Factory,
Amazon DTW8,amazon.com,8981959027,yes,31.91,A,1,"Plymouth, MI",US PL Mecosta Factory,package
Fabian Transportation Inc,,,no,31.9,D,1,"Oakland, ME",US PL Kingfield Factory,
National Furniture Warehouse,,,no,31.89,C,1,"Jacksonville, FL",US PL High Springs Factory,
CLT Freight Brokers LLC,,,no,31.89,C,1,"Charlotte, NC",US PL McBee Factory,
"BDL3 Amazon, North Haven",amazon.com,8981959027,yes,31.88,A,1,"North Haven, CT",US PL Saratoga Spring Factory,package
Crane Worldwide Logistics - Charlotte,craneco.com,54773431206,yes,31.87,C,1,"Charlotte, NC",US PL McBee Factory,package
Nationwide Mattress and Furniture Warehouse,,,no,31.87,C,1,"Jacksonville, FL",US PL High Springs Factory,
DDT9 Amazon,amazon.com,8981959027,yes,31.86,A,1,"Canton Township, MI",US PL Mecosta Factory,package
Fort Ann Super Stop,,,no,31.85,C,1,"Fort Ann, NY",US PL Saratoga Spring Factory,
"Sensenig Manufacturing, LLC",,,no,31.85,D,1,"Bernville, PA",US PL Allentown NPL Factory,
Drummond warehouse,drummondco.com,54772601410,yes,31.85,C,1,"Jacksonville, FL",US PL High Springs Factory,package
Amazon ORD2 - Fulfillment Center,amazon.com,8981959027,yes,31.84,A,1,"Channahon, IL",US PL Madison Factory,package
We Pack Warehousing & Distribution,,,no,31.82,C,1,"Sulphur Springs, TX",US PL Hawkins Factory,
Amazon Cross-Dock Facility - MDW2,amazon.com,8981959027,yes,31.82,A,2,"Joliet, IL",US PL Madison Factory,package
Volkswagen Distribution Center,volkswagen.de,54773733435,yes,31.8,C,1,"Jacksonville, FL",US PL High Springs Factory,package
BMW Regional Distribution Center,,,no,31.8,C,1,"Jacksonville, FL",US PL High Springs Factory,
Young's Premium Foods,,,no,31.8,C,1,"Charlotte, NC",US PL McBee Factory,
Williams Brothers Trucking - Starke Terminal,,,no,31.78,C,1,"Starke, FL",US PL High Springs Factory,
Warehouse 242,,,no,31.78,C,1,"Charlotte, NC",US PL McBee Factory,
"Dedicated Logistics, Inc.",shipdli.com,,no,31.74,D,1,"Lake Elsinore, CA",US PL Ontario Factory,company_exact:high
Freightz Tansportation Inc,,,no,31.74,C,1,"Port Richey, FL",US PL Zephyrhills Factory,
Truck Gate Aurora Dairy,,,no,31.74,C,1,"Platteville, CO",US PL Denver Factory,
The International Community Warehouse,,,no,31.74,C,1,"Charlotte, NC",US PL McBee Factory,
Pastina Kitchen LLC,,,no,31.74,C,1,"Jacksonville, FL",US PL High Springs Factory,
Philadelphia Warehousing|Warehouse America,,,no,31.73,C,1,"Philadelphia, PA",US PL Allentown NPL Factory,
Perfection Foods,,,no,31.73,C,1,"Philadelphia, PA",US PL Allentown NPL Factory,
Flavor West MFG LLC,,,no,31.7,C,1,"Lake Elsinore, CA",US PL Ontario Factory,
Cold Ass Trailers,,,no,31.68,D,1,"Temecula, CA",US PL Cabazon Factory,
Amazon Fulfillment Center ORD5,amazon.com,8981959027,yes,31.68,A,1,"Matteson, IL",US PL Madison Factory,package
Amazon DET6,amazon.com,8981959027,yes,31.68,A,1,"Detroit, MI",US PL Mecosta Factory,package
"Cole's Secure Storage, LLC",,,no,31.66,D,1,"Arkadelphia, AR",US DC Hot Springs (WHSE),
Galloway Manufacturing Solutions,,,no,31.65,D,1,"Columbia, SC",US PL McBee Factory,
"Dal-Bac Manufacturing Company, Inc. An ISO 9001:2015 Certified company",,,no,31.64,D,1,"Forney, TX",US PL Dallas 2 Factory,
Diamond Logistics,diamondlogistics.co.uk,,no,31.62,C,1,"Port Richey, FL",US PL Zephyrhills Factory,company_exact:high
Esbenshades Denver Fulfillment Center #1,,,no,31.55,C,1,"Denver, PA",US PL Allentown NPL Factory,
Amazon Returns Center CVG2,amazon.com,8981959027,yes,31.55,A,1,"Hebron, KY",US PL Greenwood Indiana,package
Amazon Fulfillment Center MDW7,amazon.com,8981959027,yes,31.55,A,1,"Monee, IL",US PL Madison Factory,package
Azure Water Co.,,,no,31.52,C,1,"Leesburg, FL",US PL Zephyrhills Factory,
Storage Plus of Longview (Main),,,no,31.51,D,1,"Longview, TX",US PL Hawkins Factory,
MM Packaging Charlotte,,,no,31.51,C,1,"Pineville, NC",US PL McBee Factory,
The Sausage Warehouse,,,no,31.49,C,1,"Pittsburg, TX",US PL Hawkins Factory,
Recon Wear - Warehouse,,,no,31.48,C,1,"Blythewood, SC",US PL McBee Factory,
Warehouse Distributors USA LLC,,,no,31.41,D,1,"Lancaster, SC",US PL McBee Factory,
Bonded Logistics,bondedlogistics.com,,no,31.39,C,1,"Charlotte, NC",US PL McBee Factory,company_exact:high
"ELE Logistics, Inc.",elelogistics.com,,no,31.39,C,1,"Charlotte, NC",US PL McBee Factory,company_exact:high
Dysart's Service Center,,,no,31.39,C,1,"Hermon, ME",US PL Kingfield Factory,
Creek View Manufacturing LLC,,,no,31.37,C,1,"East Earl, PA",US PL Allentown NPL Factory,
Orion Fulfillment Center,,,no,31.35,C,1,"Kissimmee, FL",US PL Zephyrhills Factory,
Bullard Crossing Warehouse,,,no,31.34,C,1,"Bullard, TX",US PL Hawkins Factory,
ARP Warehouse,,,no,31.31,C,1,"Blythewood, SC",US PL McBee Factory,
Filcon,,,no,31.29,D,1,"Clare, MI",US PL Mecosta Factory,
Nutty Scoopz,,,no,31.28,C,1,"Jacksonville, FL",US PL High Springs Factory,
Comfort Foods Inc,,,no,31.28,C,1,"North Andover, MA",US PL Hollis Factory,
Crowley Liner & Logistics,crowley.com,55554438402,yes,31.26,C,1,"Jacksonville, FL",US PL High Springs Factory,package
FBMFulfillment.com Warehouse and Fulfillment Center ANNEX,,,no,31.26,C,1,"Jacksonville, FL",US PL High Springs Factory,
Barry Food Sales,,,no,31.25,C,1,"Blue Bell, PA",US PL Allentown NPL Factory,
Arkansas Packaging,,,no,31.25,D,1,"North Little Rock, AR",US PL Hot Springs 2 Factory,
FREZ-n-STOR Terrell,,,no,31.24,D,1,"Terrell, TX",US PL Dallas 2 Factory,
"A & R Warehouse Equipment, Inc.",,,no,31.24,C,1,"Jacksonville, FL",US PL High Springs Factory,
Gentex Corporation Distribution Center,gentexcorp.com,54753761656,yes,31.24,C,1,"Zeeland, MI",US PL Mecosta Factory,package
The Pickle Factory,,,no,31.24,C,1,"Jacksonville, FL",US PL High Springs Factory,
Independent Beverage Company - Lawton,,,no,31.24,C,4,"Charlotte, NC",US PL McBee Factory,
Joe's Furniture Warehouse,,,no,31.23,C,1,"Newport, ME",US PL Kingfield Factory,
Patterson Logistics Services,,,no,31.23,C,1,"Blythewood, SC",US PL McBee Factory,
Crowley logistics,crowley.com,55554438402,yes,31.22,C,1,"Jacksonville, FL",US PL High Springs Factory,package
Crowley Fresh,crowley.com,55554438402,yes,31.22,C,1,"Jacksonville, FL",US PL High Springs Factory,package
Mount Pleasant AME Church - Food Distribution Center,,,no,31.2,C,1,"Lynchburg, SC",US PL McBee Factory,
Forestry logistics,,,no,31.2,D,1,"Ola, AR",US PL Hot Springs Factory,
Belk Distribution Center,,,no,31.19,C,2,"Blythewood, SC",US PL McBee Factory,
Paradise Food Trucks,,,no,31.19,C,1,"Kissimmee, FL",US PL Zephyrhills Factory,
Durham Coca-Cola Bottling Co,coca-colacompany.com,,no,31.19,A,1,"Apex, NC",US PL McBee Factory,package
Preferred Truck Service Center,,,no,31.14,C,1,"Byron Center, MI",US PL Mecosta Factory,
Brent Raymond Cross Dock,,,no,31.13,D,1,"Los Angeles, CA",US PL Ontario Factory,
Lularoe Warehouse,lularoe.com,54415134537,yes,31.11,C,1,"Blythewood, SC",US PL McBee Factory,package
CS Manufacturing Inc.,,,no,31.1,D,1,"Cedar Springs, MI",US PL Mecosta Factory,
Moon Express Inc 24/7 Warehouse and Cross-dock,,,no,31.09,C,1,"Charlotte, NC",US PL McBee Factory,
WeShareSpace Warehouse,,,no,31.09,C,1,"Jacksonville, FL",US PL High Springs Factory,
Sunshine International Foods,,,no,31.09,C,1,"Methuen, MA",US PL Hollis Factory,
Warehouse Location,,,no,31.07,C,1,"St. Louis, MI",US PL Mecosta Factory,
Green's Beverage Warehouse,,,no,31.06,C,1,"Columbia, SC",US PL McBee Factory,
Cook Mfg,,,no,31.05,D,1,"Paris, MI",US PL Mecosta Factory,
Logistics Worldwide,,,no,31.05,C,1,"Jacksonville, FL",US PL High Springs Factory,
Trucking Warehousing Cross-Docking,,,no,31.05,C,1,"Charlotte, NC",US PL McBee Factory,
Cold Stream Storage,,,no,31.02,A,1,"West Enfield, ME",US PL Kingfield Factory,
Smurfit Westrock Claremont Folding Carton Plant,westrockcoffee.com,54720622756,yes,31.02,B,1,"Claremont, NC",US PL McBee Factory,package
Naples Packing Co.,,,no,31.01,C,1,"Mexico, ME",US PL Poland Spring Factory,
Sanmina Corporation,sanmina-sci.com,54772556184,yes,31.01,D,1,"Fort Mill, SC",US PL McBee Factory,package
Jacksonville Fulfillment Center,,,no,31.01,C,1,"Jacksonville, FL",US PL High Springs Factory,
Ola United Methodist Church - Food Distribution Center,,,no,30.99,C,1,"Ola, AR",US PL Hot Springs Factory,
Walkabout Logistics LLC,,,no,30.99,D,1,"Heath, TX",US PL Dallas 2 Factory,
Union Terminal Warehouse,,,no,30.99,C,1,"Jacksonville, FL",US PL High Springs Factory,
Sparrow Lansing Warehouse,,,no,30.97,C,1,"Lansing, MI",US PL Mecosta Factory,
MANCO LOGISTICS CORP,mancolog.com,,no,30.97,C,1,"Jacksonville, FL",US PL High Springs Factory,company_exact:high
Square One Transport & Logistics,s1tl.com,,no,30.97,C,1,"Lansing, MI",US PL Mecosta Factory,company_exact:high
Bafs Inc.,,,no,30.97,C,1,"Bangor, ME",US PL Kingfield Factory,
Lowe’s Pro Distribution Center,,,no,30.95,C,1,"Charlotte, NC",US PL McBee Factory,
Ups Freight Jacksonville Fl,,,no,30.95,C,1,"Jacksonville, FL",US PL High Springs Factory,
Duke's Canton,,,no,30.93,C,1,"Canton, TX",US PL Hawkins Factory,
Skyway Foods,,,no,30.92,C,1,"Longmont, CO",US PL Denver Factory,
Amazon MDW8,amazon.com,8981959027,yes,30.92,A,1,"Waukegan, IL",US PL Madison Factory,package
Sirois Food Products Inc,,,no,30.91,C,1,"Lawrence, MA",US PL Hollis Factory,
Smurfit Westrock Conover Folding Carton Plant,westrockcoffee.com,54720622756,yes,30.91,B,1,"Conover, NC",US PL McBee Factory,package
Corporate Traffic Logistics,corporatetraffic.com,,no,30.89,C,1,"Jacksonville, FL",US PL High Springs Factory,company_exact:high
Medtronic Distribution Center - Jacksonville Campus,medtronic.com,54771833668,yes,30.89,C,1,"Jacksonville, FL",US PL High Springs Factory,package
Health and Beauty Manufacturing,,,no,30.87,C,1,"St. Petersburg, FL",US PL Zephyrhills Factory,
GM Central Distribution Center,,,no,30.87,C,1,"Lansing, MI",US PL Mecosta Factory,
MegaCorp Logistics,megacorplogistics.com,54774295854,yes,30.86,C,1,"Jacksonville, FL",US PL High Springs Factory,package
Schulze Family Processing,,,no,30.85,C,1,"Wellborn, FL",US PL High Springs Factory,
Center Manufacturing,,,no,30.85,D,1,"Byron Center, MI",US PL Mecosta Factory,
Augusta Coca-Cola Bottling Co,coca-colacompany.com,,no,30.85,A,1,"Augusta, GA",US PL McBee Factory,package
Laney & Duke Logistics,,,no,30.84,C,1,"Jacksonville, FL",US PL High Springs Factory,
Florida Fulfillment Center,,,no,30.84,C,1,"Jacksonville, FL",US PL High Springs Factory,
Artisan Chef Manufacturing Co.,,,no,30.84,C,1,"Lawrence, MA",US PL Hollis Factory,
Vanguard Manufacturing,,,no,30.83,D,1,"Williston, FL",US PL High Springs Factory,
The Beverage Warehouse,,,no,30.83,C,2,"Lancaster, SC",US PL McBee Factory,
Newcold Advanced Cold Storage Logistics,,,no,30.82,C,1,"Lebanon, IN",US PL Greenwood Indiana,
Crossdock in Jacksonville,,,no,30.82,C,1,"Jacksonville, FL",US PL High Springs Factory,
"Butterbeans,greens, and wings llc",,,no,30.82,C,1,"Jacksonville, FL",US PL High Springs Factory,
FreeUp Storage Terrell,,,no,30.81,D,1,"Terrell, TX",US PL Dallas 2 Factory,
Gary Containers,,,no,30.8,D,1,"Spring Hill, FL",US PL Zephyrhills Factory,
Hartsfield Warehouse,,,no,30.76,C,1,"Charlotte, NC",US PL McBee Factory,
Horse & Kennel Warehouse,,,no,30.76,C,1,"Jacksonville, FL",US PL High Springs Factory,
"Silver Creek Manufacturing, Inc.",,,no,30.75,D,1,"Norton Shores, MI",US PL Mecosta Factory,
Westco Manufacturing & Associates,,,no,30.75,D,1,"West Columbia, SC",US PL McBee Factory,
Snap-On Tools Distribution Center,,,no,30.71,C,1,"Robesonia, PA",US PL Allentown NPL Factory,
Scarlet Cord Food Pantry - Food Distribution Center,,,no,30.71,C,1,"Amity, AR",US DC Hot Springs (WHSE),
Origin USA,,,no,30.7,D,1,"Jay, ME",US PL Kingfield Factory,
Denton Industrial Park,,,no,30.7,C,1,"Hudson, FL",US PL Zephyrhills Factory,
"J-MAX Transportation & Logistics, Inc",,,no,30.7,C,1,"Zeeland, MI",US PL Mecosta Factory,
Special Distribution Services Inc,,,no,30.7,C,1,"Charlotte, NC",US PL McBee Factory,
Mondelēz International Factory DSD,,,no,30.67,D,1,"West Columbia, SC",US PL McBee Factory,
Request Foods-Quincy Street Plant,,,no,30.66,C,1,"Holland, MI",US PL Mecosta Factory,
Request Foods-Greenly Street Plant,,,no,30.64,C,1,"Holland, MI",US PL Mecosta Factory,
3 Lions Logistics,,,no,30.63,C,1,"Andover, MA",US PL Hollis Factory,
Madrona Specialty Foods Llc,,,no,30.61,C,1,"Charlotte, NC",US PL McBee Factory,
Charles B Davis Co,,,no,30.6,D,1,"Waterville, ME",US PL Kingfield Factory,
Herman Miller Midwest Distribution Center MWC,hermanmiller.com,,no,30.59,C,1,"Holland, MI",US PL Mecosta Factory,parent_facility:medium
Request Foods,,,no,30.59,C,1,"Holland, MI",US PL Mecosta Factory,
Furniture and Mattress Warehouse,,,no,30.55,C,1,"Holland, MI",US PL Mecosta Factory,
"Rosa Food Products Co., Inc.",,,no,30.52,C,1,"Philadelphia, PA",US PL Allentown NPL Factory,
Mike Land Warehouse,,,no,30.5,C,1,"Grand Saline, TX",US PL Hawkins Factory,
MagicFrost,,,no,30.5,C,1,"Williston, FL",US PL High Springs Factory,
Community Quik Stop,,,no,30.47,C,1,"Rumford, ME",US PL Poland Spring Factory,
Orion Cordage,,,no,30.45,D,1,"Winslow, ME",US PL Kingfield Factory,
"Gulf Coast Industrial, LLC",,,no,30.44,D,1,"Mulberry, FL",US PL Zephyrhills Factory,
The Warehouse Flat Rate Flea Market,,,no,30.42,C,1,"Beaver Dam, WI",US PL Madison Factory,
"Royal Technologies, Quincy 1 Plant",,,no,30.42,D,2,"Hudsonville, MI",US PL Mecosta Factory,
Peninsular Warehouse Co,,,no,30.39,C,1,"Jacksonville, FL",US PL High Springs Factory,
Arcadia Cold Storage | Jacksonville,,,no,30.39,C,1,"Jacksonville, FL",US PL High Springs Factory,
Ulta Distribution Center,ulta.com,54412086581,yes,30.39,C,1,"Jacksonville, FL",US PL High Springs Factory,package
United Bonded Warehouse,,,no,30.37,C,1,"Lynchburg, SC",US PL McBee Factory,
FreezPak Logistics,,,no,30.37,C,1,"Jacksonville, FL",US PL High Springs Factory,
New Holland Brewing Company Warehouse,,,no,30.35,C,1,"Holland, MI",US PL Mecosta Factory,
"Imeson Distribution Center, Inc.",,,no,30.35,C,1,"Jacksonville, FL",US PL High Springs Factory,
"Imeson Center, Peninsular Warehouse",,,no,30.33,C,1,"Jacksonville, FL",US PL High Springs Factory,
Magnablend Inc,,,no,30.31,D,1,"Waxahachie, TX",US PL Dallas 2 Factory,
"Venus Fashion, Inc. Warehouse",venus.com,54771909495,yes,30.26,C,1,"Jacksonville, FL",US PL High Springs Factory,package
Honda of South Carolina Manufacturing,honda.com,55554510964,yes,30.25,D,1,"Timmonsville, SC",US PL McBee Factory,package
Warehouse 6 Events,,,no,30.23,C,1,"Holland, MI",US PL Mecosta Factory,
Barnhardt Manufacturing Co,,,no,30.22,D,1,"Charlotte, NC",US PL McBee Factory,
Weaver Manufacturing Co,,,no,30.21,D,1,"Flower Mound, TX",US PL Dallas 2 Factory,
Appliance Warehouse & Furniture,,,no,30.21,C,1,"Seabrook, NH",US PL Hollis Factory,
Sherwin-Williams Wheeling Manufacturing Plant,sherwin-auto.cl,,no,30.21,A,1,"Wheeling, IL",US PL Madison Factory,parent_facility:medium
DC Storage & RV Services,,,no,30.2,C,1,"Hudsonville, MI",US PL Mecosta Factory,
Sub Zero Southeast Distribution Warehouse,,,no,30.18,C,1,"Jacksonville, FL",US PL High Springs Factory,
Caine Warehouse,,,no,30.17,C,1,"Reeseville, WI",US PL Madison Factory,
Mainstreet Manufacturing LLC.,,,no,30.14,D,1,"Tamaqua, PA",US PL Allentown Factory,
Margo Garden Products,,,no,30.14,C,1,"Jacksonville, FL",US PL High Springs Factory,
Concord Baptist Church - Food Distribution Center,,,no,30.13,C,1,"Lugoff, SC",US PL McBee Factory,
Aqua Gulf,aquagulf.com,,no,30.12,C,1,"Jacksonville, FL",US PL High Springs Factory,company_exact:high
Sunoco Logistics Belmont Terminal,,,no,30.1,C,1,"Philadelphia, PA",US PL Allentown NPL Factory,
Haggerty Logistics Inc. (Terminal 4),,,no,30.09,C,1,"Holland, MI",US PL Mecosta Factory,
Custom Made Meals,,,no,30.07,C,1,"Jacksonville, FL",US PL High Springs Factory,
Pinnacle Express,,,no,30.04,D,1,"Little Rock, AR",US PL Hot Springs 2 Factory,
Coach Distribution Center,coachusa.com,54754341447,yes,30.04,C,1,"Jacksonville, FL",US PL High Springs Factory,package
Trans-Matic Holland Distribution Center,,,no,30.04,C,1,"Holland, MI",US PL Mecosta Factory,
Wally's custom meat processing,,,no,30.03,C,1,"Chiefland, FL",US PL High Springs Factory,
Arena Cheese Cold Storage,,,no,30.03,D,1,"Arena, WI",US PL Madison Factory,
BDL2Amazon Fulfillment Center,amazon.com,8981959027,yes,30.01,A,1,"Windsor, CT",US PL Saratoga Spring Factory,package
DCB4 Amazon Fulfillment Center Norwood,amazon.com,8981959027,yes,30,A,1,"Norwood, MA",US PL Hollis Factory,package
"Warehouse Products, LLC",,,no,29.99,C,1,"Jacksonville, FL",US PL High Springs Factory,
Bacardi Bottling Corporation-Jacksonville,,,no,29.99,C,1,"Jacksonville, FL",US PL High Springs Factory,
Ups Jacksonville hub truck entrance.,,,no,29.96,C,1,"Jacksonville, FL",US PL High Springs Factory,
Hudsonville Ice Cream Warehouse,icfc.es,,no,29.96,C,1,"Holland, MI",US PL Mecosta Factory,parent_facility:medium
RepcoLite Distribution Center,,,no,29.96,C,1,"Holland, MI",US PL Mecosta Factory,
"Apache Logistics, Inc.",apacorp.com,55554510177,yes,29.94,C,1,"Holland, MI",US PL Mecosta Factory,package
Expresica,,,no,29.92,D,1,"Santa Ana, CA",US PL Ontario Factory,
Howard Foods Inc,,,no,29.92,C,1,"Danvers, MA",US PL Hollis Factory,
Wunderlich-Malec,,,no,29.89,D,1,"Winslow, ME",US PL Kingfield Factory,
Americold Logistics Gaffney,americold.com,,no,29.89,A,1,"Gaffney, SC",US PL McBee Factory,curated:
JAX Logistics LLC,jaxlogistics.net,,no,29.87,C,1,"Jacksonville, FL",US PL High Springs Factory,company_exact:high
"Miwon Specialty Chemical USA, INC.",,,no,29.85,D,1,"Columbia, SC",US PL McBee Factory,
EMI Construction Products Distribution Center,,,no,29.84,C,1,"Holland, MI",US PL Mecosta Factory,
Lading Logistics,,,no,29.83,D,1,"Plano, TX",US PL Dallas 2 Factory,
DiLuigi Foods,,,no,29.81,C,1,"Danvers, MA",US PL Hollis Factory,
Elevation Foods,,,no,29.81,C,1,"Danvers, MA",US PL Hollis Factory,
Universal Truck Service and Cross Dock,,,no,29.8,C,1,"Charlotte, NC",US PL McBee Factory,
Alcom LLC,,,no,29.79,D,1,"Winslow, ME",US PL Kingfield Factory,
Hamilton Eggs,,,no,29.79,C,1,"Holland, MI",US PL Mecosta Factory,
RLS Logistics- Delanco,,,no,29.78,C,1,"Delanco, NJ",US PL Allentown NPL Factory,
Golfers' Warehouse,,,no,29.71,C,1,"Danvers, MA",US PL Hollis Factory,
Mighty T's Logistics - Agency of D&L Transport,,,no,29.7,D,1,"Selman City, TX",US PL Hawkins Factory,
When Pigs Fly Breads Factory,,,no,29.7,C,1,"York, ME",US PL Hollis Factory,
"Hilton, Eddie",,,no,29.69,D,1,"Cassatt, SC",US PL McBee Factory,
Amazon Fulfillment Center TLH2,amazon.com,8981959027,yes,29.69,A,1,"Tallahassee, FL",US PL High Springs Factory,package
Petro Ocala 323,,,no,29.68,C,1,"Reddick, FL",US PL High Springs Factory,
Gavin Orchards Warehouse,,,no,29.67,C,1,"Coopersville, MI",US PL Mecosta Factory,
24 HOUR Houston | TRUCK PARKING | CROSS DOCKING and TRANSLOADING,,,no,29.64,C,1,"Huffman, TX",US PL S Houston Factory,
SemiDock,,,no,29.64,D,1,"Stockton, CA",US PL Sacramento Factory,
Cold-Link Logistics Holland,,,no,29.64,C,1,"Holland, MI",US PL Mecosta Factory,
Dutch Valley Food Distributors,,,no,29.62,C,1,"Myerstown, PA",US PL Allentown NPL Factory,
Dutch Valley Food Development,,,no,29.62,C,1,"Myerstown, PA",US PL Allentown NPL Factory,
GE,,,no,29.61,C,2,"Jacksonville, FL",US PL High Springs Factory,
United States Postal Service - Middlesex Essex Processing and Distribution Center,usps.gov,,no,29.61,C,1,"North Reading, MA",US PL Hollis Factory,parent_facility:medium
Amazon SWF2,amazon.com,8981959027,yes,29.6,A,1,"Hopewell Junction, NY",US PL Saratoga Spring Factory,package
Pacific Container Terminal,,,no,29.59,D,1,"Long Beach, CA",US PL Ontario Factory,
Mission Bottling,,,no,29.57,C,2,"Temecula, CA",US PL Cabazon Factory,
New Caney Beverage,,,no,29.57,D,1,"New Caney, TX",US PL S Houston Factory,
Bacardi Distribution Center,,,no,29.51,C,1,"Jacksonville, FL",US PL High Springs Factory,
Gildan Distribution Center Jacksonville,,,no,29.5,C,1,"Jacksonville, FL",US PL High Springs Factory,
JBF Warehouse & Crossdock Logistics,,,no,29.49,C,1,"Lathrop, CA",US PL Sacramento Factory,
Elgin Mini Warehouses,,,no,29.46,C,1,"Elgin, SC",US PL McBee Factory,
A & L Logistics LLC,,,no,29.46,C,1,"Marshville, NC",US PL McBee Factory,
Philly Cold Storage,,,no,29.46,C,1,"Philadelphia, PA",US PL Allentown NPL Factory,
U.S COLD STORAGE,wccoldstorage.com,,no,29.4,D,1,"Wingate, NC",US PL McBee Factory,company_fuzzy:medium
G C Evans Sales & Manufacturing Co,,,no,29.4,D,1,"Little Rock, AR",US PL Hot Springs 2 Factory,
Industrial Manufacturing Services,hartzellindsrvcs.com,,no,29.37,D,1,"Lancaster, SC",US PL McBee Factory,company_fuzzy:medium
Amazon Bellingham,amazon.com,8981959027,yes,29.36,A,1,"Bellingham, MA",US PL Hollis Factory,package
Uptown cross-docking,,,no,29.35,C,1,"Manteca, CA",US PL Sacramento Factory,
State Farm Distribution Center,brantblessing.com,54774308788,yes,29.32,C,1,"Rock Hill, SC",US PL McBee Factory,package
"Impact Imaging Group, LLC",,,no,29.29,D,1,"Hartsville, SC",US PL McBee Factory,
Arkansas Storage Centers,,,no,29.26,D,2,"North Little Rock, AR",US PL Hot Springs 2 Factory,
Vintage Warehouse,,,no,29.25,C,1,"Bartow, FL",US PL Zephyrhills Factory,
Positran Manufacturing Inc,,,no,29.25,D,1,"Norristown, PA",US PL Allentown NPL Factory,
Alphia Pet Food Manufacturing,,,no,29.24,D,1,"Pittsburg, TX",US PL Hawkins Factory,
GSO1 Amazon Fulfillment Center,amazon.com,8981959027,yes,29.24,A,1,"Kernersville, NC",US PL McBee Factory,package
Sulta Manufacturing Co,,,no,29.23,D,1,"Sulphur Springs, TX",US PL Hawkins Factory,
J&H Family Stores - Coopersville 160,,,no,29.22,C,1,"Coopersville, MI",US PL Mecosta Factory,
Cypress Truck Lines Inc,cypresstruck.com,,no,29.19,C,1,"Tampa, FL",US PL Zephyrhills Factory,company_exact:high
G-M Wood Products Warehouse,frtw.com,,no,29.18,C,1,"Newaygo, MI",US PL Mecosta Factory,company_fuzzy:medium
Quality Life Science Logistics & Transportation,qualitytca.com,,no,29.18,D,1,"Coopersville, MI",US PL Mecosta Factory,parent_facility:medium
Amazon Fulfillment Center FWA6,amazon.com,8981959027,yes,29.15,A,1,"Fort Wayne, IN",US PL Greenwood Indiana,package
Imperative Logistics,imperativelogistics.com,,no,29.11,C,1,"Columbia, SC",US PL McBee Factory,company_exact:high
Amazon Fulfillment Center DB09,amazon.com,8981959027,yes,29.09,A,1,"Middleborough, MA",US PL Hollis Factory,package
FreightRun - Compare Freight Carrier Rates & Get Your Quote,,,no,29.05,A,1,"Danbury, CT",US PL Saratoga Spring Factory,HOLD: likely noise / not a freight prospect - exclude
Lean Box,,,no,29.04,C,1,"Wilmington, MA",US PL Hollis Factory,
Amazon Sort Center - MDW5,amazon.com,8981959027,yes,29.04,A,1,"Crest Hill, IL",US PL Madison Factory,package
Stuffed Foods LLC,,,no,29.03,C,1,"Wilmington, MA",US PL Hollis Factory,
Amazon Fulfillment Center MLI1,amazon.com,8981959027,yes,29.03,A,1,"Davenport, IA",US PL Madison Factory,package
Sunrise XDock: Warehousing and Crossdock,,,no,29.01,C,1,"Beverly, NJ",US PL Allentown NPL Factory,
Bin To Bottle,,,no,28.91,C,1,"Napa, CA",US PL Sacramento Factory,
Sacoma International,,,no,28.9,D,1,"Edinburgh, IN",US PL Greenwood Indiana,
Martin Transport Terminal,martintransport.com,,no,28.89,D,1,"Baytown, TX",US PL Pasadena Factory,company_fuzzy:medium
"NewRoads Distribution, LLC",,,no,28.86,C,1,"Lee, NH",US PL Hollis Factory,
Zoom Logistics,,,no,28.85,C,1,"Newburyport, MA",US PL Hollis Factory,
Teleios Manufacturing,,,no,28.84,D,1,"Jacksonville, FL",US PL High Springs Factory,
RTD Logistics,rtdlogistics.com,,no,28.81,C,1,"Woburn, MA",US PL Hollis Factory,company_exact:high
SNC3 Amazon Fulfillment Center Warehouse,amazon.com,8981959027,yes,28.79,A,1,"Durham, NC",US PL McBee Factory,package
Cooney Manufacturing,,,no,28.77,D,1,"Plymouth Meeting, PA",US PL Allentown NPL Factory,
Henderson Manufacturing,,,no,28.77,D,1,"Pittsburg, TX",US PL Hawkins Factory,
Cmh Manufacturing,,,no,28.75,D,1,"Sulphur Springs, TX",US PL Hawkins Factory,
Hollingsworth FULFILLMENT CENTER,,,no,28.75,C,1,"Tracy, CA 95304, USA",US PL Sacramento Factory,
Top It Off Bottling Facility,,,no,28.75,C,1,"Napa, CA",US PL Sacramento Factory,
Tracy Truck & Auto Stop,,,no,28.75,C,1,"Tracy, CA",US PL Sacramento Factory,
Amazon Fulfillment Center BOS7,amazon.com,8981959027,yes,28.75,A,1,"Fall River, MA",US PL Hollis Factory,package
Amazon Robotics Fulfillment Center (ILM1),amazon.com,8981959027,yes,28.75,A,1,"Wilmington, NC",US PL McBee Factory,package
Templeton Manufacturing Solutions,,,no,28.72,D,1,"Jacksonville, FL",US PL High Springs Factory,
Truenorth Community Services - Food Distribution Center,,,no,28.71,D,1,"Fremont, MI",US PL Mecosta Factory,
"Phoenix Direct, Inc.",,,no,28.7,D,1,"Little Rock, AR",US PL Hot Springs 2 Factory,
Riverstone Logistics,rlx.us,,no,28.69,D,1,"Charlotte, NC",US PL McBee Factory,company_exact:high
Amazon Fulfillment Center SBN1,amazon.com,8981959027,yes,28.68,A,1,"Bristol, IN",US PL Mecosta Factory,package
Prestige Bottling Company,,,no,28.65,C,1,"Napa, CA",US PL Sacramento Factory,
"Palmetto Logistics, LLC.",,,no,28.65,D,1,"Matthews, NC",US PL McBee Factory,
Cianbro Constructors -Module Manufacturing Facility,,,no,28.64,D,1,"Brewer, ME",US PL Kingfield Factory,
Gerber Fremont Distribution Center,,,no,28.6,D,1,"Fremont, MI",US PL Mecosta Factory,
Gerber Products Co,,,no,28.6,C,1,"Fremont, MI",US PL Mecosta Factory,
Industry West Warehouse,,,no,28.59,C,1,"Jacksonville, FL",US PL High Springs Factory,
Canyon Lake Storage,,,no,28.57,D,1,"Canyon Lake, CA",US PL Ontario Factory,
Honda Manufacturing of Indiana,honda.com,55554510964,yes,28.53,D,1,"Greensburg, IN",US PL Greenwood Indiana,package
John Olson Advanced Manufacturing Center,,,no,28.53,D,1,"Durham, NH",US PL Hollis Factory,
Chief Buildings Manufacturing Plant - SC,,,no,28.53,D,1,"Lancaster, SC",US PL McBee Factory,
The Cosmetics Warehouse Store,,,no,28.5,C,1,"North Conway, NH",US PL Hollis Factory,
"Troy Industrial Solutions, Maine Fabrication Facility",,,no,28.48,D,1,"Brewer, ME",US PL Kingfield Factory,
Indiana Auto Plant (IAP) Gate C,,,no,28.47,D,1,"Greensburg, IN",US PL Greenwood Indiana,
"Spinning Wheels Express | Warehousing, Logistics & Distribution Services",,,no,28.46,C,1,"Amesbury, MA",US PL Hollis Factory,
Snyder's of Hanover,,,no,28.46,C,1,"Columbia, SC",US PL McBee Factory,
ABW Warehouse Truck Gate,,,no,28.43,C,1,"Columbia, SC",US PL McBee Factory,
Custom Packaging Innovations,,,no,28.42,D,1,"Hudsonville, MI",US PL Mecosta Factory,
Anchor Bay Packaging,anchorbaypkg.com,,no,28.41,B,2,"New Baltimore, MI",US PL Mecosta Factory,package
Lehigh Valley Railroad Freight Station,,,no,28.39,D,1,"Clinton, NJ",US DC NFI - Breinigsville,
"Innovative Manufacturing Solutions, LLC",team-ies.com,,no,28.37,D,1,"Jacksonville, FL",US PL High Springs Factory,company_fuzzy:medium
Linic Freight 3PL Logistics & Warehouse | Charlotte,,,no,28.34,C,1,"Matthews, NC",US PL McBee Factory,
Plant-42 Contract Bottling and Manufacturing,,,no,28.34,D,1,"Palmetto, FL",US PL Zephyrhills Factory,
Seviroli,,,no,28.34,C,1,"Bellmawr, NJ",US PL Allentown NPL Factory,
Montgomery County Food Pantry - Food Distribution Center,,,no,28.31,C,1,"Mt Ida, AR",US PL Hot Springs Factory,
The Event Warehouse Company Too,,,no,28.31,C,1,"Silver Springs, FL",US PL High Springs Factory,
Silver Springs Vintage Warehouse,,,no,28.31,C,1,"Silver Springs, FL",US PL High Springs Factory,
Hass Manufacturing Co,,,no,28.3,D,1,"Averill Park, NY",US PL Saratoga Spring Factory,
"R H Reny Inc, Distribution Center",,,no,28.29,D,1,"Newcastle, ME",US PL Poland Spring Factory,
Good Food Made Simple,goodfood.pl,,no,28.29,A,1,"Wellesley, MA",US PL Hollis Factory,parent_facility:medium
Amcan Beverages Inc,,,no,28.28,D,1,"American Canyon, CA",US PL Sacramento Factory,
Clearwater Packaging Inc,,,no,28.25,D,1,"Clearwater, FL",US PL Zephyrhills Factory,
Warehouse 151,,,no,28.19,D,1,"Beaver Dam, WI",US PL Madison Factory,
Palmetto Canning Company,,,no,28.15,C,1,"Palmetto, FL",US PL Zephyrhills Factory,
YOW3 - Amazon Fulfilment Centre,amazon.com,8981959027,yes,28.13,A,1,"Barrhaven, ON",US PL Saratoga Spring Factory,package
"Roberts Trucking, Inc",,,no,28.1,C,1,"Williston, FL",US PL High Springs Factory,
Tracy Cold Storage,,,no,28.09,C,1,"Tracy, CA",US PL Sacramento Factory,
"Best Logistics Group, Charlotte",,,no,28.09,D,1,"Charlotte, NC",US PL McBee Factory,
Reets Bayside Marina Inc.,,,no,28.04,D,1,"Mayfield, NY",US PL Saratoga Spring Factory,
"MPH Logistics, LLC",,,no,28.04,D,1,"Fremont, MI",US PL Mecosta Factory,
Busy Bee,,,no,28.02,C,1,"Live Oak, FL",US PL High Springs Factory,
Woodman's Warehouse,woodmans-food.com,,no,27.99,D,1,"Beloit, WI",US PL Madison Factory,curated:
NRD ENT 24/7 CROSSDOCK & WAREHOUSE,,,no,27.97,C,1,"Bellmawr, NJ",US PL Allentown NPL Factory,
FARM Food Processing Accelerator,,,no,27.97,D,1,"Muskegon, MI",US PL Mecosta Factory,
La Fama Foods Inc,,,no,27.95,C,1,"Ore City, TX",US PL Hawkins Factory,
Global Principles Logistics,,,no,27.91,D,1,"Charlotte, NC",US PL McBee Factory,
Riverview Products Inc.,,,no,27.9,D,1,"Rockford, MI",US PL Mecosta Factory,
Sheridan Schools Warehouse and Support Services,,,no,27.89,C,1,"Sheridan, AR",US DC Hot Springs (WHSE),
H&H Products Company Headquarters,,,no,27.85,C,1,"Maitland, FL",US PL Zephyrhills Factory,
DieSand Manufacturing,,,no,27.84,D,1,"Rockford, MI",US PL Mecosta Factory,
Rig Runner's Inc.,,,no,27.8,D,1,"Kilgore, TX",US PL Hawkins Factory,
"Spectrum Custom Molds & Manufacturing, Inc.",,,no,27.78,D,1,"Palmetto, FL",US PL Zephyrhills Factory,
Arkansas Warehouse Inc,,,no,27.78,C,1,"Fort Smith, AR",US PL Hot Springs Factory,
The Storage Place LLC,,,no,27.77,D,1,"Branford, FL",US PL High Springs Factory,
Thick & Thin Warehouse,,,no,27.71,C,1,"Fort Worth, TX",US PL Dallas 2 Factory,
"Atlantic Logistics LLC Keystone Heights, FL",,,no,27.71,D,1,"Keystone Heights, FL",US PL High Springs Factory,
RJ Hanlon Manufacturing Plant and Customer Service,,,no,27.64,D,1,"Westfield, IN",US PL Greenwood Indiana,
Beaver Dam Cold Storage North,,,no,27.64,C,1,"Beaver Dam, WI",US PL Madison Factory,
Florida's Natural Growers,,,no,27.63,C,1,"Lake Wales, FL",US PL Zephyrhills Factory,
The Underground Vault Used Furniture Warehouse,,,no,27.62,C,1,"Hooksett, NH",US PL Hollis Factory,
Sopakco Processing - Main Plant & Employee HR,,,no,27.59,C,1,"Bennettsville, SC",US PL McBee Factory,
Mad Will's Food Company,,,no,27.59,C,1,"Auburn, CA",US PL Sacramento Factory,
Skjodt-Barrett Contract Manufacturing,skjodt-barrett.com,,no,27.57,D,1,"Lebanon, IN",US PL Greenwood Indiana,parent_facility:medium
Phoenix Industries,,,no,27.55,D,1,"Winter Haven, FL",US PL Zephyrhills Factory,
SJ LOGISTICS NEW WAREHOUSE,,,no,27.55,C,1,"Lee, NH",US PL Hollis Factory,
"RV Cold Storage, LLC.",wccoldstorage.com,,no,27.53,C,1,"Arena, WI",US PL Madison Factory,company_fuzzy:medium
Warnke Warehouse,,,no,27.52,C,1,"Fort Smith, AR",US PL Hot Springs Factory,
IEM JAX 1 Plant,,,no,27.51,D,1,"Jacksonville, FL",US PL High Springs Factory,
Texas Quality Logistics LLC,,,no,27.42,C,1,"Kaufman, TX",US PL Dallas 2 Factory,
CORE X PREMIER,,,no,27.39,D,1,"Burleson, TX",US PL Dallas 2 Factory,
Portage Cold Storage,,,no,27.36,C,1,"Portage, WI",US PL Madison Factory,
Beall's Distribution Center,,,no,27.35,D,1,"Jacksonville, TX",US PL Hawkins Factory,
Smurfit Westrock Warwick Folding Carton Plant,westrockcoffee.com,54720622756,yes,27.33,B,1,"Warwick, QC",US PL Kingfield Factory,package
"M&P Manufacturing Usa, Inc.",,,no,27.31,D,1,"Brooksville, FL",US PL Zephyrhills Factory,
DalDen Corporation,,,no,27.3,D,1,"Southlake, TX",US PL Dallas 2 Factory,
East Texas Logistics Inc,,,no,27.3,C,1,"Yantis, TX",US PL Hawkins Factory,
TDA Manufacturing,,,no,27.3,C,1,"Italy, TX",US PL Dallas 2 Factory,
Fort Clark Baptist Church - Food Distribution Center,,,no,27.3,D,1,"Elgin, SC",US PL McBee Factory,
The Christmas Loft Warehouse,,,no,27.26,C,1,"Intervale, NH",US PL Poland Spring Factory,
Chewy Fulfillment Center CLT1,chewy.com,,no,27.26,A,1,"Salisbury, NC",US PL McBee Factory,curated:
"Fox Logistics, Inc.",foxlogistics.com,,no,27.24,D,1,"Lawtey, FL",US PL High Springs Factory,company_exact:high
Blenheim Ginger Ale Bottling Plant,,,no,27.18,D,1,"Blenheim, SC",US PL McBee Factory,
Conant Acres,,,no,27.13,D,1,"Canton, ME",US PL Poland Spring Factory,
Moriroku Technology North America - Anderson Plant,,,no,27.13,D,1,"Anderson, IN",US PL Greenwood Indiana,
Absolute Storage of Conway John Mason,,,no,27.11,D,1,"Conway, AR",US PL Hot Springs Factory,
Riveridge Packing LLC,,,no,27.07,C,1,"Sparta, MI",US PL Mecosta Factory,
Priefert Manufacturing,,,no,27.02,C,1,"Mt Pleasant, TX",US PL Hawkins Factory,
Pittsfield Beef,,,no,27.02,C,1,"Detroit, ME",US PL Kingfield Factory,
Republic Refrigeration,,,no,26.99,D,1,"Monroe, NC",US PL McBee Factory,
Priefert Logistics Transportation,,,no,26.93,C,1,"Mt Pleasant, TX",US PL Hawkins Factory,
Domtar Paper,,,no,26.92,D,1,"Bennettsville, SC",US PL McBee Factory,
Melling Products Corporation,,,no,26.9,D,1,"Farwell, MI",US PL Mecosta Factory,
Peerless Manufacturing Company,,,no,26.86,D,1,"Denton, TX",US PL Dallas 2 Factory,
FREITTY Cross-Dock Chicago O'Hare,,,no,26.86,C,1,"Wood Dale, IL",US PL Madison Factory,
AKIN crossdock,,,no,26.85,C,1,"Bensenville, IL",US PL Madison Factory,
"WaterCo Springs, LLC",,,no,26.84,C,1,"Ringtown, PA",US PL Allentown Factory,
MTX Logistics LLC,,,no,26.8,D,1,"Manchester, NH",US PL Hollis Factory,
Genuine Local,,,no,26.79,C,1,"Laconia, NH",US PL Hollis Factory,
Pontiac Foods Inc,,,no,26.79,D,1,"Elgin, SC",US PL McBee Factory,
O'Connor Distributing,,,no,26.79,D,1,"Little Rock, AR",US PL Hot Springs 2 Factory,
Reber Truck Terminal,,,no,26.78,C,1,"Morrisville, PA",US DC NFI - Breinigsville,
ND Paper Rumford Division,,,no,26.77,D,1,"Rumford, ME",US PL Kingfield Factory,
DPC WAREHOUSING,,,no,26.75,D,1,"Little Rock, AR",US PL Hot Springs 2 Factory,
Jones Logistic Services LLC,,,no,26.75,D,1,"Grand Rapids, MI",US PL Mecosta Factory,
Slush Factory,,,no,26.74,C,1,"Intervale, NH 03845, USA",US PL Poland Spring Factory,
"JCI Jones Chemicals, Inc",,,no,26.72,D,1,"Jacksonville, FL",US PL High Springs Factory,
Oshkosh Cold Storage,oshkoshcorp.com,54771909288,yes,26.72,B,2,"Oshkosh, WI",US PL Madison Factory,package
Cox Logistics,,,no,26.7,C,1,"Lone Star, TX",US PL Hawkins Factory,
Nutrition Warehouse,,,no,26.7,C,1,"Columbia, SC",US PL McBee Factory,
Stellar Energy Manufacturing,,,no,26.69,D,1,"Jacksonville, FL",US PL High Springs Factory,
Cone Storage Solutions,,,no,26.68,D,1,"Eagle Bridge, NY",US PL Saratoga Spring Factory,
FreightCenter,freightcenter.com,,no,26.68,C,1,"Palm Harbor, FL",US PL Zephyrhills Factory,company_exact:high
Conner Bottling Works,,,no,26.65,D,1,"Newfields, NH",US PL Hollis Factory,
Mid America Pet Food,mapf.com,,no,26.65,C,1,"Mt Pleasant, TX",US PL Hawkins Factory,company_exact:high
Relative Foods,,,no,26.64,C,1,"Spring Lake, MI",US PL Mecosta Factory,
Prime Source Foods,,,no,26.62,C,1,"Londonderry, NH",US PL Hollis Factory,
Big Crossdock in Chicago,,,no,26.62,C,1,"Franklin Park, IL",US PL Madison Factory,
The Home Beautiful Warehouse,,,no,26.61,C,1,"Laconia, NH",US PL Hollis Factory,
Machining Innovations Inc.,,,no,26.59,D,1,"Oakland, ME",US PL Kingfield Factory,
Grand Central Station Truck and Auto Plaza,,,no,26.56,C,1,"Blackstock, SC",US PL McBee Factory,
Grand Central I-77,,,no,26.56,C,1,"Winnsboro, SC",US PL McBee Factory,
AAM Metal Forming | Columbus Manufacturing Facility,,,no,26.55,D,1,"Columbus, IN",US PL Greenwood Indiana,
US Courier & Logistics,,,no,26.51,C,1,"Henderson, TX",US PL Hawkins Factory,
"Diamond Pet Food-Rushville, IN",,,no,26.51,D,1,"Rushville, IN",US PL Greenwood Indiana,
ProKnee Corp. Manufacturing Facility,,,no,26.5,D,1,"Whitefield, ME",US PL Poland Spring Factory,
Ridgeview Industries Inc,,,no,26.48,D,1,"Walker, MI",US PL Mecosta Factory,
Cloverleaf Cold Storage,,,no,26.47,C,3,"Sumter, SC",US PL McBee Factory,
TP Food Group North America,,,no,26.47,D,1,"Bala Cynwyd, PA",US PL Allentown NPL Factory,
Hodge Distribution & Logistics,,,no,26.43,C,1,"Sumter, SC",US PL McBee Factory,
Old Brick Furniture NH Warehouse Distribution Center,,,no,26.43,C,1,"Laconia, NH",US PL Hollis Factory,
"AMID Logistics, LLC",,,no,26.43,D,1,"Philadelphia, PA",US PL Allentown NPL Factory,
Indian River Transport,indianrivertransport.com,,no,26.4,D,1,"Bensalem, PA",US PL Allentown NPL Factory,company_exact:high
Insight Logistic Management,4linc.com,,no,26.4,D,1,"Conway, AR",US PL Hot Springs Factory,parent_facility:medium
Londonderry Freezer Warehouse,,,no,26.39,C,1,"Londonderry, NH",US PL Hollis Factory,
Viper Logistics Inc.,,,no,26.39,C,1,"Goffstown, NH",US PL Hollis Factory,
Rare Woods USA LLC,,,no,26.35,D,1,"Mexico, ME",US PL Kingfield Factory,
Pegas Logistics LLC,,,no,26.29,D,1,"McKinney, TX",US PL Dallas 2 Factory,
Glen Warehouse,,,no,26.29,C,1,"Glen, NH",US PL Poland Spring Factory,
Jordan Manufacturing Company,,,no,26.25,D,1,"Belding, MI",US PL Mecosta Factory,
Atkins Prepared Foods LLC,,,no,26.25,C,1,"Atkins, AR",US PL Hot Springs Factory,
Tioga Marine Terminal,,,no,26.25,D,1,"Philadelphia, PA",US PL Allentown NPL Factory,
morgan composting marion warehouse,,,no,26.24,C,1,"Marion, MI",US PL Mecosta Factory,
Depot 62 Warehouse,,,no,26.24,C,1,"Manchester, VT",US PL Saratoga Spring Factory,
M & M Logistics Inc,mmlogi.com,,no,26.21,C,1,"Atkins, AR",US PL Hot Springs Factory,company_exact:high
Highland Plastics Inc,,,no,26.2,D,1,"Shepherd, MI",US PL Mecosta Factory,
The Ware House,,,no,26.18,D,1,"Monroe, WI",US PL Madison Factory,
Union Pacific Railroad - North Little Rock Terminal,up.com,,no,26.18,D,1,"North Little Rock, AR",US PL Hot Springs 2 Factory,parent_facility:medium
Lynch M Logistics,,,no,26.16,C,1,"Atkins, AR",US PL Hot Springs Factory,
Central Cold,,,no,26.14,D,1,"Conway, AR",US PL Hot Springs Factory,
Shaws Supermarket Distribution Center,,,no,26.13,C,1,"Methuen, MA",US PL Hollis Factory,
Lifetime Storage,,,no,26.12,D,1,"West Gardiner, ME",US PL Poland Spring Factory,
Classic Transportation & Warehousing,,,no,26.1,D,2,"Walker, MI",US PL Mecosta Factory,
"Demanko HLC Logistics, Inc.",demanko.com,,no,26.1,D,1,"Londonderry, NH",US PL Hollis Factory,company_exact:high
20th MDG Warehouse,,,no,26.08,C,1,"Sumter, SC",US PL McBee Factory,
Mega Food International Inc.,,,no,26.08,C,1,"Ivyland, PA",US DC NFI - Breinigsville,
Roland Crisis Closet - Food Distribution Center,rolandfood.com,,no,26.02,C,1,"Roland, AR",US PL Hot Springs Factory,parent_facility:medium
Illinois Central Freight Station,,,no,26.02,D,2,"Bloomington, IN",US PL Greenwood Indiana,
UPS Northeast Logistics Center,,,no,26.01,C,1,"Londonderry, NH",US PL Hollis Factory,
Herring Brothers Meats Retail Store,,,no,25.99,C,1,"Guilford, ME",US PL Kingfield Factory,
M Diversified Logistics LLC,,,no,25.97,C,1,"Como, TX",US PL Hawkins Factory,
Create-A-Pack Foods Inc,,,no,25.97,C,1,"Ixonia, WI",US PL Madison Factory,
GrowthSpoke,,,no,25.96,D,1,"Grand Rapids, MI",US PL Mecosta Factory,
Cedar’s Mediterranean Foods,,,no,25.94,C,1,"Ward Hill, MA",US PL Hollis Factory,
Twig’s Home And Lighting Warehouse,,,no,25.92,C,1,"Emory, TX",US PL Hawkins Factory,
"Country Clear, Inc.",,,no,25.92,C,1,"Gaston, SC",US PL McBee Factory,
Cedars Warehouse,,,no,25.89,C,1,"Haverhill, MA",US PL Hollis Factory,
Regco Corporation,,,no,25.89,C,1,"Haverhill, MA",US PL Hollis Factory,
AAM Powertrain | Fort Smith Manufacturing Facility,,,no,25.87,D,1,"Fort Smith, AR",US PL Hot Springs Factory,
SQM Warehouse,,,no,25.86,C,1,"Kingsley Lake, FL",US PL High Springs Factory,
FSG warehouse,,,no,25.86,C,1,"Starke, FL",US PL High Springs Factory,
Primestar cross dock service and storage,,,no,25.85,D,1,"Cinnaminson, NJ",US PL Allentown NPL Factory,
Peckham Watertown Warehouse Building B,,,no,25.85,C,1,"Lansing, MI",US PL Mecosta Factory,
Rheem Air Headquarters and Manufacturing Facility,,,no,25.85,D,1,"Fort Smith, AR",US PL Hot Springs Factory,
Ruud Manufacturing Co,,,no,25.85,D,1,"Fort Smith, AR",US PL Hot Springs Factory,
Peckham Watertown Warehouse Building A,,,no,25.83,C,1,"Lansing, MI",US PL Mecosta Factory,
Atlantic Logistics LLC,shipatlantic.com,,no,25.83,D,1,"Jacksonville, FL",US PL High Springs Factory,company_exact:high
HMS Mfg. Co.,,,no,25.81,D,1,"Little Rock, AR",US PL Hot Springs 2 Factory,
"Hytrol Conveyor Company, Inc. - Fort Smith Production Facility",,,no,25.76,D,1,"Fort Smith, AR",US PL Hot Springs Factory,
Ameripack Foods LLC,,,no,25.69,C,1,"Hughes Springs, TX",US PL Hawkins Factory,
Commercial Freight Services,fsf.com.fj,,no,25.69,C,1,"Romulus, MI",US PL Mecosta Factory,parent_facility:medium
"S&F Foods, Inc.",,,no,25.68,C,1,"Romulus, MI",US PL Mecosta Factory,
Metro City Crossdock,,,no,25.68,C,1,"Romulus, MI",US PL Mecosta Factory,
Great Lakes Crossdock- Metro Detroit,,,no,25.65,C,1,"Romulus, MI",US PL Mecosta Factory,
"Spectrum Industries, Inc.",,,no,25.63,D,1,"Grand Rapids, MI",US PL Mecosta Factory,
Hickory Springs Manufacturing Co,,,no,25.63,D,2,"Fort Smith, AR",US PL Hot Springs Factory,
DeVivo Parts Distribution Center,,,no,25.6,C,1,"Epping, NH",US PL Hollis Factory,
Greatway Crossdock warehouse,,,no,25.6,C,1,"Taylor, MI",US PL Mecosta Factory,
Hardwood Products Co,,,no,25.55,D,1,"Guilford, ME",US PL Kingfield Factory,
Roundy's Supermarkets Distribution Warehouse,,,no,25.52,C,1,"Oconomowoc, WI",US PL Madison Factory,
Kennebec Storage,,,no,25.51,D,2,"Augusta, ME",US PL Poland Spring Factory,
Antique Warehouse Inc,,,no,25.49,C,1,"Saginaw, MI",US PL Mecosta Factory,
NS Thoroughbred Bulk Transfer Terminal,,,no,25.46,D,2,"Grand Rapids, MI",US PL Mecosta Factory,
Maine Industrial P & R Corp,,,no,25.45,D,1,"Newcastle, ME",US PL Poland Spring Factory,
The WareHouse St. Pete,,,no,25.44,D,1,"St. Petersburg, FL",US PL Zephyrhills Factory,
MTW Industries,,,no,25.36,D,1,"Clare, MI",US PL Mecosta Factory,
"DMX Logistics, LLC.",dmxlogistics.net,,no,25.35,D,1,"Exeter, NH",US PL Hollis Factory,company_exact:high
"Chewy Fulfillment Center, RNO1",chewy.com,,no,25.35,A,1,"Reno, NV",US PL Sacramento Factory,curated:
SSA Logistic Services Inc,,,no,25.32,D,1,"Little Rock, AR",US PL Hot Springs 2 Factory,
Trans-Overseas Corporation,trans-overseas.com,,no,25.32,D,1,"Grand Rapids, MI",US PL Mecosta Factory,company_exact:high
Tavo Packaging,,,no,25.28,D,1,"Fairless Hills, PA",US DC NFI - Breinigsville,
Woodstock Farms Manufacturing,,,no,25.22,C,1,"Edison, NJ",US DC NFI - Breinigsville,
Scale House Green Bay Packing,,,no,25.18,D,1,"Perry, AR",US PL Hot Springs Factory,
Florida Gulf Packaging Inc.,,,no,25.18,D,1,"Palmetto, FL",US PL Zephyrhills Factory,
Michigan Natural Storage,,,no,25.18,D,3,"Grand Rapids, MI",US PL Mecosta Factory,
Thoroughbred Fulfillment LLC,,,no,25.18,D,1,"Zeeland, MI",US PL Mecosta Factory,
Qmc Logistics Llc,,,no,25.09,C,1,"Olanta, SC",US PL McBee Factory,
International Cargo Terminals,intlcargoterminals.com,,no,25.08,D,2,"Long Beach, CA",US PL Ontario Factory,company_exact:high
HWRT Terminal,,,no,25.08,D,1,"North Little Rock, AR",US PL Hot Springs 2 Factory,
Orion Manufacturing LLC,,,no,25.07,D,1,"Ionia, MI",US PL Mecosta Factory,
PAM Transport Inc. North Little Rock Terminal,pamtransport.com,,no,25.05,D,1,"North Little Rock, AR",US PL Hot Springs 2 Factory,parent_facility:medium
Cupery & De Young Friesland Warehouse,,,no,25.04,C,1,"Friesland, WI",US PL Madison Factory,
Correction Warehouse,,,no,25.03,D,1,"Little Rock, AR",US PL Hot Springs 2 Factory,
Dayton Freight-Saginaw,daytonfreight.com,,no,25.01,C,1,"Saginaw, MI",US PL Mecosta Factory,curated:
F&B Distributors,,,no,25.01,C,1,"Methuen, MA",US PL Hollis Factory,
Market Basket Distribution Center,,,no,25.01,C,1,"Andover, MA",US PL Hollis Factory,
American Food Tech Group,,,no,24.99,C,1,"Glendale, CA",US PL Ontario Factory,
Sac Manufacturing Inc,,,no,24.96,D,1,"Longview, TX",US PL Hawkins Factory,
Inontime,,,no,24.88,D,1,"Kentwood, MI",US PL Mecosta Factory,
The Spice Factory USA,,,no,24.86,C,1,"Jacksonville, FL",US PL High Springs Factory,
Phoenix Manufacturing,,,no,24.84,D,1,"Lucas, TX",US PL Dallas 2 Factory,
Feather River Cold Storage,,,no,24.84,C,1,"Olivehurst, CA",US PL Sacramento Factory,
Ascent Global Logistics,ascentlogistics.com,54771920762,yes,24.83,D,2,"Hampton, NH",US PL Hollis Factory,package
Packaging Corporation of America Pearl Full-Line Plant,,,no,24.83,B,1,"Pearl, MS",US DC Hot Springs (WHSE),
"The Downtown Warehouse, Concord, NC",,,no,24.8,D,1,"Concord, NC",US PL McBee Factory,
Westminster Teak Furniture - Distribution Center,,,no,24.79,C,1,"Live Oak, FL",US PL High Springs Factory,
Food Forge,,,no,24.79,D,1,"Whitefield, ME",US PL Poland Spring Factory,
HTS Trucking Logistics Freight Management,freightman.com,,no,24.78,C,1,"Jacksonville, FL",US PL High Springs Factory,parent_facility:medium
Ashley Distribution Center,drive4ashleydistribution.com,54707346447,yes,24.78,C,1,"Jacksonville, FL",US PL High Springs Factory,package
Pickett Trucking & Logistics,,,no,24.78,D,1,"Jacksonville, FL",US PL High Springs Factory,
Cool Tech Cold Storage & Refrigeration Solutions,,,no,24.75,C,1,"Conroe, TX",US PL S Houston Factory,
Go Logistics USA,gologistics.net,,no,24.72,D,1,"Jacksonville, FL",US PL High Springs Factory,company_exact:high
Treehouse Foods,treehousefoods.com,45147406001,yes,24.71,C,2,"Lancaster, PA",US PL Allentown NPL Factory,package
Shaw Industries - Irmo Plant,shawinc.com,54772695819,yes,24.7,D,1,"Columbia, SC",US PL McBee Factory,package
Rubix Foods,rubixfoods.com,,no,24.68,C,1,"Jacksonville, FL",US PL High Springs Factory,company_exact:high
Cross Dock with Optima,,,no,24.65,C,1,"Elmhurst, IL",US PL Madison Factory,
Ivan Smith Furniture - Distribution Center,,,no,24.64,C,1,"Emory, TX",US PL Hawkins Factory,
Freight Right Global Logistics,globalfreightnet.org,,no,24.64,D,1,"La Crescenta-Montrose, CA",US PL Ontario Factory,parent_facility:medium
Quick in and out services,,,no,24.64,C,1,"Elmhurst, IL",US PL Madison Factory,
"Ambix Manufacturing, Inc.",,,no,24.62,D,1,"Albany, NH",US PL Hollis Factory,
"Elite Logistix, LLC",,,no,24.62,D,1,"Rock Hill, SC",US PL McBee Factory,
Harrell Industries,,,no,24.62,D,1,"Rock Hill, SC",US PL McBee Factory,
Stronghaven Containers Co,,,no,24.59,D,1,"Matthews, NC",US PL McBee Factory,
Gourmet Specialty Foods,,,no,24.55,C,1,"North Andover, MA",US PL Hollis Factory,
Prime Beverage Group,,,no,24.48,C,1,"Concord, NC",US PL McBee Factory,
Classic Graphics Fulfillment Center,,,no,24.46,C,1,"Concord, NC",US PL McBee Factory,
Active Manufacturing Co,,,no,24.44,D,1,"Spring Lake, MI",US PL Mecosta Factory,
Matcor Automotive (Michigan) Inc.,,,no,24.43,D,1,"Ionia, MI",US PL Mecosta Factory,
"Davis Express, Inc",,,no,24.41,D,1,"Starke, FL",US PL High Springs Factory,
Forest Tower Food Mart,,,no,24.4,C,1,"Hensley, AR",US DC Hot Springs (WHSE),
Packaging Personified,,,no,24.34,D,1,"Sparta, MI",US PL Mecosta Factory,
World Wine Bottles & Packaging,,,no,24.34,D,1,"American Canyon, CA",US PL Sacramento Factory,
CROSS-DOCKING SWEN WAREHOUSE Inc,,,no,24.33,C,1,"Fairless Hills, PA",US DC NFI - Breinigsville,
MeloVRK Cross-Docking,,,no,24.33,C,1,"Fairless Hills, PA",US DC NFI - Breinigsville,
All American Cold Storage,allamlogistics.com,,no,24.25,C,1,"Greeley, CO",US PL Denver Factory,parent_facility:medium
SPX FLOW,spxflow.com,54771853587,yes,24.24,D,1,"Ocala, FL",US PL High Springs Factory,package
Casa Foods,,,no,24.16,C,1,"Middleton, MA",US PL Hollis Factory,
Earthy Krunchy,,,no,24.14,C,1,"Middleton, MA",US PL Hollis Factory,
Ithaca Manufacturing Corp,,,no,24.13,D,1,"Ithaca, MI",US PL Mecosta Factory,
St. Pete Paper & Packaging,,,no,24.09,D,1,"Palmetto, FL",US PL Zephyrhills Factory,
Prestige Storage - Jenison,,,no,24.09,D,11,"Muskegon, MI",US PL Mecosta Factory,
Ada Logistics Corporation,adalogistics.org,,no,24.07,D,1,"Ada, MI",US PL Mecosta Factory,company_exact:high
McClancy Foods & Flavors,,,no,24.07,C,1,"Fort Mill, SC",US PL McBee Factory,
W-Industries,,,no,24.06,D,1,"Spring, TX",US PL S Houston Factory,
"Premier Choice Logistics, Inc.",,,no,24.03,D,1,"Marshall, TX",US PL Hawkins Factory,
Emergent Manufacturing Systems,,,no,24.02,D,1,"Frankston, TX",US PL Hawkins Factory,
Goddess Food Factory,,,no,24.02,C,1,"Jacksonville, FL",US PL High Springs Factory,
Big Beverages Contract Manufacturing LLC,,,no,23.99,D,1,"Huntersville, NC",US PL McBee Factory,
Gourmet Blending,,,no,23.94,C,1,"Jacksonville, FL",US PL High Springs Factory,
American Standard Manufacturing,americanstandard-us.com,,no,23.92,D,1,"Central Bridge, NY",US PL Saratoga Spring Factory,company_fuzzy:medium
Peterson Chemical Technology,,,no,23.92,D,1,"Fort Smith, AR",US PL Hot Springs Factory,
A Plus Warehouse,,,no,23.89,D,1,"Beverly, MA",US PL Hollis Factory,
Safetime Crossdock,,,no,23.87,C,1,"Hayward, CA",US PL Sacramento Factory,
PalletOne Inc,palletone.com,54773431181,yes,23.85,D,1,"Livermore Falls, ME",US PL Poland Spring Factory,package
CMC Logistics,,,no,23.81,D,1,"Jacksonville, FL 32234, USA",US PL High Springs Factory,
Demoulas Super Markets Warehouse,shopmarketbasket.com,54762482067,yes,23.79,C,1,"Tewksbury, MA",US PL Hollis Factory,package
"Toy Locker, LLC",,,no,23.78,D,1,"Ossipee, NH",US PL Hollis Factory,
"Precise Manufacturing, Inc.",,,no,23.76,D,1,"Casnovia, MI",US PL Mecosta Factory,
Roses Brands Manufacturing,,,no,23.74,C,1,"Canajoharie, NY",US PL Saratoga Spring Factory,
Double Circle C Logistics LLC,,,no,23.7,D,1,"Sanford, MI",US PL Mecosta Factory,
Rakuten Super Logistics Fulfillment Center,rakuten.com,,no,23.7,C,1,"Ashley, PA",US PL Allentown Factory,contact_email_modal:high
PGI Foods,,,no,23.65,C,1,"Lowell, MA",US PL Hollis Factory,
Thrive Market Fulfillment Center,thrivemarket.com,,no,23.56,C,2,"Ashley, PA",US PL Allentown Factory,company_core:high
Cadillac Cold Storage,cadillac.com,54773432602,yes,23.56,C,1,"Cadillac, MI",US PL Mecosta Factory,package
Warehouse 208,,,no,23.56,D,1,"Marshall, TX",US PL Hawkins Factory,
Superior Cold Storage,,,no,23.53,C,1,"Elizabeth, NJ",US DC NFI - Breinigsville,
Nortera Foods Lebanon Facility,,,no,23.52,C,1,"Lebanon, PA",US PL Allentown NPL Factory,
Hahn Packaging Inc,,,no,23.51,D,1,"Fort Smith, AR",US PL Hot Springs Factory,
RTS Packaging,rtspackaging.com,54773548102,yes,23.47,D,1,"Frenchtown, NJ",US DC NFI - Breinigsville,package
Fred's Foods Inc.,,,no,23.47,C,1,"Fairfield, CA",US PL Sacramento Factory,
J&H Auto & Truck Repair AKA Best-Quick Stop,,,no,23.47,C,1,"Peabody, MA",US PL Hollis Factory,
Velocity Manufacturing Inc,,,no,23.4,D,1,"Exeter, NH",US PL Hollis Factory,
Cold River Marine,,,no,23.37,D,1,"Center Ossipee, NH",US PL Hollis Factory,
High Liner Foods Distribution Center,highlinerfoods.com,54771935775,yes,23.35,C,1,"Peabody, MA",US PL Hollis Factory,package
We Pack Logistics,,,no,23.34,C,3,"Rockingham, NC",US PL McBee Factory,
North Country Cold Storage,,,no,23.32,C,1,"Berlin, NH",US PL Poland Spring Factory,
Liberty Crossdock,,,no,23.31,C,1,"Elizabeth, NJ",US DC NFI - Breinigsville,
Stone Plastics & Manufacturing,,,no,23.3,D,1,"Zeeland, MI",US PL Mecosta Factory,
PTI Logistics,ptilog.net,,no,23.25,D,1,"Ravenna, MI",US PL Mecosta Factory,company_exact:high
KEEP CALM TRANSPORT & LOGISTICS LLC,,,no,23.25,D,1,"Orange Park, FL",US PL High Springs Factory,
Gulf States Cold Storage,,,no,23.2,C,1,"Shreveport, LA",US PL Hawkins Factory,
Calumet Packaging – Distribution Center,,,no,23.2,D,1,"Shreveport, LA",US PL Hawkins Factory,
Sherman's Distribution Center,,,no,23.16,C,1,"Nobleboro, ME",US PL Poland Spring Factory,
TA Express,,,no,23.16,C,1,"Blackwell, AR",US PL Hot Springs Factory,
Tropicana.,tropicana.com,54419041966,yes,23.14,D,1,"Bradenton, FL",US PL Zephyrhills Factory,package
Grand Rapids Transport,,,no,23.12,D,1,"Jenison, MI",US PL Mecosta Factory,
3-PXL Cross Dock • 3PL Warehouse • FBA Prep • Cold & Dry Storage,,,no,23.08,D,1,"Trenton, NJ",US DC NFI - Breinigsville,
Navarro Pecan Co Inc,,,no,23.08,C,1,"Corsicana, TX",US PL Dallas 2 Factory,
MWC (Delivery and Pickup),,,no,23.08,C,2,"St Johns, MI",US PL Mecosta Factory,
Taylor Company,taylor.com,55554510183,yes,23.07,C,1,"Rockton, IL",US PL Madison Factory,package
Trinity Manufacturing Inc,,,no,23.07,D,1,"Hamlet, NC",US PL McBee Factory,
Eckert Cold Storage Co,,,no,23.05,C,1,"Manteca, CA",US PL Sacramento Factory,
Newport Industrial Fabrication,,,no,23.03,D,1,"Newport, ME",US PL Kingfield Factory,
Timber & Tread Logistics LLC,,,no,22.98,C,1,"Berlin, NH",US PL Poland Spring Factory,
Blair Logistics - Valdosta Terminal,,,no,22.98,C,1,"Valdosta, GA",US PL High Springs Factory,
Jutt & Sons Crossdock,,,no,22.91,D,1,"Hamilton Township, NJ",US DC NFI - Breinigsville,
Kayem Foods Inc.,,,no,22.9,C,1,"Woburn, MA",US PL Hollis Factory,
Matador Passion Yerba Mate Tea Manufacturing Company,,,no,22.89,D,1,"Concord, NC",US PL McBee Factory,
FREITTY Cross-Dock Huntley,,,no,22.89,D,1,"Huntley, IL",US PL Madison Factory,
Altitude Cold Storage,,,no,22.88,C,1,"Greeley, CO",US PL Denver Factory,
Stox Warehouse,,,no,22.88,C,1,"Midland, MI",US PL Mecosta Factory,
Northeast Logistics,,,no,22.88,D,1,"Allenstown, NH",US PL Hollis Factory,
Fulfillment America Inc,usafill.com,,no,22.85,D,1,"Billerica, MA",US PL Hollis Factory,company_exact:high
TasteGood,,,no,22.83,D,1,"Starke, FL",US PL High Springs Factory,
WB Warehouse,,,no,22.82,C,1,"Horicon, WI",US PL Madison Factory,
Outsource Logistics Warehouse,,,no,22.82,C,1,"Valdosta, GA",US PL High Springs Factory,
Dunham Logistics,,,no,22.82,D,1,"Billerica, MA",US PL Hollis Factory,
Warehouse Rentals of Georgia,,,no,22.81,C,1,"Valdosta, GA",US PL High Springs Factory,
DC Norris North America,,,no,22.77,C,1,"Traverse City, MI",US PL Mecosta Factory,
Inland Cross dock & Warehouse,,,no,22.75,C,1,"Orlando, FL",US PL Zephyrhills Factory,
The Anderson-DuBose Company,anderson-dubose.com,,no,22.75,D,1,"Jacksonville, FL",US PL High Springs Factory,company_exact:high
Qual Pac,,,no,22.75,D,1,"Charlotte, NC",US PL McBee Factory,
True Value Distribution Center,truevaluecompany.com,55554512511,yes,22.72,C,2,"Corsicana, TX",US PL Dallas 2 Factory,package
Averitt Express,averittexpress.com,54762166431,yes,22.72,D,1,"Charlotte, NC",US PL McBee Factory,package
North Arrow ABA- Cedar Springs,,,no,22.7,D,1,"Cedar Springs, MI",US PL Mecosta Factory,
UPS Worldwide Express Freight Center,expressfreightinc.com,,no,22.69,D,1,"Ocoee, FL",US PL Zephyrhills Factory,parent_facility:medium
Envision Cold Storage,,,no,22.6,C,2,"Traverse City, MI",US PL Mecosta Factory,
"Chambers Warehousing & Storage, Inc.",,,no,22.59,D,1,"Charlotte, NC",US PL McBee Factory,
Rexnord Industries LLC,,,no,22.57,D,1,"Arrowsic, ME",US PL Poland Spring Factory,
ITC Michigan St. Johns Warehouse,,,no,22.56,C,1,"St Johns, MI",US PL Mecosta Factory,
Founders Club Shipping Fulfillment Center,,,no,22.52,C,1,"Monument, CO",US PL Denver Factory,
Acme Southern Inc.,,,no,22.49,D,1,"Charlotte, NC",US PL McBee Factory,
Power eCommerce Solutions - FBA Prep & 3PL Warehouse - Cold Storage,,,no,22.48,D,1,"Elgin, IL",US PL Madison Factory,
CORE X HUTT,,,no,22.47,D,1,"Hudsonville, MI",US PL Mecosta Factory,
Fulfillment and Shipping - B&H Photo - Warehouse and Shipping Center,,,no,22.46,C,1,"Florence, NJ",US DC NFI - Breinigsville,
HAMMERLEDS® - US Fulfillment Center,,,no,22.46,C,1,"Traverse City, MI",US PL Mecosta Factory,
eFulfillment Service,,,no,22.45,C,1,"Traverse City, MI",US PL Mecosta Factory,
Celina Ice & Cold Storage Co.,,,no,22.44,C,1,"Celina, TX 75009, USA",US PL Dallas 2 Factory,
"Celgard, LLC - Concord Manufacturing Facility",,,no,22.44,D,1,"Concord, NC",US PL McBee Factory,
GAF Warehouse,,,no,22.43,C,1,"Chester, SC",US PL McBee Factory,
Waco Bottling - Otis,,,no,22.42,D,1,"Woodway, TX",US PL Dallas 2 Factory,
Podmore Manufacturing Inc.,,,no,22.4,D,1,"Pittsfield, NH",US PL Hollis Factory,
Grand Traverse Sauce Company,,,no,22.39,C,1,"Traverse City, MI",US PL Mecosta Factory,
Willow Cold Storage,,,no,22.31,C,1,"Walkerville, MI",US PL Mecosta Factory,
Polaris Connectors,,,no,22.29,D,1,"Odessa, FL",US PL Zephyrhills Factory,
Stingray Manufacturing Llc,,,no,22.29,D,1,"Brentwood, NH",US PL Hollis Factory,
S&L Cold Storage,wccoldstorage.com,,no,22.28,C,1,"Mickleton, NJ",US PL Allentown NPL Factory,company_fuzzy:medium
FAYAT Distribution Center,,,no,22.27,C,1,"Ridgeway, SC",US PL McBee Factory,
Poulin Cultivation & Processing,,,no,22.27,C,1,"Jefferson, ME",US PL Poland Spring Factory,
Arbre Farms,,,no,22.27,C,1,"Walkerville, MI",US PL Mecosta Factory,
"Pax Industries, Inc.",,,no,22.27,D,1,"Charlotte, NC",US PL McBee Factory,
Store Supply Warehouse,,,no,22.27,C,1,"Shreveport, LA",US PL Hawkins Factory,
APM Maersk,,,no,22.25,D,1,"San Pedro, CA",US PL Ontario Factory,
TMC Transportation,tmctrans.com,,no,22.25,D,1,"Gaston, SC",US PL McBee Factory,company_exact:high
The Leavitt Corporation,,,no,22.25,C,1,"Everett, MA",US PL Hollis Factory,
"A.S.K. Foods, Inc.",,,no,22.24,C,1,"Palmyra, PA",US PL Allentown NPL Factory,
Gruenewald Manufacturing Co,,,no,22.23,D,1,"Danvers, MA",US PL Hollis Factory,
GMCCA Michigan Cross-Dock,,,no,22.21,C,1,"Flint, MI",US PL Mecosta Factory,
Eagle Air Freight and Eagle Life Science,airfreight.com,,no,22.21,C,1,"Chelsea, MA",US PL Hollis Factory,parent_facility:medium
Milk and Honey Farms Meat Processing,,,no,22.19,C,1,"Maxville, FL",US PL High Springs Factory,
Carolina Beverage Group LLC,carolinabeveragegroup.com,,no,22.19,C,3,"Mooresville, NC",US PL McBee Factory,company_exact:high
Sam's Ecommerce Fulfillment Center 6298,,,no,22.18,D,1,"Swedesboro, NJ",US PL Allentown NPL Factory,
NUVU FUELS Ionia,,,no,22.16,C,1,"Ionia, MI",US PL Mecosta Factory,
OFE FULFILLMENT,,,no,22.15,C,1,"Mooresville, NC",US PL McBee Factory,
Urban Garden Storage,,,no,22.1,D,1,"Charlotte, NC",US PL McBee Factory,
Heated & Cooled Storage,,,no,22.1,D,1,"Charlotte, NC",US PL McBee Factory,
Dreamline Logistics LLC | Car Shipping,,,no,22.1,C,1,"Cambridge, MA",US PL Hollis Factory,
Communications & Distribution Center,,,no,22.08,C,1,"Flint, MI",US PL Mecosta Factory,
Columbia Packing,,,no,22.07,D,1,"Como, TX",US PL Hawkins Factory,
Manfredi Cold Storage of Pedricktown,,,no,22.06,C,1,"Pedricktown, NJ",US PL Allentown NPL Factory,
Cork Industries,,,no,22.06,D,1,"Jacksonville, FL",US PL High Springs Factory,
"Warehouse XI - Boston Event Space,",,,no,22.03,D,1,"Somerville, MA",US PL Hollis Factory,
Domins Horseradish,,,no,22.01,C,1,"Chicopee, MA",US PL Saratoga Spring Factory,
Warehouse Restaurant & Gallery,,,no,22,C,1,"Colorado Springs, CO",US PL Denver Factory,
Central Florida Freezer,,,no,21.99,D,1,"Leesburg, FL",US PL Zephyrhills Factory,
Double R Brand Foods LLC - Lufkin Manufacturing Headquarters,,,no,21.98,C,1,"Lufkin, TX",US PL Hawkins Factory,
Brookshire Brothers Distribution Center Warehouse,brookshirebrothers.com,55554509675,yes,21.94,C,1,"Lufkin, TX",US PL Hawkins Factory,package
G10 Fulfillment HQ,,,no,21.91,D,1,"Delavan, WI",US PL Madison Factory,
Gator Overstock Warehouse,,,no,21.91,C,1,"Greenville, TX",US PL Dallas 2 Factory,
Hans-Mill Corp,,,no,21.89,D,1,"Jacksonville, FL",US PL High Springs Factory,
Fast and Forward Prep Center,,,no,21.87,D,1,"New Port Richey, FL",US PL Zephyrhills Factory,
Menards Iron Ridge Distribution Center,,,no,21.87,C,1,"Iron Ridge, WI",US PL Madison Factory,
GS Logistics and Cross-dock,crossandwells.com,,no,21.81,C,1,"Burton, MI",US PL Mecosta Factory,company_fuzzy:medium
United Cold Storage,,,no,21.79,C,2,"Loveland, CO",US PL Denver Factory,
Nor-Am Cold Storage,nor-am.com,8982350508,yes,21.79,C,1,"Reedsburg, WI",US PL Madison Factory,package
Lufthansa Cargo,lufthansa-cargo.com,,no,21.76,D,1,"Charlotte, NC",US PL McBee Factory,company_exact:high
Rancourt Logistics LLC,,,no,21.75,D,1,"Jackman, ME",US PL Kingfield Factory,
Hawk Manufacturing Inc.,,,no,21.74,D,1,"Fort Mill, SC",US PL McBee Factory,
Southeastern packaging,,,no,21.74,D,1,"Concord, NC",US PL McBee Factory,
K2 Scientific,,,no,21.74,D,1,"Charlotte, NC",US PL McBee Factory,
Evergreen Shipping,evergreen-shipping.de,,no,21.73,D,1,"San Pedro, CA",US PL Ontario Factory,company_exact:high
Feel Better Foods,,,no,21.71,C,1,"Palatka, FL",US PL High Springs Factory,
Recyclers cross dock,,,no,21.69,D,1,"Leesburg, FL",US PL Zephyrhills Factory,
Food Processing Equipment Co,,,no,21.68,D,1,"Kalamazoo, MI",US PL Mecosta Factory,
M L Renfro Packing Plant,,,no,21.64,C,1,"Lufkin, TX",US PL Hawkins Factory,
Collins Manufacturing,,,no,21.6,D,1,"Apopka, FL",US PL Zephyrhills Factory,
American National Logistics,anlinc.com,45002449029,yes,21.56,D,1,"Caddo Mills, TX",US PL Dallas 2 Factory,package
Five Pillars Butchery,,,no,21.56,C,1,"Unity, ME",US PL Kingfield Factory,
Seaonus,seaonus.com,,no,21.51,D,1,"Jacksonville, FL",US PL High Springs Factory,company_exact:high
Bangor Hermon Railyard Storage,,,no,21.49,D,1,"Hermon, ME",US PL Kingfield Factory,
Qantas Freight,,,no,21.48,D,1,"Los Angeles, CA",US PL Ontario Factory,
Emerald Crossdock,,,no,21.46,C,1,"Kalamazoo, MI",US PL Mecosta Factory,
U.S. LUMBER - Jacksonville Distribution Center,uslumber.com,54773484621,yes,21.45,C,1,"Green Cove Springs, FL",US PL High Springs Factory,package
Hawthorne Foods,,,no,21.45,D,1,"Hudson, NY",US PL Saratoga Spring Factory,
Retro Warehouse,,,no,21.42,C,1,"Newbury, MA",US PL Hollis Factory,
The Attic Ocala Warehouse,,,no,21.42,C,1,"Ocala, FL",US PL High Springs Factory,
J Jill Group Distribution Center,jjill.com,54750360186,yes,21.4,D,1,"Tilton, NH",US PL Hollis Factory,package
PRIME Cross Docking Orlando,,,no,21.35,D,1,"Kissimmee, FL",US PL Zephyrhills Factory,
The Warehouse Hudson NY,,,no,21.31,C,1,"Hudson, NY",US PL Saratoga Spring Factory,
The Antique Warehouse Hudson NY,,,no,21.31,C,1,"Hudson, NY",US PL Saratoga Spring Factory,
Ensoil Distribution Center of Florida,,,no,21.29,D,1,"Jasper, FL",US PL High Springs Factory,
NonStop Crossdock,,,no,21.28,C,1,"Somerset, NJ",US DC NFI - Breinigsville,
Boughton Cold Storage,,,no,21.22,C,1,"Prescott, AR",US DC Hot Springs (WHSE),
Port Redwing,,,no,21.19,D,1,"Gibsonton, FL",US PL Zephyrhills Factory,
JMS Express Crossdock and Warehouse,,,no,21.12,C,1,"Hamilton Township, NJ",US DC NFI - Breinigsville,
GK Foods Inc.,,,no,21.09,C,1,"San Marcos, CA",US PL Cabazon Factory,
ANCORP,,,no,21.07,D,1,"Williston, FL",US PL High Springs Factory,
"Pharmacy-Lite Prescription Packaging - Winnsboro, SC Manufacturing Plant and Distribution Center",,,no,20.99,D,1,"Winnsboro, SC",US PL McBee Factory,
NC Ports - Charlotte Inland Port (NCSPA),,,no,20.97,D,1,"Charlotte, NC",US PL McBee Factory,
The Flooring Warehouse,,,no,20.92,C,1,"Candia, NH",US PL Hollis Factory,
Rustic Roots Warehouse,,,no,20.9,C,1,"Rock Hill, SC",US PL McBee Factory,
Franklin Southern,,,no,20.86,D,1,"Jacksonville, FL",US PL High Springs Factory,
MFPA,,,no,20.84,D,1,"Lansing, MI",US PL Mecosta Factory,
Sears Logistics Services,sears.com,54771923612,yes,20.81,D,1,"Kingston, NH",US PL Hollis Factory,package
La Tortilla factory,latortillafactory.com,,no,20.8,C,1,"Vista, CA",US PL Cabazon Factory,company_exact:high
Constantia Blythewood LLC,,,no,20.79,D,1,"Blythewood, SC",US PL McBee Factory,
Allied Truss Texas-Jacksonville Manufacturing Plant,,,no,20.77,D,1,"Jacksonville, TX",US PL Hawkins Factory,
Culinary Specialties,,,no,20.77,C,1,"San Marcos, CA",US PL Cabazon Factory,
Carolina Cross Dock,,,no,20.76,D,1,"Charlotte, NC",US PL McBee Factory,
Trisco Foods,,,no,20.75,C,1,"Colorado Springs, CO",US PL Denver Factory,
M & S Logistics Inc,mslogistics.com,,no,20.7,C,1,"Candia, NH",US PL Hollis Factory,contact_email_modal:high
Boston Freight Terminals LLC,,,no,20.69,C,1,"Stoughton, MA",US PL Hollis Factory,
Red Gold Elwood Facility,,,no,20.67,C,1,"Elwood, IN",US PL Greenwood Indiana,
Artisan Logistics Inc,artisanlogistics.com,,no,20.67,C,1,"Irmo, SC",US PL McBee Factory,company_exact:high
Warehouse Outlet of Texas,,,no,20.63,C,1,"Hillsboro, TX",US PL Dallas 2 Factory,
Beverage & Smoke Warehouse,,,no,20.63,C,1,"West Coxsackie, NY",US PL Saratoga Spring Factory,
Crowley Liner Services - Terminal,crowley.com,55554438402,yes,20.57,D,1,"Jacksonville, FL",US PL High Springs Factory,package
United Global Express Cross Dock & Fulfillment,expressglobal.it,,no,20.56,C,1,"Branchburg, NJ",US DC NFI - Breinigsville,parent_facility:medium
Kreider Foods Inc.,,,no,20.56,C,1,"Lancaster, PA",US PL Allentown NPL Factory,
B & W Cold Storage,wccoldstorage.com,,no,20.54,C,1,"Bradenton, FL",US PL Zephyrhills Factory,company_fuzzy:medium
"CJ TMI Manufacturing America, LLC.",,,no,20.54,C,1,"Robbinsville Twp, NJ",US DC NFI - Breinigsville,
"TOG Manufacturing Co., Inc.",,,no,20.52,D,1,"North Adams, MA",US PL Saratoga Spring Factory,
TNT Fireworks Distribution Warehouse,tntfireworks.com,,no,20.52,C,1,"Ocala, FL",US PL High Springs Factory,company_core:high
"Snyder Packaging, Inc.",,,no,20.5,D,1,"Concord, NC",US PL McBee Factory,
Fresh Creative Foods,,,no,20.49,C,1,"Vista, CA",US PL Cabazon Factory,
"Woody's International Engineering & Manufacturing, Inc.",,,no,20.48,D,1,"Hope, MI",US PL Mecosta Factory,
Pandia Press Fulfillment Center,,,no,20.46,C,1,"Mt Dora, FL",US PL Zephyrhills Factory,
Fulfillment CO,usafill.com,,no,20.44,D,1,"Colorado Springs, CO",US PL Denver Factory,company_exact:high
Greencore USA,greencore.com,,no,20.44,C,1,"Newbury, MA",US PL Hollis Factory,company_exact:high
Ernest's Truck Shop,,,no,20.32,C,1,"Dover, AR",US PL Hot Springs Factory,
MapleSyrupFromCanada,,,no,20.32,C,1,"Frontenac, QC",US PL Kingfield Factory,
TW Garner Food Company,,,no,20.29,C,2,"Winston-Salem, NC",US PL McBee Factory,
Dayton Freight- Detroit,daytonfreight.com,,no,20.25,C,1,"Waterford Township, MI",US PL Mecosta Factory,curated:
Aisin Plant 2,aisindrive.com,54784791329,yes,20.23,D,1,"Seymour, IN",US PL Greenwood Indiana,package
FreeUp Storage Ocala,,,no,20.22,D,1,"Anthony, FL",US PL High Springs Factory,
Lomo Cold Storage,,,no,20.22,C,1,"Live Oak, CA",US PL Sacramento Factory,
symplr : Manufacturing and Fulfillment Center,,,no,20.22,D,1,"Jackson, WI",US PL Madison Factory,
Crossdock Warehouse in Bolingbrook,,,no,20.2,C,1,"Bolingbrook, IL",US PL Madison Factory,
Crossdock Romeoville,,,no,20.18,C,1,"Romeoville, IL",US PL Madison Factory,
USCCA & Delta Defense Fulfillment Center,,,no,20.15,D,1,"Jackson, WI",US PL Madison Factory,
Majestic Terminal Services,,,no,20.14,D,1,"Jacksonville, FL",US PL High Springs Factory,
ARKK Food Company,,,no,20.12,C,1,"Bloomfield Township, MI",US PL Mecosta Factory,
Running Board Warehouse,,,no,20.11,C,1,"Hernando, FL",US PL Zephyrhills Factory,
Chicago Crossdock,,,no,20.11,C,1,"Summit, IL",US PL Madison Factory,
Palestine Cold Storage,,,no,20.1,C,1,"Palestine, TX",US PL Hawkins Factory,
Swift Crossdock,,,no,20.05,C,1,"Bedford Park, IL",US PL Madison Factory,
logistec terminals,,,no,20.03,D,1,"Palmetto, FL",US PL Zephyrhills Factory,
Kraft Packaging Factory,kraftheinzcompany.com,55354356550,yes,20.03,D,1,"Wilmington, DE",US PL Allentown NPL Factory,package
"Transfast Logistics, Inc",tflogistics.com.pk,,no,20.03,D,1,"Grand Ledge, MI",US PL Mecosta Factory,company_exact:high
Cold Storage 2 GO! by Sea Box,thecoldbox.com,,no,19.95,D,1,"Hillsborough Township, NJ",US DC NFI - Breinigsville,parent_facility:medium
Super Pufft Warehouse,,,no,19.94,C,1,"Perry, FL",US PL High Springs Factory,
Holland Terminal,,,no,19.92,D,1,"Holland, MI",US PL Mecosta Factory,
Innovative Machining Solutions,,,no,19.9,D,1,"Vienna, ME",US PL Kingfield Factory,
Hope Agri Products Inc,,,no,19.89,C,1,"Hope, AR",US DC Hot Springs (WHSE),
AJG Packaging,,,no,19.88,D,1,"Flemington, NJ",US DC NFI - Breinigsville,
Sylvamo Eastover Mill,,,no,19.87,D,1,"Eastover, SC",US PL McBee Factory,
Ryan Mobile Bottling,,,no,19.85,C,1,"Napa, CA",US PL Sacramento Factory,
Asset Logistics Inc,,,no,19.85,C,1,"Middleburg, FL",US PL High Springs Factory,
"KC Cross-Dock , Warehouse",,,no,19.84,C,1,"Livonia, MI",US PL Mecosta Factory,
Icon warehouse Laurinburg,,,no,19.82,C,1,"Laurinburg, NC",US PL McBee Factory,
Gattefossé Manufacturing,,,no,19.82,D,1,"Lufkin, TX",US PL Hawkins Factory,
Dow Auburn Manufacturing,,,no,19.79,D,1,"Auburn, MI",US PL Mecosta Factory,
Absolute Manufacturing,,,no,19.79,D,1,"Hooksett, NH",US PL Hollis Factory,
CRRC MA Manufacturing Facility,,,no,19.78,D,1,"Springfield, MA",US PL Saratoga Spring Factory,
Tampico Bottling Company,,,no,19.74,C,1,"Palestine, TX",US PL Hawkins Factory,
"VMS - Fulfillment, Assembly and Warehousing",,,no,19.72,C,1,"West Rutland, VT",US PL Saratoga Spring Factory,
Cascades Moulded Pulp Inc,,,no,19.7,D,1,"Rockingham, NC",US PL McBee Factory,
Trailer Bridge Inc,trailerbridge.com,45146506249,yes,19.7,D,2,"Jacksonville, FL",US PL High Springs Factory,package
"Jose Santiago, Inc.",,,no,19.68,D,1,"Jacksonville, FL",US PL High Springs Factory,
Fulex E-Commerce Fulfillment Warehouse,,,no,19.68,C,1,"Warren, MI",US PL Mecosta Factory,
First Coast Terminals,,,no,19.67,D,1,"Jacksonville, FL",US PL High Springs Factory,
"FlexCold - Jacksonville, FL",,,no,19.67,D,2,"Jacksonville, FL",US PL High Springs Factory,
AAM Metal Forming | North Vernon Manufacturing Facility,,,no,19.63,D,1,"North Vernon, IN",US PL Greenwood Indiana,
FBG Logistics,,,no,19.62,D,1,"Franklin, NH",US PL Hollis Factory,
PM Crossdock Detroit,,,no,19.59,C,1,"Hamtramck, MI",US PL Mecosta Factory,
FREITTY Cross-Dock Detroit,,,no,19.59,C,1,"Hamtramck, MI",US PL Mecosta Factory,
United Airlines Cargo,unitedcargogroup.com,,no,19.56,D,1,"Philadelphia, PA",US PL Allentown NPL Factory,parent_facility:medium
Outward Bound Courier Logistics,,,no,19.56,C,1,"Dalton, MA",US PL Saratoga Spring Factory,
FREZ-n-STOR Greenville,,,no,19.56,C,1,"Greenville, TX",US PL Dallas 2 Factory,
FREITTY Cross-Dock East Brunswick,,,no,19.54,D,1,"East Brunswick, NJ",US DC NFI - Breinigsville,
Cold Storage Construction Inc,constructionpartners.net,54771804424,yes,19.53,D,1,"Montgomery, TX",US PL S Houston Factory,package
Dames Point Marine Terminal,,,no,19.5,D,1,"Jacksonville, FL",US PL High Springs Factory,
Bayshore Truck Center Parts and Service,,,no,19.48,D,1,"New Castle, DE",US PL Allentown NPL Factory,
Truck Commander Logistics,,,no,19.46,D,1,"Cumby, TX",US PL Hawkins Factory,
Cold Storage,wccoldstorage.com,,no,19.43,C,2,"Modesto, CA",US PL Sacramento Factory,company_fuzzy:medium
Eight Mile,,,no,19.4,C,1,"Conway, AR",US PL Hot Springs Factory,
WheelPad Manufacturing Facility,,,no,19.37,D,1,"Wilmington, VT",US PL Saratoga Spring Factory,
Peace River Cold Storage,,,no,19.37,C,1,"Frostproof, FL",US PL Zephyrhills Factory,
All-Lanes Logistics,,,no,19.37,C,1,"Jefferson, TX",US PL Hawkins Factory,
Summit Polymers (Plant One),summitpolymers.com,54773531912,yes,19.32,D,1,"Portage, MI",US PL Mecosta Factory,package
Johnson's Warehouse Showroom-Pine Bluff,,,no,19.28,C,1,"Pine Bluff, AR",US DC Hot Springs (WHSE),
Packer Avenue Marine Terminal Port,,,no,19.25,D,1,"Philadelphia, PA",US PL Allentown NPL Factory,
Garland Food,,,no,19.24,C,1,"Sanford, FL",US PL Zephyrhills Factory,
ADG Logistics Inc,,,no,19.18,D,1,"Charlotte, NC",US PL McBee Factory,
Fox Manufacturing,,,no,19.14,D,1,"Green Cove Springs, FL",US PL High Springs Factory,
Carter Express Inc,carter-express.com,54429169539,yes,19.13,D,1,"Anderson, IN",US PL Greenwood Indiana,package
Michigan Sugar Warehouse,michigansugar.com,54772706050,yes,19.09,C,1,"Bay City, MI",US PL Mecosta Factory,package
Gloucester City Terminal - Holt,,,no,19.05,D,1,"Gloucester City, NJ",US PL Allentown NPL Factory,
"Vermont Foodbank, Regional Distribution Center",,,no,19.03,D,1,"Rutland, VT",US PL Saratoga Spring Factory,
"Bengal Empire Cross Docking, Pick Up/ Delivery and Third Party Logistics",,,no,19.03,D,1,"Muncie, IN",US PL Greenwood Indiana,
Coastal Boatworks Inc & Storage,,,no,19.02,D,1,"Newcastle, ME",US PL Poland Spring Factory,
Coopersville Storage,,,no,19.01,D,1,"Coopersville, MI",US PL Mecosta Factory,
Blenheim Bottling,,,no,19,D,1,"Hamer, SC",US PL McBee Factory,
Forza Manufacturing,,,no,18.96,D,1,"Mabank, TX",US PL Hawkins Factory,
CORE48 Transport,,,no,18.95,D,1,"Coopersville, MI",US PL Mecosta Factory,
Cherokee Warehouse,,,no,18.94,C,1,"Rusk, TX",US PL Hawkins Factory,
Big Big Triple AAA Storage,,,no,18.85,D,1,"Muskegon, MI",US PL Mecosta Factory,
Townley Engineering & Manufacturing Company,,,no,18.85,D,2,"Candler, FL",US PL Zephyrhills Factory,
"Luther Logistic Transportation, LLC",,,no,18.82,D,1,"Coopersville, MI",US PL Mecosta Factory,
Southwind Manufacturing Services,,,no,18.77,D,1,"Ocala, FL",US PL Zephyrhills Factory,
North Atlantic Cold Storage,,,no,18.76,C,1,"Gloucester, MA",US PL Hollis Factory,
Francis Distributing Inc.,,,no,18.74,D,1,"Diamond Springs, CA",US PL Sacramento Factory,
Little Falls Distribution Center,,,no,18.68,C,1,"Little Falls, NY",US PL Saratoga Spring Factory,
Dino's Transports & Logistics,,,no,18.68,D,1,"Greenville, TX",US PL Hawkins Factory,
Modern Advanced Manufacturing Plant #2,,,no,18.64,D,1,"Rockford, IL",US PL Madison Factory,
Northside Food Company,,,no,18.64,C,1,"Ceres, CA",US PL Sacramento Factory,
Schaefer's Cold Storage,,,no,18.57,C,1,"Oakland, CA",US PL Sacramento Factory,
International Process Plants & Equipment Corp. - IPP - Eastover,,,no,18.53,D,1,"Eastover, SC",US PL McBee Factory,
New Indy Container Board,,,no,18.52,D,1,"Catawba, SC",US PL McBee Factory,
Crafty Fulfillment Center,,,no,18.48,C,1,"Oakland, CA",US PL Sacramento Factory,
Prime Power Solutions llc,,,no,18.45,D,1,"Clinton, ME",US PL Kingfield Factory,
Helgesen (Manufacturing Plant #2),,,no,18.42,D,1,"Hartford, WI",US PL Madison Factory,
Cooper-Weymouth Peterson Inc,,,no,18.39,D,1,"Clinton, ME",US PL Kingfield Factory,
KJ Cold Storage,wccoldstorage.com,,no,18.39,C,1,"Muscoda, WI",US PL Madison Factory,company_fuzzy:medium
The Salvation Army - Lansing Distribution Center,,,no,18.39,D,1,"Lansing, MI",US PL Mecosta Factory,
Premier Mushrooms - Main Office & Cold Storage,,,no,18.36,C,1,"Colusa, CA",US PL Sacramento Factory,
Pine Ridge Meat Processing,,,no,18.36,C,1,"Dixmont, ME",US PL Kingfield Factory,
"Wolf Lake Farms, LLC",,,no,18.31,D,1,"Fruitport, MI",US PL Mecosta Factory,
"UWS by Lippert, Plant 143 in Perry, FL",,,no,18.15,D,1,"Perry, FL",US PL High Springs Factory,
American Food Ingredients,,,no,18.14,D,1,"Oceanside, CA",US PL Cabazon Factory,
Oakmont Valley Group,,,no,18.09,C,1,"Dracut, MA",US PL Hollis Factory,
ECO CHESTER,,,no,18.04,D,1,"Fort Lawn, SC",US PL McBee Factory,
"Storage Control Systems, Inc.",,,no,18.04,D,1,"Sparta, MI",US PL Mecosta Factory,
ORBIS Corporation,orbiscorporation.com,54423221062,yes,18.03,D,1,"Greenville, TX",US PL Dallas 2 Factory,package
Strong Manufacturing Co,,,no,18.01,D,1,"White Hall, AR",US DC Hot Springs (WHSE),
New England Biolabs Manufacturing Facility,,,no,18.01,D,1,"Rowley, MA",US PL Hollis Factory,
MUNCIE COLD STORAGE INC,,,no,17.96,C,1,"Muncie, IN 47303, USA",US PL Greenwood Indiana,
CROSSDOCK LTL CANISI,,,no,17.92,D,1,"Fairfield, NJ",US DC NFI - Breinigsville,
Intermetro Industries Manufacturing Facility,,,no,17.88,D,1,"Wilkes-Barre, PA",US PL Allentown Factory,
Northann Corp Headquarters,,,no,17.84,D,1,"Fort Lawn, SC",US PL McBee Factory,
"New Horizon Foods, Inc.",nhl.uk.com,,no,17.84,C,1,"Union City, CA",US PL Sacramento Factory,parent_facility:medium
Motembo Fine Foods LLC,,,no,17.84,C,1,"Okemos, MI",US PL Mecosta Factory,
Conley Container Terminal,,,no,17.84,D,1,"South Boston, MA",US PL Hollis Factory,
Stacked Logistics,,,no,17.83,C,1,"Pine Bluff, AR",US DC Hot Springs (WHSE),
Fulfillment Specialists of Wisconsin,,,no,17.81,D,1,"Sturtevant, WI",US PL Madison Factory,
Hexion Specialty Chemicals,,,no,17.8,D,1,"Hope, AR",US DC Hot Springs (WHSE),
Puritan Medical Products,,,no,17.79,D,2,"Pittsfield, ME",US PL Kingfield Factory,
"Hawk Research Laboratories, LLC - West Bend Manufacturing Plant",,,no,17.78,D,1,"West Bend, WI",US PL Madison Factory,
Truck Net LLC,,,no,17.76,C,1,"San Diego, CA",US PL Cabazon Factory,
Automatic Spring Production Corp. Plant 2,,,no,17.74,D,1,"Grand Haven, MI",US PL Mecosta Factory,
Momentum Manufacturing Group - Georgetown,,,no,17.74,D,1,"Georgetown, MA",US PL Hollis Factory,
Nordstrom East Coast Fulfillment Center,eastcoastwarehouse.com,,no,17.72,C,1,"Elizabethtown, PA",US PL Allentown NPL Factory,parent_facility:medium
CROSSDOCK247amigo,,,no,17.72,D,1,"West Hanover Township, PA",US PL Allentown NPL Factory,
Doskaya Logistics Cross Docking,,,no,17.7,C,1,"Old Forge, PA",US DC NFI - Breinigsville,
Devro Inc work,,,no,17.67,C,1,"Swansea, SC",US PL McBee Factory,
NC Food Innovation Lab,,,no,17.65,D,1,"Kannapolis, NC",US PL McBee Factory,
"HANOVER COLD STORAGE, INC.",,,no,17.62,C,1,"Elizabethtown, PA",US PL Allentown NPL Factory,
Cabane à Sucre Bellavance inc.,,,no,17.57,C,1,"Sainte-Cécile-de-Whitton, QC",US PL Kingfield Factory,
Taco Food Factory -Food Truck,,,no,17.56,C,1,"Kannapolis, NC",US PL McBee Factory,
Johnson's Warehouse Showroom-Fordyce,,,no,17.52,C,1,"Fordyce, AR",US DC Hot Springs (WHSE),
Treasury Wine Estates - Sonoma Bottling Center,tweglobal.com,,no,17.52,D,1,"Sonoma, CA",US PL Sacramento Factory,parent_facility:medium
PaddleSports Warehouse Retail Store,,,no,17.49,C,1,"Scottville, MI",US PL Mecosta Factory,
Partners Fulfillment Center,,,no,17.48,C,1,"Sturtevant, WI",US PL Madison Factory,
"Pioneer Frozen Foods South Carolina, Inc.",pioneerfoods.co.za,,no,17.45,D,1,"Prosperity, SC",US PL McBee Factory,parent_facility:medium
Williamsburg Packing Co,,,no,17.44,C,1,"Kingstree, SC",US PL McBee Factory,
Mullins Food Processing,,,no,17.42,D,1,"Mullins, SC",US PL McBee Factory,
"Duvaltex (Us), Inc.",,,no,17.4,D,1,"Guilford, ME",US PL Kingfield Factory,
FREITTY Cross-Dock Fremont,,,no,17.32,D,1,"Fremont, CA",US PL Sacramento Factory,
MKE1 Fulfillment Center,,,no,17.31,C,1,"Kenosha, WI",US PL Madison Factory,
Bishop Rd Truck Terminal,,,no,17.28,D,1,"Live Oak, CA",US PL Sacramento Factory,
M&O Freezer and Cold Storage,,,no,17.24,C,1,"Vineland, NJ",US PL Allentown NPL Factory,
Ultima Mobile Bottling Inc,,,no,17.22,C,1,"Sonoma, CA",US PL Sacramento Factory,
Four-In-One Inc.,,,no,17.18,C,1,"Chelmsford, MA",US PL Hollis Factory,
Plated Fulfillment Center,,,no,17.17,C,1,"Totowa, NJ",US DC NFI - Breinigsville,
El Almacen The Warehouse,,,no,17.17,C,1,"Searcy, AR",US PL Hot Springs 2 Factory,
Prospect Cold Storage,,,no,17.15,C,1,"Maxton, NC",US PL McBee Factory,
Macy's Bloomingdale's Fulfillment Center,,,no,17.11,C,1,"China Grove, NC",US PL McBee Factory,
"Fish, Boat & Explore: Cross Creek Cabin w/ Dock!",,,no,17.07,D,1,"Florida 32640, USA",US PL High Springs Factory,
Storage Worx Crystal River,,,no,17.07,D,1,"Lecanto, FL",US PL Zephyrhills Factory,
The Whiskey Blendery,,,no,17.01,D,1,"Oak Point, TX",US PL Dallas 2 Factory,
Southern Manufacturing Company,,,no,17.01,D,1,"Sanford, FL",US PL Zephyrhills Factory,
Pinconning Express Stop,,,no,16.94,C,1,"Pinconning, MI",US PL Mecosta Factory,
Cross Express/St. George,,,no,16.91,D,1,"Elk Grove Village, IL",US PL Madison Factory,
Brightwork Storage LLC,,,no,16.83,D,1,"Muskegon, MI",US PL Mecosta Factory,
Sister Bay Furniture Manufacturing Plant,,,no,16.82,D,1,"Sussex, WI",US PL Madison Factory,
Marjorie Kinnan Rawlings Historic Park - Boat ramp/dock,,,no,16.79,D,1,"Hawthorne, FL",US PL High Springs Factory,
"Redhead Logistics Group, LLC",,,no,16.78,D,1,"Chesaning, MI",US PL Mecosta Factory,
Ozarka Natural Spring Water Co,,,no,16.78,C,1,"El Campo, TX",US PL S Houston Factory,
Storett,,,no,16.77,D,1,"Fort Mill, SC",US PL McBee Factory,
Old Neighborhood Distribution Center,,,no,16.76,C,1,"Lynn, MA",US PL Hollis Factory,
MIT Express Cross Dock and Warehouse,,,no,16.72,C,1,"Kearny, NJ",US DC NFI - Breinigsville,
Patriot Foods,,,no,16.69,C,1,"West Olive, MI",US PL Mecosta Factory,
Trividia Manufacturing Solutions,,,no,16.68,C,2,"Lancaster, NH",US PL Poland Spring Factory,
International Sulphur Inc,,,no,16.65,D,1,"Mt Pleasant, TX",US PL Hawkins Factory,
Golden Cold Storage,,,no,16.65,C,1,"Clifton, NJ",US DC NFI - Breinigsville,
Roossinck Fruit Storage Inc,,,no,16.61,D,1,"Fremont, MI",US PL Mecosta Factory,
Columbia Ice & Cold Storage,,,no,16.6,C,1,"Hudson, NY",US PL Saratoga Spring Factory,
ARCTICHILL Cold Storage,,,no,16.6,C,1,"Windham, NH",US PL Hollis Factory,
Piedmont Cheerwine Bottling Co,,,no,16.6,D,2,"Salisbury, NC",US PL McBee Factory,
Sultan Crossdock Storage and Restack,,,no,16.59,C,1,"Kearny, NJ",US DC NFI - Breinigsville,
"Frank-Lin Distillers Products, Ltd.",,,no,16.57,D,1,"Fairfield, CA",US PL Sacramento Factory,
Hartt Transportation System Inc,,,no,16.56,D,1,"Sumter, SC",US PL McBee Factory,
Ventra Ionia Main,,,no,16.56,D,1,"Ionia, MI",US PL Mecosta Factory,
D & S Distribution Warehouses,,,no,16.47,C,1,"Milwaukee, WI",US PL Madison Factory,
AAM Metal Forming | Subiaco Manufacturing Facility,,,no,16.45,D,1,"Subiaco, AR",US PL Hot Springs Factory,
24hr Crossdock and Cold Storage,,,no,16.45,C,1,"Middletown, PA",US PL Allentown NPL Factory,
Alpek Polyester - Columbia Site,alpekpolyester.com,54784383552,yes,16.42,D,1,"Gaston, SC",US PL McBee Factory,package
Enersys Sumter Metals,,,no,16.38,D,1,"Sumter, SC",US PL McBee Factory,
Literati Fulfillment Center,,,no,16.37,C,1,"Elgin, IL",US PL Madison Factory,
Lexington Logistics,,,no,16.37,D,1,"Lexington, MA",US PL Hollis Factory,
Saunders Packing Plant,,,no,16.34,C,1,"Troy, NC",US PL McBee Factory,
Salem Bottleworks,,,no,16.34,D,1,"Winston-Salem, NC",US PL McBee Factory,
Oak Warehouse,,,no,16.32,C,1,"Hastings, MI",US PL Mecosta Factory,
L & W Meat Processing,,,no,16.3,C,1,"Madison, FL",US PL High Springs Factory,
J T Manufacturing Corporation,,,no,16.25,D,1,"Pelham, NH",US PL Hollis Factory,
Sulco Warehouse,,,no,16.25,C,1,"Holyoke, MA",US PL Saratoga Spring Factory,
Zeus Industrial Products Inc,,,no,16.18,D,1,"Orangeburg, SC",US PL McBee Factory,
Packaging Lines,,,no,16.18,D,1,"Winston-Salem, NC",US PL McBee Factory,
Element Chemicals - Manufacturing Site,,,no,16.17,D,1,"Cleveland, TX",US PL S Houston Factory,
Heidelberg Bread Production Facility,,,no,16.16,C,1,"Frankfort, NY",US PL Saratoga Spring Factory,
SnackWerks,,,no,16.16,D,1,"Battle Creek, MI",US PL Mecosta Factory,
Smith Wayne Dairy Cold Storage,,,no,16.13,C,1,"Richmond, IN",US PL Greenwood Indiana,
CForce Bottling Company,,,no,16.13,C,1,"Navasota, TX",US PL S Houston Factory,
IVA Crossdock,,,no,16.08,C,1,"Elgin, IL",US PL Madison Factory,
South Arkansas Intermodal Park,,,no,16.07,D,1,"Camden, AR",US DC Hot Springs (WHSE),
Bay Valley Foods,,,no,16.05,D,1,"Wayland, MI",US PL Mecosta Factory,
Vanguard Culinary Group Ltd,,,no,16.05,C,1,"Fayetteville, NC",US PL McBee Factory,
TSD Logistics,tsdlogistics.com,,no,16.04,C,1,"Texarkana, TX",US PL Hawkins Factory,company_exact:high
Dreisbach Cold Storage,,,no,16.01,C,1,"Richmond, CA",US PL Sacramento Factory,
Mensch Manufacturing,,,no,15.99,C,1,"Hastings, MI",US PL Mecosta Factory,
Arkansas Wholesale Distribution Center,,,no,15.95,D,1,"Searcy, AR",US PL Hot Springs 2 Factory,
ADESA Flint - Flint Distribution Center (GMF),,,no,15.94,C,1,"Flint, MI",US PL Mecosta Factory,
Northeast Kingdom Processing,,,no,15.94,C,1,"St Johnsbury, VT",US PL Poland Spring Factory,
Maple Leaf Truss LLC,,,no,15.9,D,1,"Newport, ME",US PL Kingfield Factory,
Furmano Foods,,,no,15.87,C,1,"Northumberland, PA",US PL Allentown Factory,
501 Vinyl Warehouse,,,no,15.86,C,1,"Ward, AR",US PL Hot Springs 2 Factory,
Advanced Manufacturing Center,,,no,15.86,D,1,"Orono, ME",US PL Kingfield Factory,
Center for Additive Manufacturing of Metals (CAMM),,,no,15.86,D,1,"Orono, ME",US PL Kingfield Factory,
UPS Freight Service Center,,,no,15.86,C,1,"Battle Creek, MI",US PL Mecosta Factory,
Perryville Cold Storage,,,no,15.78,C,1,"Perryville, MD",US PL Allentown NPL Factory,
Wabash Cross-dock,,,no,15.76,C,1,"Lafayette, IN",US PL Greenwood Indiana,
Recreation Warehouse LLC,,,no,15.72,C,1,"Owosso, MI",US PL Mecosta Factory,
Ohio Logistics,ohiologistics.com,,no,15.68,C,1,"Gas City, IN",US PL Greenwood Indiana,company_exact:high
Hitchin' Post Truck Terminal (Exxon),,,no,15.68,C,1,"Huntsville, TX",US PL S Houston Factory,
Sulco Warehousing & Logistics,,,no,15.68,C,1,"Springfield, MA",US PL Saratoga Spring Factory,
M&M Milling - Headquarters & Main Plant,,,no,15.68,C,1,"Texarkana, AR",US DC Hot Springs (WHSE),
SENSHIPPING LLC,,,no,15.65,D,1,"Romulus, MI",US PL Mecosta Factory,
On Track Cross Docking LLC,,,no,15.65,D,1,"Romulus, MI",US PL Mecosta Factory,
AAM Metal Forming | Paris Manufacturing Facility,,,no,15.62,D,1,"Paris, AR",US PL Hot Springs Factory,
SAMSUNG Home Appliance Manufacturing Plant,,,no,15.61,D,1,"Newberry, SC",US PL McBee Factory,
Hughson Cold Storage,,,no,15.5,C,1,"Hughson, CA",US PL Sacramento Factory,
"Future Foods Enterprises, LLC - PAOW!",,,no,15.49,C,1,"Ormond Beach, FL",US PL High Springs Factory,
JD GROUP Cross Dock & Distribution San Diego,,,no,15.41,C,1,"San Diego, CA",US PL Cabazon Factory,
Pouchfill Packaging LLC,,,no,15.36,C,1,"Daytona Beach, FL",US PL Zephyrhills Factory,
"Cross Partners Cold Storage, Inc",,,no,15.34,C,1,"San Diego, CA",US PL Cabazon Factory,
Pleasant River Lumber,,,no,15.33,D,1,"Dover-Foxcroft, ME",US PL Kingfield Factory,
Soup Coop Food Manufacturing,,,no,15.33,C,1,"Louisville, KY",US PL Greenwood Indiana,
Kerkau Manufacturing,,,no,15.3,D,1,"Bay City, MI",US PL Mecosta Factory,
Daytona Beach Cold Storage - Food Supply Inc,,,no,15.29,C,1,"South Daytona, FL",US PL Zephyrhills Factory,
The CrossDock @ FCL,,,no,15.23,C,1,"Louisville, KY",US PL Greenwood Indiana,
Clover Sonoma Dairy Bottling Plant,,,no,15.21,C,1,"Petaluma, CA",US PL Sacramento Factory,
saturn petcare inc. Receiving and Manufacturing,,,no,15.18,C,1,"Terre Haute, IN",US PL Greenwood Indiana,
Food Solution Services: Cold Storage,,,no,15.15,C,1,"Daytona Beach, FL",US PL Zephyrhills Factory,
USPS Nashua Logistics and Distribution Center,usps.com,,no,15.12,D,1,"Nashua, NH",US PL Hollis Factory,curated:
Exeter Storage Depot,,,no,15.11,D,1,"Exeter, NH",US PL Hollis Factory,
Tobin Scientific,,,no,15.05,D,1,"Methuen, MA",US PL Hollis Factory,
"Wantable, Inc. Fulfillment Center",,,no,15.04,C,1,"Milwaukee, WI",US PL Madison Factory,
"AW2 Fulfillment, Warehouse, Distribution and Crating, Milwaukee",,,no,15.04,C,1,"Milwaukee, WI",US PL Madison Factory,
Origin Food Group LLC,,,no,15.02,C,1,"Statesville, NC",US PL McBee Factory,
Maplewood Vermont Travelers Service Center,,,no,15.01,C,1,"Berlin, VT",US PL Saratoga Spring Factory,
Lightlife Foods,,,no,14.99,C,1,"Turners Falls, MA",US PL Saratoga Spring Factory,
Mitchell's Mobile Cold Storage Rental,,,no,14.96,C,1,"Lumberton, TX",US PL Pasadena Factory,
Vermont Specialty Food Association,,,no,14.96,D,1,"Berlin, VT",US PL Saratoga Spring Factory,
Lahout's Discount Warehouse,,,no,14.94,C,1,"Littleton, NH",US PL Poland Spring Factory,
Southern Cross Logistics,southerncrossinc.com,54772737445,yes,14.94,D,1,"Statesville, NC",US PL McBee Factory,package
Warehouse Guns and Ammo,,,no,14.91,C,1,"Beebe, AR",US PL Hot Springs 2 Factory,
Linic Freight 3PL Logistics & Warehouse | Spartanburg,,,no,14.91,C,1,"Spartanburg, SC",US PL McBee Factory,
Zenith Freight Lines LLC,,,no,14.88,C,1,"Conover, NC",US PL McBee Factory,
E-Commerce Warehousing & Fulfillment Center,,,no,14.87,D,1,"Rohnert Park, CA",US PL Sacramento Factory,
Prime Warehouse & Cross dock,,,no,14.86,C,1,"Moore, SC",US PL McBee Factory,
Dawson Food Products,,,no,14.85,C,1,"Jackson, MI",US PL Mecosta Factory,
Polymer Protective Packaging,,,no,14.82,D,1,"Allendale, MI",US PL Mecosta Factory,
Central Maine Cold Storage,,,no,14.79,C,1,"Bucksport, ME",US PL Kingfield Factory,
P&H Truck Shop,,,no,14.78,C,1,"Wells River, VT",US PL Hollis Factory,
Dayton Freight- Jackson,daytonfreight.com,,no,14.77,C,1,"Jackson, MI",US PL Mecosta Factory,curated:
BorgWarner Kokomo Manufacturing Site,,,no,14.76,D,1,"Kokomo, IN",US PL Greenwood Indiana,
Allied Universal Corporation,aus.com,54734204990,yes,14.76,D,1,"Jacksonville, FL",US PL High Springs Factory,package
LEV FULFILLMENT LLC,,,no,14.75,C,1,"Denison, TX",US PL Dallas 2 Factory,
No Worry Storage,,,no,14.74,D,1,"Pittsfield, NH",US PL Hollis Factory,
ColdQuest,,,no,14.74,D,1,"Holland, MI",US PL Mecosta Factory,
Avon Food Company,,,no,14.71,C,1,"Stoughton, MA",US PL Hollis Factory,
AnytimeDistribution and Warehouse Emergency Transloading Services,,,no,14.67,C,1,"Farmington, CT",US PL Saratoga Spring Factory,
Sonoma Beverage Company LLC,,,no,14.62,D,1,"Santa Rosa, CA",US PL Sacramento Factory,
Dacon Industries | Dallas,,,no,14.59,D,1,"Jacksonville, TX",US PL Hawkins Factory,
Cumberland Cold Storage,,,no,14.59,C,1,"Bridgeton, NJ",US PL Allentown NPL Factory,
Palmetto Foods Distribution,,,no,14.59,C,1,"Ponte Vedra Beach, FL",US PL High Springs Factory,
Henley Manufacturing Co,,,no,14.58,D,1,"Shreveport, LA",US PL Hawkins Factory,
R & D Packaging,,,no,14.56,D,1,"Ellerbe, NC",US PL McBee Factory,
Contract Manufacturing NE,,,no,14.56,C,1,"Bristol, CT",US PL Saratoga Spring Factory,
Arrow Fast Usa 3PL Warehouse&Fulfillment Center,,,no,14.51,C,1,"Gastonia, NC",US PL McBee Factory,
Food Factory on Main,,,no,14.51,C,1,"Rockwell, NC",US PL McBee Factory,
Concord Food Warehouse 2,,,no,14.48,C,1,"Brockton, MA",US PL Hollis Factory,
Cross Dock Reloading Warehouse in Inman,,,no,14.41,C,1,"Inman, SC",US PL McBee Factory,
A & D Cold Storage,wccoldstorage.com,,no,14.4,C,1,"Worcester, MA",US PL Hollis Factory,company_fuzzy:medium
Thomaston Transportation Co. Inc. CROSS DOCK - LOAD RESTACK - LOAD SHIFT - DELIVERY SERVICE - CROSS-DOCKING - HOLDING,,,no,14.4,C,1,"Waterbury, CT",US PL Saratoga Spring Factory,
Armory Street Cold Storage,,,no,14.39,C,1,"Worcester, MA",US PL Hollis Factory,
Domi Logistics Inc,,,no,14.37,D,1,"Orangeburg, SC",US PL McBee Factory,
CAB Worldwide Texas Manufacturing and Distribution Facility,,,no,14.37,D,1,"Nacogdoches, TX",US PL Hawkins Factory,
Sam's Club Fulfillment Center,samsclub.com,45064080036,yes,14.37,C,1,"Worcester, MA",US PL Hollis Factory,package
The Warehouse at C.C. Creations,,,no,14.36,C,1,"College Station, TX",US PL S Houston Factory,
LLFlex Manufacturing,,,no,14.34,D,1,"High Point, NC",US PL McBee Factory,
"Alecon Enterprises, Inc.",,,no,14.28,D,1,"Pelham, NH",US PL Hollis Factory,
"Hayes Food Products, Inc",,,no,14.23,C,1,"Greer, SC",US PL McBee Factory,
United States Fulfillment Center,unitedstatesoffreight.com,,no,14.2,C,1,"East Syracuse, NY",US PL Saratoga Spring Factory,company_fuzzy:medium
Big Top Manufacturing Inc.,,,no,14.18,D,1,"Perry, FL",US PL High Springs Factory,
LG Fulfillment,,,no,14.18,D,1,"Ponte Vedra Beach, FL",US PL High Springs Factory,
Kiser Harriss,,,no,14.16,D,1,"Belmont, NC",US PL McBee Factory,
Dart Container Corporation Shipping Warehouse Building 7,,,no,14.14,C,1,"Mason, MI",US PL Mecosta Factory,
Ruiz Food Products,,,no,14.13,D,1,"Denison, TX",US PL Dallas 2 Factory,
Camel Energy Manufacturing(Michigan),,,no,14.12,D,1,"Battle Creek, MI",US PL Mecosta Factory,
AKWEL CADILLAC USA INC,,,no,14.07,D,1,"Cadillac, MI",US PL Mecosta Factory,
Manufacturing Facility not a retail store.,,,no,14.07,D,1,"Sarasota, FL",US PL Zephyrhills Factory,
Us Warehouse and Crossdock,,,no,14.04,C,1,"Lockport, IL",US PL Madison Factory,
"Sargent Logistics - Cross Dock, Warehousing",sargent.us,54774365604,yes,14.03,C,1,"Chicago, IL",US PL Madison Factory,package
IKO South,,,no,14.02,D,1,"Jacksonville, FL",US PL High Springs Factory,
Alamance Foods Inc. (DC-1) aka The Fun Food Factory,,,no,14.02,C,1,"Graham, NC",US PL McBee Factory,
New England Cheesemaking Supply Co.,,,no,14,C,1,"Northampton, MA",US PL Saratoga Spring Factory,
Byrne Dairy - Syracuse Cold Storage,byrnedairy.com,54755299485,yes,14,C,1,"Syracuse, NY",US PL Saratoga Spring Factory,package
Materne North America,materne.com,,no,13.99,C,1,"Grawn, MI",US PL Mecosta Factory,company_exact:high
Manufacturing & Assembly Solutions,,,no,13.97,D,1,"Merrimack, NH",US PL Hollis Factory,
"PB2 Foods, Inc.",,,no,13.96,C,1,"Tifton, GA",US PL High Springs Factory,
NSA Industries,,,no,13.95,D,1,"St Johnsbury, VT",US PL Poland Spring Factory,
Oscar Mayer Foods Corp,,,no,13.94,D,1,"Newberry, SC",US PL McBee Factory,
Peace River Packing Company,,,no,13.93,D,1,"Fort Meade, FL",US PL Zephyrhills Factory,
"United Foods International USA, Inc. (East Coast Factory)",eastcoastwarehouse.com,,no,13.92,D,1,"Belcamp, MD",US PL Allentown NPL Factory,parent_facility:medium
Towson Cold Storage Co,,,no,13.86,C,1,"Tifton, GA",US PL High Springs Factory,
Detroit Cold Storage,,,no,13.84,C,1,"Livonia, MI",US PL Mecosta Factory,
Fairfield Manufacturing Company Inc.,,,no,13.82,D,1,"Lafayette, IN",US PL Greenwood Indiana,
"Improved Nature, LLC",,,no,13.82,C,1,"Garner, NC",US PL McBee Factory,
FREITTY Cross-Dock Alsip,,,no,13.81,C,1,"Alsip, IL",US PL Madison Factory,
Chunk Nibbles,,,no,13.81,C,1,"Troy, MI",US PL Mecosta Factory,
Hamden Cold Storage Inc.,,,no,13.79,C,1,"Hamden, CT",US PL Saratoga Spring Factory,
"GNT USA, LLC",,,no,13.78,C,1,"Dallas, NC",US PL McBee Factory,
Storage Space,extraspace.com,,no,13.74,D,1,"Macclenny, FL",US PL High Springs Factory,company_fuzzy:medium
Wilm Cold Storage,,,no,13.74,C,1,"Leland, NC",US PL McBee Factory,
Erie Foods International Rochelle Manufacturing,,,no,13.73,C,1,"Rochelle, IL",US PL Madison Factory,
CPKC Railway Detroit Intermodal Terminal,,,no,13.72,D,1,"Detroit, MI",US PL Mecosta Factory,
Great Lakes Pickling Company,,,no,13.72,C,1,"Sterling Heights, MI",US PL Mecosta Factory,
Logistics Hub / Cross-Docking,,,no,13.72,C,1,"Harvey, IL",US PL Madison Factory,
Terminal Shipping Co - Division of John S. Connor,,,no,13.7,D,1,"Eddystone, PA",US PL Allentown NPL Factory,
Port of Wilmington Cold Storage,,,no,13.66,C,2,"Wilmington, NC",US PL McBee Factory,
Truck Zone,,,no,13.66,C,1,"Detroit, MI",US PL Mecosta Factory,
A Cool Storage,,,no,13.63,D,1,"Marshall, TX",US PL Hawkins Factory,
Carolina Freightways Terminal,carolinafreightways.com,,no,13.63,D,1,"Wilmington, NC",US PL McBee Factory,company_core:high
D.A.B. Logistics Inc,,,no,13.62,D,1,"Compton, QC",US PL Kingfield Factory,
Safie Specialty Foods,,,no,13.61,C,1,"Chesterfield, MI",US PL Mecosta Factory,
JLM Manufacturing West,,,no,13.6,C,1,"Warren, MI",US PL Mecosta Factory,
Champion Foods LLC,,,no,13.59,D,1,"New Boston, MI",US PL Mecosta Factory,
Loris Cold Storage and Retail,,,no,13.56,C,1,"Loris, SC",US PL McBee Factory,
Eastern Market Cold Storage Co,,,no,13.54,C,1,"Detroit, MI",US PL Mecosta Factory,
Idan Foods,,,no,13.52,C,1,"Hawthorne, NJ",US DC NFI - Breinigsville,
At Home Storage,,,no,13.49,D,1,"Cadillac, MI",US PL Mecosta Factory,
Shreveport Warehouse,,,no,13.49,C,1,"Shreveport, LA",US PL Hawkins Factory,
Couture Logistics Inc ( CLI ),,,no,13.47,C,1,"Saint-Benoît-Labre, QC",US PL Kingfield Factory,
San Jose Cold Storage,,,no,13.47,C,1,"San Jose, CA",US PL Sacramento Factory,
"Prime Inc. Pittston, PA Terminal",,,no,13.41,D,1,"Pittston, PA",US PL Allentown Factory,
Warehouse B Coffee Bar + Restaurant + Gifts,,,no,13.39,C,1,"Warren, AR",US DC Hot Springs (WHSE),
King Arthur Flour Manufacturing (Merlin),,,no,13.34,C,1,"White River Junction, VT",US PL Hollis Factory,
Aaron's Fulfillment Center,,,no,13.34,C,1,"Westfield, MA",US PL Saratoga Spring Factory,
RCP Manufacturing Plant,,,no,13.33,D,1,"San Diego, CA",US PL Cabazon Factory,
Compass Cold Storage,compass-usa.com,54772657703,yes,13.32,C,1,"Mulberry, AR",US PL Hot Springs Factory,package
Pulmuone Nasoya Foods USA,,,no,13.31,D,1,"Ayer, MA",US PL Hollis Factory,
Plymouth Cold Storage,,,no,13.29,C,1,"Plymouth, WI",US PL Madison Factory,
Pfizer Pharmaceutical Manufacturing Plant,,,no,13.29,D,1,"Sanford, NC",US PL McBee Factory,
Old Dutch Foods Ltd,olddutchfoods.com,54773425252,yes,13.29,D,1,"Hartland, NB",US PL Kingfield Factory,package
Nexus Warehouse Crossdock,,,no,13.27,C,1,"Carlstadt, NJ",US DC NFI - Breinigsville,
Integra Foods,,,no,13.27,D,1,"Bladenboro, NC",US PL McBee Factory,
The Warehouse/The Mission,,,no,13.22,D,1,"Lincoln, ME",US PL Kingfield Factory,
RBI Packing LLC,,,no,13.21,D,1,"Thermal, CA",US PL Cabazon Factory,
Dillon Storage Center,,,no,13.15,D,1,"Dillon, SC",US PL McBee Factory,
DRB Transport St Johns Terminal,,,no,13.11,D,1,"St Johns, MI",US PL Mecosta Factory,
Menasha Packaging Fulfillment Center,,,no,13.1,D,1,"Neenah, WI",US PL Madison Factory,
Bentley World Packaging - Plant 2,bentleywp.com,,no,13.09,C,1,"Milwaukee, WI",US PL Madison Factory,parent_facility:medium
Alta Resources Fulfillment Center,,,no,13.08,D,1,"Neenah, WI",US PL Madison Factory,
Bobcat Manufacturing Facility,,,no,13.04,D,1,"Statesville, NC",US PL McBee Factory,
Taste of Italy Manufacturing,,,no,13.02,C,1,"Egg Harbor City, NJ",US PL Allentown NPL Factory,
Mango Bottling Inc.,,,no,13.02,D,1,"Cocoa, FL",US PL Zephyrhills Factory,
Jenness Hill Auto and Marine Storage,,,no,12.99,D,1,"Meredith, NH",US PL Hollis Factory,
Clean Maine Carbon,,,no,12.99,D,1,"Greenville, ME",US PL Kingfield Factory,
Révolution Fermentation,,,no,12.98,C,1,"Waterville, QC",US PL Kingfield Factory,
DZ Fulfillment LLC,,,no,12.96,C,1,"Mundelein, IL",US PL Madison Factory,
"1440 Foods Manufacturing, LLC.",,,no,12.96,C,1,"Jeffersonville, IN",US PL Greenwood Indiana,
Vermont Stone Art Manufacturing Facility,,,no,12.91,D,1,"Barre, VT",US PL Saratoga Spring Factory,
FOODIE'J INC,,,no,12.85,D,1,"Woodbine, GA",US PL High Springs Factory,
Boules d'énergie,,,no,12.84,C,1,"Sherbrooke, QC",US PL Kingfield Factory,
Berlin Mini Storage,,,no,12.82,D,1,"Berlin, NH",US PL Poland Spring Factory,
Aero Fulfillment Services,,,no,12.82,C,1,"Fairfield, OH",US PL Greenwood Indiana,
Builtmore Contract Manufacturing (Plant 5),,,no,12.78,D,1,"Charlotte, MI",US PL Mecosta Factory,
Industries Bernard & Fils Ltée,,,no,12.78,C,1,"Saint-Victor, QC",US PL Kingfield Factory,
Prime Food Processing Corporation,,,no,12.76,C,1,"Brooklyn, NY",US DC NFI - Breinigsville,
ShipRight,,,no,12.72,D,1,"Concord, NH",US PL Hollis Factory,
Palmetto Gourmet Foods,,,no,12.66,D,1,"Saluda, SC",US PL McBee Factory,
The Paper Store - Distribution Center,thepaperstore.com,,no,12.64,C,1,"Leominster, MA",US PL Hollis Factory,company_core:high
Burnette Foods Inc.,,,no,12.64,D,2,"Elk Rapids, MI",US PL Mecosta Factory,
NOVANT HEALTH CROSS-DOCK CENTER,,,no,12.63,C,1,"Lincolnton, NC",US PL McBee Factory,
Vibrant Ingredients,,,no,12.62,D,1,"Eustis, FL",US PL Zephyrhills Factory,
Cold Storage Antiques & Collectibles,,,no,12.62,C,1,"Leominster, MA",US PL Hollis Factory,
"Hitchiner Manufacturing Co., Inc.",,,no,12.61,D,1,"Milford, NH",US PL Hollis Factory,
Dublin Bottling Works Inc.,,,no,12.59,D,1,"Dublin, TX",US PL Dallas 2 Factory,
Ambassador Packaging Inc,,,no,12.56,D,1,"York, SC",US PL McBee Factory,
Cross Core Logistics LLC,,,no,12.56,C,1,"Jeffersonville, IN",US PL Greenwood Indiana,
MCS Merchants Cold Storage,,,no,12.54,C,1,"Walton, KY",US PL Greenwood Indiana,
Cold Storage / Lagrou,,,no,12.51,C,1,"Bartlett, IL",US PL Madison Factory,
Rana Cold Storage Shipping,,,no,12.49,C,1,"Bartlett, IL",US PL Madison Factory,
Cross docking & Warehouse Palatine,,,no,12.48,C,1,"Palatine, IL",US PL Madison Factory,
SC Pet Food Solutions Ward Sc,,,no,12.47,C,1,"Ward, SC",US PL McBee Factory,
"Carolina Poly, Inc.",,,no,12.46,D,1,"Chester, SC",US PL McBee Factory,
Bridgford Foods of North Carolina,bridgford.com,,no,12.46,C,1,"Statesville, NC",US PL McBee Factory,parent_facility:medium
SEAHORSE WAREHOUSE AND CROSS DOCKING,,,no,12.4,C,1,"St. Charles, IL",US PL Madison Factory,
D'Vine Foods,,,no,12.39,C,1,"Elizabethtown, NC",US PL McBee Factory,
"EFCO Products, Inc.",,,no,12.36,C,1,"Poughkeepsie, NY",US PL Saratoga Spring Factory,
PERPETUAL Manufacturing Facility,,,no,12.36,D,1,"Millbury, MA",US PL Hollis Factory,
Fulfillment Center for Vacations Made Easy,,,no,12.34,C,1,"Myrtle Beach, SC",US PL McBee Factory,
Oriskany Manufacturing Technologies,,,no,12.31,D,1,"Yorkville, NY",US PL Saratoga Spring Factory,
"Warrens Cold Storage, LLC",,,no,12.29,C,1,"Warrens, WI",US PL Madison Factory,
FreezeXperience produits lyophilisés,,,no,12.28,C,1,"Thetford Mines, QC",US PL Kingfield Factory,
Kalamazoo Michigan distribution center,,,no,12.26,D,1,"Kalamazoo, MI",US PL Mecosta Factory,
Tropical Foods Company Inc.,,,no,12.26,C,1,"Cowpens, SC",US PL McBee Factory,
Mariani Cold Storage,,,no,12.24,C,1,"Wisconsin Rapids, WI",US PL Madison Factory,
"Seal Freight LLC (CROSS DOCKING, STORAGE WAREHOUSE)",,,no,12.23,C,1,"Wheeling, IL",US PL Madison Factory,
Dominion Grimm Thetford Mines,,,no,12.21,C,1,"Thetford Mines, QC",US PL Kingfield Factory,
American Cold Storage Systems,,,no,12.19,C,1,"Cincinnati, OH",US PL Greenwood Indiana,
Intedge Manufacturing,,,no,12.17,C,1,"Woodruff, SC",US PL McBee Factory,
AAM Metal Forming | Auburn Hills Manufacturing Complex - Plant 1,,,no,12.15,D,1,"Auburn Hills, MI",US PL Mecosta Factory,
Battle Copacking NC,,,no,12.13,D,1,"Mooresville, NC",US PL McBee Factory,
A&E Warehouse & Crossdock,,,no,12.1,C,1,"Louisville, KY",US PL Greenwood Indiana,
U.S. Packaging & Wrapping LLC.,,,no,12.09,D,1,"Austin, AR",US PL Hot Springs 2 Factory,
Carlisle Wide Plank Floors - Manufacturing Facility,,,no,12.09,D,1,"Swanzey, NH",US PL Saratoga Spring Factory,
Grovertown Truck and Auto Plaza,,,no,12.08,C,1,"Grovertown, IN",US PL Greenwood Indiana,
Promotion Fulfillment Center,,,no,12.04,D,1,"Camanche, IA",US PL Madison Factory,
Worldwide Trailers USA,,,no,12.03,C,1,"Waycross, GA",US PL High Springs Factory,
Karr Cold Storage,,,no,12.01,C,1,"Milton, NY",US PL Saratoga Spring Factory,
"Rhino Foods, Inc.",,,no,12.01,C,1,"Burlington, VT",US PL Saratoga Spring Factory,
"Crane Additive Manufacturing, LLC",,,no,11.99,D,1,"Higden, AR",US PL Hot Springs Factory,
Gaylord Truck & Auto Plaza,,,no,11.9,C,1,"Gaylord, MI",US PL Mecosta Factory,
Portacool LLC Manufacturing Plant,,,no,11.85,D,1,"Center, TX",US PL Hawkins Factory,
AAM Metal Forming | Royal Oak Manufacturing Facility,,,no,11.84,D,1,"Royal Oak, MI",US PL Mecosta Factory,
Midwest Manufacturing,midwestmanufacturing.com,54774241947,yes,11.83,D,1,"Livonia, MI",US PL Mecosta Factory,package
JD's Truck & Liquor Stop,,,no,11.81,C,1,"Niles, MI",US PL Mecosta Factory,
Moonstar Express Warehousing and Cross Dock Service,serviceexpress.com,,no,11.79,D,1,"Burton, MI",US PL Mecosta Factory,parent_facility:medium
Southern Colorado Cold Storage,,,no,11.79,C,1,"Pueblo, CO",US PL Denver Factory,
Skinner Commercial Warehousing LLC,,,no,11.75,D,1,"Reedsburg, WI",US PL Madison Factory,
Maryland Packaging,,,no,11.72,C,1,"Halethorpe, MD",US PL Allentown NPL Factory,
Detroit Manufacturing Systems,dmsna.com,,no,11.72,D,1,"Detroit, MI",US PL Mecosta Factory,company_fuzzy:medium
Korean Air Cargo Terminal,koreanair.com,,no,11.71,D,1,"Los Angeles, CA",US PL Ontario Factory,parent_facility:medium
Gehl Food & Beverage - Southeast,,,no,11.7,D,1,"Walterboro, SC",US PL McBee Factory,
"TCB Food Processing, LLC",,,no,11.67,C,1,"Lawrence, MI",US PL Mecosta Factory,
Healthy Truth,,,no,11.67,C,1,"Walpole, MA",US PL Hollis Factory,
Jasper Hill Farm - Fulfillment Center,,,no,11.64,C,1,"Hardwick, VT",US PL Poland Spring Factory,
Chelsea Milling Company,,,no,11.62,C,1,"Chelsea, MI",US PL Mecosta Factory,
Chicagoland Truck Center,,,no,11.62,D,1,"Matteson, IL",US PL Madison Factory,
Wolf Storage Company - Gorham,,,no,11.56,D,1,"Gorham, NH",US PL Poland Spring Factory,
Bopp Bush Manufacturing Plant 2,,,no,11.54,D,1,"Au Gres, MI",US PL Mecosta Factory,
Stellantis Mack Assembly Plant,,,no,11.52,D,1,"Detroit, MI",US PL Mecosta Factory,
Arkansas Refrigerated Services,,,no,11.46,D,1,"Fort Smith, AR",US PL Hot Springs Factory,
Thomasville Cold Storage,,,no,11.44,C,1,"Thomasville, GA",US PL High Springs Factory,
New England Cold Storage,,,no,11.43,C,1,"Sturbridge, MA",US PL Saratoga Spring Factory,
FreeUp Storage Palatka,,,no,11.39,D,1,"Palatka, FL",US PL High Springs Factory,
Polar Texas Bottling,,,no,11.39,D,1,"Temple, TX",US PL Dallas 2 Factory,
North Florida Bottling LLC,,,no,11.37,D,1,"Tallahassee, FL",US PL High Springs Factory,
FREITTY Cross-Dock Greensboro,,,no,11.37,D,1,"Greensboro, NC",US PL McBee Factory,
ORH3 Fulfillment Center,,,no,11.36,C,1,"Charlton, MA",US PL Saratoga Spring Factory,
Cold Storage Beach Cottage - Three Bedroom holiday home,,,no,11.33,D,1,"Truro, MA 02652, USA",US PL Hollis Factory,
Walk to Cold Storage Beach from this Charming rental. Pond Village area,,,no,11.33,D,1,"Truro, MA 02652, USA",US PL Hollis Factory,
FREITTY Cross-Dock Reno,,,no,11.29,C,1,"Sparks, NV",US PL Sacramento Factory,
Nj Cross Dock King,,,no,11.28,D,1,"Somerset, NJ",US DC NFI - Breinigsville,
ins packaging factory,,,no,11.27,D,1,"Brooklyn, NY",US DC NFI - Breinigsville,
National Food Group,,,no,11.25,C,1,"Novi, MI",US PL Mecosta Factory,
Nordic Cold Storage,,,no,11.24,C,1,"Dunn, NC",US PL McBee Factory,
Shram Cold Storage,,,no,11.21,C,1,"Naugatuck, CT",US PL Saratoga Spring Factory,
Cross Dock | B2B Crossing Warehouse | Pallet Restack,,,no,11.2,C,1,"Novi, MI",US PL Mecosta Factory,
Domaine l Argoustik,,,no,11.19,C,1,"Victoriaville, QC",US PL Kingfield Factory,
Batesville Cold Storage,batesville.com,54419041968,yes,11.17,C,1,"Batesville, AR",US PL Hot Springs Factory,package
White River Cold Storage,,,no,11.17,C,1,"Batesville, AR",US PL Hot Springs Factory,
Lenovo US FULFILLMENT Center,,,no,11.17,C,1,"Whitsett, NC",US PL McBee Factory,
"Scott Manufacturing, LLC",,,no,11.16,D,1,"Stuttgart, AR",US DC Hot Springs (WHSE),
R W Manufacturing Co Inc,,,no,11.14,D,1,"Stuttgart, AR",US DC Hot Springs (WHSE),
Aliments Capel Foods,,,no,11.12,C,1,"Victoriaville, QC",US PL Kingfield Factory,
Battleground Cold Storage,,,no,11.12,C,1,"Greensboro, NC",US PL McBee Factory,
Tribe Mediterranean Foods Inc,,,no,11.1,C,1,"Taunton, MA",US PL Hollis Factory,
Konsolidated Warehouse,,,no,11.08,C,1,"Uxbridge, MA",US PL Hollis Factory,
Kerry (Canada) Inc.,kerry.com,54423375943,yes,11.06,C,1,"Sainte-Claire, QC",US PL Kingfield Factory,package
Elliott Manufacturing,,,no,11.04,D,1,"Magnolia, AR",US DC Hot Springs (WHSE),
ORD Cross Dock,,,no,11.04,D,1,"Elk Grove Village, IL",US PL Madison Factory,
Four Roses Bottling Facility,,,no,11.04,D,1,"Coxs Creek, KY",US PL Greenwood Indiana,
Cold Storage Solutions Inc,,,no,11.03,C,1,"Lakeville, MA",US PL Hollis Factory,
Southern States Packaging Co,southernstatesllc.com,,no,11.02,D,1,"Spartanburg, SC",US PL McBee Factory,parent_facility:medium
"Alamance Foods, Inc.",,,no,11.02,D,1,"Burlington, NC",US PL McBee Factory,
Franworth Resource Center / Liberty Fulfillment,,,no,11,D,1,"Ann Arbor, MI",US PL Mecosta Factory,
Hanson Cold Storage Co,,,no,10.98,C,1,"Benton Harbor, MI",US PL Mecosta Factory,
American Soy Products Inc,,,no,10.98,C,1,"Saline, MI",US PL Mecosta Factory,
P&G Fulfillment Center (Truck Entrance),pg.com,,no,10.97,C,1,"Morris, IL",US PL Madison Factory,curated:
Delices Quotidiens,,,no,10.92,C,1,"Saint-Anselme, QC",US PL Kingfield Factory,
"Morinaga America Foods, Inc.",,,no,10.86,D,1,"Mebane, NC",US PL McBee Factory,
Sterling Contract Packaging Inc,,,no,10.85,D,1,"Moore, SC",US PL McBee Factory,
North American Cold Storage,,,no,10.83,C,1,"Woodburn, IN",US PL Greenwood Indiana,
"Midwest Cold Storage |Woodburn, IN",,,no,10.83,C,1,"Woodburn, IN",US PL Greenwood Indiana,
Landliner Cross Dock,,,no,10.79,D,1,"Addison, IL",US PL Madison Factory,
Chicago Cross Dock Service,,,no,10.79,D,1,"Addison, IL",US PL Madison Factory,
"Giovanni Foods Co., Inc",,,no,10.77,D,1,"Baldwinsville, NY",US PL Saratoga Spring Factory,
Piedmont Food Processing Center,,,no,10.76,C,1,"Hillsborough, NC",US PL McBee Factory,
MiDAS Foods International - USA,,,no,10.75,C,1,"Oak Park, MI",US PL Mecosta Factory,
Freeman Cross Dock,,,no,10.74,D,1,"Avon, MA",US PL Hollis Factory,
"Monarch Logistics | 24/7 Load Rework, Cross Dock & Freight Recovery",,,no,10.71,D,1,"Raleigh, NC",US PL McBee Factory,
Les sauces Firebarns inc,,,no,10.69,C,1,"Saint-Nicolas, QC",US PL Kingfield Factory,
FREITTY Cross-Dock Chicago,,,no,10.68,C,1,"Markham, IL",US PL Madison Factory,
LC Foods Company,,,no,10.67,C,1,"Raleigh, NC",US PL McBee Factory,
Don's Cold Storage,,,no,10.66,C,1,"Rogers, AR",US PL Hot Springs Factory,
Imperial Fulfillment Center,,,no,10.64,C,1,"Champlain, NY",US PL Saratoga Spring Factory,
Dayton Freight- South Bend,daytonfreight.com,,no,10.61,C,1,"Elkhart, IN",US PL Mecosta Factory,curated:
Texas Spirits Bottling Co,,,no,10.61,D,1,"Manor, TX",US PL S Houston Factory,
Teta Foods,,,no,10.6,D,1,"Clinton Township, MI",US PL Mecosta Factory,
"East Chicago Rail Terminal, LLC / East Chicago Transload, LLC",,,no,10.59,D,1,"East Chicago, IN",US PL Madison Factory,
Chicago Cross-Docking and Warehousing,,,no,10.58,C,1,"Lansing, IL",US PL Madison Factory,
Les Petits Pots de Barry,,,no,10.57,C,1,"Québec, QC",US PL Kingfield Factory,
Cross dock in Chicago,,,no,10.55,D,1,"Franklin Park, IL",US PL Madison Factory,
Arcadia Cold Storage | Crown Point,,,no,10.55,C,1,"Crown Point, IN",US PL Greenwood Indiana,
Morning Star,,,no,10.53,C,1,"Waterloo, IN",US PL Greenwood Indiana,
Impress Foods,,,no,10.51,C,1,"Québec, QC",US PL Kingfield Factory,
Walker Woodworking | Manufacturing Plant,,,no,10.49,D,1,"Shelby, NC",US PL McBee Factory,
"Longleaf Packaging , LLC",,,no,10.48,D,1,"Vance, SC",US PL McBee Factory,
"DSR Freight Systems (Warehousing, Cross Docking, LTL/FTL, Logistic Solutions)",freightsystems.com,,no,10.34,C,1,"Michigan City, IN",US PL Greenwood Indiana,parent_facility:medium
RL Cold,rlcold.com,,no,10.32,C,1,"Ridgeville, SC",US PL McBee Factory,company_exact:high
Covered Bridge Potato Chips,,,no,10.32,C,1,"Waterville, NB",US PL Kingfield Factory,
"Alpha Packaging, Inc.",,,no,10.28,D,1,"Greenwood, AR",US PL Hot Springs Factory,
McCain Produce Factory,,,no,10.27,C,1,"Peel Parish, NB",US PL Kingfield Factory,
Interstate Cold Storage - Napoleon,istate.com,54771794094,yes,10.26,C,1,"Napoleon, OH",US PL Mecosta Factory,package
Richmond Cold Storage,,,no,10.26,C,1,"Richmond, KY",US PL Greenwood Indiana,
Bottling Works LLC,,,no,10.23,D,1,"Winchester, VA",US PL Allentown NPL Factory,
Revive Fiber - Fiber Manufacturing Plant,,,no,10.2,D,1,"Spartanburg, SC",US PL McBee Factory,
"Fulfillment.com (""FDC"")",,,no,10.19,C,1,"Savannah, GA",US PL High Springs Factory,
Hemlock Storage,,,no,10.15,D,1,"Hemlock, MI",US PL Mecosta Factory,
Chatham-Siler City Advanced Manufacturing Site,,,no,10.1,D,1,"Siler City, NC 27344, USA",US PL McBee Factory,
Unalam - Manufacturing Plant,,,no,10.1,D,1,"Sidney, NY",US PL Saratoga Spring Factory,
GM Cross Dock,,,no,10.06,D,1,"Pontiac, MI",US PL Mecosta Factory,
StoreMyTruck,,,no,10.03,C,1,"Norcross, GA",US PL McBee Factory,
Amano Cincinnati Manufacturing Facility,,,no,10.02,D,1,"Loveland, OH",US PL Greenwood Indiana,
Bottling Plant Event Center,,,no,10.01,D,1,"Opelika, AL",US PL High Springs Factory,
Portland Bottling Company,,,no,10,D,1,"Clackamas, OR",US PL Sacramento Factory,
Taylor Gleason Enterprises,,,no,10,C,1,"Coeur d'Alene, ID",US PL Sacramento Factory,
Bottini Truck Terminal,,,no,9.98,C,1,"Wappingers Falls, NY",US PL Saratoga Spring Factory,
Jowat Corporation (Plant),,,no,9.97,D,1,"Archdale, NC",US PL McBee Factory,
DENSO Manufacturing North Carolina (Statesville),,,no,9.97,D,1,"Statesville, NC",US PL McBee Factory,
Cold To Go Trailers,,,no,9.95,D,1,"Crystal River, FL",US PL Zephyrhills Factory,
CKS Packaging,ckspackaging.com,54772709515,yes,9.94,D,1,"Haw River, NC",US PL McBee Factory,package
3-Dimensional Services Group - Urgent Design & Manufacturing Plant #2,,,no,9.91,D,1,"Lapeer, MI",US PL Mecosta Factory,
Ametsa Packaging,,,no,9.87,D,1,"Paris, TX",US PL Hawkins Factory,
Roadie xd cross dock,,,no,9.85,D,1,"Canton Township, MI",US PL Mecosta Factory,
"Monarch Manufacturing, Inc.",,,no,9.78,D,1,"Salida, CO",US PL Denver Factory,
Toyota Battery Manufacturing,toyota.com,45057672517,yes,9.7,D,1,"Liberty, NC",US PL McBee Factory,package
Fujifilm Manufacturing USA Inc,,,no,9.69,D,1,"Greenwood, SC",US PL McBee Factory,
The Barn Yard Manufacturing Facility,,,no,9.6,D,1,"Ellington, CT",US PL Saratoga Spring Factory,
Monitor Manufacturing Corporation,,,no,9.45,D,1,"Graniteville, SC",US PL McBee Factory,
FCA Packaging,,,no,9.3,D,1,"Heber Springs, AR",US PL Hot Springs Factory,
Silent Manufacturing,,,no,9.26,D,1,"Fayetteville, AR",US PL Hot Springs Factory,
Dauch Driveline | Three Rivers Manufacturing Facility,,,no,9.22,D,1,"Three Rivers, MI",US PL Mecosta Factory,
"Go-To Transport, Inc.",gototransport.com,,no,9.05,D,1,"Bay City, MI",US PL Mecosta Factory,company_exact:high
Access Storage,,,no,8.97,D,1,"Gun Barrel City, TX",US PL Dallas 2 Factory,
Atlantic Reefer Terminals Inc,,,no,8.93,D,1,"Gloucester, MA",US PL Hollis Factory,
Durham Manufacturing Co,,,no,8.89,D,1,"Durham, CT",US PL Saratoga Spring Factory,
Freeland Storage,,,no,8.76,D,1,"Freeland, MI",US PL Mecosta Factory,
Ineos Composites,,,no,8.76,D,1,"Jacksonville, AR",US PL Hot Springs 2 Factory,
Aqua Vita Inc,,,no,8.68,D,1,"Longwood, FL",US PL Zephyrhills Factory,
Combined Technologies Inc. - Contract Packaging Plant,,,no,8.66,D,1,"Bristol, IN",US PL Mecosta Factory,
Glad Manufacturing Company,,,no,8.65,D,1,"Rogers, AR",US PL Hot Springs Factory,
"ACDi Manufacturing Plant – Branford, CT",,,no,8.65,D,1,"Branford, CT",US PL Saratoga Spring Factory,
Century Leasing Corporation,,,no,8.59,D,1,"Plaistow, NH",US PL Hollis Factory,
Ameri Cross Dock And Warehousing,,,no,8.48,D,1,"Westampton Township, NJ",US PL Allentown NPL Factory,
FreeUp Storage Lake Park,,,no,8.44,D,1,"Lake Park, GA",US PL High Springs Factory,
St. Charles Storage,,,no,8.36,D,1,"St Charles, MI",US PL Mecosta Factory,
Arkansas Industrial Manufacturing,,,no,8.31,D,1,"Bono, AR",US PL Hot Springs Factory,
Canaveral Cargo Terminal,,,no,8.26,D,1,"Port Canaveral, FL",US PL Zephyrhills Factory,
Process Manufacturing Company,,,no,8.08,D,1,"Tulsa, OK",US PL Hot Springs Factory,
WCRT Fallbrook Dock,,,no,7.7,D,1,"Oceanside, CA",US PL Cabazon Factory,
Oceana County Freezer Storage,,,no,7.59,D,1,"Shelby, MI",US PL Mecosta Factory,
Cool It! of Bay Area,,,no,7.59,D,1,"Livermore, CA",US PL Sacramento Factory,
DS Smith Packaging - Greensboro,,,no,7.35,D,1,"Greensboro, NC",US PL McBee Factory,
Turlock Freezer Storage,,,no,7.25,D,1,"Turlock, CA",US PL Sacramento Factory,
Safeway Freezer Storage,,,no,7.1,D,1,"Vineland, NJ",US PL Allentown NPL Factory,
Vermont Refrigerated Storage,,,no,7.08,D,1,"Shoreham, VT",US PL Saratoga Spring Factory,
NJ Cross Dock & Pallet Rework,,,no,6.94,D,1,"East Windsor, NJ",US DC NFI - Breinigsville,
Oak Hill Storage,,,no,6.56,D,1,"Swanville, ME",US PL Kingfield Factory,
Northeast Packaging Co,,,no,6.29,D,1,"Presque Isle, ME",US PL Kingfield Factory,
Barbieri Express,,,no,6.25,D,1,"Holyoke, MA",US PL Saratoga Spring Factory,
JET Inc,,,no,6.08,D,1,"Searcy, AR",US PL Hot Springs 2 Factory,
NALCO CO,,,no,6,D,1,"Texarkana, TX",US PL Hawkins Factory,
Pinnacle Storage,,,no,5.64,D,1,"Southern Pines, NC",US PL McBee Factory,
Van Buren - Bekaert,,,no,5.39,D,1,"Van Buren, AR",US PL Hot Springs Factory,
TACNA Services - Cross Dock,,,no,5.33,D,1,"San Diego, CA",US PL Cabazon Factory,
Cold River Storage,,,no,5.02,D,1,"Alstead, NH",US PL Saratoga Spring Factory,
Express Cross Docking,,,no,4.94,D,1,"Camp Hill, PA",US PL Allentown NPL Factory,
North River Road Storage,,,no,4.84,D,1,"Milford, NH",US PL Hollis Factory,
Tipp City Cross Docks,,,no,4.55,D,1,"Tipp City, OH",US PL Greenwood Indiana,
Dayton Cross Docks,,,no,4.55,D,1,"Tipp City, OH",US PL Greenwood Indiana,
YOUR CROSS DOCK INC,,,no,4.21,D,1,"Bolingbrook, IL",US PL Madison Factory,
Venture13 Inc.,,,no,4.16,D,1,"East Syracuse, NY",US PL Saratoga Spring Factory,
GLS,gls-group.com,,no,4.16,D,1,"East Syracuse, NY",US PL Saratoga Spring Factory,company_exact:high
Huron Cedar Storage,,,no,4.03,D,1,"Flushing, MI",US PL Mecosta Factory,
Storage In Motion,,,no,3.93,D,1,"Springdale, AR",US PL Hot Springs Factory,
"Hans Kissle Company, LLC",,,no,3.85,D,1,"Dallas, NC",US PL McBee Factory,
"Pure Transportation, LLC Crossing Dock",puretransportationllc.com,,no,3.8,D,1,"Troy, MI",US PL Mecosta Factory,parent_facility:medium
Carolina Marine Terminal,,,no,3.65,D,1,"Wilmington, NC",US PL McBee Factory,
Central Cross Dock,,,no,3.64,D,1,"Sycamore, IL",US PL Madison Factory,
Cross Dock and Parking,,,no,3.61,D,1,"Matteson, IL",US PL Madison Factory,
Cross Dock Fix,,,no,3.5,D,1,"Lakewood, NJ",US DC NFI - Breinigsville,
"Tri-National, Inc. (TNi)",tri-nat.com,,no,3.26,D,1,"Hooks, TX",US PL Hawkins Factory,parent_facility:medium
The Waukegan Terminal,,,no,2.91,D,1,"Waukegan, IL",US PL Madison Factory,
Nassau Marine Terminal,,,no,2.78,D,1,"Fernandina Beach, FL",US PL High Springs Factory,
A Storage Place,,,no,2.51,D,1,"Sanford, NC",US PL McBee Factory,
Arcadia Cold | Charleston,,,no,2.36,D,1,"Ridgeville, SC",US PL McBee Factory,
C & M Coldstorage,,,no,2.29,D,1,"Highland, NY",US PL Saratoga Spring Factory,
Lakefront Home w/ Hot Tub & Dock in Cross Hill!,,,no,2.11,D,1,"South Carolina 29332, USA",US PL McBee Factory,
Dock Zone,,,no,2.01,D,1,"East Windsor, CT",US PL Saratoga Spring Factory,
Terminal Transportation Services,us-transportation.net,,no,1.98,D,1,"Baltimore, MD",US PL Allentown NPL Factory,company_core:high
United Quality Cross Dock Services,,,no,1.77,D,1,"Dayton, OH",US PL Greenwood Indiana,
Cold World Storage,,,no,1.34,D,1,"Greensboro, NC",US PL McBee Factory,
Cross Dock Services/ Dandy Cooling,,,no,0.32,D,1,"Yuma, AZ",US PL Cabazon Factory,
Midwest Terminals-Toledo International,,,no,0.28,D,1,"Toledo, OH",US PL Mecosta Factory,
New Orleans Terminal LLC,nomma.net,,no,0,D,1,"New Orleans, LA",US PL Pasadena Factory,company_fuzzy:medium
Norland International Inc,,,no,0,D,1,"Lincoln, NE",US PL Madison Factory,
APPS Cold Solution LLP,,,no,0,D,1,"Hemkoot Complex, G/4/A, Ashram Rd, behind Janpath Complex, opp. Sanyas, Usmanpura, Ahmedabad, Gujarat 380009, India",US PL Kingfield Factory,
