{
  "type": "FeatureCollection",
  "features": [
    {
      "type": "Feature",
      "geometry": {
        "type": "Polygon",
        "coordinates": [
          [
            [
              -85.676315,
              38.387654
            ],
            [
              -85.677938,
              38.388287
            ],
            [
              -85.680121,
              38.3848
            ],
            [
              -85.678498,
              38.384167
            ],
            [
              -85.676315,
              38.387654
            ]
          ]
        ]
      },
      "properties": {
        "account": "kenco-logistics",
        "name": "Kenco MCS Jeffersonville I - Jeffersonville IN",
        "type": "Multi-Client Distribution Center / E-Commerce Fulfillment",
        "archetype": "#9",
        "archetypeName": "Gate + No GS (remote check-in)",
        "confidence": "high",
        "zone": "perimeter",
        "truckGate": true,
        "guardShack": false,
        "remoteGs": true,
        "fastLaneOpportunity": true,
        "backupSensitive": false,
        "dropYard": true,
        "multipleFacilities": false,
        "scale": false,
        "shipRcvSeparate": true,
        "urbanRural": "Rural",
        "dockDoors": "50+",
        "dropArea": "25-50",
        "yardMetrics": {
          "dockDoorCount": 113,
          "trailersVisible": 35,
          "trailerParkingCapacity": 90,
          "truckGateCount": 1,
          "buildingCount": 1,
          "siteAreaAcres": 55.3,
          "railServed": false
        }
      }
    },
    {
      "type": "Feature",
      "geometry": {
        "type": "Polygon",
        "coordinates": [
          [
            [
              -85.676683,
              38.387688
            ],
            [
              -85.676991,
              38.387808
            ],
            [
              -85.677143,
              38.387564
            ],
            [
              -85.676835,
              38.387444
            ],
            [
              -85.676683,
              38.387688
            ]
          ]
        ]
      },
      "properties": {
        "account": "kenco-logistics",
        "name": "Kenco MCS Jeffersonville I - Jeffersonville IN",
        "type": "Multi-Client Distribution Center / E-Commerce Fulfillment",
        "archetype": "#9",
        "archetypeName": "Gate + No GS (remote check-in)",
        "confidence": "high",
        "zone": "truckGate"
      }
    },
    {
      "type": "Feature",
      "geometry": {
        "type": "Polygon",
        "coordinates": [
          [
            [
              -85.676024,
              38.3874
            ],
            [
              -85.676383,
              38.387541
            ],
            [
              -85.678008,
              38.384946
            ],
            [
              -85.677649,
              38.384805
            ],
            [
              -85.676024,
              38.3874
            ]
          ]
        ]
      },
      "properties": {
        "account": "kenco-logistics",
        "name": "Kenco MCS Jeffersonville I - Jeffersonville IN",
        "type": "Multi-Client Distribution Center / E-Commerce Fulfillment",
        "archetype": "#9",
        "archetypeName": "Gate + No GS (remote check-in)",
        "confidence": "high",
        "zone": "dropYard",
        "index": 1
      }
    },
    {
      "type": "Feature",
      "geometry": {
        "type": "Polygon",
        "coordinates": [
          [
            [
              -85.676436,
              38.387697
            ],
            [
              -85.676662,
              38.387785
            ],
            [
              -85.67849,
              38.384865
            ],
            [
              -85.678264,
              38.384777
            ],
            [
              -85.676436,
              38.387697
            ]
          ]
        ]
      },
      "properties": {
        "account": "kenco-logistics",
        "name": "Kenco MCS Jeffersonville I - Jeffersonville IN",
        "type": "Multi-Client Distribution Center / E-Commerce Fulfillment",
        "archetype": "#9",
        "archetypeName": "Gate + No GS (remote check-in)",
        "confidence": "high",
        "zone": "dockApron",
        "index": 1
      }
    },
    {
      "type": "Feature",
      "geometry": {
        "type": "Polygon",
        "coordinates": [
          [
            [
              -89.77784,
              34.993202
            ],
            [
              -89.784415,
              34.993391
            ],
            [
              -89.784802,
              34.98426
            ],
            [
              -89.778227,
              34.984071
            ],
            [
              -89.77784,
              34.993202
            ]
          ]
        ]
      },
      "properties": {
        "account": "kenco-logistics",
        "name": "Kenco MCS Mississippi - Olive Branch MS",
        "type": "Multi-Client Distribution Center",
        "archetype": "#3",
        "archetypeName": "No Gate / No GS",
        "confidence": "high",
        "zone": "perimeter",
        "truckGate": false,
        "guardShack": false,
        "remoteGs": false,
        "fastLaneOpportunity": false,
        "backupSensitive": false,
        "dropYard": true,
        "multipleFacilities": false,
        "scale": false,
        "shipRcvSeparate": true,
        "urbanRural": "Rural",
        "dockDoors": "50+",
        "dropArea": "50+",
        "yardMetrics": {
          "dockDoorCount": 130,
          "trailersVisible": 90,
          "trailerParkingCapacity": 200,
          "truckGateCount": 0,
          "buildingCount": 1,
          "siteAreaAcres": 59.8,
          "railServed": false
        }
      }
    },
    {
      "type": "Feature",
      "geometry": {
        "type": "Polygon",
        "coordinates": [
          [
            [
              -89.782373,
              34.991972
            ],
            [
              -89.784017,
              34.992019
            ],
            [
              -89.784251,
              34.986504
            ],
            [
              -89.782607,
              34.986457
            ],
            [
              -89.782373,
              34.991972
            ]
          ]
        ]
      },
      "properties": {
        "account": "kenco-logistics",
        "name": "Kenco MCS Mississippi - Olive Branch MS",
        "type": "Multi-Client Distribution Center",
        "archetype": "#3",
        "archetypeName": "No Gate / No GS",
        "confidence": "high",
        "zone": "dropYard",
        "index": 1
      }
    },
    {
      "type": "Feature",
      "geometry": {
        "type": "Polygon",
        "coordinates": [
          [
            [
              -89.778667,
              34.993024
            ],
            [
              -89.780913,
              34.993089
            ],
            [
              -89.781227,
              34.985676
            ],
            [
              -89.778981,
              34.985611
            ],
            [
              -89.778667,
              34.993024
            ]
          ]
        ]
      },
      "properties": {
        "account": "kenco-logistics",
        "name": "Kenco MCS Mississippi - Olive Branch MS",
        "type": "Multi-Client Distribution Center",
        "archetype": "#3",
        "archetypeName": "No Gate / No GS",
        "confidence": "high",
        "zone": "dropYard",
        "index": 2
      }
    },
    {
      "type": "Feature",
      "geometry": {
        "type": "Polygon",
        "coordinates": [
          [
            [
              -89.778062,
              34.9844
            ],
            [
              -89.778032,
              34.985123
            ],
            [
              -89.784168,
              34.9853
            ],
            [
              -89.784198,
              34.984577
            ],
            [
              -89.778062,
              34.9844
            ]
          ]
        ]
      },
      "properties": {
        "account": "kenco-logistics",
        "name": "Kenco MCS Mississippi - Olive Branch MS",
        "type": "Multi-Client Distribution Center",
        "archetype": "#3",
        "archetypeName": "No Gate / No GS",
        "confidence": "high",
        "zone": "dropYard",
        "index": 3
      }
    },
    {
      "type": "Feature",
      "geometry": {
        "type": "Polygon",
        "coordinates": [
          [
            [
              -89.781389,
              34.992395
            ],
            [
              -89.781828,
              34.992408
            ],
            [
              -89.782077,
              34.986531
            ],
            [
              -89.781638,
              34.986518
            ],
            [
              -89.781389,
              34.992395
            ]
          ]
        ]
      },
      "properties": {
        "account": "kenco-logistics",
        "name": "Kenco MCS Mississippi - Olive Branch MS",
        "type": "Multi-Client Distribution Center",
        "archetype": "#3",
        "archetypeName": "No Gate / No GS",
        "confidence": "high",
        "zone": "dockApron",
        "index": 1
      }
    },
    {
      "type": "Feature",
      "geometry": {
        "type": "Polygon",
        "coordinates": [
          [
            [
              -75.617873,
              40.598461
            ],
            [
              -75.617255,
              40.597731
            ],
            [
              -75.615195,
              40.598721
            ],
            [
              -75.615745,
              40.599399
            ],
            [
              -75.617873,
              40.598461
            ]
          ]
        ]
      },
      "properties": {
        "account": "kenco-logistics",
        "name": "Kenco MCS Allentown - Northampton PA",
        "type": "Multi-Client Distribution Center",
        "archetype": "#3",
        "archetypeName": "No Gate / No GS",
        "confidence": "medium",
        "zone": "perimeter",
        "truckGate": false,
        "guardShack": false,
        "remoteGs": false,
        "fastLaneOpportunity": false,
        "backupSensitive": false,
        "dropYard": false,
        "multipleFacilities": false,
        "scale": false,
        "shipRcvSeparate": false,
        "urbanRural": "Rural",
        "dockDoors": "10-25",
        "dropArea": "0-10",
        "yardMetrics": {
          "dockDoorCount": 18,
          "trailersVisible": 6,
          "trailerParkingCapacity": 12,
          "truckGateCount": 0,
          "buildingCount": 1,
          "siteAreaAcres": 16.6,
          "railServed": false
        }
      }
    },
    {
      "type": "Feature",
      "geometry": {
        "type": "Polygon",
        "coordinates": [
          [
            [
              -75.615401,
              40.598826
            ],
            [
              -75.615607,
              40.598617
            ],
            [
              -75.615264,
              40.598461
            ],
            [
              -75.615058,
              40.598669
            ],
            [
              -75.615401,
              40.598826
            ]
          ]
        ]
      },
      "properties": {
        "account": "kenco-logistics",
        "name": "Kenco MCS Allentown - Northampton PA",
        "type": "Multi-Client Distribution Center",
        "archetype": "#3",
        "archetypeName": "No Gate / No GS",
        "confidence": "medium",
        "zone": "truckGate"
      }
    },
    {
      "type": "Feature",
      "geometry": {
        "type": "Polygon",
        "coordinates": [
          [
            [
              -75.617736,
              40.598409
            ],
            [
              -75.617599,
              40.5982
            ],
            [
              -75.615607,
              40.599138
            ],
            [
              -75.615745,
              40.599347
            ],
            [
              -75.617736,
              40.598409
            ]
          ]
        ]
      },
      "properties": {
        "account": "kenco-logistics",
        "name": "Kenco MCS Allentown - Northampton PA",
        "type": "Multi-Client Distribution Center",
        "archetype": "#3",
        "archetypeName": "No Gate / No GS",
        "confidence": "medium",
        "zone": "dockApron",
        "index": 1
      }
    },
    {
      "type": "Feature",
      "geometry": {
        "type": "Polygon",
        "coordinates": [
          [
            [
              -96.831385,
              32.632925
            ],
            [
              -96.831385,
              32.63067
            ],
            [
              -96.826647,
              32.630728
            ],
            [
              -96.826647,
              32.632983
            ],
            [
              -96.831385,
              32.632925
            ]
          ]
        ]
      },
      "properties": {
        "account": "kenco-logistics",
        "name": "Kenco MCS Dallas I - DeSoto TX",
        "type": "Multi-Client Distribution Center / E-Commerce Fulfillment",
        "archetype": "#10",
        "archetypeName": "Ship/Rcv Separate (Gate+GS)",
        "confidence": "high",
        "zone": "perimeter",
        "truckGate": true,
        "guardShack": true,
        "remoteGs": false,
        "fastLaneOpportunity": true,
        "backupSensitive": false,
        "dropYard": true,
        "multipleFacilities": false,
        "scale": false,
        "shipRcvSeparate": true,
        "urbanRural": "Urban",
        "dockDoors": "50+",
        "dropArea": "50+",
        "yardMetrics": {
          "dockDoorCount": 80,
          "trailersVisible": 25,
          "trailerParkingCapacity": 160,
          "truckGateCount": 1,
          "buildingCount": 1,
          "siteAreaAcres": 35.3,
          "railServed": false
        }
      }
    },
    {
      "type": "Feature",
      "geometry": {
        "type": "Polygon",
        "coordinates": [
          [
            [
              -96.831385,
              32.632
            ],
            [
              -96.831385,
              32.631422
            ],
            [
              -96.830973,
              32.631422
            ],
            [
              -96.830973,
              32.632
            ],
            [
              -96.831385,
              32.632
            ]
          ]
        ]
      },
      "properties": {
        "account": "kenco-logistics",
        "name": "Kenco MCS Dallas I - DeSoto TX",
        "type": "Multi-Client Distribution Center / E-Commerce Fulfillment",
        "archetype": "#10",
        "archetypeName": "Ship/Rcv Separate (Gate+GS)",
        "confidence": "high",
        "zone": "truckGate"
      }
    },
    {
      "type": "Feature",
      "geometry": {
        "type": "Polygon",
        "coordinates": [
          [
            [
              -96.831317,
              32.63281
            ],
            [
              -96.831317,
              32.630843
            ],
            [
              -96.830218,
              32.630843
            ],
            [
              -96.830218,
              32.63281
            ],
            [
              -96.831317,
              32.63281
            ]
          ]
        ]
      },
      "properties": {
        "account": "kenco-logistics",
        "name": "Kenco MCS Dallas I - DeSoto TX",
        "type": "Multi-Client Distribution Center / E-Commerce Fulfillment",
        "archetype": "#10",
        "archetypeName": "Ship/Rcv Separate (Gate+GS)",
        "confidence": "high",
        "zone": "dropYard",
        "index": 1
      }
    },
    {
      "type": "Feature",
      "geometry": {
        "type": "Polygon",
        "coordinates": [
          [
            [
              -96.830287,
              32.632925
            ],
            [
              -96.830287,
              32.632694
            ],
            [
              -96.826647,
              32.632694
            ],
            [
              -96.826647,
              32.632925
            ],
            [
              -96.830287,
              32.632925
            ]
          ]
        ]
      },
      "properties": {
        "account": "kenco-logistics",
        "name": "Kenco MCS Dallas I - DeSoto TX",
        "type": "Multi-Client Distribution Center / E-Commerce Fulfillment",
        "archetype": "#10",
        "archetypeName": "Ship/Rcv Separate (Gate+GS)",
        "confidence": "high",
        "zone": "dockApron",
        "index": 1
      }
    },
    {
      "type": "Feature",
      "geometry": {
        "type": "Polygon",
        "coordinates": [
          [
            [
              -117.231166,
              33.842798
            ],
            [
              -117.231166,
              33.840688
            ],
            [
              -117.226977,
              33.840688
            ],
            [
              -117.226977,
              33.842798
            ],
            [
              -117.231166,
              33.842798
            ]
          ]
        ]
      },
      "properties": {
        "account": "kenco-logistics",
        "name": "Kenco MCS Perris I - Perris CA",
        "type": "Multi-Client Distribution Center / E-Commerce Fulfillment",
        "archetype": "#9",
        "archetypeName": "Gate + No GS (remote check-in)",
        "confidence": "medium",
        "zone": "perimeter",
        "truckGate": true,
        "guardShack": false,
        "remoteGs": true,
        "fastLaneOpportunity": true,
        "backupSensitive": false,
        "dropYard": true,
        "multipleFacilities": false,
        "scale": false,
        "shipRcvSeparate": true,
        "urbanRural": "Urban",
        "dockDoors": "50+",
        "dropArea": "50+",
        "yardMetrics": {
          "dockDoorCount": 90,
          "trailersVisible": 75,
          "trailerParkingCapacity": 170,
          "truckGateCount": 1,
          "buildingCount": 1,
          "siteAreaAcres": 30.5,
          "railServed": false
        }
      }
    },
    {
      "type": "Feature",
      "geometry": {
        "type": "Polygon",
        "coordinates": [
          [
            [
              -117.227183,
              33.842456
            ],
            [
              -117.227183,
              33.842
            ],
            [
              -117.22684,
              33.842
            ],
            [
              -117.22684,
              33.842456
            ],
            [
              -117.227183,
              33.842456
            ]
          ]
        ]
      },
      "properties": {
        "account": "kenco-logistics",
        "name": "Kenco MCS Perris I - Perris CA",
        "type": "Multi-Client Distribution Center / E-Commerce Fulfillment",
        "archetype": "#9",
        "archetypeName": "Gate + No GS (remote check-in)",
        "confidence": "medium",
        "zone": "truckGate"
      }
    },
    {
      "type": "Feature",
      "geometry": {
        "type": "Polygon",
        "coordinates": [
          [
            [
              -117.230273,
              33.842741
            ],
            [
              -117.230273,
              33.842456
            ],
            [
              -117.227389,
              33.842456
            ],
            [
              -117.227389,
              33.842741
            ],
            [
              -117.230273,
              33.842741
            ]
          ]
        ]
      },
      "properties": {
        "account": "kenco-logistics",
        "name": "Kenco MCS Perris I - Perris CA",
        "type": "Multi-Client Distribution Center / E-Commerce Fulfillment",
        "archetype": "#9",
        "archetypeName": "Gate + No GS (remote check-in)",
        "confidence": "medium",
        "zone": "dropYard",
        "index": 1
      }
    },
    {
      "type": "Feature",
      "geometry": {
        "type": "Polygon",
        "coordinates": [
          [
            [
              -117.231097,
              33.841087
            ],
            [
              -117.231097,
              33.840745
            ],
            [
              -117.227389,
              33.840745
            ],
            [
              -117.227389,
              33.841087
            ],
            [
              -117.231097,
              33.841087
            ]
          ]
        ]
      },
      "properties": {
        "account": "kenco-logistics",
        "name": "Kenco MCS Perris I - Perris CA",
        "type": "Multi-Client Distribution Center / E-Commerce Fulfillment",
        "archetype": "#9",
        "archetypeName": "Gate + No GS (remote check-in)",
        "confidence": "medium",
        "zone": "dropYard",
        "index": 2
      }
    },
    {
      "type": "Feature",
      "geometry": {
        "type": "Polygon",
        "coordinates": [
          [
            [
              -117.231097,
              33.841316
            ],
            [
              -117.231097,
              33.841087
            ],
            [
              -117.227389,
              33.841087
            ],
            [
              -117.227389,
              33.841316
            ],
            [
              -117.231097,
              33.841316
            ]
          ]
        ]
      },
      "properties": {
        "account": "kenco-logistics",
        "name": "Kenco MCS Perris I - Perris CA",
        "type": "Multi-Client Distribution Center / E-Commerce Fulfillment",
        "archetype": "#9",
        "archetypeName": "Gate + No GS (remote check-in)",
        "confidence": "medium",
        "zone": "dockApron",
        "index": 1
      }
    },
    {
      "type": "Feature",
      "geometry": {
        "type": "Polygon",
        "coordinates": [
          [
            [
              -117.233646,
              33.839948
            ],
            [
              -117.233646,
              33.837553
            ],
            [
              -117.227123,
              33.837553
            ],
            [
              -117.227123,
              33.839948
            ],
            [
              -117.233646,
              33.839948
            ]
          ]
        ]
      },
      "properties": {
        "account": "kenco-logistics",
        "name": "Kenco MCS Perris II - Perris CA",
        "type": "Multi-Client Distribution Center / E-Commerce Fulfillment",
        "archetype": "#9",
        "archetypeName": "Gate + No GS (remote check-in)",
        "confidence": "medium",
        "zone": "perimeter",
        "truckGate": true,
        "guardShack": false,
        "remoteGs": true,
        "fastLaneOpportunity": true,
        "backupSensitive": false,
        "dropYard": true,
        "multipleFacilities": true,
        "scale": false,
        "shipRcvSeparate": true,
        "urbanRural": "Urban",
        "dockDoors": "50+",
        "dropArea": "50+",
        "yardMetrics": {
          "dockDoorCount": 110,
          "trailersVisible": 95,
          "trailerParkingCapacity": 130,
          "truckGateCount": 1,
          "buildingCount": 1,
          "siteAreaAcres": 29.9,
          "railServed": false
        }
      }
    },
    {
      "type": "Feature",
      "geometry": {
        "type": "Polygon",
        "coordinates": [
          [
            [
              -117.233577,
              33.840348
            ],
            [
              -117.233577,
              33.839948
            ],
            [
              -117.227397,
              33.839948
            ],
            [
              -117.227397,
              33.840348
            ],
            [
              -117.233577,
              33.840348
            ]
          ]
        ]
      },
      "properties": {
        "account": "kenco-logistics",
        "name": "Kenco MCS Perris II - Perris CA",
        "type": "Multi-Client Distribution Center / E-Commerce Fulfillment",
        "archetype": "#9",
        "archetypeName": "Gate + No GS (remote check-in)",
        "confidence": "medium",
        "zone": "dropYard",
        "index": 1
      }
    },
    {
      "type": "Feature",
      "geometry": {
        "type": "Polygon",
        "coordinates": [
          [
            [
              -117.233509,
              33.837895
            ],
            [
              -117.233509,
              33.837553
            ],
            [
              -117.227397,
              33.837553
            ],
            [
              -117.227397,
              33.837895
            ],
            [
              -117.233509,
              33.837895
            ]
          ]
        ]
      },
      "properties": {
        "account": "kenco-logistics",
        "name": "Kenco MCS Perris II - Perris CA",
        "type": "Multi-Client Distribution Center / E-Commerce Fulfillment",
        "archetype": "#9",
        "archetypeName": "Gate + No GS (remote check-in)",
        "confidence": "medium",
        "zone": "dropYard",
        "index": 2
      }
    },
    {
      "type": "Feature",
      "geometry": {
        "type": "Polygon",
        "coordinates": [
          [
            [
              -117.233577,
              33.840177
            ],
            [
              -117.233577,
              33.839948
            ],
            [
              -117.227397,
              33.839948
            ],
            [
              -117.227397,
              33.840177
            ],
            [
              -117.233577,
              33.840177
            ]
          ]
        ]
      },
      "properties": {
        "account": "kenco-logistics",
        "name": "Kenco MCS Perris II - Perris CA",
        "type": "Multi-Client Distribution Center / E-Commerce Fulfillment",
        "archetype": "#9",
        "archetypeName": "Gate + No GS (remote check-in)",
        "confidence": "medium",
        "zone": "dockApron",
        "index": 1
      }
    },
    {
      "type": "Feature",
      "geometry": {
        "type": "Polygon",
        "coordinates": [
          [
            [
              -117.233509,
              33.838123
            ],
            [
              -117.233509,
              33.837895
            ],
            [
              -117.227397,
              33.837895
            ],
            [
              -117.227397,
              33.838123
            ],
            [
              -117.233509,
              33.838123
            ]
          ]
        ]
      },
      "properties": {
        "account": "kenco-logistics",
        "name": "Kenco MCS Perris II - Perris CA",
        "type": "Multi-Client Distribution Center / E-Commerce Fulfillment",
        "archetype": "#9",
        "archetypeName": "Gate + No GS (remote check-in)",
        "confidence": "medium",
        "zone": "dockApron",
        "index": 2
      }
    },
    {
      "type": "Feature",
      "geometry": {
        "type": "Polygon",
        "coordinates": [
          [
            [
              -117.662599,
              33.968139
            ],
            [
              -117.662599,
              33.964608
            ],
            [
              -117.660676,
              33.964608
            ],
            [
              -117.660676,
              33.968139
            ],
            [
              -117.662599,
              33.968139
            ]
          ]
        ]
      },
      "properties": {
        "account": "kenco-logistics",
        "name": "Kenco MCS Chino - Chino CA",
        "type": "Multi-Client Distribution Center",
        "archetype": "#9",
        "archetypeName": "Gate + No GS (remote check-in)",
        "confidence": "high",
        "zone": "perimeter",
        "truckGate": true,
        "guardShack": false,
        "remoteGs": true,
        "fastLaneOpportunity": true,
        "backupSensitive": false,
        "dropYard": true,
        "multipleFacilities": false,
        "scale": false,
        "shipRcvSeparate": true,
        "urbanRural": "Urban",
        "dockDoors": "50+",
        "dropArea": "25-50",
        "yardMetrics": {
          "dockDoorCount": 105,
          "trailersVisible": 60,
          "trailerParkingCapacity": 80,
          "truckGateCount": 2,
          "buildingCount": 1,
          "siteAreaAcres": 25.5,
          "railServed": false
        }
      }
    },
    {
      "type": "Feature",
      "geometry": {
        "type": "Polygon",
        "coordinates": [
          [
            [
              -117.662599,
              33.968025
            ],
            [
              -117.662599,
              33.967626
            ],
            [
              -117.662187,
              33.967626
            ],
            [
              -117.662187,
              33.968025
            ],
            [
              -117.662599,
              33.968025
            ]
          ]
        ]
      },
      "properties": {
        "account": "kenco-logistics",
        "name": "Kenco MCS Chino - Chino CA",
        "type": "Multi-Client Distribution Center",
        "archetype": "#9",
        "archetypeName": "Gate + No GS (remote check-in)",
        "confidence": "high",
        "zone": "truckGate"
      }
    },
    {
      "type": "Feature",
      "geometry": {
        "type": "Polygon",
        "coordinates": [
          [
            [
              -117.662599,
              33.968082
            ],
            [
              -117.662599,
              33.967285
            ],
            [
              -117.661843,
              33.967285
            ],
            [
              -117.661843,
              33.968082
            ],
            [
              -117.662599,
              33.968082
            ]
          ]
        ]
      },
      "properties": {
        "account": "kenco-logistics",
        "name": "Kenco MCS Chino - Chino CA",
        "type": "Multi-Client Distribution Center",
        "archetype": "#9",
        "archetypeName": "Gate + No GS (remote check-in)",
        "confidence": "high",
        "zone": "dropYard",
        "index": 1
      }
    },
    {
      "type": "Feature",
      "geometry": {
        "type": "Polygon",
        "coordinates": [
          [
            [
              -117.662461,
              33.96495
            ],
            [
              -117.662461,
              33.964722
            ],
            [
              -117.660813,
              33.964722
            ],
            [
              -117.660813,
              33.96495
            ],
            [
              -117.662461,
              33.96495
            ]
          ]
        ]
      },
      "properties": {
        "account": "kenco-logistics",
        "name": "Kenco MCS Chino - Chino CA",
        "type": "Multi-Client Distribution Center",
        "archetype": "#9",
        "archetypeName": "Gate + No GS (remote check-in)",
        "confidence": "high",
        "zone": "dockApron",
        "index": 1
      }
    },
    {
      "type": "Feature",
      "geometry": {
        "type": "Polygon",
        "coordinates": [
          [
            [
              -84.575173,
              33.778234
            ],
            [
              -84.575173,
              33.777492
            ],
            [
              -84.574487,
              33.777492
            ],
            [
              -84.574487,
              33.778234
            ],
            [
              -84.575173,
              33.778234
            ]
          ]
        ]
      },
      "properties": {
        "account": "kenco-logistics",
        "name": "Kenco MCS Georgia I - Austell GA",
        "type": "Multi-Client Distribution Center",
        "archetype": "#3",
        "archetypeName": "No Gate / No GS",
        "confidence": "low",
        "zone": "perimeter",
        "truckGate": false,
        "guardShack": false,
        "remoteGs": false,
        "fastLaneOpportunity": false,
        "backupSensitive": false,
        "dropYard": false,
        "multipleFacilities": false,
        "scale": false,
        "shipRcvSeparate": false,
        "urbanRural": "Urban",
        "dockDoors": "NONE",
        "dropArea": "NONE",
        "yardMetrics": {
          "dockDoorCount": 0,
          "trailersVisible": 0,
          "trailerParkingCapacity": 0,
          "truckGateCount": 1,
          "buildingCount": 1,
          "siteAreaAcres": 0,
          "railServed": false
        }
      }
    },
    {
      "type": "Feature",
      "geometry": {
        "type": "Polygon",
        "coordinates": [
          [
            [
              -84.575173,
              33.778234
            ],
            [
              -84.575173,
              33.777492
            ],
            [
              -84.574487,
              33.777492
            ],
            [
              -84.574487,
              33.778234
            ],
            [
              -84.575173,
              33.778234
            ]
          ]
        ]
      },
      "properties": {
        "account": "kenco-logistics",
        "name": "Kenco MCS Georgia II - Austell GA",
        "type": "Multi-Client Distribution Center",
        "archetype": "#3",
        "archetypeName": "No Gate / No GS",
        "confidence": "low",
        "zone": "perimeter",
        "truckGate": false,
        "guardShack": false,
        "remoteGs": false,
        "fastLaneOpportunity": false,
        "backupSensitive": false,
        "dropYard": false,
        "multipleFacilities": false,
        "scale": false,
        "shipRcvSeparate": false,
        "urbanRural": "Urban",
        "dockDoors": "NONE",
        "dropArea": "NONE",
        "yardMetrics": {
          "dockDoorCount": 0,
          "trailersVisible": 0,
          "trailerParkingCapacity": 0,
          "truckGateCount": 1,
          "buildingCount": 1,
          "siteAreaAcres": 0,
          "railServed": false
        }
      }
    },
    {
      "type": "Feature",
      "geometry": {
        "type": "Polygon",
        "coordinates": [
          [
            [
              -85.68077,
              38.39008
            ],
            [
              -85.679138,
              38.389084
            ],
            [
              -85.676474,
              38.391804
            ],
            [
              -85.678106,
              38.3928
            ],
            [
              -85.68077,
              38.39008
            ]
          ]
        ]
      },
      "properties": {
        "account": "kenco-logistics",
        "name": "Kenco MCS Jeffersonville II - Jeffersonville IN",
        "type": "Multi-Client Distribution Center",
        "archetype": "#3",
        "archetypeName": "No Gate / No GS",
        "confidence": "medium",
        "zone": "perimeter",
        "truckGate": false,
        "guardShack": false,
        "remoteGs": false,
        "fastLaneOpportunity": false,
        "backupSensitive": false,
        "dropYard": false,
        "multipleFacilities": true,
        "scale": false,
        "shipRcvSeparate": false,
        "urbanRural": "Rural",
        "dockDoors": "50+",
        "dropArea": "10-25",
        "yardMetrics": {
          "dockDoorCount": 90,
          "trailersVisible": 22,
          "trailerParkingCapacity": 35,
          "truckGateCount": 1,
          "buildingCount": 1,
          "siteAreaAcres": 39.4,
          "railServed": false
        }
      }
    },
    {
      "type": "Feature",
      "geometry": {
        "type": "Polygon",
        "coordinates": [
          [
            [
              -85.67979,
              38.389196
            ],
            [
              -85.679518,
              38.38903
            ],
            [
              -85.679308,
              38.389244
            ],
            [
              -85.67958,
              38.38941
            ],
            [
              -85.67979,
              38.389196
            ]
          ]
        ]
      },
      "properties": {
        "account": "kenco-logistics",
        "name": "Kenco MCS Jeffersonville II - Jeffersonville IN",
        "type": "Multi-Client Distribution Center",
        "archetype": "#3",
        "archetypeName": "No Gate / No GS",
        "confidence": "medium",
        "zone": "truckGate"
      }
    },
    {
      "type": "Feature",
      "geometry": {
        "type": "Polygon",
        "coordinates": [
          [
            [
              -85.680532,
              38.389289
            ],
            [
              -85.680314,
              38.389156
            ],
            [
              -85.678842,
              38.390659
            ],
            [
              -85.67906,
              38.390792
            ],
            [
              -85.680532,
              38.389289
            ]
          ]
        ]
      },
      "properties": {
        "account": "kenco-logistics",
        "name": "Kenco MCS Jeffersonville II - Jeffersonville IN",
        "type": "Multi-Client Distribution Center",
        "archetype": "#3",
        "archetypeName": "No Gate / No GS",
        "confidence": "medium",
        "zone": "dockApron",
        "index": 1
      }
    },
    {
      "type": "Feature",
      "geometry": {
        "type": "Polygon",
        "coordinates": [
          [
            [
              -85.755197,
              38.378415
            ],
            [
              -85.754785,
              38.376477
            ],
            [
              -85.750803,
              38.37314
            ],
            [
              -85.748331,
              38.376693
            ],
            [
              -85.752039,
              38.379061
            ],
            [
              -85.755197,
              38.378415
            ]
          ]
        ]
      },
      "properties": {
        "account": "kenco-logistics",
        "name": "Kenco MCS Jeffersonville III - Sellersburg IN",
        "type": "Multi-Client Distribution Center",
        "archetype": "#3",
        "archetypeName": "No Gate / No GS",
        "confidence": "high",
        "zone": "perimeter",
        "truckGate": false,
        "guardShack": false,
        "remoteGs": false,
        "fastLaneOpportunity": true,
        "backupSensitive": false,
        "dropYard": true,
        "multipleFacilities": true,
        "scale": false,
        "shipRcvSeparate": false,
        "urbanRural": "Rural",
        "dockDoors": "25-50",
        "dropArea": "25-50",
        "yardMetrics": {
          "dockDoorCount": 60,
          "trailersVisible": 55,
          "trailerParkingCapacity": 120,
          "truckGateCount": 1,
          "buildingCount": 2,
          "siteAreaAcres": 96,
          "railServed": false
        }
      }
    },
    {
      "type": "Feature",
      "geometry": {
        "type": "Polygon",
        "coordinates": [
          [
            [
              -85.750803,
              38.380245
            ],
            [
              -85.751215,
              38.379815
            ],
            [
              -85.750391,
              38.379492
            ],
            [
              -85.749979,
              38.379922
            ],
            [
              -85.750803,
              38.380245
            ]
          ]
        ]
      },
      "properties": {
        "account": "kenco-logistics",
        "name": "Kenco MCS Jeffersonville III - Sellersburg IN",
        "type": "Multi-Client Distribution Center",
        "archetype": "#3",
        "archetypeName": "No Gate / No GS",
        "confidence": "high",
        "zone": "truckGate"
      }
    },
    {
      "type": "Feature",
      "geometry": {
        "type": "Polygon",
        "coordinates": [
          [
            [
              -85.754373,
              38.3782
            ],
            [
              -85.753961,
              38.377662
            ],
            [
              -85.749841,
              38.379707
            ],
            [
              -85.750253,
              38.380245
            ],
            [
              -85.754373,
              38.3782
            ]
          ]
        ]
      },
      "properties": {
        "account": "kenco-logistics",
        "name": "Kenco MCS Jeffersonville III - Sellersburg IN",
        "type": "Multi-Client Distribution Center",
        "archetype": "#3",
        "archetypeName": "No Gate / No GS",
        "confidence": "high",
        "zone": "dropYard",
        "index": 1
      }
    },
    {
      "type": "Feature",
      "geometry": {
        "type": "Polygon",
        "coordinates": [
          [
            [
              -85.754785,
              38.377769
            ],
            [
              -85.754511,
              38.377339
            ],
            [
              -85.750391,
              38.379384
            ],
            [
              -85.750665,
              38.379815
            ],
            [
              -85.754785,
              38.377769
            ]
          ]
        ]
      },
      "properties": {
        "account": "kenco-logistics",
        "name": "Kenco MCS Jeffersonville III - Sellersburg IN",
        "type": "Multi-Client Distribution Center",
        "archetype": "#3",
        "archetypeName": "No Gate / No GS",
        "confidence": "high",
        "zone": "dockApron",
        "index": 1
      }
    },
    {
      "type": "Feature",
      "geometry": {
        "type": "Polygon",
        "coordinates": [
          [
            [
              -96.803772,
              32.639813
            ],
            [
              -96.804321,
              32.631949
            ],
            [
              -96.797455,
              32.631024
            ],
            [
              -96.796905,
              32.639582
            ],
            [
              -96.803772,
              32.639813
            ]
          ]
        ]
      },
      "properties": {
        "account": "kenco-logistics",
        "name": "Kenco MCS Dallas III - Lancaster TX",
        "type": "Multi-Client Distribution Center",
        "archetype": "#3",
        "archetypeName": "No Gate / No GS",
        "confidence": "medium",
        "zone": "perimeter",
        "truckGate": false,
        "guardShack": false,
        "remoteGs": false,
        "fastLaneOpportunity": true,
        "backupSensitive": false,
        "dropYard": true,
        "multipleFacilities": true,
        "scale": false,
        "shipRcvSeparate": true,
        "urbanRural": "Urban",
        "dockDoors": "50+",
        "dropArea": "50+",
        "yardMetrics": {
          "dockDoorCount": 110,
          "trailersVisible": 120,
          "trailerParkingCapacity": 220,
          "truckGateCount": 2,
          "buildingCount": 1,
          "siteAreaAcres": 78,
          "railServed": false
        }
      }
    },
    {
      "type": "Feature",
      "geometry": {
        "type": "Polygon",
        "coordinates": [
          [
            [
              -96.803497,
              32.639582
            ],
            [
              -96.803497,
              32.636575
            ],
            [
              -96.799377,
              32.636344
            ],
            [
              -96.799103,
              32.63935
            ],
            [
              -96.803497,
              32.639582
            ]
          ]
        ]
      },
      "properties": {
        "account": "kenco-logistics",
        "name": "Kenco MCS Dallas III - Lancaster TX",
        "type": "Multi-Client Distribution Center",
        "archetype": "#3",
        "archetypeName": "No Gate / No GS",
        "confidence": "medium",
        "zone": "dropYard",
        "index": 1
      }
    },
    {
      "type": "Feature",
      "geometry": {
        "type": "Polygon",
        "coordinates": [
          [
            [
              -96.804047,
              32.634724
            ],
            [
              -96.804321,
              32.633799
            ],
            [
              -96.798828,
              32.632874
            ],
            [
              -96.798553,
              32.633799
            ],
            [
              -96.804047,
              32.634724
            ]
          ]
        ]
      },
      "properties": {
        "account": "kenco-logistics",
        "name": "Kenco MCS Dallas III - Lancaster TX",
        "type": "Multi-Client Distribution Center",
        "archetype": "#3",
        "archetypeName": "No Gate / No GS",
        "confidence": "medium",
        "zone": "dockApron",
        "index": 1
      }
    },
    {
      "type": "Feature",
      "geometry": {
        "type": "Polygon",
        "coordinates": [
          [
            [
              -96.799961,
              32.639578
            ],
            [
              -96.799824,
              32.635531
            ],
            [
              -96.797489,
              32.635531
            ],
            [
              -96.797352,
              32.639578
            ],
            [
              -96.799961,
              32.639578
            ]
          ]
        ]
      },
      "properties": {
        "account": "kenco-logistics",
        "name": "Kenco MCS Dallas IV - Lancaster TX",
        "type": "Multi-Client Distribution Center",
        "archetype": "#3",
        "archetypeName": "No Gate / No GS",
        "confidence": "medium",
        "zone": "perimeter",
        "truckGate": false,
        "guardShack": false,
        "remoteGs": false,
        "fastLaneOpportunity": true,
        "backupSensitive": false,
        "dropYard": true,
        "multipleFacilities": true,
        "scale": false,
        "shipRcvSeparate": true,
        "urbanRural": "Urban",
        "dockDoors": "50+",
        "dropArea": "50+",
        "yardMetrics": {
          "dockDoorCount": 95,
          "trailersVisible": 90,
          "trailerParkingCapacity": 170,
          "truckGateCount": 2,
          "buildingCount": 1,
          "siteAreaAcres": 62,
          "railServed": false
        }
      }
    },
    {
      "type": "Feature",
      "geometry": {
        "type": "Polygon",
        "coordinates": [
          [
            [
              -96.799275,
              32.637959
            ],
            [
              -96.799275,
              32.637381
            ],
            [
              -96.797489,
              32.637381
            ],
            [
              -96.797489,
              32.637959
            ],
            [
              -96.799275,
              32.637959
            ]
          ]
        ]
      },
      "properties": {
        "account": "kenco-logistics",
        "name": "Kenco MCS Dallas IV - Lancaster TX",
        "type": "Multi-Client Distribution Center",
        "archetype": "#3",
        "archetypeName": "No Gate / No GS",
        "confidence": "medium",
        "zone": "dropYard",
        "index": 1
      }
    },
    {
      "type": "Feature",
      "geometry": {
        "type": "Polygon",
        "coordinates": [
          [
            [
              -96.799687,
              32.63715
            ],
            [
              -96.799687,
              32.636687
            ],
            [
              -96.797489,
              32.636687
            ],
            [
              -96.797489,
              32.63715
            ],
            [
              -96.799687,
              32.63715
            ]
          ]
        ]
      },
      "properties": {
        "account": "kenco-logistics",
        "name": "Kenco MCS Dallas IV - Lancaster TX",
        "type": "Multi-Client Distribution Center",
        "archetype": "#3",
        "archetypeName": "No Gate / No GS",
        "confidence": "medium",
        "zone": "dockApron",
        "index": 1
      }
    },
    {
      "type": "Feature",
      "geometry": {
        "type": "Polygon",
        "coordinates": [
          [
            [
              -96.805173,
              32.633078
            ],
            [
              -96.805173,
              32.630765
            ],
            [
              -96.802976,
              32.630765
            ],
            [
              -96.802976,
              32.633078
            ],
            [
              -96.805173,
              32.633078
            ]
          ]
        ]
      },
      "properties": {
        "account": "kenco-logistics",
        "name": "Kenco MCS Dallas II - Lancaster TX",
        "type": "Multi-Client Distribution Center",
        "archetype": "#3",
        "archetypeName": "No Gate / No GS",
        "confidence": "medium",
        "zone": "perimeter",
        "truckGate": false,
        "guardShack": false,
        "remoteGs": false,
        "fastLaneOpportunity": true,
        "backupSensitive": false,
        "dropYard": true,
        "multipleFacilities": true,
        "scale": false,
        "shipRcvSeparate": false,
        "urbanRural": "Urban",
        "dockDoors": "25-50",
        "dropArea": "10-25",
        "yardMetrics": {
          "dockDoorCount": 38,
          "trailersVisible": 25,
          "trailerParkingCapacity": 55,
          "truckGateCount": 1,
          "buildingCount": 1,
          "siteAreaAcres": 26,
          "railServed": false
        }
      }
    },
    {
      "type": "Feature",
      "geometry": {
        "type": "Polygon",
        "coordinates": [
          [
            [
              -96.805173,
              32.632905
            ],
            [
              -96.805173,
              32.6325
            ],
            [
              -96.804761,
              32.6325
            ],
            [
              -96.804761,
              32.632905
            ],
            [
              -96.805173,
              32.632905
            ]
          ]
        ]
      },
      "properties": {
        "account": "kenco-logistics",
        "name": "Kenco MCS Dallas II - Lancaster TX",
        "type": "Multi-Client Distribution Center",
        "archetype": "#3",
        "archetypeName": "No Gate / No GS",
        "confidence": "medium",
        "zone": "truckGate"
      }
    },
    {
      "type": "Feature",
      "geometry": {
        "type": "Polygon",
        "coordinates": [
          [
            [
              -96.803457,
              32.632789
            ],
            [
              -96.803457,
              32.630881
            ],
            [
              -96.802976,
              32.630881
            ],
            [
              -96.802976,
              32.632789
            ],
            [
              -96.803457,
              32.632789
            ]
          ]
        ]
      },
      "properties": {
        "account": "kenco-logistics",
        "name": "Kenco MCS Dallas II - Lancaster TX",
        "type": "Multi-Client Distribution Center",
        "archetype": "#3",
        "archetypeName": "No Gate / No GS",
        "confidence": "medium",
        "zone": "dockApron",
        "index": 1
      }
    },
    {
      "type": "Feature",
      "geometry": {
        "type": "Polygon",
        "coordinates": [
          [
            [
              -82.919573,
              39.841187
            ],
            [
              -82.919573,
              39.836969
            ],
            [
              -82.916003,
              39.836969
            ],
            [
              -82.916003,
              39.841187
            ],
            [
              -82.919573,
              39.841187
            ]
          ]
        ]
      },
      "properties": {
        "account": "kenco-logistics",
        "name": "Kenco LIXIL Americas DC - Groveport OH",
        "type": "Dedicated Distribution Center",
        "archetype": "#3",
        "archetypeName": "No Gate / No GS",
        "confidence": "high",
        "zone": "perimeter",
        "truckGate": false,
        "guardShack": false,
        "remoteGs": false,
        "fastLaneOpportunity": true,
        "backupSensitive": false,
        "dropYard": true,
        "multipleFacilities": true,
        "scale": false,
        "shipRcvSeparate": true,
        "urbanRural": "Urban",
        "dockDoors": "50+",
        "dropArea": "50+",
        "yardMetrics": {
          "dockDoorCount": 90,
          "trailersVisible": 75,
          "trailerParkingCapacity": 160,
          "truckGateCount": 2,
          "buildingCount": 2,
          "siteAreaAcres": 70,
          "railServed": false
        }
      }
    },
    {
      "type": "Feature",
      "geometry": {
        "type": "Polygon",
        "coordinates": [
          [
            [
              -82.919573,
              39.838235
            ],
            [
              -82.919573,
              39.837391
            ],
            [
              -82.918749,
              39.837391
            ],
            [
              -82.918749,
              39.838235
            ],
            [
              -82.919573,
              39.838235
            ]
          ]
        ]
      },
      "properties": {
        "account": "kenco-logistics",
        "name": "Kenco LIXIL Americas DC - Groveport OH",
        "type": "Dedicated Distribution Center",
        "archetype": "#3",
        "archetypeName": "No Gate / No GS",
        "confidence": "high",
        "zone": "truckGate"
      }
    },
    {
      "type": "Feature",
      "geometry": {
        "type": "Polygon",
        "coordinates": [
          [
            [
              -82.919573,
              39.841082
            ],
            [
              -82.919573,
              39.840554
            ],
            [
              -82.916003,
              39.840554
            ],
            [
              -82.916003,
              39.841082
            ],
            [
              -82.919573,
              39.841082
            ]
          ]
        ]
      },
      "properties": {
        "account": "kenco-logistics",
        "name": "Kenco LIXIL Americas DC - Groveport OH",
        "type": "Dedicated Distribution Center",
        "archetype": "#3",
        "archetypeName": "No Gate / No GS",
        "confidence": "high",
        "zone": "dockApron",
        "index": 1
      }
    },
    {
      "type": "Feature",
      "geometry": {
        "type": "Polygon",
        "coordinates": [
          [
            [
              -85.178631,
              35.072449
            ],
            [
              -85.178699,
              35.070819
            ],
            [
              -85.176296,
              35.070651
            ],
            [
              -85.176159,
              35.072337
            ],
            [
              -85.178631,
              35.072449
            ]
          ]
        ]
      },
      "properties": {
        "account": "kenco-logistics",
        "name": "Kenco MCS Chattanooga CH29 - Chattanooga TN",
        "type": "Multi-Client Distribution Center",
        "archetype": "#3",
        "archetypeName": "No Gate / No GS",
        "confidence": "medium",
        "zone": "perimeter",
        "truckGate": false,
        "guardShack": false,
        "remoteGs": false,
        "fastLaneOpportunity": true,
        "backupSensitive": false,
        "dropYard": true,
        "multipleFacilities": false,
        "scale": false,
        "shipRcvSeparate": false,
        "urbanRural": "Urban",
        "dockDoors": "25-50",
        "dropArea": "10-25",
        "yardMetrics": {
          "dockDoorCount": 38,
          "trailersVisible": 14,
          "trailerParkingCapacity": 25,
          "truckGateCount": 1,
          "buildingCount": 1,
          "siteAreaAcres": 16.5,
          "railServed": false
        }
      }
    },
    {
      "type": "Feature",
      "geometry": {
        "type": "Polygon",
        "coordinates": [
          [
            [
              -85.178562,
              35.072393
            ],
            [
              -85.178631,
              35.072056
            ],
            [
              -85.176296,
              35.071943
            ],
            [
              -85.176227,
              35.072281
            ],
            [
              -85.178562,
              35.072393
            ]
          ]
        ]
      },
      "properties": {
        "account": "kenco-logistics",
        "name": "Kenco MCS Chattanooga CH29 - Chattanooga TN",
        "type": "Multi-Client Distribution Center",
        "archetype": "#3",
        "archetypeName": "No Gate / No GS",
        "confidence": "medium",
        "zone": "dropYard",
        "index": 1
      }
    },
    {
      "type": "Feature",
      "geometry": {
        "type": "Polygon",
        "coordinates": [
          [
            [
              -85.178699,
              35.0711
            ],
            [
              -85.178699,
              35.070876
            ],
            [
              -85.176365,
              35.070707
            ],
            [
              -85.176296,
              35.070932
            ],
            [
              -85.178699,
              35.0711
            ]
          ]
        ]
      },
      "properties": {
        "account": "kenco-logistics",
        "name": "Kenco MCS Chattanooga CH29 - Chattanooga TN",
        "type": "Multi-Client Distribution Center",
        "archetype": "#3",
        "archetypeName": "No Gate / No GS",
        "confidence": "medium",
        "zone": "dockApron",
        "index": 1
      }
    },
    {
      "type": "Feature",
      "geometry": {
        "type": "Polygon",
        "coordinates": [
          [
            [
              -85.183623,
              35.070132
            ],
            [
              -85.183761,
              35.068783
            ],
            [
              -85.181289,
              35.06867
            ],
            [
              -85.181151,
              35.070019
            ],
            [
              -85.183623,
              35.070132
            ]
          ]
        ]
      },
      "properties": {
        "account": "kenco-logistics",
        "name": "Kenco MCS Chattanooga CH7B - Chattanooga TN",
        "type": "Multi-Client Distribution Center",
        "archetype": "#3",
        "archetypeName": "No Gate / No GS",
        "confidence": "medium",
        "zone": "perimeter",
        "truckGate": false,
        "guardShack": false,
        "remoteGs": false,
        "fastLaneOpportunity": true,
        "backupSensitive": false,
        "dropYard": true,
        "multipleFacilities": false,
        "scale": false,
        "shipRcvSeparate": false,
        "urbanRural": "Urban",
        "dockDoors": "25-50",
        "dropArea": "10-25",
        "yardMetrics": {
          "dockDoorCount": 34,
          "trailersVisible": 6,
          "trailerParkingCapacity": 20,
          "truckGateCount": 1,
          "buildingCount": 1,
          "siteAreaAcres": 13.5,
          "railServed": false
        }
      }
    },
    {
      "type": "Feature",
      "geometry": {
        "type": "Polygon",
        "coordinates": [
          [
            [
              -85.183692,
              35.069232
            ],
            [
              -85.183761,
              35.068895
            ],
            [
              -85.181357,
              35.068727
            ],
            [
              -85.181289,
              35.069064
            ],
            [
              -85.183692,
              35.069232
            ]
          ]
        ]
      },
      "properties": {
        "account": "kenco-logistics",
        "name": "Kenco MCS Chattanooga CH7B - Chattanooga TN",
        "type": "Multi-Client Distribution Center",
        "archetype": "#3",
        "archetypeName": "No Gate / No GS",
        "confidence": "medium",
        "zone": "dockApron",
        "index": 1
      }
    },
    {
      "type": "Feature",
      "geometry": {
        "type": "Polygon",
        "coordinates": [
          [
            [
              -85.177587,
              35.069683
            ],
            [
              -85.177313,
              35.068166
            ],
            [
              -85.174909,
              35.068728
            ],
            [
              -85.175184,
              35.070302
            ],
            [
              -85.177587,
              35.069683
            ]
          ]
        ]
      },
      "properties": {
        "account": "kenco-logistics",
        "name": "Kenco MCS Chattanooga BP2 - Chattanooga TN",
        "type": "Multi-Client Distribution Center",
        "archetype": "#3",
        "archetypeName": "No Gate / No GS",
        "confidence": "medium",
        "zone": "perimeter",
        "truckGate": false,
        "guardShack": false,
        "remoteGs": false,
        "fastLaneOpportunity": true,
        "backupSensitive": false,
        "dropYard": true,
        "multipleFacilities": false,
        "scale": false,
        "shipRcvSeparate": false,
        "urbanRural": "Urban",
        "dockDoors": "25-50",
        "dropArea": "10-25",
        "yardMetrics": {
          "dockDoorCount": 26,
          "trailersVisible": 15,
          "trailerParkingCapacity": 22,
          "truckGateCount": 1,
          "buildingCount": 1,
          "siteAreaAcres": 12.5,
          "railServed": false
        }
      }
    },
    {
      "type": "Feature",
      "geometry": {
        "type": "Polygon",
        "coordinates": [
          [
            [
              -85.177107,
              35.070414
            ],
            [
              -85.177175,
              35.069627
            ],
            [
              -85.175665,
              35.069571
            ],
            [
              -85.175596,
              35.070358
            ],
            [
              -85.177107,
              35.070414
            ]
          ]
        ]
      },
      "properties": {
        "account": "kenco-logistics",
        "name": "Kenco MCS Chattanooga BP2 - Chattanooga TN",
        "type": "Multi-Client Distribution Center",
        "archetype": "#3",
        "archetypeName": "No Gate / No GS",
        "confidence": "medium",
        "zone": "dropYard",
        "index": 1
      }
    },
    {
      "type": "Feature",
      "geometry": {
        "type": "Polygon",
        "coordinates": [
          [
            [
              -85.177587,
              35.070414
            ],
            [
              -85.177725,
              35.06884
            ],
            [
              -85.177244,
              35.06884
            ],
            [
              -85.177107,
              35.070414
            ],
            [
              -85.177587,
              35.070414
            ]
          ]
        ]
      },
      "properties": {
        "account": "kenco-logistics",
        "name": "Kenco MCS Chattanooga BP2 - Chattanooga TN",
        "type": "Multi-Client Distribution Center",
        "archetype": "#3",
        "archetypeName": "No Gate / No GS",
        "confidence": "medium",
        "zone": "dockApron",
        "index": 1
      }
    },
    {
      "type": "Feature",
      "geometry": {
        "type": "Polygon",
        "coordinates": [
          [
            [
              -111.996525,
              41.249158
            ],
            [
              -111.996937,
              41.246938
            ],
            [
              -111.995426,
              41.246783
            ],
            [
              -111.995014,
              41.249003
            ],
            [
              -111.996525,
              41.249158
            ]
          ]
        ]
      },
      "properties": {
        "account": "kenco-logistics",
        "name": "Kenco MCS Ogden I - Ogden UT",
        "type": "Multi-Client Distribution Center",
        "archetype": "#3",
        "archetypeName": "No Gate / No GS",
        "confidence": "high",
        "zone": "perimeter",
        "truckGate": false,
        "guardShack": false,
        "remoteGs": false,
        "fastLaneOpportunity": true,
        "backupSensitive": false,
        "dropYard": true,
        "multipleFacilities": false,
        "scale": false,
        "shipRcvSeparate": false,
        "urbanRural": "Urban",
        "dockDoors": "25-50",
        "dropArea": "10-25",
        "yardMetrics": {
          "dockDoorCount": 46,
          "trailersVisible": 12,
          "trailerParkingCapacity": 30,
          "truckGateCount": 1,
          "buildingCount": 1,
          "siteAreaAcres": 18,
          "railServed": false
        }
      }
    },
    {
      "type": "Feature",
      "geometry": {
        "type": "Polygon",
        "coordinates": [
          [
            [
              -111.996525,
              41.249106
            ],
            [
              -111.996593,
              41.248848
            ],
            [
              -111.99522,
              41.248693
            ],
            [
              -111.995151,
              41.248951
            ],
            [
              -111.996525,
              41.249106
            ]
          ]
        ]
      },
      "properties": {
        "account": "kenco-logistics",
        "name": "Kenco MCS Ogden I - Ogden UT",
        "type": "Multi-Client Distribution Center",
        "archetype": "#3",
        "archetypeName": "No Gate / No GS",
        "confidence": "high",
        "zone": "dockApron",
        "index": 1
      }
    },
    {
      "type": "Feature",
      "geometry": {
        "type": "Polygon",
        "coordinates": [
          [
            [
              -112.035012,
              41.101262
            ],
            [
              -112.034943,
              41.10059
            ],
            [
              -112.034051,
              41.100771
            ],
            [
              -112.034119,
              41.101417
            ],
            [
              -112.035012,
              41.101262
            ]
          ]
        ]
      },
      "properties": {
        "account": "kenco-logistics",
        "name": "Kenco MCS Clearfield - Clearfield UT",
        "type": "Multi-Client Distribution Center",
        "archetype": "#3",
        "archetypeName": "No Gate / No GS",
        "confidence": "high",
        "zone": "perimeter",
        "truckGate": false,
        "guardShack": false,
        "remoteGs": false,
        "fastLaneOpportunity": false,
        "backupSensitive": true,
        "dropYard": false,
        "multipleFacilities": true,
        "scale": false,
        "shipRcvSeparate": true,
        "urbanRural": "Urban",
        "dockDoors": "10-25",
        "dropArea": "0-10",
        "yardMetrics": {
          "dockDoorCount": 16,
          "trailersVisible": 7,
          "trailerParkingCapacity": 10,
          "truckGateCount": 0,
          "buildingCount": 1,
          "siteAreaAcres": 5.5,
          "railServed": true
        }
      }
    },
    {
      "type": "Feature",
      "geometry": {
        "type": "Polygon",
        "coordinates": [
          [
            [
              -112.034875,
              41.101003
            ],
            [
              -112.034875,
              41.100771
            ],
            [
              -112.034188,
              41.100771
            ],
            [
              -112.034188,
              41.101003
            ],
            [
              -112.034875,
              41.101003
            ]
          ]
        ]
      },
      "properties": {
        "account": "kenco-logistics",
        "name": "Kenco MCS Clearfield - Clearfield UT",
        "type": "Multi-Client Distribution Center",
        "archetype": "#3",
        "archetypeName": "No Gate / No GS",
        "confidence": "high",
        "zone": "dropYard",
        "index": 1
      }
    },
    {
      "type": "Feature",
      "geometry": {
        "type": "Polygon",
        "coordinates": [
          [
            [
              -112.035046,
              41.101159
            ],
            [
              -112.035046,
              41.101055
            ],
            [
              -112.034188,
              41.101055
            ],
            [
              -112.034188,
              41.101159
            ],
            [
              -112.035046,
              41.101159
            ]
          ]
        ]
      },
      "properties": {
        "account": "kenco-logistics",
        "name": "Kenco MCS Clearfield - Clearfield UT",
        "type": "Multi-Client Distribution Center",
        "archetype": "#3",
        "archetypeName": "No Gate / No GS",
        "confidence": "high",
        "zone": "dockApron",
        "index": 1
      }
    },
    {
      "type": "Feature",
      "geometry": {
        "type": "Polygon",
        "coordinates": [
          [
            [
              -87.870961,
              37.937666
            ],
            [
              -87.870961,
              37.93355
            ],
            [
              -87.86794,
              37.93355
            ],
            [
              -87.86794,
              37.937666
            ],
            [
              -87.870961,
              37.937666
            ]
          ]
        ]
      },
      "properties": {
        "account": "kenco-logistics",
        "name": "Kenco Mead Johnson DC - Mount Vernon IN",
        "type": "Dedicated Distribution Center",
        "archetype": "#3",
        "archetypeName": "No Gate / No GS",
        "confidence": "low",
        "zone": "perimeter",
        "truckGate": false,
        "guardShack": false,
        "remoteGs": false,
        "fastLaneOpportunity": true,
        "backupSensitive": false,
        "dropYard": true,
        "multipleFacilities": false,
        "scale": false,
        "shipRcvSeparate": false,
        "urbanRural": "Rural",
        "dockDoors": "25-50",
        "dropArea": "NONE",
        "yardMetrics": {
          "dockDoorCount": 40,
          "trailersVisible": 0,
          "trailerParkingCapacity": 60,
          "truckGateCount": 1,
          "buildingCount": 1,
          "siteAreaAcres": 53,
          "railServed": false
        }
      }
    },
    {
      "type": "Feature",
      "geometry": {
        "type": "Polygon",
        "coordinates": [
          [
            [
              -87.870961,
              37.93745
            ],
            [
              -87.870961,
              37.936583
            ],
            [
              -87.87,
              37.936583
            ],
            [
              -87.87,
              37.93745
            ],
            [
              -87.870961,
              37.93745
            ]
          ]
        ]
      },
      "properties": {
        "account": "kenco-logistics",
        "name": "Kenco Mead Johnson DC - Mount Vernon IN",
        "type": "Dedicated Distribution Center",
        "archetype": "#3",
        "archetypeName": "No Gate / No GS",
        "confidence": "low",
        "zone": "truckGate"
      }
    },
    {
      "type": "Feature",
      "geometry": {
        "type": "Polygon",
        "coordinates": [
          [
            [
              -84.92726,
              34.435512
            ],
            [
              -84.92726,
              34.431888
            ],
            [
              -84.921355,
              34.431888
            ],
            [
              -84.921355,
              34.435512
            ],
            [
              -84.92726,
              34.435512
            ]
          ]
        ]
      },
      "properties": {
        "account": "kenco-logistics",
        "name": "Kenco Kerry Group DC - Calhoun GA",
        "type": "Dedicated Distribution Center",
        "archetype": "#3",
        "archetypeName": "No Gate / No GS",
        "confidence": "high",
        "zone": "perimeter",
        "truckGate": false,
        "guardShack": false,
        "remoteGs": false,
        "fastLaneOpportunity": false,
        "backupSensitive": false,
        "dropYard": true,
        "multipleFacilities": true,
        "scale": false,
        "shipRcvSeparate": false,
        "urbanRural": "Rural",
        "dockDoors": "50+",
        "dropArea": "50+",
        "yardMetrics": {
          "dockDoorCount": 70,
          "trailersVisible": 75,
          "trailerParkingCapacity": 110,
          "truckGateCount": 1,
          "buildingCount": 2,
          "siteAreaAcres": 60,
          "railServed": false
        }
      }
    },
    {
      "type": "Feature",
      "geometry": {
        "type": "Polygon",
        "coordinates": [
          [
            [
              -84.92726,
              34.433134
            ],
            [
              -84.92726,
              34.432228
            ],
            [
              -84.926573,
              34.432228
            ],
            [
              -84.926573,
              34.433134
            ],
            [
              -84.92726,
              34.433134
            ]
          ]
        ]
      },
      "properties": {
        "account": "kenco-logistics",
        "name": "Kenco Kerry Group DC - Calhoun GA",
        "type": "Dedicated Distribution Center",
        "archetype": "#3",
        "archetypeName": "No Gate / No GS",
        "confidence": "high",
        "zone": "truckGate"
      }
    },
    {
      "type": "Feature",
      "geometry": {
        "type": "Polygon",
        "coordinates": [
          [
            [
              -84.927123,
              34.435399
            ],
            [
              -84.927123,
              34.432114
            ],
            [
              -84.924651,
              34.432114
            ],
            [
              -84.924651,
              34.435399
            ],
            [
              -84.927123,
              34.435399
            ]
          ]
        ]
      },
      "properties": {
        "account": "kenco-logistics",
        "name": "Kenco Kerry Group DC - Calhoun GA",
        "type": "Dedicated Distribution Center",
        "archetype": "#3",
        "archetypeName": "No Gate / No GS",
        "confidence": "high",
        "zone": "dropYard",
        "index": 1
      }
    },
    {
      "type": "Feature",
      "geometry": {
        "type": "Polygon",
        "coordinates": [
          [
            [
              -84.924513,
              34.435399
            ],
            [
              -84.924513,
              34.432114
            ],
            [
              -84.923827,
              34.432114
            ],
            [
              -84.923827,
              34.435399
            ],
            [
              -84.924513,
              34.435399
            ]
          ]
        ]
      },
      "properties": {
        "account": "kenco-logistics",
        "name": "Kenco Kerry Group DC - Calhoun GA",
        "type": "Dedicated Distribution Center",
        "archetype": "#3",
        "archetypeName": "No Gate / No GS",
        "confidence": "high",
        "zone": "dockApron",
        "index": 1
      }
    },
    {
      "type": "Feature",
      "geometry": {
        "type": "Polygon",
        "coordinates": [
          [
            [
              -96.717579,
              32.625795
            ],
            [
              -96.717305,
              32.62487
            ],
            [
              -96.713391,
              32.626027
            ],
            [
              -96.713665,
              32.626778
            ],
            [
              -96.717579,
              32.625795
            ]
          ]
        ]
      },
      "properties": {
        "account": "kenco-logistics",
        "name": "Kenco / The Shippers Group - Hutchins TX (HQ campus)",
        "type": "Distribution Center / 3PL Warehouse",
        "archetype": "#9",
        "archetypeName": "Gate + No GS (remote check-in)",
        "confidence": "high",
        "zone": "perimeter",
        "truckGate": true,
        "guardShack": false,
        "remoteGs": true,
        "fastLaneOpportunity": false,
        "backupSensitive": false,
        "dropYard": true,
        "multipleFacilities": false,
        "scale": false,
        "shipRcvSeparate": false,
        "urbanRural": "Rural",
        "dockDoors": "50+",
        "dropArea": "25-50",
        "yardMetrics": {
          "dockDoorCount": 89,
          "trailersVisible": 55,
          "trailerParkingCapacity": 90,
          "truckGateCount": 1,
          "buildingCount": 2,
          "siteAreaAcres": 39,
          "railServed": true
        }
      }
    },
    {
      "type": "Feature",
      "geometry": {
        "type": "Polygon",
        "coordinates": [
          [
            [
              -96.718953,
              32.626778
            ],
            [
              -96.718953,
              32.6262
            ],
            [
              -96.718472,
              32.6262
            ],
            [
              -96.718472,
              32.626778
            ],
            [
              -96.718953,
              32.626778
            ]
          ]
        ]
      },
      "properties": {
        "account": "kenco-logistics",
        "name": "Kenco / The Shippers Group - Hutchins TX (HQ campus)",
        "type": "Distribution Center / 3PL Warehouse",
        "archetype": "#9",
        "archetypeName": "Gate + No GS (remote check-in)",
        "confidence": "high",
        "zone": "truckGate"
      }
    },
    {
      "type": "Feature",
      "geometry": {
        "type": "Polygon",
        "coordinates": [
          [
            [
              -96.718747,
              32.627588
            ],
            [
              -96.718747,
              32.627357
            ],
            [
              -96.715657,
              32.627357
            ],
            [
              -96.715657,
              32.627588
            ],
            [
              -96.718747,
              32.627588
            ]
          ]
        ]
      },
      "properties": {
        "account": "kenco-logistics",
        "name": "Kenco / The Shippers Group - Hutchins TX (HQ campus)",
        "type": "Distribution Center / 3PL Warehouse",
        "archetype": "#9",
        "archetypeName": "Gate + No GS (remote check-in)",
        "confidence": "high",
        "zone": "dropYard",
        "index": 1
      }
    },
    {
      "type": "Feature",
      "geometry": {
        "type": "Polygon",
        "coordinates": [
          [
            [
              -96.718747,
              32.625043
            ],
            [
              -96.718747,
              32.624812
            ],
            [
              -96.715657,
              32.624812
            ],
            [
              -96.715657,
              32.625043
            ],
            [
              -96.718747,
              32.625043
            ]
          ]
        ]
      },
      "properties": {
        "account": "kenco-logistics",
        "name": "Kenco / The Shippers Group - Hutchins TX (HQ campus)",
        "type": "Distribution Center / 3PL Warehouse",
        "archetype": "#9",
        "archetypeName": "Gate + No GS (remote check-in)",
        "confidence": "high",
        "zone": "dropYard",
        "index": 2
      }
    },
    {
      "type": "Feature",
      "geometry": {
        "type": "Polygon",
        "coordinates": [
          [
            [
              -96.718747,
              32.627357
            ],
            [
              -96.718747,
              32.627125
            ],
            [
              -96.715657,
              32.627125
            ],
            [
              -96.715657,
              32.627357
            ],
            [
              -96.718747,
              32.627357
            ]
          ]
        ]
      },
      "properties": {
        "account": "kenco-logistics",
        "name": "Kenco / The Shippers Group - Hutchins TX (HQ campus)",
        "type": "Distribution Center / 3PL Warehouse",
        "archetype": "#9",
        "archetypeName": "Gate + No GS (remote check-in)",
        "confidence": "high",
        "zone": "dockApron",
        "index": 1
      }
    },
    {
      "type": "Feature",
      "geometry": {
        "type": "Polygon",
        "coordinates": [
          [
            [
              -96.698048,
              32.63693
            ],
            [
              -96.697567,
              32.63508
            ],
            [
              -96.693928,
              32.635716
            ],
            [
              -96.69434,
              32.637566
            ],
            [
              -96.698048,
              32.63693
            ]
          ]
        ]
      },
      "properties": {
        "account": "kenco-logistics",
        "name": "Kenco American Standard DC - Hutchins TX",
        "type": "Dedicated Distribution Center",
        "archetype": "#9",
        "archetypeName": "Gate + No GS (remote check-in)",
        "confidence": "high",
        "zone": "perimeter",
        "truckGate": true,
        "guardShack": false,
        "remoteGs": true,
        "fastLaneOpportunity": false,
        "backupSensitive": false,
        "dropYard": true,
        "multipleFacilities": false,
        "scale": false,
        "shipRcvSeparate": false,
        "urbanRural": "Rural",
        "dockDoors": "50+",
        "dropArea": "50+",
        "yardMetrics": {
          "dockDoorCount": 130,
          "trailersVisible": 130,
          "trailerParkingCapacity": 200,
          "truckGateCount": 1,
          "buildingCount": 1,
          "siteAreaAcres": 54,
          "railServed": false
        }
      }
    },
    {
      "type": "Feature",
      "geometry": {
        "type": "Polygon",
        "coordinates": [
          [
            [
              -96.697773,
              32.636756
            ],
            [
              -96.697705,
              32.63641
            ],
            [
              -96.694409,
              32.636988
            ],
            [
              -96.694477,
              32.637335
            ],
            [
              -96.697773,
              32.636756
            ]
          ]
        ]
      },
      "properties": {
        "account": "kenco-logistics",
        "name": "Kenco American Standard DC - Hutchins TX",
        "type": "Dedicated Distribution Center",
        "archetype": "#9",
        "archetypeName": "Gate + No GS (remote check-in)",
        "confidence": "high",
        "zone": "dropYard",
        "index": 1
      }
    },
    {
      "type": "Feature",
      "geometry": {
        "type": "Polygon",
        "coordinates": [
          [
            [
              -96.697361,
              32.6356
            ],
            [
              -96.697293,
              32.635253
            ],
            [
              -96.693997,
              32.635831
            ],
            [
              -96.694065,
              32.636178
            ],
            [
              -96.697361,
              32.6356
            ]
          ]
        ]
      },
      "properties": {
        "account": "kenco-logistics",
        "name": "Kenco American Standard DC - Hutchins TX",
        "type": "Dedicated Distribution Center",
        "archetype": "#9",
        "archetypeName": "Gate + No GS (remote check-in)",
        "confidence": "high",
        "zone": "dropYard",
        "index": 2
      }
    },
    {
      "type": "Feature",
      "geometry": {
        "type": "Polygon",
        "coordinates": [
          [
            [
              -96.697911,
              32.636525
            ],
            [
              -96.697842,
              32.636236
            ],
            [
              -96.694409,
              32.636814
            ],
            [
              -96.694477,
              32.637103
            ],
            [
              -96.697911,
              32.636525
            ]
          ]
        ]
      },
      "properties": {
        "account": "kenco-logistics",
        "name": "Kenco American Standard DC - Hutchins TX",
        "type": "Dedicated Distribution Center",
        "archetype": "#9",
        "archetypeName": "Gate + No GS (remote check-in)",
        "confidence": "high",
        "zone": "dockApron",
        "index": 1
      }
    },
    {
      "type": "Feature",
      "geometry": {
        "type": "Polygon",
        "coordinates": [
          [
            [
              -96.683172,
              32.588114
            ],
            [
              -96.683309,
              32.584759
            ],
            [
              -96.678228,
              32.584411
            ],
            [
              -96.677953,
              32.587883
            ],
            [
              -96.683172,
              32.588114
            ]
          ]
        ]
      },
      "properties": {
        "account": "kenco-logistics",
        "name": "Kenco / The Shippers Group - Wilmer TX",
        "type": "Distribution Center / 3PL Warehouse",
        "archetype": "#9",
        "archetypeName": "Gate + No GS (remote check-in)",
        "confidence": "high",
        "zone": "perimeter",
        "truckGate": true,
        "guardShack": false,
        "remoteGs": true,
        "fastLaneOpportunity": false,
        "backupSensitive": false,
        "dropYard": true,
        "multipleFacilities": false,
        "scale": false,
        "shipRcvSeparate": true,
        "urbanRural": "Rural",
        "dockDoors": "50+",
        "dropArea": "50+",
        "yardMetrics": {
          "dockDoorCount": 110,
          "trailersVisible": 70,
          "trailerParkingCapacity": 150,
          "truckGateCount": 1,
          "buildingCount": 1,
          "siteAreaAcres": 60,
          "railServed": false
        }
      }
    },
    {
      "type": "Feature",
      "geometry": {
        "type": "Polygon",
        "coordinates": [
          [
            [
              -96.682623,
              32.584759
            ],
            [
              -96.68276,
              32.584064
            ],
            [
              -96.681936,
              32.583949
            ],
            [
              -96.681799,
              32.584643
            ],
            [
              -96.682623,
              32.584759
            ]
          ]
        ]
      },
      "properties": {
        "account": "kenco-logistics",
        "name": "Kenco / The Shippers Group - Wilmer TX",
        "type": "Distribution Center / 3PL Warehouse",
        "archetype": "#9",
        "archetypeName": "Gate + No GS (remote check-in)",
        "confidence": "high",
        "zone": "truckGate"
      }
    },
    {
      "type": "Feature",
      "geometry": {
        "type": "Polygon",
        "coordinates": [
          [
            [
              -96.683035,
              32.585453
            ],
            [
              -96.683172,
              32.58499
            ],
            [
              -96.678365,
              32.584643
            ],
            [
              -96.678228,
              32.585106
            ],
            [
              -96.683035,
              32.585453
            ]
          ]
        ]
      },
      "properties": {
        "account": "kenco-logistics",
        "name": "Kenco / The Shippers Group - Wilmer TX",
        "type": "Distribution Center / 3PL Warehouse",
        "archetype": "#9",
        "archetypeName": "Gate + No GS (remote check-in)",
        "confidence": "high",
        "zone": "dockApron",
        "index": 1
      }
    },
    {
      "type": "Feature",
      "geometry": {
        "type": "Polygon",
        "coordinates": [
          [
            [
              -81.415407,
              28.434562
            ],
            [
              -81.415076,
              28.436071
            ],
            [
              -81.418185,
              28.436606
            ],
            [
              -81.418516,
              28.435097
            ],
            [
              -81.415407,
              28.434562
            ]
          ]
        ]
      },
      "properties": {
        "account": "kenco-logistics",
        "name": "Kenco / The Shippers Group - Orlando FL",
        "type": "Distribution Center / 3PL Warehouse",
        "archetype": "#3",
        "archetypeName": "No Gate / No GS",
        "confidence": "medium",
        "zone": "perimeter",
        "truckGate": false,
        "guardShack": false,
        "remoteGs": false,
        "fastLaneOpportunity": false,
        "backupSensitive": false,
        "dropYard": false,
        "multipleFacilities": false,
        "scale": false,
        "shipRcvSeparate": false,
        "urbanRural": "Urban",
        "dockDoors": "25-50",
        "dropArea": "10-25",
        "yardMetrics": {
          "dockDoorCount": 44,
          "trailersVisible": 18,
          "trailerParkingCapacity": 30,
          "truckGateCount": 0,
          "buildingCount": 1,
          "siteAreaAcres": 11.5,
          "railServed": false
        }
      }
    },
    {
      "type": "Feature",
      "geometry": {
        "type": "Polygon",
        "coordinates": [
          [
            [
              -81.418052,
              28.436741
            ],
            [
              -81.417842,
              28.437202
            ],
            [
              -81.42021,
              28.438049
            ],
            [
              -81.42042,
              28.437588
            ],
            [
              -81.418052,
              28.436741
            ]
          ]
        ]
      },
      "properties": {
        "account": "kenco-logistics",
        "name": "Kenco / The Shippers Group - Orlando FL",
        "type": "Distribution Center / 3PL Warehouse",
        "archetype": "#3",
        "archetypeName": "No Gate / No GS",
        "confidence": "medium",
        "zone": "dropYard",
        "index": 1
      }
    },
    {
      "type": "Feature",
      "geometry": {
        "type": "Polygon",
        "coordinates": [
          [
            [
              -81.416032,
              28.435969
            ],
            [
              -81.415989,
              28.436164
            ],
            [
              -81.418796,
              28.436647
            ],
            [
              -81.418839,
              28.436452
            ],
            [
              -81.416032,
              28.435969
            ]
          ]
        ]
      },
      "properties": {
        "account": "kenco-logistics",
        "name": "Kenco / The Shippers Group - Orlando FL",
        "type": "Distribution Center / 3PL Warehouse",
        "archetype": "#3",
        "archetypeName": "No Gate / No GS",
        "confidence": "medium",
        "zone": "dockApron",
        "index": 1
      }
    },
    {
      "type": "Feature",
      "geometry": {
        "type": "Polygon",
        "coordinates": [
          [
            [
              -84.349061,
              33.506745
            ],
            [
              -84.349336,
              33.502508
            ],
            [
              -84.346589,
              33.502394
            ],
            [
              -84.346315,
              33.506631
            ],
            [
              -84.349061,
              33.506745
            ]
          ]
        ]
      },
      "properties": {
        "account": "kenco-logistics",
        "name": "Kenco / The Shippers Group - Jonesboro GA",
        "type": "Distribution Center / 3PL Warehouse",
        "archetype": "#3",
        "archetypeName": "No Gate / No GS",
        "confidence": "medium",
        "zone": "perimeter",
        "truckGate": false,
        "guardShack": false,
        "remoteGs": false,
        "fastLaneOpportunity": false,
        "backupSensitive": false,
        "dropYard": true,
        "multipleFacilities": false,
        "scale": false,
        "shipRcvSeparate": false,
        "urbanRural": "Urban",
        "dockDoors": "25-50",
        "dropArea": "25-50",
        "yardMetrics": {
          "dockDoorCount": 32,
          "trailersVisible": 26,
          "trailerParkingCapacity": 45,
          "truckGateCount": 1,
          "buildingCount": 1,
          "siteAreaAcres": 24,
          "railServed": true
        }
      }
    },
    {
      "type": "Feature",
      "geometry": {
        "type": "Polygon",
        "coordinates": [
          [
            [
              -84.3481,
              33.506516
            ],
            [
              -84.348237,
              33.503653
            ],
            [
              -84.346589,
              33.503539
            ],
            [
              -84.346452,
              33.506516
            ],
            [
              -84.3481,
              33.506516
            ]
          ]
        ]
      },
      "properties": {
        "account": "kenco-logistics",
        "name": "Kenco / The Shippers Group - Jonesboro GA",
        "type": "Distribution Center / 3PL Warehouse",
        "archetype": "#3",
        "archetypeName": "No Gate / No GS",
        "confidence": "medium",
        "zone": "dropYard",
        "index": 1
      }
    },
    {
      "type": "Feature",
      "geometry": {
        "type": "Polygon",
        "coordinates": [
          [
            [
              -84.348924,
              33.506516
            ],
            [
              -84.349061,
              33.502623
            ],
            [
              -84.348237,
              33.502623
            ],
            [
              -84.3481,
              33.506516
            ],
            [
              -84.348924,
              33.506516
            ]
          ]
        ]
      },
      "properties": {
        "account": "kenco-logistics",
        "name": "Kenco / The Shippers Group - Jonesboro GA",
        "type": "Distribution Center / 3PL Warehouse",
        "archetype": "#3",
        "archetypeName": "No Gate / No GS",
        "confidence": "medium",
        "zone": "dockApron",
        "index": 1
      }
    },
    {
      "type": "Feature",
      "geometry": {
        "type": "Polygon",
        "coordinates": [
          [
            [
              -97.014579,
              32.792059
            ],
            [
              -97.014579,
              32.789576
            ],
            [
              -97.012176,
              32.789576
            ],
            [
              -97.012176,
              32.792059
            ],
            [
              -97.014579,
              32.792059
            ]
          ]
        ]
      },
      "properties": {
        "account": "kenco-logistics",
        "name": "Kenco / The Shippers Group - Grand Prairie TX",
        "type": "Distribution Center / 3PL Warehouse",
        "archetype": "#3",
        "archetypeName": "No Gate / No GS",
        "confidence": "medium",
        "zone": "perimeter",
        "truckGate": false,
        "guardShack": false,
        "remoteGs": false,
        "fastLaneOpportunity": false,
        "backupSensitive": false,
        "dropYard": true,
        "multipleFacilities": false,
        "scale": false,
        "shipRcvSeparate": true,
        "urbanRural": "Urban",
        "dockDoors": "50+",
        "dropArea": "50+",
        "yardMetrics": {
          "dockDoorCount": 130,
          "trailersVisible": 90,
          "trailerParkingCapacity": 160,
          "truckGateCount": 0,
          "buildingCount": 1,
          "siteAreaAcres": 42,
          "railServed": false
        }
      }
    },
    {
      "type": "Feature",
      "geometry": {
        "type": "Polygon",
        "coordinates": [
          [
            [
              -97.014511,
              32.791828
            ],
            [
              -97.014511,
              32.789923
            ],
            [
              -97.013687,
              32.789923
            ],
            [
              -97.013687,
              32.791828
            ],
            [
              -97.014511,
              32.791828
            ]
          ]
        ]
      },
      "properties": {
        "account": "kenco-logistics",
        "name": "Kenco / The Shippers Group - Grand Prairie TX",
        "type": "Distribution Center / 3PL Warehouse",
        "archetype": "#3",
        "archetypeName": "No Gate / No GS",
        "confidence": "medium",
        "zone": "dropYard",
        "index": 1
      }
    },
    {
      "type": "Feature",
      "geometry": {
        "type": "Polygon",
        "coordinates": [
          [
            [
              -97.014373,
              32.792001
            ],
            [
              -97.014373,
              32.79177
            ],
            [
              -97.012176,
              32.79177
            ],
            [
              -97.012176,
              32.792001
            ],
            [
              -97.014373,
              32.792001
            ]
          ]
        ]
      },
      "properties": {
        "account": "kenco-logistics",
        "name": "Kenco / The Shippers Group - Grand Prairie TX",
        "type": "Distribution Center / 3PL Warehouse",
        "archetype": "#3",
        "archetypeName": "No Gate / No GS",
        "confidence": "medium",
        "zone": "dockApron",
        "index": 1
      }
    },
    {
      "type": "Feature",
      "geometry": {
        "type": "Polygon",
        "coordinates": [
          [
            [
              -97.014511,
              32.789923
            ],
            [
              -97.014511,
              32.789692
            ],
            [
              -97.012176,
              32.789692
            ],
            [
              -97.012176,
              32.789923
            ],
            [
              -97.014511,
              32.789923
            ]
          ]
        ]
      },
      "properties": {
        "account": "kenco-logistics",
        "name": "Kenco / The Shippers Group - Grand Prairie TX",
        "type": "Distribution Center / 3PL Warehouse",
        "archetype": "#3",
        "archetypeName": "No Gate / No GS",
        "confidence": "medium",
        "zone": "dockApron",
        "index": 2
      }
    },
    {
      "type": "Feature",
      "geometry": {
        "type": "Polygon",
        "coordinates": [
          [
            [
              -71.595461,
              42.547616
            ],
            [
              -71.596011,
              42.545694
            ],
            [
              -71.593401,
              42.545441
            ],
            [
              -71.592852,
              42.547363
            ],
            [
              -71.595461,
              42.547616
            ]
          ]
        ]
      },
      "properties": {
        "account": "kenco-logistics",
        "name": "Kenco Devens DC - Devens MA",
        "type": "Distribution Center / Northeast Warehouse",
        "archetype": "#3",
        "archetypeName": "No Gate / No GS",
        "confidence": "medium",
        "zone": "perimeter",
        "truckGate": false,
        "guardShack": false,
        "remoteGs": false,
        "fastLaneOpportunity": false,
        "backupSensitive": false,
        "dropYard": true,
        "multipleFacilities": false,
        "scale": false,
        "shipRcvSeparate": false,
        "urbanRural": "Rural",
        "dockDoors": "10-25",
        "dropArea": "10-25",
        "yardMetrics": {
          "dockDoorCount": 22,
          "trailersVisible": 14,
          "trailerParkingCapacity": 25,
          "truckGateCount": 0,
          "buildingCount": 1,
          "siteAreaAcres": 13.5,
          "railServed": true
        }
      }
    },
    {
      "type": "Feature",
      "geometry": {
        "type": "Polygon",
        "coordinates": [
          [
            [
              -71.593676,
              42.547363
            ],
            [
              -71.594157,
              42.545694
            ],
            [
              -71.59347,
              42.545593
            ],
            [
              -71.592989,
              42.547313
            ],
            [
              -71.593676,
              42.547363
            ]
          ]
        ]
      },
      "properties": {
        "account": "kenco-logistics",
        "name": "Kenco Devens DC - Devens MA",
        "type": "Distribution Center / Northeast Warehouse",
        "archetype": "#3",
        "archetypeName": "No Gate / No GS",
        "confidence": "medium",
        "zone": "dropYard",
        "index": 1
      }
    },
    {
      "type": "Feature",
      "geometry": {
        "type": "Polygon",
        "coordinates": [
          [
            [
              -71.595461,
              42.547515
            ],
            [
              -71.595805,
              42.545745
            ],
            [
              -71.5945,
              42.545593
            ],
            [
              -71.594157,
              42.547363
            ],
            [
              -71.595461,
              42.547515
            ]
          ]
        ]
      },
      "properties": {
        "account": "kenco-logistics",
        "name": "Kenco Devens DC - Devens MA",
        "type": "Distribution Center / Northeast Warehouse",
        "archetype": "#3",
        "archetypeName": "No Gate / No GS",
        "confidence": "medium",
        "zone": "dockApron",
        "index": 1
      }
    },
    {
      "type": "Feature",
      "geometry": {
        "type": "Polygon",
        "coordinates": [
          [
            [
              -89.954479,
              35.072061
            ],
            [
              -89.955647,
              35.070712
            ],
            [
              -89.953243,
              35.069251
            ],
            [
              -89.952076,
              35.0706
            ],
            [
              -89.954479,
              35.072061
            ]
          ]
        ]
      },
      "properties": {
        "account": "kenco-logistics",
        "name": "Kenco Memphis DC - Memphis TN",
        "type": "Distribution Center / Warehouse",
        "archetype": "#3",
        "archetypeName": "No Gate / No GS",
        "confidence": "low",
        "zone": "perimeter",
        "truckGate": false,
        "guardShack": false,
        "remoteGs": false,
        "fastLaneOpportunity": false,
        "backupSensitive": false,
        "dropYard": true,
        "multipleFacilities": false,
        "scale": false,
        "shipRcvSeparate": false,
        "urbanRural": "Urban",
        "dockDoors": "25-50",
        "dropArea": "10-25",
        "yardMetrics": {
          "dockDoorCount": 40,
          "trailersVisible": 12,
          "trailerParkingCapacity": 35,
          "truckGateCount": 0,
          "buildingCount": 2,
          "siteAreaAcres": 16,
          "railServed": true
        }
      }
    },
    {
      "type": "Feature",
      "geometry": {
        "type": "Polygon",
        "coordinates": [
          [
            [
              -89.954685,
              35.071949
            ],
            [
              -89.954823,
              35.07178
            ],
            [
              -89.952419,
              35.070375
            ],
            [
              -89.952282,
              35.070544
            ],
            [
              -89.954685,
              35.071949
            ]
          ]
        ]
      },
      "properties": {
        "account": "kenco-logistics",
        "name": "Kenco Memphis DC - Memphis TN",
        "type": "Distribution Center / Warehouse",
        "archetype": "#3",
        "archetypeName": "No Gate / No GS",
        "confidence": "low",
        "zone": "dockApron",
        "index": 1
      }
    }
  ]
}
