{
  "type": "FeatureCollection",
  "features": [
    {
      "type": "Feature",
      "geometry": {
        "type": "Polygon",
        "coordinates": [
          [
            [
              -123.413842,
              46.16338
            ],
            [
              -123.414941,
              46.160907
            ],
            [
              -123.414941,
              46.1552
            ],
            [
              -123.413842,
              46.152156
            ],
            [
              -123.404504,
              46.149873
            ],
            [
              -123.401208,
              46.159576
            ],
            [
              -123.413842,
              46.16338
            ]
          ]
        ]
      },
      "properties": {
        "account": "georgia-pacific",
        "name": "GP Wauna Mill - Clatskanie OR",
        "type": "Tissue/Towel Mill",
        "archetype": "#6",
        "archetypeName": "Gate + GS (not BU sens.) + campus",
        "confidence": "medium",
        "zone": "perimeter",
        "truckGate": true,
        "guardShack": true,
        "remoteGs": false,
        "fastLaneOpportunity": true,
        "backupSensitive": false,
        "dropYard": true,
        "multipleFacilities": true,
        "scale": true,
        "shipRcvSeparate": true,
        "urbanRural": "Rural",
        "dockDoors": "10-25",
        "dropArea": "10-25",
        "yardMetrics": {
          "dockDoorCount": 16,
          "trailersVisible": 23,
          "trailerParkingCapacity": 50,
          "truckGateCount": 1,
          "buildingCount": 12,
          "siteAreaAcres": 165,
          "railServed": false
        }
      }
    },
    {
      "type": "Feature",
      "geometry": {
        "type": "Polygon",
        "coordinates": [
          [
            [
              -123.406427,
              46.150634
            ],
            [
              -123.405877,
              46.149302
            ],
            [
              -123.403955,
              46.149682
            ],
            [
              -123.404504,
              46.151014
            ],
            [
              -123.406427,
              46.150634
            ]
          ]
        ]
      },
      "properties": {
        "account": "georgia-pacific",
        "name": "GP Wauna Mill - Clatskanie OR",
        "type": "Tissue/Towel Mill",
        "archetype": "#6",
        "archetypeName": "Gate + GS (not BU sens.) + campus",
        "confidence": "medium",
        "zone": "truckGate"
      }
    },
    {
      "type": "Feature",
      "geometry": {
        "type": "Polygon",
        "coordinates": [
          [
            [
              -123.4078,
              46.152917
            ],
            [
              -123.408899,
              46.150824
            ],
            [
              -123.402856,
              46.149111
            ],
            [
              -123.401758,
              46.151204
            ],
            [
              -123.4078,
              46.152917
            ]
          ]
        ]
      },
      "properties": {
        "account": "georgia-pacific",
        "name": "GP Wauna Mill - Clatskanie OR",
        "type": "Tissue/Towel Mill",
        "archetype": "#6",
        "archetypeName": "Gate + GS (not BU sens.) + campus",
        "confidence": "medium",
        "zone": "dropYard",
        "index": 1
      }
    },
    {
      "type": "Feature",
      "geometry": {
        "type": "Polygon",
        "coordinates": [
          [
            [
              -123.414117,
              46.160717
            ],
            [
              -123.414666,
              46.159766
            ],
            [
              -123.408624,
              46.158054
            ],
            [
              -123.408075,
              46.159005
            ],
            [
              -123.414117,
              46.160717
            ]
          ]
        ]
      },
      "properties": {
        "account": "georgia-pacific",
        "name": "GP Wauna Mill - Clatskanie OR",
        "type": "Tissue/Towel Mill",
        "archetype": "#6",
        "archetypeName": "Gate + GS (not BU sens.) + campus",
        "confidence": "medium",
        "zone": "dockApron",
        "index": 1
      }
    },
    {
      "type": "Feature",
      "geometry": {
        "type": "Polygon",
        "coordinates": [
          [
            [
              -123.164895,
              44.392547
            ],
            [
              -123.165993,
              44.390977
            ],
            [
              -123.165993,
              44.377237
            ],
            [
              -123.151711,
              44.377237
            ],
            [
              -123.153359,
              44.39137
            ],
            [
              -123.164895,
              44.392547
            ]
          ]
        ]
      },
      "properties": {
        "account": "georgia-pacific",
        "name": "GP Halsey Mill - Halsey OR",
        "type": "Tissue/Pulp Mill",
        "archetype": "#6",
        "archetypeName": "Gate + GS (not BU sens.) + campus",
        "confidence": "medium",
        "zone": "perimeter",
        "truckGate": true,
        "guardShack": true,
        "remoteGs": false,
        "fastLaneOpportunity": true,
        "backupSensitive": false,
        "dropYard": true,
        "multipleFacilities": true,
        "scale": true,
        "shipRcvSeparate": true,
        "urbanRural": "Rural",
        "dockDoors": "10-25",
        "dropArea": "50+",
        "yardMetrics": {
          "dockDoorCount": 20,
          "trailersVisible": 55,
          "trailerParkingCapacity": 90,
          "truckGateCount": 1,
          "buildingCount": 10,
          "siteAreaAcres": 180,
          "railServed": true
        }
      }
    },
    {
      "type": "Feature",
      "geometry": {
        "type": "Polygon",
        "coordinates": [
          [
            [
              -123.165444,
              44.38077
            ],
            [
              -123.165444,
              44.378807
            ],
            [
              -123.162697,
              44.378807
            ],
            [
              -123.162697,
              44.38077
            ],
            [
              -123.165444,
              44.38077
            ]
          ]
        ]
      },
      "properties": {
        "account": "georgia-pacific",
        "name": "GP Halsey Mill - Halsey OR",
        "type": "Tissue/Pulp Mill",
        "archetype": "#6",
        "archetypeName": "Gate + GS (not BU sens.) + campus",
        "confidence": "medium",
        "zone": "truckGate"
      }
    },
    {
      "type": "Feature",
      "geometry": {
        "type": "Polygon",
        "coordinates": [
          [
            [
              -123.163247,
              44.381163
            ],
            [
              -123.163247,
              44.3792
            ],
            [
              -123.153908,
              44.378807
            ],
            [
              -123.153908,
              44.38077
            ],
            [
              -123.163247,
              44.381163
            ]
          ]
        ]
      },
      "properties": {
        "account": "georgia-pacific",
        "name": "GP Halsey Mill - Halsey OR",
        "type": "Tissue/Pulp Mill",
        "archetype": "#6",
        "archetypeName": "Gate + GS (not BU sens.) + campus",
        "confidence": "medium",
        "zone": "dockApron",
        "index": 1
      }
    },
    {
      "type": "Feature",
      "geometry": {
        "type": "Polygon",
        "coordinates": [
          [
            [
              -91.98074,
              33.148699
            ],
            [
              -91.981838,
              33.1418
            ],
            [
              -91.979092,
              33.1349
            ],
            [
              -91.963711,
              33.1372
            ],
            [
              -91.965908,
              33.148699
            ],
            [
              -91.98074,
              33.148699
            ]
          ]
        ]
      },
      "properties": {
        "account": "georgia-pacific",
        "name": "GP Crossett Mill - Crossett AR",
        "type": "Pulp/Paper/Tissue Mill",
        "archetype": "#6",
        "archetypeName": "Gate + GS (not BU sens.) + campus",
        "confidence": "medium",
        "zone": "perimeter",
        "truckGate": true,
        "guardShack": true,
        "remoteGs": false,
        "fastLaneOpportunity": true,
        "backupSensitive": false,
        "dropYard": true,
        "multipleFacilities": true,
        "scale": true,
        "shipRcvSeparate": true,
        "urbanRural": "Rural",
        "dockDoors": "25-50",
        "dropArea": "50+",
        "yardMetrics": {
          "dockDoorCount": 45,
          "trailersVisible": 130,
          "trailerParkingCapacity": 180,
          "truckGateCount": 2,
          "buildingCount": 14,
          "siteAreaAcres": 320,
          "railServed": true
        }
      }
    },
    {
      "type": "Feature",
      "geometry": {
        "type": "Polygon",
        "coordinates": [
          [
            [
              -91.981289,
              33.1372
            ],
            [
              -91.981289,
              33.1349
            ],
            [
              -91.977993,
              33.1349
            ],
            [
              -91.977993,
              33.1372
            ],
            [
              -91.981289,
              33.1372
            ]
          ]
        ]
      },
      "properties": {
        "account": "georgia-pacific",
        "name": "GP Crossett Mill - Crossett AR",
        "type": "Pulp/Paper/Tissue Mill",
        "archetype": "#6",
        "archetypeName": "Gate + GS (not BU sens.) + campus",
        "confidence": "medium",
        "zone": "truckGate"
      }
    },
    {
      "type": "Feature",
      "geometry": {
        "type": "Polygon",
        "coordinates": [
          [
            [
              -91.977993,
              33.1395
            ],
            [
              -91.978542,
              33.13628
            ],
            [
              -91.969204,
              33.13582
            ],
            [
              -91.968655,
              33.13904
            ],
            [
              -91.977993,
              33.1395
            ]
          ]
        ]
      },
      "properties": {
        "account": "georgia-pacific",
        "name": "GP Crossett Mill - Crossett AR",
        "type": "Pulp/Paper/Tissue Mill",
        "archetype": "#6",
        "archetypeName": "Gate + GS (not BU sens.) + campus",
        "confidence": "medium",
        "zone": "dropYard",
        "index": 1
      }
    },
    {
      "type": "Feature",
      "geometry": {
        "type": "Polygon",
        "coordinates": [
          [
            [
              -91.979641,
              33.13904
            ],
            [
              -91.98019,
              33.1372
            ],
            [
              -91.970303,
              33.13674
            ],
            [
              -91.969753,
              33.13858
            ],
            [
              -91.979641,
              33.13904
            ]
          ]
        ]
      },
      "properties": {
        "account": "georgia-pacific",
        "name": "GP Crossett Mill - Crossett AR",
        "type": "Pulp/Paper/Tissue Mill",
        "archetype": "#6",
        "archetypeName": "Gate + GS (not BU sens.) + campus",
        "confidence": "medium",
        "zone": "dockApron",
        "index": 1
      }
    },
    {
      "type": "Feature",
      "geometry": {
        "type": "Polygon",
        "coordinates": [
          [
            [
              -88.039968,
              44.500546
            ],
            [
              -88.042715,
              44.494669
            ],
            [
              -88.039968,
              44.488791
            ],
            [
              -88.033102,
              44.487812
            ],
            [
              -88.029531,
              44.500155
            ],
            [
              -88.039968,
              44.500546
            ]
          ]
        ]
      },
      "properties": {
        "account": "georgia-pacific",
        "name": "GP Broadway Mill - Green Bay WI",
        "type": "Tissue/Towel Mill",
        "archetype": "#6",
        "archetypeName": "Gate + GS (not BU sens.) + campus",
        "confidence": "medium",
        "zone": "perimeter",
        "truckGate": true,
        "guardShack": true,
        "remoteGs": false,
        "fastLaneOpportunity": true,
        "backupSensitive": false,
        "dropYard": true,
        "multipleFacilities": true,
        "scale": true,
        "shipRcvSeparate": true,
        "urbanRural": "Urban",
        "dockDoors": "50+",
        "dropArea": "50+",
        "yardMetrics": {
          "dockDoorCount": 70,
          "trailersVisible": 240,
          "trailerParkingCapacity": 320,
          "truckGateCount": 2,
          "buildingCount": 16,
          "siteAreaAcres": 240,
          "railServed": true
        }
      }
    },
    {
      "type": "Feature",
      "geometry": {
        "type": "Polygon",
        "coordinates": [
          [
            [
              -88.039968,
              44.495845
            ],
            [
              -88.039968,
              44.494865
            ],
            [
              -88.03832,
              44.494865
            ],
            [
              -88.03832,
              44.495845
            ],
            [
              -88.039968,
              44.495845
            ]
          ]
        ]
      },
      "properties": {
        "account": "georgia-pacific",
        "name": "GP Broadway Mill - Green Bay WI",
        "type": "Tissue/Towel Mill",
        "archetype": "#6",
        "archetypeName": "Gate + GS (not BU sens.) + campus",
        "confidence": "medium",
        "zone": "truckGate"
      }
    },
    {
      "type": "Feature",
      "geometry": {
        "type": "Polygon",
        "coordinates": [
          [
            [
              -88.033102,
              44.494669
            ],
            [
              -88.033376,
              44.493102
            ],
            [
              -88.029806,
              44.493102
            ],
            [
              -88.029531,
              44.494669
            ],
            [
              -88.033102,
              44.494669
            ]
          ]
        ]
      },
      "properties": {
        "account": "georgia-pacific",
        "name": "GP Broadway Mill - Green Bay WI",
        "type": "Tissue/Towel Mill",
        "archetype": "#6",
        "archetypeName": "Gate + GS (not BU sens.) + campus",
        "confidence": "medium",
        "zone": "dropYard",
        "index": 1
      }
    },
    {
      "type": "Feature",
      "geometry": {
        "type": "Polygon",
        "coordinates": [
          [
            [
              -88.039419,
              44.49369
            ],
            [
              -88.039694,
              44.49271
            ],
            [
              -88.0342,
              44.492514
            ],
            [
              -88.033926,
              44.493494
            ],
            [
              -88.039419,
              44.49369
            ]
          ]
        ]
      },
      "properties": {
        "account": "georgia-pacific",
        "name": "GP Broadway Mill - Green Bay WI",
        "type": "Tissue/Towel Mill",
        "archetype": "#6",
        "archetypeName": "Gate + GS (not BU sens.) + campus",
        "confidence": "medium",
        "zone": "dockApron",
        "index": 1
      }
    },
    {
      "type": "Feature",
      "geometry": {
        "type": "Polygon",
        "coordinates": [
          [
            [
              -95.301247,
              35.742526
            ],
            [
              -95.301796,
              35.736729
            ],
            [
              -95.300697,
              35.726473
            ],
            [
              -95.285316,
              35.727365
            ],
            [
              -95.286415,
              35.742526
            ],
            [
              -95.301247,
              35.742526
            ]
          ]
        ]
      },
      "properties": {
        "account": "georgia-pacific",
        "name": "GP Muskogee Mill - Muskogee OK",
        "type": "Tissue/Towel Mill",
        "archetype": "#6",
        "archetypeName": "Gate + GS (not BU sens.) + campus",
        "confidence": "high",
        "zone": "perimeter",
        "truckGate": true,
        "guardShack": true,
        "remoteGs": false,
        "fastLaneOpportunity": true,
        "backupSensitive": false,
        "dropYard": true,
        "multipleFacilities": true,
        "scale": true,
        "shipRcvSeparate": true,
        "urbanRural": "Rural",
        "dockDoors": "50+",
        "dropArea": "50+",
        "yardMetrics": {
          "dockDoorCount": 55,
          "trailersVisible": 140,
          "trailerParkingCapacity": 200,
          "truckGateCount": 1,
          "buildingCount": 15,
          "siteAreaAcres": 380,
          "railServed": true
        }
      }
    },
    {
      "type": "Feature",
      "geometry": {
        "type": "Polygon",
        "coordinates": [
          [
            [
              -95.301796,
              35.735392
            ],
            [
              -95.301796,
              35.733162
            ],
            [
              -95.299049,
              35.733162
            ],
            [
              -95.299049,
              35.735392
            ],
            [
              -95.301796,
              35.735392
            ]
          ]
        ]
      },
      "properties": {
        "account": "georgia-pacific",
        "name": "GP Muskogee Mill - Muskogee OK",
        "type": "Tissue/Towel Mill",
        "archetype": "#6",
        "archetypeName": "Gate + GS (not BU sens.) + campus",
        "confidence": "high",
        "zone": "truckGate"
      }
    },
    {
      "type": "Feature",
      "geometry": {
        "type": "Polygon",
        "coordinates": [
          [
            [
              -95.297401,
              35.738067
            ],
            [
              -95.297951,
              35.7345
            ],
            [
              -95.291359,
              35.7345
            ],
            [
              -95.29081,
              35.738067
            ],
            [
              -95.297401,
              35.738067
            ]
          ]
        ]
      },
      "properties": {
        "account": "georgia-pacific",
        "name": "GP Muskogee Mill - Muskogee OK",
        "type": "Tissue/Towel Mill",
        "archetype": "#6",
        "archetypeName": "Gate + GS (not BU sens.) + campus",
        "confidence": "high",
        "zone": "dropYard",
        "index": 1
      }
    },
    {
      "type": "Feature",
      "geometry": {
        "type": "Polygon",
        "coordinates": [
          [
            [
              -95.299599,
              35.736284
            ],
            [
              -95.300148,
              35.734054
            ],
            [
              -95.29026,
              35.733608
            ],
            [
              -95.289711,
              35.735838
            ],
            [
              -95.299599,
              35.736284
            ]
          ]
        ]
      },
      "properties": {
        "account": "georgia-pacific",
        "name": "GP Muskogee Mill - Muskogee OK",
        "type": "Tissue/Towel Mill",
        "archetype": "#6",
        "archetypeName": "Gate + GS (not BU sens.) + campus",
        "confidence": "high",
        "zone": "dockApron",
        "index": 1
      }
    },
    {
      "type": "Feature",
      "geometry": {
        "type": "Polygon",
        "coordinates": [
          [
            [
              -81.207169,
              32.335909
            ],
            [
              -81.207169,
              32.33034
            ],
            [
              -81.204697,
              32.326394
            ],
            [
              -81.198105,
              32.328715
            ],
            [
              -81.199753,
              32.335909
            ],
            [
              -81.207169,
              32.335909
            ]
          ]
        ]
      },
      "properties": {
        "account": "georgia-pacific",
        "name": "GP Savannah River Mill - Rincon GA",
        "type": "Tissue/Towel Mill",
        "archetype": "#6",
        "archetypeName": "Gate + GS (not BU sens.) + campus",
        "confidence": "high",
        "zone": "perimeter",
        "truckGate": true,
        "guardShack": true,
        "remoteGs": false,
        "fastLaneOpportunity": true,
        "backupSensitive": false,
        "dropYard": true,
        "multipleFacilities": true,
        "scale": false,
        "shipRcvSeparate": false,
        "urbanRural": "Rural",
        "dockDoors": "25-50",
        "dropArea": "50+",
        "yardMetrics": {
          "dockDoorCount": 45,
          "trailersVisible": 280,
          "trailerParkingCapacity": 350,
          "truckGateCount": 1,
          "buildingCount": 12,
          "siteAreaAcres": 353,
          "railServed": true
        }
      }
    },
    {
      "type": "Feature",
      "geometry": {
        "type": "Polygon",
        "coordinates": [
          [
            [
              -81.204697,
              32.32709
            ],
            [
              -81.204697,
              32.32593
            ],
            [
              -81.203049,
              32.32593
            ],
            [
              -81.203049,
              32.32709
            ],
            [
              -81.204697,
              32.32709
            ]
          ]
        ]
      },
      "properties": {
        "account": "georgia-pacific",
        "name": "GP Savannah River Mill - Rincon GA",
        "type": "Tissue/Towel Mill",
        "archetype": "#6",
        "archetypeName": "Gate + GS (not BU sens.) + campus",
        "confidence": "high",
        "zone": "truckGate"
      }
    },
    {
      "type": "Feature",
      "geometry": {
        "type": "Polygon",
        "coordinates": [
          [
            [
              -81.206345,
              32.331964
            ],
            [
              -81.20662,
              32.329875
            ],
            [
              -81.200577,
              32.329643
            ],
            [
              -81.200303,
              32.331732
            ],
            [
              -81.206345,
              32.331964
            ]
          ]
        ]
      },
      "properties": {
        "account": "georgia-pacific",
        "name": "GP Savannah River Mill - Rincon GA",
        "type": "Tissue/Towel Mill",
        "archetype": "#6",
        "archetypeName": "Gate + GS (not BU sens.) + campus",
        "confidence": "high",
        "zone": "dropYard",
        "index": 1
      }
    },
    {
      "type": "Feature",
      "geometry": {
        "type": "Polygon",
        "coordinates": [
          [
            [
              -81.206345,
              32.333821
            ],
            [
              -81.20662,
              32.33266
            ],
            [
              -81.201401,
              32.332428
            ],
            [
              -81.201127,
              32.333589
            ],
            [
              -81.206345,
              32.333821
            ]
          ]
        ]
      },
      "properties": {
        "account": "georgia-pacific",
        "name": "GP Savannah River Mill - Rincon GA",
        "type": "Tissue/Towel Mill",
        "archetype": "#6",
        "archetypeName": "Gate + GS (not BU sens.) + campus",
        "confidence": "high",
        "zone": "dockApron",
        "index": 1
      }
    },
    {
      "type": "Feature",
      "geometry": {
        "type": "Polygon",
        "coordinates": [
          [
            [
              -88.035042,
              32.230935
            ],
            [
              -88.034493,
              32.225359
            ],
            [
              -88.031747,
              32.220712
            ],
            [
              -88.022408,
              32.226753
            ],
            [
              -88.024056,
              32.233723
            ],
            [
              -88.035042,
              32.230935
            ]
          ]
        ]
      },
      "properties": {
        "account": "georgia-pacific",
        "name": "GP Naheola Mill - Pennington AL",
        "type": "Pulp/Tissue/Paperboard Mill",
        "archetype": "#6",
        "archetypeName": "Gate + GS (not BU sens.) + campus",
        "confidence": "high",
        "zone": "perimeter",
        "truckGate": true,
        "guardShack": true,
        "remoteGs": false,
        "fastLaneOpportunity": false,
        "backupSensitive": false,
        "dropYard": true,
        "multipleFacilities": true,
        "scale": false,
        "shipRcvSeparate": true,
        "urbanRural": "Rural",
        "dockDoors": "50+",
        "dropArea": "10-25",
        "yardMetrics": {
          "dockDoorCount": 70,
          "trailersVisible": 90,
          "trailerParkingCapacity": 130,
          "truckGateCount": 1,
          "buildingCount": 25,
          "siteAreaAcres": 474,
          "railServed": true
        }
      }
    },
    {
      "type": "Feature",
      "geometry": {
        "type": "Polygon",
        "coordinates": [
          [
            [
              -88.034493,
              32.222338
            ],
            [
              -88.033944,
              32.220944
            ],
            [
              -88.032296,
              32.221409
            ],
            [
              -88.032845,
              32.222803
            ],
            [
              -88.034493,
              32.222338
            ]
          ]
        ]
      },
      "properties": {
        "account": "georgia-pacific",
        "name": "GP Naheola Mill - Pennington AL",
        "type": "Pulp/Tissue/Paperboard Mill",
        "archetype": "#6",
        "archetypeName": "Gate + GS (not BU sens.) + campus",
        "confidence": "high",
        "zone": "truckGate"
      }
    },
    {
      "type": "Feature",
      "geometry": {
        "type": "Polygon",
        "coordinates": [
          [
            [
              -88.034493,
              32.2235
            ],
            [
              -88.033395,
              32.221641
            ],
            [
              -88.029275,
              32.2235
            ],
            [
              -88.030373,
              32.225359
            ],
            [
              -88.034493,
              32.2235
            ]
          ]
        ]
      },
      "properties": {
        "account": "georgia-pacific",
        "name": "GP Naheola Mill - Pennington AL",
        "type": "Pulp/Tissue/Paperboard Mill",
        "archetype": "#6",
        "archetypeName": "Gate + GS (not BU sens.) + campus",
        "confidence": "high",
        "zone": "dropYard",
        "index": 1
      }
    },
    {
      "type": "Feature",
      "geometry": {
        "type": "Polygon",
        "coordinates": [
          [
            [
              -88.03312,
              32.228147
            ],
            [
              -88.032571,
              32.226985
            ],
            [
              -88.026253,
              32.228844
            ],
            [
              -88.026803,
              32.230006
            ],
            [
              -88.03312,
              32.228147
            ]
          ]
        ]
      },
      "properties": {
        "account": "georgia-pacific",
        "name": "GP Naheola Mill - Pennington AL",
        "type": "Pulp/Tissue/Paperboard Mill",
        "archetype": "#6",
        "archetypeName": "Gate + GS (not BU sens.) + campus",
        "confidence": "high",
        "zone": "dockApron",
        "index": 1
      }
    },
    {
      "type": "Feature",
      "geometry": {
        "type": "Polygon",
        "coordinates": [
          [
            [
              -73.456345,
              44.714518
            ],
            [
              -73.456345,
              44.710224
            ],
            [
              -73.453873,
              44.708467
            ],
            [
              -73.449479,
              44.709053
            ],
            [
              -73.449479,
              44.714518
            ],
            [
              -73.456345,
              44.714518
            ]
          ]
        ]
      },
      "properties": {
        "account": "georgia-pacific",
        "name": "GP Plattsburgh Mill - Plattsburgh NY",
        "type": "Tissue/Towel Mill",
        "archetype": "#9",
        "archetypeName": "Gate + No GS (remote check-in)",
        "confidence": "high",
        "zone": "perimeter",
        "truckGate": true,
        "guardShack": false,
        "remoteGs": true,
        "fastLaneOpportunity": false,
        "backupSensitive": true,
        "dropYard": true,
        "multipleFacilities": true,
        "scale": false,
        "shipRcvSeparate": true,
        "urbanRural": "Urban",
        "dockDoors": "25-50",
        "dropArea": "25-50",
        "yardMetrics": {
          "dockDoorCount": 28,
          "trailersVisible": 45,
          "trailerParkingCapacity": 70,
          "truckGateCount": 2,
          "buildingCount": 14,
          "siteAreaAcres": 128,
          "railServed": true
        }
      }
    },
    {
      "type": "Feature",
      "geometry": {
        "type": "Polygon",
        "coordinates": [
          [
            [
              -73.451813,
              44.710712
            ],
            [
              -73.451813,
              44.710126
            ],
            [
              -73.450852,
              44.710126
            ],
            [
              -73.450852,
              44.710712
            ],
            [
              -73.451813,
              44.710712
            ]
          ]
        ]
      },
      "properties": {
        "account": "georgia-pacific",
        "name": "GP Plattsburgh Mill - Plattsburgh NY",
        "type": "Tissue/Towel Mill",
        "archetype": "#9",
        "archetypeName": "Gate + No GS (remote check-in)",
        "confidence": "high",
        "zone": "truckGate"
      }
    },
    {
      "type": "Feature",
      "geometry": {
        "type": "Polygon",
        "coordinates": [
          [
            [
              -73.453873,
              44.714323
            ],
            [
              -73.454011,
              44.713249
            ],
            [
              -73.449891,
              44.713152
            ],
            [
              -73.449753,
              44.714225
            ],
            [
              -73.453873,
              44.714323
            ]
          ]
        ]
      },
      "properties": {
        "account": "georgia-pacific",
        "name": "GP Plattsburgh Mill - Plattsburgh NY",
        "type": "Tissue/Towel Mill",
        "archetype": "#9",
        "archetypeName": "Gate + No GS (remote check-in)",
        "confidence": "high",
        "zone": "dropYard",
        "index": 1
      }
    },
    {
      "type": "Feature",
      "geometry": {
        "type": "Polygon",
        "coordinates": [
          [
            [
              -73.4525,
              44.712176
            ],
            [
              -73.452637,
              44.71159
            ],
            [
              -73.450577,
              44.711493
            ],
            [
              -73.45044,
              44.712078
            ],
            [
              -73.4525,
              44.712176
            ]
          ]
        ]
      },
      "properties": {
        "account": "georgia-pacific",
        "name": "GP Plattsburgh Mill - Plattsburgh NY",
        "type": "Tissue/Towel Mill",
        "archetype": "#9",
        "archetypeName": "Gate + No GS (remote check-in)",
        "confidence": "high",
        "zone": "dockApron",
        "index": 1
      }
    },
    {
      "type": "Feature",
      "geometry": {
        "type": "Polygon",
        "coordinates": [
          [
            [
              -87.496184,
              31.586551
            ],
            [
              -87.496184,
              31.581872
            ],
            [
              -87.493986,
              31.578128
            ],
            [
              -87.485747,
              31.57883
            ],
            [
              -87.485197,
              31.58468
            ],
            [
              -87.496184,
              31.586551
            ]
          ]
        ]
      },
      "properties": {
        "account": "georgia-pacific",
        "name": "GP Alabama River Cellulose Mill - Perdue Hill AL",
        "type": "Cellulose/Pulp Mill",
        "archetype": "#6",
        "archetypeName": "Gate + GS (not BU sens.) + campus",
        "confidence": "medium",
        "zone": "perimeter",
        "truckGate": true,
        "guardShack": true,
        "remoteGs": false,
        "fastLaneOpportunity": false,
        "backupSensitive": false,
        "dropYard": true,
        "multipleFacilities": true,
        "scale": true,
        "shipRcvSeparate": false,
        "urbanRural": "Rural",
        "dockDoors": "10-25",
        "dropArea": "50+",
        "yardMetrics": {
          "dockDoorCount": 18,
          "trailersVisible": 220,
          "trailerParkingCapacity": 350,
          "truckGateCount": 1,
          "buildingCount": 20,
          "siteAreaAcres": 610,
          "railServed": true
        }
      }
    },
    {
      "type": "Feature",
      "geometry": {
        "type": "Polygon",
        "coordinates": [
          [
            [
              -87.489866,
              31.58
            ],
            [
              -87.489866,
              31.57883
            ],
            [
              -87.488219,
              31.57883
            ],
            [
              -87.488219,
              31.58
            ],
            [
              -87.489866,
              31.58
            ]
          ]
        ]
      },
      "properties": {
        "account": "georgia-pacific",
        "name": "GP Alabama River Cellulose Mill - Perdue Hill AL",
        "type": "Cellulose/Pulp Mill",
        "archetype": "#6",
        "archetypeName": "Gate + GS (not BU sens.) + campus",
        "confidence": "medium",
        "zone": "truckGate"
      }
    },
    {
      "type": "Feature",
      "geometry": {
        "type": "Polygon",
        "coordinates": [
          [
            [
              -87.493986,
              31.581872
            ],
            [
              -87.493986,
              31.580234
            ],
            [
              -87.48712,
              31.580234
            ],
            [
              -87.486845,
              31.581872
            ],
            [
              -87.493986,
              31.581872
            ]
          ]
        ]
      },
      "properties": {
        "account": "georgia-pacific",
        "name": "GP Alabama River Cellulose Mill - Perdue Hill AL",
        "type": "Cellulose/Pulp Mill",
        "archetype": "#6",
        "archetypeName": "Gate + GS (not BU sens.) + campus",
        "confidence": "medium",
        "zone": "dropYard",
        "index": 1
      }
    },
    {
      "type": "Feature",
      "geometry": {
        "type": "Polygon",
        "coordinates": [
          [
            [
              -87.493437,
              31.58351
            ],
            [
              -87.493712,
              31.58234
            ],
            [
              -87.487669,
              31.581638
            ],
            [
              -87.487395,
              31.582808
            ],
            [
              -87.493437,
              31.58351
            ]
          ]
        ]
      },
      "properties": {
        "account": "georgia-pacific",
        "name": "GP Alabama River Cellulose Mill - Perdue Hill AL",
        "type": "Cellulose/Pulp Mill",
        "archetype": "#6",
        "archetypeName": "Gate + GS (not BU sens.) + campus",
        "confidence": "medium",
        "zone": "dockApron",
        "index": 1
      }
    },
    {
      "type": "Feature",
      "geometry": {
        "type": "Polygon",
        "coordinates": [
          [
            [
              -81.524634,
              31.1807
            ],
            [
              -81.525184,
              31.174825
            ],
            [
              -81.520789,
              31.16942
            ],
            [
              -81.516669,
              31.17318
            ],
            [
              -81.517493,
              31.17929
            ],
            [
              -81.524634,
              31.1807
            ]
          ]
        ]
      },
      "properties": {
        "account": "georgia-pacific",
        "name": "GP Brunswick Cellulose Mill - Brunswick GA",
        "type": "Cellulose/Pulp Mill",
        "archetype": "#6",
        "archetypeName": "Gate + GS (not BU sens.) + campus",
        "confidence": "medium",
        "zone": "perimeter",
        "truckGate": true,
        "guardShack": true,
        "remoteGs": false,
        "fastLaneOpportunity": true,
        "backupSensitive": false,
        "dropYard": true,
        "multipleFacilities": true,
        "scale": true,
        "shipRcvSeparate": false,
        "urbanRural": "Rural",
        "dockDoors": "10-25",
        "dropArea": "50+",
        "yardMetrics": {
          "dockDoorCount": 20,
          "trailersVisible": 320,
          "trailerParkingCapacity": 450,
          "truckGateCount": 1,
          "buildingCount": 22,
          "siteAreaAcres": 704,
          "railServed": true
        }
      }
    },
    {
      "type": "Feature",
      "geometry": {
        "type": "Polygon",
        "coordinates": [
          [
            [
              -81.522986,
              31.17929
            ],
            [
              -81.522437,
              31.17788
            ],
            [
              -81.520789,
              31.17835
            ],
            [
              -81.521338,
              31.17976
            ],
            [
              -81.522986,
              31.17929
            ]
          ]
        ]
      },
      "properties": {
        "account": "georgia-pacific",
        "name": "GP Brunswick Cellulose Mill - Brunswick GA",
        "type": "Cellulose/Pulp Mill",
        "archetype": "#6",
        "archetypeName": "Gate + GS (not BU sens.) + campus",
        "confidence": "medium",
        "zone": "truckGate"
      }
    },
    {
      "type": "Feature",
      "geometry": {
        "type": "Polygon",
        "coordinates": [
          [
            [
              -81.522986,
              31.17788
            ],
            [
              -81.523261,
              31.176705
            ],
            [
              -81.518317,
              31.176
            ],
            [
              -81.518042,
              31.177175
            ],
            [
              -81.522986,
              31.17788
            ]
          ]
        ]
      },
      "properties": {
        "account": "georgia-pacific",
        "name": "GP Brunswick Cellulose Mill - Brunswick GA",
        "type": "Cellulose/Pulp Mill",
        "archetype": "#6",
        "archetypeName": "Gate + GS (not BU sens.) + campus",
        "confidence": "medium",
        "zone": "dockApron",
        "index": 1
      }
    },
    {
      "type": "Feature",
      "geometry": {
        "type": "Polygon",
        "coordinates": [
          [
            [
              -89.048247,
              31.248836
            ],
            [
              -89.048247,
              31.2432
            ],
            [
              -89.046599,
              31.234746
            ],
            [
              -89.041105,
              31.235216
            ],
            [
              -89.042204,
              31.248366
            ],
            [
              -89.048247,
              31.248836
            ]
          ]
        ]
      },
      "properties": {
        "account": "georgia-pacific",
        "name": "GP Leaf River Cellulose Mill - New Augusta MS",
        "type": "Cellulose/Pulp Mill",
        "archetype": "#9",
        "archetypeName": "Gate + No GS (remote check-in)",
        "confidence": "medium",
        "zone": "perimeter",
        "truckGate": true,
        "guardShack": false,
        "remoteGs": true,
        "fastLaneOpportunity": true,
        "backupSensitive": false,
        "dropYard": true,
        "multipleFacilities": true,
        "scale": true,
        "shipRcvSeparate": true,
        "urbanRural": "Rural",
        "dockDoors": "10-25",
        "dropArea": "0-10",
        "yardMetrics": {
          "dockDoorCount": 14,
          "trailersVisible": 9,
          "trailerParkingCapacity": 30,
          "truckGateCount": 1,
          "buildingCount": 12,
          "siteAreaAcres": 285,
          "railServed": true
        }
      }
    },
    {
      "type": "Feature",
      "geometry": {
        "type": "Polygon",
        "coordinates": [
          [
            [
              -89.047148,
              31.246957
            ],
            [
              -89.047148,
              31.245783
            ],
            [
              -89.0455,
              31.245783
            ],
            [
              -89.0455,
              31.246957
            ],
            [
              -89.047148,
              31.246957
            ]
          ]
        ]
      },
      "properties": {
        "account": "georgia-pacific",
        "name": "GP Leaf River Cellulose Mill - New Augusta MS",
        "type": "Cellulose/Pulp Mill",
        "archetype": "#9",
        "archetypeName": "Gate + No GS (remote check-in)",
        "confidence": "medium",
        "zone": "truckGate"
      }
    },
    {
      "type": "Feature",
      "geometry": {
        "type": "Polygon",
        "coordinates": [
          [
            [
              -89.044951,
              31.246957
            ],
            [
              -89.045225,
              31.243435
            ],
            [
              -89.04138,
              31.2432
            ],
            [
              -89.041105,
              31.246722
            ],
            [
              -89.044951,
              31.246957
            ]
          ]
        ]
      },
      "properties": {
        "account": "georgia-pacific",
        "name": "GP Leaf River Cellulose Mill - New Augusta MS",
        "type": "Cellulose/Pulp Mill",
        "archetype": "#9",
        "archetypeName": "Gate + No GS (remote check-in)",
        "confidence": "medium",
        "zone": "dropYard",
        "index": 1
      }
    },
    {
      "type": "Feature",
      "geometry": {
        "type": "Polygon",
        "coordinates": [
          [
            [
              -89.047148,
              31.245548
            ],
            [
              -89.047423,
              31.244374
            ],
            [
              -89.043028,
              31.244139
            ],
            [
              -89.042753,
              31.245313
            ],
            [
              -89.047148,
              31.245548
            ]
          ]
        ]
      },
      "properties": {
        "account": "georgia-pacific",
        "name": "GP Leaf River Cellulose Mill - New Augusta MS",
        "type": "Cellulose/Pulp Mill",
        "archetype": "#9",
        "archetypeName": "Gate + No GS (remote check-in)",
        "confidence": "medium",
        "zone": "dockApron",
        "index": 1
      }
    },
    {
      "type": "Feature",
      "geometry": {
        "type": "Polygon",
        "coordinates": [
          [
            [
              -89.967493,
              35.16144
            ],
            [
              -89.967493,
              35.158746
            ],
            [
              -89.966395,
              35.155377
            ],
            [
              -89.960352,
              35.156051
            ],
            [
              -89.960627,
              35.160991
            ],
            [
              -89.967493,
              35.16144
            ]
          ]
        ]
      },
      "properties": {
        "account": "georgia-pacific",
        "name": "GP Memphis Cellulose Mill - Memphis TN",
        "type": "Cellulose Mill",
        "archetype": "#9",
        "archetypeName": "Gate + No GS (remote check-in)",
        "confidence": "medium",
        "zone": "perimeter",
        "truckGate": true,
        "guardShack": false,
        "remoteGs": true,
        "fastLaneOpportunity": false,
        "backupSensitive": true,
        "dropYard": true,
        "multipleFacilities": true,
        "scale": true,
        "shipRcvSeparate": true,
        "urbanRural": "Urban",
        "dockDoors": "10-25",
        "dropArea": "10-25",
        "yardMetrics": {
          "dockDoorCount": 16,
          "trailersVisible": 8,
          "trailerParkingCapacity": 35,
          "truckGateCount": 1,
          "buildingCount": 14,
          "siteAreaAcres": 78,
          "railServed": true
        }
      }
    },
    {
      "type": "Feature",
      "geometry": {
        "type": "Polygon",
        "coordinates": [
          [
            [
              -89.966944,
              35.158296
            ],
            [
              -89.966944,
              35.157174
            ],
            [
              -89.965296,
              35.157174
            ],
            [
              -89.965296,
              35.158296
            ],
            [
              -89.966944,
              35.158296
            ]
          ]
        ]
      },
      "properties": {
        "account": "georgia-pacific",
        "name": "GP Memphis Cellulose Mill - Memphis TN",
        "type": "Cellulose Mill",
        "archetype": "#9",
        "archetypeName": "Gate + No GS (remote check-in)",
        "confidence": "medium",
        "zone": "truckGate"
      }
    },
    {
      "type": "Feature",
      "geometry": {
        "type": "Polygon",
        "coordinates": [
          [
            [
              -89.96612,
              35.158746
            ],
            [
              -89.966395,
              35.157174
            ],
            [
              -89.961451,
              35.156949
            ],
            [
              -89.961176,
              35.158521
            ],
            [
              -89.96612,
              35.158746
            ]
          ]
        ]
      },
      "properties": {
        "account": "georgia-pacific",
        "name": "GP Memphis Cellulose Mill - Memphis TN",
        "type": "Cellulose Mill",
        "archetype": "#9",
        "archetypeName": "Gate + No GS (remote check-in)",
        "confidence": "medium",
        "zone": "dropYard",
        "index": 1
      }
    },
    {
      "type": "Feature",
      "geometry": {
        "type": "Polygon",
        "coordinates": [
          [
            [
              -89.965845,
              35.160093
            ],
            [
              -89.96612,
              35.159195
            ],
            [
              -89.961725,
              35.15897
            ],
            [
              -89.961451,
              35.159868
            ],
            [
              -89.965845,
              35.160093
            ]
          ]
        ]
      },
      "properties": {
        "account": "georgia-pacific",
        "name": "GP Memphis Cellulose Mill - Memphis TN",
        "type": "Cellulose Mill",
        "archetype": "#9",
        "archetypeName": "Gate + No GS (remote check-in)",
        "confidence": "medium",
        "zone": "dockApron",
        "index": 1
      }
    },
    {
      "type": "Feature",
      "geometry": {
        "type": "Polygon",
        "coordinates": [
          [
            [
              -87.069096,
              31.108681
            ],
            [
              -87.069371,
              31.105624
            ],
            [
              -87.068547,
              31.102567
            ],
            [
              -87.061405,
              31.103037
            ],
            [
              -87.061405,
              31.107976
            ],
            [
              -87.069096,
              31.108681
            ]
          ]
        ]
      },
      "properties": {
        "account": "georgia-pacific",
        "name": "GP Brewton Mill - Brewton AL",
        "type": "Containerboard/Bleached Board Mill",
        "archetype": "#6",
        "archetypeName": "Gate + GS (not BU sens.) + campus",
        "confidence": "high",
        "zone": "perimeter",
        "truckGate": true,
        "guardShack": true,
        "remoteGs": false,
        "fastLaneOpportunity": false,
        "backupSensitive": false,
        "dropYard": true,
        "multipleFacilities": true,
        "scale": true,
        "shipRcvSeparate": true,
        "urbanRural": "Rural",
        "dockDoors": "10-25",
        "dropArea": "10-25",
        "yardMetrics": {
          "dockDoorCount": 22,
          "trailersVisible": 12,
          "trailerParkingCapacity": 40,
          "truckGateCount": 1,
          "buildingCount": 16,
          "siteAreaAcres": 95,
          "railServed": true
        }
      }
    },
    {
      "type": "Feature",
      "geometry": {
        "type": "Polygon",
        "coordinates": [
          [
            [
              -87.069371,
              31.105624
            ],
            [
              -87.069371,
              31.104448
            ],
            [
              -87.067723,
              31.104448
            ],
            [
              -87.067723,
              31.105624
            ],
            [
              -87.069371,
              31.105624
            ]
          ]
        ]
      },
      "properties": {
        "account": "georgia-pacific",
        "name": "GP Brewton Mill - Brewton AL",
        "type": "Containerboard/Bleached Board Mill",
        "archetype": "#6",
        "archetypeName": "Gate + GS (not BU sens.) + campus",
        "confidence": "high",
        "zone": "truckGate"
      }
    },
    {
      "type": "Feature",
      "geometry": {
        "type": "Polygon",
        "coordinates": [
          [
            [
              -87.067997,
              31.10727
            ],
            [
              -87.068272,
              31.105624
            ],
            [
              -87.062779,
              31.105389
            ],
            [
              -87.062504,
              31.107035
            ],
            [
              -87.067997,
              31.10727
            ]
          ]
        ]
      },
      "properties": {
        "account": "georgia-pacific",
        "name": "GP Brewton Mill - Brewton AL",
        "type": "Containerboard/Bleached Board Mill",
        "archetype": "#6",
        "archetypeName": "Gate + GS (not BU sens.) + campus",
        "confidence": "high",
        "zone": "dropYard",
        "index": 1
      }
    },
    {
      "type": "Feature",
      "geometry": {
        "type": "Polygon",
        "coordinates": [
          [
            [
              -87.067997,
              31.105389
            ],
            [
              -87.068272,
              31.104213
            ],
            [
              -87.063328,
              31.103978
            ],
            [
              -87.063053,
              31.105154
            ],
            [
              -87.067997,
              31.105389
            ]
          ]
        ]
      },
      "properties": {
        "account": "georgia-pacific",
        "name": "GP Brewton Mill - Brewton AL",
        "type": "Containerboard/Bleached Board Mill",
        "archetype": "#6",
        "archetypeName": "Gate + GS (not BU sens.) + campus",
        "confidence": "high",
        "zone": "dockApron",
        "index": 1
      }
    },
    {
      "type": "Feature",
      "geometry": {
        "type": "Polygon",
        "coordinates": [
          [
            [
              -90.088092,
              31.631942
            ],
            [
              -90.08919,
              31.627265
            ],
            [
              -90.086993,
              31.621652
            ],
            [
              -90.074908,
              31.622587
            ],
            [
              -90.076007,
              31.631006
            ],
            [
              -90.088092,
              31.631942
            ]
          ]
        ]
      },
      "properties": {
        "account": "georgia-pacific",
        "name": "GP Monticello Mill - Monticello MS",
        "type": "Containerboard Mill",
        "archetype": "#6",
        "archetypeName": "Gate + GS (not BU sens.) + campus",
        "confidence": "high",
        "zone": "perimeter",
        "truckGate": true,
        "guardShack": true,
        "remoteGs": false,
        "fastLaneOpportunity": true,
        "backupSensitive": false,
        "dropYard": true,
        "multipleFacilities": true,
        "scale": true,
        "shipRcvSeparate": true,
        "urbanRural": "Rural",
        "dockDoors": "10-25",
        "dropArea": "50+",
        "yardMetrics": {
          "dockDoorCount": 18,
          "trailersVisible": 70,
          "trailerParkingCapacity": 110,
          "truckGateCount": 1,
          "buildingCount": 22,
          "siteAreaAcres": 320,
          "railServed": true
        }
      }
    },
    {
      "type": "Feature",
      "geometry": {
        "type": "Polygon",
        "coordinates": [
          [
            [
              -90.0815,
              31.623055
            ],
            [
              -90.0815,
              31.620716
            ],
            [
              -90.078204,
              31.620716
            ],
            [
              -90.078204,
              31.623055
            ],
            [
              -90.0815,
              31.623055
            ]
          ]
        ]
      },
      "properties": {
        "account": "georgia-pacific",
        "name": "GP Monticello Mill - Monticello MS",
        "type": "Containerboard Mill",
        "archetype": "#6",
        "archetypeName": "Gate + GS (not BU sens.) + campus",
        "confidence": "high",
        "zone": "truckGate"
      }
    },
    {
      "type": "Feature",
      "geometry": {
        "type": "Polygon",
        "coordinates": [
          [
            [
              -90.086993,
              31.630071
            ],
            [
              -90.087542,
              31.626797
            ],
            [
              -90.077655,
              31.626329
            ],
            [
              -90.077105,
              31.629603
            ],
            [
              -90.086993,
              31.630071
            ]
          ]
        ]
      },
      "properties": {
        "account": "georgia-pacific",
        "name": "GP Monticello Mill - Monticello MS",
        "type": "Containerboard Mill",
        "archetype": "#6",
        "archetypeName": "Gate + GS (not BU sens.) + campus",
        "confidence": "high",
        "zone": "dropYard",
        "index": 1
      }
    },
    {
      "type": "Feature",
      "geometry": {
        "type": "Polygon",
        "coordinates": [
          [
            [
              -90.086993,
              31.626329
            ],
            [
              -90.087542,
              31.624458
            ],
            [
              -90.078753,
              31.62399
            ],
            [
              -90.078204,
              31.625861
            ],
            [
              -90.086993,
              31.626329
            ]
          ]
        ]
      },
      "properties": {
        "account": "georgia-pacific",
        "name": "GP Monticello Mill - Monticello MS",
        "type": "Containerboard Mill",
        "archetype": "#6",
        "archetypeName": "Gate + GS (not BU sens.) + campus",
        "confidence": "high",
        "zone": "dockApron",
        "index": 1
      }
    },
    {
      "type": "Feature",
      "geometry": {
        "type": "Polygon",
        "coordinates": [
          [
            [
              -123.937,
              44.616064
            ],
            [
              -123.937549,
              44.613522
            ],
            [
              -123.936451,
              44.607852
            ],
            [
              -123.931507,
              44.608243
            ],
            [
              -123.932056,
              44.615673
            ],
            [
              -123.937,
              44.616064
            ]
          ]
        ]
      },
      "properties": {
        "account": "georgia-pacific",
        "name": "GP Toledo Mill - Toledo OR",
        "type": "Containerboard/Linerboard Mill",
        "archetype": "#6",
        "archetypeName": "Gate + GS (not BU sens.) + campus",
        "confidence": "high",
        "zone": "perimeter",
        "truckGate": true,
        "guardShack": true,
        "remoteGs": false,
        "fastLaneOpportunity": false,
        "backupSensitive": false,
        "dropYard": true,
        "multipleFacilities": true,
        "scale": true,
        "shipRcvSeparate": true,
        "urbanRural": "Rural",
        "dockDoors": "10-25",
        "dropArea": "50+",
        "yardMetrics": {
          "dockDoorCount": 14,
          "trailersVisible": 55,
          "trailerParkingCapacity": 90,
          "truckGateCount": 1,
          "buildingCount": 18,
          "siteAreaAcres": 230,
          "railServed": true
        }
      }
    },
    {
      "type": "Feature",
      "geometry": {
        "type": "Polygon",
        "coordinates": [
          [
            [
              -123.937,
              44.6145
            ],
            [
              -123.937,
              44.613522
            ],
            [
              -123.935352,
              44.613522
            ],
            [
              -123.935352,
              44.6145
            ],
            [
              -123.937,
              44.6145
            ]
          ]
        ]
      },
      "properties": {
        "account": "georgia-pacific",
        "name": "GP Toledo Mill - Toledo OR",
        "type": "Containerboard/Linerboard Mill",
        "archetype": "#6",
        "archetypeName": "Gate + GS (not BU sens.) + campus",
        "confidence": "high",
        "zone": "truckGate"
      }
    },
    {
      "type": "Feature",
      "geometry": {
        "type": "Polygon",
        "coordinates": [
          [
            [
              -123.935901,
              44.613522
            ],
            [
              -123.936176,
              44.610785
            ],
            [
              -123.932331,
              44.61059
            ],
            [
              -123.932056,
              44.613327
            ],
            [
              -123.935901,
              44.613522
            ]
          ]
        ]
      },
      "properties": {
        "account": "georgia-pacific",
        "name": "GP Toledo Mill - Toledo OR",
        "type": "Containerboard/Linerboard Mill",
        "archetype": "#6",
        "archetypeName": "Gate + GS (not BU sens.) + campus",
        "confidence": "high",
        "zone": "dropYard",
        "index": 1
      }
    },
    {
      "type": "Feature",
      "geometry": {
        "type": "Polygon",
        "coordinates": [
          [
            [
              -123.936451,
              44.6145
            ],
            [
              -123.936725,
              44.613522
            ],
            [
              -123.933155,
              44.613327
            ],
            [
              -123.93288,
              44.614304
            ],
            [
              -123.936451,
              44.6145
            ]
          ]
        ]
      },
      "properties": {
        "account": "georgia-pacific",
        "name": "GP Toledo Mill - Toledo OR",
        "type": "Containerboard/Linerboard Mill",
        "archetype": "#6",
        "archetypeName": "Gate + GS (not BU sens.) + campus",
        "confidence": "high",
        "zone": "dockApron",
        "index": 1
      }
    },
    {
      "type": "Feature",
      "geometry": {
        "type": "Polygon",
        "coordinates": [
          [
            [
              -79.359493,
              37.536141
            ],
            [
              -79.358395,
              37.530478
            ],
            [
              -79.354549,
              37.522201
            ],
            [
              -79.350704,
              37.523508
            ],
            [
              -79.355099,
              37.537012
            ],
            [
              -79.359493,
              37.536141
            ]
          ]
        ]
      },
      "properties": {
        "account": "georgia-pacific",
        "name": "GP Big Island Mill - Big Island VA",
        "type": "Containerboard Mill",
        "archetype": "#8",
        "archetypeName": "Gate + GS (not BU sens.) + scale",
        "confidence": "medium",
        "zone": "perimeter",
        "truckGate": true,
        "guardShack": true,
        "remoteGs": false,
        "fastLaneOpportunity": false,
        "backupSensitive": false,
        "dropYard": true,
        "multipleFacilities": false,
        "scale": true,
        "shipRcvSeparate": false,
        "urbanRural": "Rural",
        "dockDoors": "10-25",
        "dropArea": "50+",
        "yardMetrics": {
          "dockDoorCount": 14,
          "trailersVisible": 70,
          "trailerParkingCapacity": 110,
          "truckGateCount": 1,
          "buildingCount": 8,
          "siteAreaAcres": 138,
          "railServed": true
        }
      }
    },
    {
      "type": "Feature",
      "geometry": {
        "type": "Polygon",
        "coordinates": [
          [
            [
              -79.355099,
              37.525686
            ],
            [
              -79.354549,
              37.524379
            ],
            [
              -79.352901,
              37.524815
            ],
            [
              -79.353451,
              37.526122
            ],
            [
              -79.355099,
              37.525686
            ]
          ]
        ]
      },
      "properties": {
        "account": "georgia-pacific",
        "name": "GP Big Island Mill - Big Island VA",
        "type": "Containerboard Mill",
        "archetype": "#8",
        "archetypeName": "Gate + GS (not BU sens.) + scale",
        "confidence": "medium",
        "zone": "truckGate"
      }
    },
    {
      "type": "Feature",
      "geometry": {
        "type": "Polygon",
        "coordinates": [
          [
            [
              -79.355648,
              37.527211
            ],
            [
              -79.354824,
              37.524597
            ],
            [
              -79.351528,
              37.52525
            ],
            [
              -79.352352,
              37.527864
            ],
            [
              -79.355648,
              37.527211
            ]
          ]
        ]
      },
      "properties": {
        "account": "georgia-pacific",
        "name": "GP Big Island Mill - Big Island VA",
        "type": "Containerboard Mill",
        "archetype": "#8",
        "archetypeName": "Gate + GS (not BU sens.) + scale",
        "confidence": "medium",
        "zone": "dropYard",
        "index": 1
      }
    },
    {
      "type": "Feature",
      "geometry": {
        "type": "Polygon",
        "coordinates": [
          [
            [
              -79.357845,
              37.532656
            ],
            [
              -79.357021,
              37.529825
            ],
            [
              -79.354275,
              37.530478
            ],
            [
              -79.355099,
              37.53331
            ],
            [
              -79.357845,
              37.532656
            ]
          ]
        ]
      },
      "properties": {
        "account": "georgia-pacific",
        "name": "GP Big Island Mill - Big Island VA",
        "type": "Containerboard Mill",
        "archetype": "#8",
        "archetypeName": "Gate + GS (not BU sens.) + scale",
        "confidence": "medium",
        "zone": "dockApron",
        "index": 1
      }
    },
    {
      "type": "Feature",
      "geometry": {
        "type": "Polygon",
        "coordinates": [
          [
            [
              -81.661895,
              29.695544
            ],
            [
              -81.662444,
              29.688386
            ],
            [
              -81.660247,
              29.678364
            ],
            [
              -81.654204,
              29.679319
            ],
            [
              -81.653105,
              29.694112
            ],
            [
              -81.661895,
              29.695544
            ]
          ]
        ]
      },
      "properties": {
        "account": "georgia-pacific",
        "name": "GP Palatka Mill - Palatka FL",
        "type": "Kraft/Tissue Mill",
        "archetype": "#6",
        "archetypeName": "Gate + GS (not BU sens.) + campus",
        "confidence": "medium",
        "zone": "perimeter",
        "truckGate": true,
        "guardShack": true,
        "remoteGs": false,
        "fastLaneOpportunity": true,
        "backupSensitive": false,
        "dropYard": true,
        "multipleFacilities": true,
        "scale": true,
        "shipRcvSeparate": true,
        "urbanRural": "Rural",
        "dockDoors": "25-50",
        "dropArea": "25-50",
        "yardMetrics": {
          "dockDoorCount": 30,
          "trailersVisible": 45,
          "trailerParkingCapacity": 90,
          "truckGateCount": 1,
          "buildingCount": 18,
          "siteAreaAcres": 316,
          "railServed": true
        }
      }
    },
    {
      "type": "Feature",
      "geometry": {
        "type": "Polygon",
        "coordinates": [
          [
            [
              -81.661345,
              29.690772
            ],
            [
              -81.661345,
              29.689579
            ],
            [
              -81.659697,
              29.689579
            ],
            [
              -81.659697,
              29.690772
            ],
            [
              -81.661345,
              29.690772
            ]
          ]
        ]
      },
      "properties": {
        "account": "georgia-pacific",
        "name": "GP Palatka Mill - Palatka FL",
        "type": "Kraft/Tissue Mill",
        "archetype": "#6",
        "archetypeName": "Gate + GS (not BU sens.) + campus",
        "confidence": "medium",
        "zone": "truckGate"
      }
    },
    {
      "type": "Feature",
      "geometry": {
        "type": "Polygon",
        "coordinates": [
          [
            [
              -81.6575,
              29.693158
            ],
            [
              -81.657775,
              29.689818
            ],
            [
              -81.65338,
              29.68934
            ],
            [
              -81.653105,
              29.692681
            ],
            [
              -81.6575,
              29.693158
            ]
          ]
        ]
      },
      "properties": {
        "account": "georgia-pacific",
        "name": "GP Palatka Mill - Palatka FL",
        "type": "Kraft/Tissue Mill",
        "archetype": "#6",
        "archetypeName": "Gate + GS (not BU sens.) + campus",
        "confidence": "medium",
        "zone": "dropYard",
        "index": 1
      }
    },
    {
      "type": "Feature",
      "geometry": {
        "type": "Polygon",
        "coordinates": [
          [
            [
              -81.660247,
              29.688386
            ],
            [
              -81.660521,
              29.687193
            ],
            [
              -81.655577,
              29.686716
            ],
            [
              -81.655303,
              29.687909
            ],
            [
              -81.660247,
              29.688386
            ]
          ]
        ]
      },
      "properties": {
        "account": "georgia-pacific",
        "name": "GP Palatka Mill - Palatka FL",
        "type": "Kraft/Tissue Mill",
        "archetype": "#6",
        "archetypeName": "Gate + GS (not BU sens.) + campus",
        "confidence": "medium",
        "zone": "dockApron",
        "index": 1
      }
    },
    {
      "type": "Feature",
      "geometry": {
        "type": "Polygon",
        "coordinates": [
          [
            [
              -88.920645,
              35.629832
            ],
            [
              -88.920645,
              35.628493
            ],
            [
              -88.920371,
              35.626261
            ],
            [
              -88.914603,
              35.626484
            ],
            [
              -88.914603,
              35.629609
            ],
            [
              -88.920645,
              35.629832
            ]
          ]
        ]
      },
      "properties": {
        "account": "georgia-pacific",
        "name": "GP Dixie Tableware Plant - Jackson TN",
        "type": "Tableware/Converting Plant",
        "archetype": "#9",
        "archetypeName": "Gate + No GS (remote check-in)",
        "confidence": "medium",
        "zone": "perimeter",
        "truckGate": true,
        "guardShack": false,
        "remoteGs": true,
        "fastLaneOpportunity": true,
        "backupSensitive": false,
        "dropYard": false,
        "multipleFacilities": false,
        "scale": false,
        "shipRcvSeparate": false,
        "urbanRural": "Rural",
        "dockDoors": "25-50",
        "dropArea": "0-10",
        "yardMetrics": {
          "dockDoorCount": 40,
          "trailersVisible": 25,
          "trailerParkingCapacity": 60,
          "truckGateCount": 1,
          "buildingCount": 1,
          "siteAreaAcres": 247,
          "railServed": false
        }
      }
    },
    {
      "type": "Feature",
      "geometry": {
        "type": "Polygon",
        "coordinates": [
          [
            [
              -88.920371,
              35.627154
            ],
            [
              -88.920371,
              35.626037
            ],
            [
              -88.918723,
              35.626037
            ],
            [
              -88.918723,
              35.627154
            ],
            [
              -88.920371,
              35.627154
            ]
          ]
        ]
      },
      "properties": {
        "account": "georgia-pacific",
        "name": "GP Dixie Tableware Plant - Jackson TN",
        "type": "Tableware/Converting Plant",
        "archetype": "#9",
        "archetypeName": "Gate + No GS (remote check-in)",
        "confidence": "medium",
        "zone": "truckGate"
      }
    },
    {
      "type": "Feature",
      "geometry": {
        "type": "Polygon",
        "coordinates": [
          [
            [
              -88.919821,
              35.629386
            ],
            [
              -88.919547,
              35.626484
            ],
            [
              -88.918173,
              35.626484
            ],
            [
              -88.918448,
              35.629386
            ],
            [
              -88.919821,
              35.629386
            ]
          ]
        ]
      },
      "properties": {
        "account": "georgia-pacific",
        "name": "GP Dixie Tableware Plant - Jackson TN",
        "type": "Tableware/Converting Plant",
        "archetype": "#9",
        "archetypeName": "Gate + No GS (remote check-in)",
        "confidence": "medium",
        "zone": "dockApron",
        "index": 1
      }
    },
    {
      "type": "Feature",
      "geometry": {
        "type": "Polygon",
        "coordinates": [
          [
            [
              -84.527173,
              38.081997
            ],
            [
              -84.527173,
              38.0807
            ],
            [
              -84.526899,
              38.076808
            ],
            [
              -84.524152,
              38.076808
            ],
            [
              -84.524152,
              38.081781
            ],
            [
              -84.527173,
              38.081997
            ]
          ]
        ]
      },
      "properties": {
        "account": "georgia-pacific",
        "name": "GP Dixie Cup Plant - Lexington KY",
        "type": "Cup/Converting Plant",
        "archetype": "#9",
        "archetypeName": "Gate + No GS (remote check-in)",
        "confidence": "medium",
        "zone": "perimeter",
        "truckGate": true,
        "guardShack": false,
        "remoteGs": true,
        "fastLaneOpportunity": false,
        "backupSensitive": false,
        "dropYard": true,
        "multipleFacilities": false,
        "scale": false,
        "shipRcvSeparate": false,
        "urbanRural": "Urban",
        "dockDoors": "10-25",
        "dropArea": "25-50",
        "yardMetrics": {
          "dockDoorCount": 22,
          "trailersVisible": 50,
          "trailerParkingCapacity": 80,
          "truckGateCount": 1,
          "buildingCount": 5,
          "siteAreaAcres": 72,
          "railServed": true
        }
      }
    },
    {
      "type": "Feature",
      "geometry": {
        "type": "Polygon",
        "coordinates": [
          [
            [
              -84.525113,
              38.077673
            ],
            [
              -84.525113,
              38.077025
            ],
            [
              -84.524152,
              38.077025
            ],
            [
              -84.524152,
              38.077673
            ],
            [
              -84.525113,
              38.077673
            ]
          ]
        ]
      },
      "properties": {
        "account": "georgia-pacific",
        "name": "GP Dixie Cup Plant - Lexington KY",
        "type": "Cup/Converting Plant",
        "archetype": "#9",
        "archetypeName": "Gate + No GS (remote check-in)",
        "confidence": "medium",
        "zone": "truckGate"
      }
    },
    {
      "type": "Feature",
      "geometry": {
        "type": "Polygon",
        "coordinates": [
          [
            [
              -84.524152,
              38.081565
            ],
            [
              -84.524289,
              38.080592
            ],
            [
              -84.522916,
              38.080484
            ],
            [
              -84.522779,
              38.081457
            ],
            [
              -84.524152,
              38.081565
            ]
          ]
        ]
      },
      "properties": {
        "account": "georgia-pacific",
        "name": "GP Dixie Cup Plant - Lexington KY",
        "type": "Cup/Converting Plant",
        "archetype": "#9",
        "archetypeName": "Gate + No GS (remote check-in)",
        "confidence": "medium",
        "zone": "dropYard",
        "index": 1
      }
    },
    {
      "type": "Feature",
      "geometry": {
        "type": "Polygon",
        "coordinates": [
          [
            [
              -84.526761,
              38.0807
            ],
            [
              -84.526899,
              38.08016
            ],
            [
              -84.524701,
              38.080051
            ],
            [
              -84.524564,
              38.080592
            ],
            [
              -84.526761,
              38.0807
            ]
          ]
        ]
      },
      "properties": {
        "account": "georgia-pacific",
        "name": "GP Dixie Cup Plant - Lexington KY",
        "type": "Cup/Converting Plant",
        "archetype": "#9",
        "archetypeName": "Gate + No GS (remote check-in)",
        "confidence": "medium",
        "zone": "dockApron",
        "index": 1
      }
    },
    {
      "type": "Feature",
      "geometry": {
        "type": "Polygon",
        "coordinates": [
          [
            [
              -90.64106,
              35.812534
            ],
            [
              -90.641335,
              35.810752
            ],
            [
              -90.639,
              35.810307
            ],
            [
              -90.637764,
              35.811643
            ],
            [
              -90.638176,
              35.813091
            ],
            [
              -90.64106,
              35.812534
            ]
          ]
        ]
      },
      "properties": {
        "account": "georgia-pacific",
        "name": "GP Anchor Packaging Plant - Jonesboro AR",
        "type": "Thermoformed Packaging Plant",
        "archetype": "#3",
        "archetypeName": "No Gate / No GS",
        "confidence": "medium",
        "zone": "perimeter",
        "truckGate": false,
        "guardShack": false,
        "remoteGs": false,
        "fastLaneOpportunity": false,
        "backupSensitive": false,
        "dropYard": false,
        "multipleFacilities": false,
        "scale": false,
        "shipRcvSeparate": false,
        "urbanRural": "Rural",
        "dockDoors": "10-25",
        "dropArea": "0-10",
        "yardMetrics": {
          "dockDoorCount": 18,
          "trailersVisible": 8,
          "trailerParkingCapacity": 25,
          "truckGateCount": 1,
          "buildingCount": 1,
          "siteAreaAcres": 43,
          "railServed": false
        }
      }
    },
    {
      "type": "Feature",
      "geometry": {
        "type": "Polygon",
        "coordinates": [
          [
            [
              -90.639,
              35.811977
            ],
            [
              -90.639,
              35.81142
            ],
            [
              -90.638176,
              35.81142
            ],
            [
              -90.638176,
              35.811977
            ],
            [
              -90.639,
              35.811977
            ]
          ]
        ]
      },
      "properties": {
        "account": "georgia-pacific",
        "name": "GP Anchor Packaging Plant - Jonesboro AR",
        "type": "Thermoformed Packaging Plant",
        "archetype": "#3",
        "archetypeName": "No Gate / No GS",
        "confidence": "medium",
        "zone": "truckGate"
      }
    },
    {
      "type": "Feature",
      "geometry": {
        "type": "Polygon",
        "coordinates": [
          [
            [
              -90.640099,
              35.812757
            ],
            [
              -90.640236,
              35.8122
            ],
            [
              -90.638863,
              35.812089
            ],
            [
              -90.638725,
              35.812645
            ],
            [
              -90.640099,
              35.812757
            ]
          ]
        ]
      },
      "properties": {
        "account": "georgia-pacific",
        "name": "GP Anchor Packaging Plant - Jonesboro AR",
        "type": "Thermoformed Packaging Plant",
        "archetype": "#3",
        "archetypeName": "No Gate / No GS",
        "confidence": "medium",
        "zone": "dropYard",
        "index": 1
      }
    },
    {
      "type": "Feature",
      "geometry": {
        "type": "Polygon",
        "coordinates": [
          [
            [
              -90.640923,
              35.8122
            ],
            [
              -90.64106,
              35.811643
            ],
            [
              -90.638863,
              35.81142
            ],
            [
              -90.638725,
              35.811977
            ],
            [
              -90.640923,
              35.8122
            ]
          ]
        ]
      },
      "properties": {
        "account": "georgia-pacific",
        "name": "GP Anchor Packaging Plant - Jonesboro AR",
        "type": "Thermoformed Packaging Plant",
        "archetype": "#3",
        "archetypeName": "No Gate / No GS",
        "confidence": "medium",
        "zone": "dockApron",
        "index": 1
      }
    },
    {
      "type": "Feature",
      "geometry": {
        "type": "Polygon",
        "coordinates": [
          [
            [
              -90.469247,
              36.085998
            ],
            [
              -90.469521,
              36.084555
            ],
            [
              -90.468972,
              36.08289
            ],
            [
              -90.465401,
              36.083112
            ],
            [
              -90.465401,
              36.085776
            ],
            [
              -90.469247,
              36.085998
            ]
          ]
        ]
      },
      "properties": {
        "account": "georgia-pacific",
        "name": "GP Anchor Packaging Plant - Paragould AR",
        "type": "Thermoformed/Cling Film Packaging Plant",
        "archetype": "#3",
        "archetypeName": "No Gate / No GS",
        "confidence": "high",
        "zone": "perimeter",
        "truckGate": false,
        "guardShack": false,
        "remoteGs": false,
        "fastLaneOpportunity": false,
        "backupSensitive": false,
        "dropYard": false,
        "multipleFacilities": false,
        "scale": false,
        "shipRcvSeparate": false,
        "urbanRural": "Rural",
        "dockDoors": "10-25",
        "dropArea": "0-10",
        "yardMetrics": {
          "dockDoorCount": 16,
          "trailersVisible": 9,
          "trailerParkingCapacity": 25,
          "truckGateCount": 1,
          "buildingCount": 2,
          "siteAreaAcres": 46.8,
          "railServed": false
        }
      }
    },
    {
      "type": "Feature",
      "geometry": {
        "type": "Polygon",
        "coordinates": [
          [
            [
              -90.469247,
              36.083778
            ],
            [
              -90.469247,
              36.083223
            ],
            [
              -90.468423,
              36.083223
            ],
            [
              -90.468423,
              36.083778
            ],
            [
              -90.469247,
              36.083778
            ]
          ]
        ]
      },
      "properties": {
        "account": "georgia-pacific",
        "name": "GP Anchor Packaging Plant - Paragould AR",
        "type": "Thermoformed/Cling Film Packaging Plant",
        "archetype": "#3",
        "archetypeName": "No Gate / No GS",
        "confidence": "high",
        "zone": "truckGate"
      }
    },
    {
      "type": "Feature",
      "geometry": {
        "type": "Polygon",
        "coordinates": [
          [
            [
              -90.467599,
              36.085554
            ],
            [
              -90.467736,
              36.084666
            ],
            [
              -90.465676,
              36.084555
            ],
            [
              -90.465539,
              36.085443
            ],
            [
              -90.467599,
              36.085554
            ]
          ]
        ]
      },
      "properties": {
        "account": "georgia-pacific",
        "name": "GP Anchor Packaging Plant - Paragould AR",
        "type": "Thermoformed/Cling Film Packaging Plant",
        "archetype": "#3",
        "archetypeName": "No Gate / No GS",
        "confidence": "high",
        "zone": "dropYard",
        "index": 1
      }
    },
    {
      "type": "Feature",
      "geometry": {
        "type": "Polygon",
        "coordinates": [
          [
            [
              -90.468697,
              36.084444
            ],
            [
              -90.468835,
              36.083889
            ],
            [
              -90.466637,
              36.083778
            ],
            [
              -90.4665,
              36.084333
            ],
            [
              -90.468697,
              36.084444
            ]
          ]
        ]
      },
      "properties": {
        "account": "georgia-pacific",
        "name": "GP Anchor Packaging Plant - Paragould AR",
        "type": "Thermoformed/Cling Film Packaging Plant",
        "archetype": "#3",
        "archetypeName": "No Gate / No GS",
        "confidence": "high",
        "zone": "dockApron",
        "index": 1
      }
    },
    {
      "type": "Feature",
      "geometry": {
        "type": "Polygon",
        "coordinates": [
          [
            [
              -89.009207,
              42.714068
            ],
            [
              -89.00955,
              42.713311
            ],
            [
              -89.009825,
              42.712151
            ],
            [
              -89.008451,
              42.711798
            ],
            [
              -89.007627,
              42.713664
            ],
            [
              -89.009207,
              42.714068
            ]
          ]
        ]
      },
      "properties": {
        "account": "georgia-pacific",
        "name": "GP Anchor Packaging Plant - Janesville WI",
        "type": "Packaging/Film Plant",
        "archetype": "#3",
        "archetypeName": "No Gate / No GS",
        "confidence": "high",
        "zone": "perimeter",
        "truckGate": false,
        "guardShack": false,
        "remoteGs": false,
        "fastLaneOpportunity": false,
        "backupSensitive": false,
        "dropYard": false,
        "multipleFacilities": false,
        "scale": false,
        "shipRcvSeparate": false,
        "urbanRural": "Rural",
        "dockDoors": "10-25",
        "dropArea": "0-10",
        "yardMetrics": {
          "dockDoorCount": 12,
          "trailersVisible": 9,
          "trailerParkingCapacity": 12,
          "truckGateCount": 1,
          "buildingCount": 1,
          "siteAreaAcres": 11.9,
          "railServed": false
        }
      }
    },
    {
      "type": "Feature",
      "geometry": {
        "type": "Polygon",
        "coordinates": [
          [
            [
              -89.009207,
              42.712555
            ],
            [
              -89.009344,
              42.712252
            ],
            [
              -89.008932,
              42.712151
            ],
            [
              -89.008795,
              42.712454
            ],
            [
              -89.009207,
              42.712555
            ]
          ]
        ]
      },
      "properties": {
        "account": "georgia-pacific",
        "name": "GP Anchor Packaging Plant - Janesville WI",
        "type": "Packaging/Film Plant",
        "archetype": "#3",
        "archetypeName": "No Gate / No GS",
        "confidence": "high",
        "zone": "truckGate"
      }
    },
    {
      "type": "Feature",
      "geometry": {
        "type": "Polygon",
        "coordinates": [
          [
            [
              -89.009138,
              42.713564
            ],
            [
              -89.009275,
              42.713311
            ],
            [
              -89.008177,
              42.713009
            ],
            [
              -89.008039,
              42.713261
            ],
            [
              -89.009138,
              42.713564
            ]
          ]
        ]
      },
      "properties": {
        "account": "georgia-pacific",
        "name": "GP Anchor Packaging Plant - Janesville WI",
        "type": "Packaging/Film Plant",
        "archetype": "#3",
        "archetypeName": "No Gate / No GS",
        "confidence": "high",
        "zone": "dockApron",
        "index": 1
      }
    },
    {
      "type": "Feature",
      "geometry": {
        "type": "Polygon",
        "coordinates": [
          [
            [
              -86.061373,
              33.447208
            ],
            [
              -86.061923,
              33.445146
            ],
            [
              -86.061099,
              33.442854
            ],
            [
              -86.058352,
              33.443083
            ],
            [
              -86.058901,
              33.446979
            ],
            [
              -86.061373,
              33.447208
            ]
          ]
        ]
      },
      "properties": {
        "account": "georgia-pacific",
        "name": "GP Wood Products - Talladega Lumber Mill - Talladega AL",
        "type": "Lumber Mill",
        "archetype": "#10",
        "archetypeName": "Ship/Rcv Separate (Gate+GS)",
        "confidence": "high",
        "zone": "perimeter",
        "truckGate": true,
        "guardShack": true,
        "remoteGs": false,
        "fastLaneOpportunity": true,
        "backupSensitive": false,
        "dropYard": false,
        "multipleFacilities": false,
        "scale": true,
        "shipRcvSeparate": true,
        "urbanRural": "Rural",
        "dockDoors": "0-10",
        "dropArea": "NONE",
        "yardMetrics": {
          "dockDoorCount": 4,
          "trailersVisible": 14,
          "trailerParkingCapacity": 30,
          "truckGateCount": 1,
          "buildingCount": 6,
          "siteAreaAcres": 114.5,
          "railServed": true
        }
      }
    },
    {
      "type": "Feature",
      "geometry": {
        "type": "Polygon",
        "coordinates": [
          [
            [
              -86.061099,
              33.444
            ],
            [
              -86.061099,
              33.443427
            ],
            [
              -86.060275,
              33.443427
            ],
            [
              -86.060275,
              33.444
            ],
            [
              -86.061099,
              33.444
            ]
          ]
        ]
      },
      "properties": {
        "account": "georgia-pacific",
        "name": "GP Wood Products - Talladega Lumber Mill - Talladega AL",
        "type": "Lumber Mill",
        "archetype": "#10",
        "archetypeName": "Ship/Rcv Separate (Gate+GS)",
        "confidence": "high",
        "zone": "truckGate"
      }
    },
    {
      "type": "Feature",
      "geometry": {
        "type": "Polygon",
        "coordinates": [
          [
            [
              -86.061099,
              33.444
            ],
            [
              -86.061236,
              33.442739
            ],
            [
              -86.059039,
              33.442625
            ],
            [
              -86.058901,
              33.443885
            ],
            [
              -86.061099,
              33.444
            ]
          ]
        ]
      },
      "properties": {
        "account": "georgia-pacific",
        "name": "GP Wood Products - Talladega Lumber Mill - Talladega AL",
        "type": "Lumber Mill",
        "archetype": "#10",
        "archetypeName": "Ship/Rcv Separate (Gate+GS)",
        "confidence": "high",
        "zone": "dropYard",
        "index": 1
      }
    },
    {
      "type": "Feature",
      "geometry": {
        "type": "Polygon",
        "coordinates": [
          [
            [
              -86.061373,
              33.446063
            ],
            [
              -86.061511,
              33.444688
            ],
            [
              -86.060137,
              33.444573
            ],
            [
              -86.06,
              33.445948
            ],
            [
              -86.061373,
              33.446063
            ]
          ]
        ]
      },
      "properties": {
        "account": "georgia-pacific",
        "name": "GP Wood Products - Talladega Lumber Mill - Talladega AL",
        "type": "Lumber Mill",
        "archetype": "#10",
        "archetypeName": "Ship/Rcv Separate (Gate+GS)",
        "confidence": "high",
        "zone": "dockApron",
        "index": 1
      }
    },
    {
      "type": "Feature",
      "geometry": {
        "type": "Polygon",
        "coordinates": [
          [
            [
              -83.427493,
              33.6165
            ],
            [
              -83.426944,
              33.613755
            ],
            [
              -83.422549,
              33.61284
            ],
            [
              -83.416507,
              33.61467
            ],
            [
              -83.417605,
              33.618101
            ],
            [
              -83.427493,
              33.6165
            ]
          ]
        ]
      },
      "properties": {
        "account": "georgia-pacific",
        "name": "GP Madison Plywood Plant - Madison GA",
        "type": "Plywood Plant",
        "archetype": "#10",
        "archetypeName": "Ship/Rcv Separate (Gate+GS)",
        "confidence": "high",
        "zone": "perimeter",
        "truckGate": true,
        "guardShack": true,
        "remoteGs": false,
        "fastLaneOpportunity": false,
        "backupSensitive": false,
        "dropYard": false,
        "multipleFacilities": false,
        "scale": false,
        "shipRcvSeparate": true,
        "urbanRural": "Rural",
        "dockDoors": "0-10",
        "dropArea": "NONE",
        "yardMetrics": {
          "dockDoorCount": 6,
          "trailersVisible": 12,
          "trailerParkingCapacity": 40,
          "truckGateCount": 1,
          "buildingCount": 4,
          "siteAreaAcres": 239.1,
          "railServed": true
        }
      }
    },
    {
      "type": "Feature",
      "geometry": {
        "type": "Polygon",
        "coordinates": [
          [
            [
              -83.427493,
              33.615128
            ],
            [
              -83.427219,
              33.613755
            ],
            [
              -83.425571,
              33.613984
            ],
            [
              -83.425845,
              33.615356
            ],
            [
              -83.427493,
              33.615128
            ]
          ]
        ]
      },
      "properties": {
        "account": "georgia-pacific",
        "name": "GP Madison Plywood Plant - Madison GA",
        "type": "Plywood Plant",
        "archetype": "#10",
        "archetypeName": "Ship/Rcv Separate (Gate+GS)",
        "confidence": "high",
        "zone": "truckGate"
      }
    },
    {
      "type": "Feature",
      "geometry": {
        "type": "Polygon",
        "coordinates": [
          [
            [
              -83.422,
              33.617644
            ],
            [
              -83.421451,
              33.615585
            ],
            [
              -83.417056,
              33.616271
            ],
            [
              -83.417605,
              33.61833
            ],
            [
              -83.422,
              33.617644
            ]
          ]
        ]
      },
      "properties": {
        "account": "georgia-pacific",
        "name": "GP Madison Plywood Plant - Madison GA",
        "type": "Plywood Plant",
        "archetype": "#10",
        "archetypeName": "Ship/Rcv Separate (Gate+GS)",
        "confidence": "high",
        "zone": "dropYard",
        "index": 1
      }
    },
    {
      "type": "Feature",
      "geometry": {
        "type": "Polygon",
        "coordinates": [
          [
            [
              -83.425296,
              33.615356
            ],
            [
              -83.425021,
              33.614213
            ],
            [
              -83.420627,
              33.614899
            ],
            [
              -83.420901,
              33.616043
            ],
            [
              -83.425296,
              33.615356
            ]
          ]
        ]
      },
      "properties": {
        "account": "georgia-pacific",
        "name": "GP Madison Plywood Plant - Madison GA",
        "type": "Plywood Plant",
        "archetype": "#10",
        "archetypeName": "Ship/Rcv Separate (Gate+GS)",
        "confidence": "high",
        "zone": "dockApron",
        "index": 1
      }
    },
    {
      "type": "Feature",
      "geometry": {
        "type": "Polygon",
        "coordinates": [
          [
            [
              -81.500592,
              34.217817
            ],
            [
              -81.500042,
              34.214864
            ],
            [
              -81.492627,
              34.212366
            ],
            [
              -81.489605,
              34.214637
            ],
            [
              -81.494,
              34.218271
            ],
            [
              -81.500592,
              34.217817
            ]
          ]
        ]
      },
      "properties": {
        "account": "georgia-pacific",
        "name": "GP Prosperity Plywood Plant - Prosperity SC",
        "type": "Plywood Plant",
        "archetype": "#3",
        "archetypeName": "No Gate / No GS",
        "confidence": "medium",
        "zone": "perimeter",
        "truckGate": false,
        "guardShack": false,
        "remoteGs": false,
        "fastLaneOpportunity": true,
        "backupSensitive": false,
        "dropYard": false,
        "multipleFacilities": true,
        "scale": false,
        "shipRcvSeparate": true,
        "urbanRural": "Rural",
        "dockDoors": "0-10",
        "dropArea": "NONE",
        "yardMetrics": {
          "dockDoorCount": 6,
          "trailersVisible": 16,
          "trailerParkingCapacity": 45,
          "truckGateCount": 1,
          "buildingCount": 8,
          "siteAreaAcres": 243.7,
          "railServed": true
        }
      }
    },
    {
      "type": "Feature",
      "geometry": {
        "type": "Polygon",
        "coordinates": [
          [
            [
              -81.499493,
              34.216454
            ],
            [
              -81.498944,
              34.215092
            ],
            [
              -81.497296,
              34.215546
            ],
            [
              -81.497845,
              34.216908
            ],
            [
              -81.499493,
              34.216454
            ]
          ]
        ]
      },
      "properties": {
        "account": "georgia-pacific",
        "name": "GP Prosperity Plywood Plant - Prosperity SC",
        "type": "Plywood Plant",
        "archetype": "#3",
        "archetypeName": "No Gate / No GS",
        "confidence": "medium",
        "zone": "truckGate"
      }
    },
    {
      "type": "Feature",
      "geometry": {
        "type": "Polygon",
        "coordinates": [
          [
            [
              -81.494,
              34.216
            ],
            [
              -81.494549,
              34.21441
            ],
            [
              -81.490704,
              34.213274
            ],
            [
              -81.490155,
              34.214864
            ],
            [
              -81.494,
              34.216
            ]
          ]
        ]
      },
      "properties": {
        "account": "georgia-pacific",
        "name": "GP Prosperity Plywood Plant - Prosperity SC",
        "type": "Plywood Plant",
        "archetype": "#3",
        "archetypeName": "No Gate / No GS",
        "confidence": "medium",
        "zone": "dropYard",
        "index": 1
      }
    },
    {
      "type": "Feature",
      "geometry": {
        "type": "Polygon",
        "coordinates": [
          [
            [
              -81.498944,
              34.217363
            ],
            [
              -81.498669,
              34.216227
            ],
            [
              -81.494275,
              34.216454
            ],
            [
              -81.494549,
              34.21759
            ],
            [
              -81.498944,
              34.217363
            ]
          ]
        ]
      },
      "properties": {
        "account": "georgia-pacific",
        "name": "GP Prosperity Plywood Plant - Prosperity SC",
        "type": "Plywood Plant",
        "archetype": "#3",
        "archetypeName": "No Gate / No GS",
        "confidence": "medium",
        "zone": "dockApron",
        "index": 1
      }
    },
    {
      "type": "Feature",
      "geometry": {
        "type": "Polygon",
        "coordinates": [
          [
            [
              -79.035296,
              37.127142
            ],
            [
              -79.035845,
              37.124295
            ],
            [
              -79.034197,
              37.120572
            ],
            [
              -79.029253,
              37.12101
            ],
            [
              -79.029803,
              37.126704
            ],
            [
              -79.035296,
              37.127142
            ]
          ]
        ]
      },
      "properties": {
        "account": "georgia-pacific",
        "name": "GP Brookneal OSB Plant - Brookneal VA",
        "type": "OSB Plant",
        "archetype": "#10",
        "archetypeName": "Ship/Rcv Separate (Gate+GS)",
        "confidence": "medium",
        "zone": "perimeter",
        "truckGate": true,
        "guardShack": true,
        "remoteGs": false,
        "fastLaneOpportunity": false,
        "backupSensitive": false,
        "dropYard": false,
        "multipleFacilities": false,
        "scale": true,
        "shipRcvSeparate": true,
        "urbanRural": "Rural",
        "dockDoors": "0-10",
        "dropArea": "0-10",
        "yardMetrics": {
          "dockDoorCount": 8,
          "trailersVisible": 6,
          "trailerParkingCapacity": 20,
          "truckGateCount": 1,
          "buildingCount": 6,
          "siteAreaAcres": 156,
          "railServed": true
        }
      }
    },
    {
      "type": "Feature",
      "geometry": {
        "type": "Polygon",
        "coordinates": [
          [
            [
              -79.033099,
              37.121886
            ],
            [
              -79.033099,
              37.120791
            ],
            [
              -79.031451,
              37.120791
            ],
            [
              -79.031451,
              37.121886
            ],
            [
              -79.033099,
              37.121886
            ]
          ]
        ]
      },
      "properties": {
        "account": "georgia-pacific",
        "name": "GP Brookneal OSB Plant - Brookneal VA",
        "type": "OSB Plant",
        "archetype": "#10",
        "archetypeName": "Ship/Rcv Separate (Gate+GS)",
        "confidence": "medium",
        "zone": "truckGate"
      }
    },
    {
      "type": "Feature",
      "geometry": {
        "type": "Polygon",
        "coordinates": [
          [
            [
              -79.034747,
              37.126266
            ],
            [
              -79.035021,
              37.124295
            ],
            [
              -79.032275,
              37.124076
            ],
            [
              -79.032,
              37.126047
            ],
            [
              -79.034747,
              37.126266
            ]
          ]
        ]
      },
      "properties": {
        "account": "georgia-pacific",
        "name": "GP Brookneal OSB Plant - Brookneal VA",
        "type": "OSB Plant",
        "archetype": "#10",
        "archetypeName": "Ship/Rcv Separate (Gate+GS)",
        "confidence": "medium",
        "zone": "dropYard",
        "index": 1
      }
    },
    {
      "type": "Feature",
      "geometry": {
        "type": "Polygon",
        "coordinates": [
          [
            [
              -79.033099,
              37.124076
            ],
            [
              -79.033373,
              37.122981
            ],
            [
              -79.030077,
              37.122762
            ],
            [
              -79.029803,
              37.123857
            ],
            [
              -79.033099,
              37.124076
            ]
          ]
        ]
      },
      "properties": {
        "account": "georgia-pacific",
        "name": "GP Brookneal OSB Plant - Brookneal VA",
        "type": "OSB Plant",
        "archetype": "#10",
        "archetypeName": "Ship/Rcv Separate (Gate+GS)",
        "confidence": "medium",
        "zone": "dockApron",
        "index": 1
      }
    },
    {
      "type": "Feature",
      "geometry": {
        "type": "Polygon",
        "coordinates": [
          [
            [
              -81.055521,
              32.078164
            ],
            [
              -81.055796,
              32.076418
            ],
            [
              -81.053599,
              32.072578
            ],
            [
              -81.048105,
              32.073974
            ],
            [
              -81.049204,
              32.078862
            ],
            [
              -81.055521,
              32.078164
            ]
          ]
        ]
      },
      "properties": {
        "account": "georgia-pacific",
        "name": "GP Gypsum Plant - Savannah GA",
        "type": "Gypsum Wallboard Plant",
        "archetype": "#9",
        "archetypeName": "Gate + No GS (remote check-in)",
        "confidence": "medium",
        "zone": "perimeter",
        "truckGate": true,
        "guardShack": false,
        "remoteGs": true,
        "fastLaneOpportunity": true,
        "backupSensitive": false,
        "dropYard": true,
        "multipleFacilities": true,
        "scale": true,
        "shipRcvSeparate": true,
        "urbanRural": "Urban",
        "dockDoors": "0-10",
        "dropArea": "10-25",
        "yardMetrics": {
          "dockDoorCount": 10,
          "trailersVisible": 25,
          "trailerParkingCapacity": 50,
          "truckGateCount": 1,
          "buildingCount": 9,
          "siteAreaAcres": 172,
          "railServed": true
        }
      }
    },
    {
      "type": "Feature",
      "geometry": {
        "type": "Polygon",
        "coordinates": [
          [
            [
              -81.055247,
              32.072927
            ],
            [
              -81.055109,
              32.072229
            ],
            [
              -81.054285,
              32.072345
            ],
            [
              -81.054423,
              32.073044
            ],
            [
              -81.055247,
              32.072927
            ]
          ]
        ]
      },
      "properties": {
        "account": "georgia-pacific",
        "name": "GP Gypsum Plant - Savannah GA",
        "type": "Gypsum Wallboard Plant",
        "archetype": "#9",
        "archetypeName": "Gate + No GS (remote check-in)",
        "confidence": "medium",
        "zone": "truckGate"
      }
    },
    {
      "type": "Feature",
      "geometry": {
        "type": "Polygon",
        "coordinates": [
          [
            [
              -81.053187,
              32.076418
            ],
            [
              -81.052912,
              32.074789
            ],
            [
              -81.049204,
              32.075371
            ],
            [
              -81.049479,
              32.077
            ],
            [
              -81.053187,
              32.076418
            ]
          ]
        ]
      },
      "properties": {
        "account": "georgia-pacific",
        "name": "GP Gypsum Plant - Savannah GA",
        "type": "Gypsum Wallboard Plant",
        "archetype": "#9",
        "archetypeName": "Gate + No GS (remote check-in)",
        "confidence": "medium",
        "zone": "dropYard",
        "index": 1
      }
    },
    {
      "type": "Feature",
      "geometry": {
        "type": "Polygon",
        "coordinates": [
          [
            [
              -81.053873,
              32.077931
            ],
            [
              -81.053736,
              32.077349
            ],
            [
              -81.050715,
              32.077815
            ],
            [
              -81.050852,
              32.078396
            ],
            [
              -81.053873,
              32.077931
            ]
          ]
        ]
      },
      "properties": {
        "account": "georgia-pacific",
        "name": "GP Gypsum Plant - Savannah GA",
        "type": "Gypsum Wallboard Plant",
        "archetype": "#9",
        "archetypeName": "Gate + No GS (remote check-in)",
        "confidence": "medium",
        "zone": "dockApron",
        "index": 1
      }
    },
    {
      "type": "Feature",
      "geometry": {
        "type": "Polygon",
        "coordinates": [
          [
            [
              -100.339993,
              32.48578
            ],
            [
              -100.340542,
              32.482537
            ],
            [
              -100.337247,
              32.478366
            ],
            [
              -100.331204,
              32.479293
            ],
            [
              -100.332303,
              32.485317
            ],
            [
              -100.339993,
              32.48578
            ]
          ]
        ]
      },
      "properties": {
        "account": "georgia-pacific",
        "name": "GP Gypsum Plant - Sweetwater TX",
        "type": "Gypsum Wallboard Plant",
        "archetype": "#9",
        "archetypeName": "Gate + No GS (remote check-in)",
        "confidence": "medium",
        "zone": "perimeter",
        "truckGate": true,
        "guardShack": false,
        "remoteGs": true,
        "fastLaneOpportunity": true,
        "backupSensitive": false,
        "dropYard": true,
        "multipleFacilities": true,
        "scale": true,
        "shipRcvSeparate": true,
        "urbanRural": "Rural",
        "dockDoors": "10-25",
        "dropArea": "25-50",
        "yardMetrics": {
          "dockDoorCount": 14,
          "trailersVisible": 35,
          "trailerParkingCapacity": 70,
          "truckGateCount": 2,
          "buildingCount": 8,
          "siteAreaAcres": 256,
          "railServed": true
        }
      }
    },
    {
      "type": "Feature",
      "geometry": {
        "type": "Polygon",
        "coordinates": [
          [
            [
              -100.335599,
              32.485317
            ],
            [
              -100.335873,
              32.484158
            ],
            [
              -100.334225,
              32.483927
            ],
            [
              -100.333951,
              32.485085
            ],
            [
              -100.335599,
              32.485317
            ]
          ]
        ]
      },
      "properties": {
        "account": "georgia-pacific",
        "name": "GP Gypsum Plant - Sweetwater TX",
        "type": "Gypsum Wallboard Plant",
        "archetype": "#9",
        "archetypeName": "Gate + No GS (remote check-in)",
        "confidence": "medium",
        "zone": "truckGate"
      }
    },
    {
      "type": "Feature",
      "geometry": {
        "type": "Polygon",
        "coordinates": [
          [
            [
              -100.336148,
              32.484853
            ],
            [
              -100.336423,
              32.483232
            ],
            [
              -100.332577,
              32.483
            ],
            [
              -100.332303,
              32.484622
            ],
            [
              -100.336148,
              32.484853
            ]
          ]
        ]
      },
      "properties": {
        "account": "georgia-pacific",
        "name": "GP Gypsum Plant - Sweetwater TX",
        "type": "Gypsum Wallboard Plant",
        "archetype": "#9",
        "archetypeName": "Gate + No GS (remote check-in)",
        "confidence": "medium",
        "zone": "dropYard",
        "index": 1
      }
    },
    {
      "type": "Feature",
      "geometry": {
        "type": "Polygon",
        "coordinates": [
          [
            [
              -100.337796,
              32.483
            ],
            [
              -100.338071,
              32.481842
            ],
            [
              -100.333676,
              32.481378
            ],
            [
              -100.333401,
              32.482537
            ],
            [
              -100.337796,
              32.483
            ]
          ]
        ]
      },
      "properties": {
        "account": "georgia-pacific",
        "name": "GP Gypsum Plant - Sweetwater TX",
        "type": "Gypsum Wallboard Plant",
        "archetype": "#9",
        "archetypeName": "Gate + No GS (remote check-in)",
        "confidence": "medium",
        "zone": "dockApron",
        "index": 1
      }
    },
    {
      "type": "Feature",
      "geometry": {
        "type": "Polygon",
        "coordinates": [
          [
            [
              -94.486071,
              39.164565
            ],
            [
              -94.486345,
              39.162968
            ],
            [
              -94.485796,
              39.160093
            ],
            [
              -94.479753,
              39.160519
            ],
            [
              -94.479753,
              39.164352
            ],
            [
              -94.486071,
              39.164565
            ]
          ]
        ]
      },
      "properties": {
        "account": "georgia-pacific",
        "name": "GP Corrugated Box Plant - Kansas City MO",
        "type": "Corrugated Box Plant",
        "archetype": "#3",
        "archetypeName": "No Gate / No GS",
        "confidence": "medium",
        "zone": "perimeter",
        "truckGate": false,
        "guardShack": false,
        "remoteGs": false,
        "fastLaneOpportunity": false,
        "backupSensitive": false,
        "dropYard": true,
        "multipleFacilities": false,
        "scale": false,
        "shipRcvSeparate": false,
        "urbanRural": "Urban",
        "dockDoors": "10-25",
        "dropArea": "50+",
        "yardMetrics": {
          "dockDoorCount": 22,
          "trailersVisible": 60,
          "trailerParkingCapacity": 110,
          "truckGateCount": 2,
          "buildingCount": 1,
          "siteAreaAcres": 45,
          "railServed": true
        }
      }
    },
    {
      "type": "Feature",
      "geometry": {
        "type": "Polygon",
        "coordinates": [
          [
            [
              -94.486071,
              39.162968
            ],
            [
              -94.486071,
              39.162435
            ],
            [
              -94.485247,
              39.162435
            ],
            [
              -94.485247,
              39.162968
            ],
            [
              -94.486071,
              39.162968
            ]
          ]
        ]
      },
      "properties": {
        "account": "georgia-pacific",
        "name": "GP Corrugated Box Plant - Kansas City MO",
        "type": "Corrugated Box Plant",
        "archetype": "#3",
        "archetypeName": "No Gate / No GS",
        "confidence": "medium",
        "zone": "truckGate"
      }
    },
    {
      "type": "Feature",
      "geometry": {
        "type": "Polygon",
        "coordinates": [
          [
            [
              -94.4825,
              39.164139
            ],
            [
              -94.482637,
              39.163074
            ],
            [
              -94.48044,
              39.162968
            ],
            [
              -94.480303,
              39.164032
            ],
            [
              -94.4825,
              39.164139
            ]
          ]
        ]
      },
      "properties": {
        "account": "georgia-pacific",
        "name": "GP Corrugated Box Plant - Kansas City MO",
        "type": "Corrugated Box Plant",
        "archetype": "#3",
        "archetypeName": "No Gate / No GS",
        "confidence": "medium",
        "zone": "dropYard",
        "index": 1
      }
    },
    {
      "type": "Feature",
      "geometry": {
        "type": "Polygon",
        "coordinates": [
          [
            [
              -94.483873,
              39.163926
            ],
            [
              -94.484011,
              39.163394
            ],
            [
              -94.481539,
              39.163287
            ],
            [
              -94.481401,
              39.163819
            ],
            [
              -94.483873,
              39.163926
            ]
          ]
        ]
      },
      "properties": {
        "account": "georgia-pacific",
        "name": "GP Corrugated Box Plant - Kansas City MO",
        "type": "Corrugated Box Plant",
        "archetype": "#3",
        "archetypeName": "No Gate / No GS",
        "confidence": "medium",
        "zone": "dockApron",
        "index": 1
      }
    },
    {
      "type": "Feature",
      "geometry": {
        "type": "Polygon",
        "coordinates": [
          [
            [
              -96.850747,
              32.44455
            ],
            [
              -96.851021,
              32.442232
            ],
            [
              -96.849099,
              32.438523
            ],
            [
              -96.845253,
              32.440609
            ],
            [
              -96.846352,
              32.445709
            ],
            [
              -96.850747,
              32.44455
            ]
          ]
        ]
      },
      "properties": {
        "account": "georgia-pacific",
        "name": "GP Corrugated Box Plant - Waxahachie TX",
        "type": "Corrugated Box Plant",
        "archetype": "#3",
        "archetypeName": "No Gate / No GS",
        "confidence": "medium",
        "zone": "perimeter",
        "truckGate": false,
        "guardShack": false,
        "remoteGs": false,
        "fastLaneOpportunity": false,
        "backupSensitive": false,
        "dropYard": true,
        "multipleFacilities": false,
        "scale": false,
        "shipRcvSeparate": false,
        "urbanRural": "Rural",
        "dockDoors": "25-50",
        "dropArea": "50+",
        "yardMetrics": {
          "dockDoorCount": 28,
          "trailersVisible": 80,
          "trailerParkingCapacity": 140,
          "truckGateCount": 2,
          "buildingCount": 1,
          "siteAreaAcres": 81,
          "railServed": true
        }
      }
    },
    {
      "type": "Feature",
      "geometry": {
        "type": "Polygon",
        "coordinates": [
          [
            [
              -96.849099,
              32.443854
            ],
            [
              -96.848824,
              32.443159
            ],
            [
              -96.848,
              32.443391
            ],
            [
              -96.848275,
              32.444086
            ],
            [
              -96.849099,
              32.443854
            ]
          ]
        ]
      },
      "properties": {
        "account": "georgia-pacific",
        "name": "GP Corrugated Box Plant - Waxahachie TX",
        "type": "Corrugated Box Plant",
        "archetype": "#3",
        "archetypeName": "No Gate / No GS",
        "confidence": "medium",
        "zone": "truckGate"
      }
    },
    {
      "type": "Feature",
      "geometry": {
        "type": "Polygon",
        "coordinates": [
          [
            [
              -96.850747,
              32.444086
            ],
            [
              -96.850197,
              32.442464
            ],
            [
              -96.848275,
              32.442927
            ],
            [
              -96.848824,
              32.44455
            ],
            [
              -96.850747,
              32.444086
            ]
          ]
        ]
      },
      "properties": {
        "account": "georgia-pacific",
        "name": "GP Corrugated Box Plant - Waxahachie TX",
        "type": "Corrugated Box Plant",
        "archetype": "#3",
        "archetypeName": "No Gate / No GS",
        "confidence": "medium",
        "zone": "dropYard",
        "index": 1
      }
    },
    {
      "type": "Feature",
      "geometry": {
        "type": "Polygon",
        "coordinates": [
          [
            [
              -96.848549,
              32.444318
            ],
            [
              -96.848412,
              32.443738
            ],
            [
              -96.846489,
              32.444202
            ],
            [
              -96.846627,
              32.444781
            ],
            [
              -96.848549,
              32.444318
            ]
          ]
        ]
      },
      "properties": {
        "account": "georgia-pacific",
        "name": "GP Corrugated Box Plant - Waxahachie TX",
        "type": "Corrugated Box Plant",
        "archetype": "#3",
        "archetypeName": "No Gate / No GS",
        "confidence": "medium",
        "zone": "dockApron",
        "index": 1
      }
    }
  ]
}
