Rank,Company,Best Composite,Mean Composite,Tier,Sites,Proximity,Fit %,Density,Min Distance (mi),Nearest Primo Site,"City, State",Segment,Confidence
1,Kuehne + Nagel,99.82,90.82,A,3,100,100,5,0.1,US PL Ontario Factory,"Ontario, CA",3pl,medium
2,FedEx Drop Box,99.09,90.22,A,9,98,100,5,0.5,US PL Zephyrhills Factory,"Zephyrhills, FL",parcel,medium
3,PepsiCo Mt. Creek,98.73,98.73,A,1,98,100,5,0.7,US PL Dallas 2 Factory,"Dallas, TX",shipper,medium
4,DHL,98.55,98.55,A,1,97,100,5,0.8,US PL Allentown NPL Factory,"Mertztown, PA",shipper,medium
5,U.S. Meat Export Federation (USMEF),98.07,98.07,A,1,99,96,5,0.4,US PL Denver Factory,"Denver, CO",shipper,medium
6,FedEx SmartPost,98.02,98.02,A,1,96,100,5,1.1,US PL Sacramento Factory,"Sacramento, CA",parcel,medium
7,Western Export Services Inc,97.89,97.89,A,1,98,96,5,0.5,US PL Denver Factory,"Denver, CO",shipper,medium
8,"J.B. Hunt Transport Services, Inc.",97.84,81.54,A,7,96,100,5,1.2,US DC NFI - Breinigsville,"Breinigsville, PA",carrier,medium
9,Ryder Logistics,97.67,96.14,A,2,96,100,5,1.3,US PL Allentown NPL Factory,"Alburtis, PA",carrier,high
10,Penske Work,97.67,97.67,A,1,96,100,5,1.3,US PL Allentown NPL Factory,"Alburtis, PA",carrier,medium
11,FEDEX GROUND,97.67,81.19,A,10,96,100,5,1.3,US PL Sacramento Factory,"Sacramento, CA",parcel,medium
12,The Home Depot Pro Institutional,97.45,97.45,A,1,99,93.3,5,0.3,US PL Sacramento Factory,"Sacramento, CA",shipper,high
13,Flexport Denver,97.35,97.35,A,1,97,96,5,0.8,US PL Denver Factory,"Denver, CO",shipper,medium
14,Cardinal Health at Home Distribution Center,97.32,97.32,A,1,95,100,5,1.5,US PL Ontario Factory,"Ontario, CA",shipper,high
15,Target Grocery,97.27,97.27,A,1,99,93.3,5,0.4,US PL Denver Factory,"Denver, CO",shipper,medium
16,Coca-Cola Southwest Beverages,97.14,64.6,A,9,95,100,5,1.6,US PL S Houston Factory,"Houston, TX 77054, USA",shipper,high
17,Nestle Water,96.97,74.63,A,4,94,100,5,1.7,US PL Poland Spring Factory,"Poland, ME",shipper,medium
18,Walmart Business Center,96.91,96.91,A,1,98,93.3,5,0.6,US PL Hot Springs Factory,"Hot Springs Village, AR",shipper,medium
19,Fastenal Fulfillment Center,96.82,61.74,A,83,96,96,5,1.1,US PL Greenwood Indiana,"Greenwood, IN",3pl,high
20,Geodis Logistics,96.62,81.84,A,3,94,100,5,1.9,US DC NFI - Breinigsville,"Breinigsville, PA",3pl,high
21,Saddle Creek Logistics Services,96.47,72.09,A,6,99,90.7,5,0.4,US PL Ontario Factory,"Ontario, CA",3pl,high
22,Coca-Cola,96.45,51.98,A,17,94,100,5,2,US DC NFI - Breinigsville,"Breinigsville, PA",shipper,medium
23,Frito-Lay Inc,95.94,78.49,A,5,93,100,5,2.3,US PL Dallas 2 Factory,"Dallas, TX",shipper,high
24,Home Depot warehouse,95.84,69.92,A,34,96,93.3,5,1.2,US DC NFI - Breinigsville,"Breinigsville, PA",shipper,high
25,"Blue Eagle Logistics, Inc.",95.77,95.77,A,1,92,100,5,2.4,US DC NFI - Breinigsville,"Breinigsville, PA",3pl,high
26,Pepsi Co Inc,95.77,54.77,A,27,92,100,5,2.4,US PL Sacramento Factory,"Sacramento, CA",shipper,high
27,Scott's Auto Carrier Denver,95.67,95.67,A,1,96,93.3,5,1.3,US PL Denver Factory,"Denver, CO",shipper,medium
28,Pepsi off site,95.6,95.6,A,1,92,100,5,2.5,US PL Sacramento Factory,"Sacramento, CA",shipper,medium
29,Bimbo Bakeries USA,95.6,89.88,A,2,92,100,5,2.5,US PL Sacramento Factory,"Sacramento, CA",shipper,medium
30,Sysco To Go- Houston Medical Centre,95.6,95.6,A,1,92,100,5,2.5,US PL S Houston Factory,"Houston, TX",shipper,medium
31,Grainger Industrial Supply,95.6,95.6,A,1,92,100,5,2.5,US PL Madison Factory,"Madison, WI",shipper,medium
32,Amazon ABE3 Fulfillment Center,95.49,95.49,A,1,95,93.3,5,1.4,US DC NFI - Breinigsville,"Breinigsville, PA",3pl,high
33,Dsc Logistics,95.43,66.35,A,6,92,100,5,2.4,US PL Allentown Factory,"Breinigsville, PA",3pl,high
34,Target warehouse,95.43,67.53,A,19,92,100,5,1.6,US PL Allentown Factory,"Breinigsville, PA",shipper,high
35,Swire Coca-Cola USA,95.43,93.28,A,3,92,100,5,2.6,US PL Denver Factory,"Denver, CO",shipper,high
36,J.B. Hunt Transport - Dallas East Terminal,95.43,95.43,A,1,92,100,5,2.6,US PL Dallas 2 Factory,"Dallas, TX",carrier,high
37,Pepsi Cola,95.43,63.45,A,6,92,100,5,2.6,US PL Denver Factory,"Denver, CO",shipper,medium
38,KeHE Distributors-LHV,95.27,95.27,A,1,91,100,5,2.7,US DC NFI - Breinigsville,"Breinigsville, PA",shipper,medium
39,BlueTriton Brands,95.27,73.07,A,6,91,100,5,1.2,US DC NFI - Breinigsville,"Breinigsville, PA",shipper,medium
40,Swire Coca-Cola Driver Entrance,95.27,95.27,A,1,91,100,5,2.7,US PL Denver Factory,"Denver, CO",shipper,medium
41,Caterpillar Inc,95.14,95.14,A,1,95,93.3,5,1.6,US PL Ontario Factory,"Ontario, CA",shipper,medium
42,FedEx Supply Chain,95.1,95.1,A,1,91,100,5,2.8,US PL Greenwood Indiana,"Greenwood, IN",3pl,high
43,Nestle,95.1,88.36,A,2,91,100,5,2.8,US DC NFI - Breinigsville,"Breinigsville, PA",shipper,high
44,Nestle Waters,95.1,89.76,A,3,91,100,5,1.4,US PL Greenwood Indiana,"Greenwood, IN",shipper,medium
45,Lineage,95.08,69.24,A,37,93,96,5,2.1,US PL Madison Factory,"McFarland, WI",3pl,medium
46,Hea2 Amazon,94.97,94.97,A,1,94,93.3,5,1.7,US DC NFI - Breinigsville,"Breinigsville, PA",shipper,medium
47,DSC,94.93,75.31,A,2,91,100,5,2.9,US PL Allentown Factory,"Breinigsville, PA",shipper,medium
48,Coca-Cola Lehigh Valley Syrup,94.93,94.93,A,1,91,100,5,2.9,US DC NFI - Breinigsville,"Allentown, PA",shipper,medium
49,FedEx ShipSite,94.93,94.93,A,1,91,100,5,2.9,US DC Hot Springs (WHSE),"Hot Springs, AR",shipper,medium
50,Old Dominion Freight Line,94.91,59.88,A,46,93,96,5,2.2,US PL Dallas 2 Factory,"Dallas, TX",carrier,medium
51,Amazon fulfillment ABE2,94.8,94.8,A,1,94,93.3,5,1.8,US DC NFI - Breinigsville,"Breinigsville, PA",3pl,high
52,FedEx Freight,94.77,57.06,A,52,90,100,5,3,US PL Ontario Factory,"Jurupa Valley, CA",shipper,medium
53,Niagara,94.65,65.71,A,30,99,84,5,0.3,US PL Ontario Factory,"Ontario, CA",shipper,high
54,ABF Freight,94.52,57.66,A,31,95,90.7,5,1.5,US PL Madison Factory,"Madison, WI",carrier,medium
55,US Foods CHEF'STORE,94.44,94.44,A,1,90,100,5,3.2,US PL Sacramento Factory,"Sacramento, CA",shipper,medium
56,Culinaire Foods,94.4,94.4,A,1,92,96,5,2.5,US PL Denver Factory,"Denver, CO",shipper,medium
57,Costco Distribution Depot,94.37,94.37,A,1,97,86.7,5,0.9,US PL Dallas 2 Factory,"Dallas, TX",shipper,high
58,Dollar General,94.37,60.51,A,10,97,86.7,5,0.9,US PL High Springs Factory,"High Springs, FL",shipper,medium
59,Cummins Regional Distribution Center - Dallas,94.28,94.28,A,1,93,93.3,5,2.1,US PL Dallas 2 Factory,"Dallas, TX",shipper,high
60,Aldi Distribution Center,94.2,66.59,A,5,97,86.7,5,1,US PL Greenwood Indiana,"Greenwood, IN",shipper,high
61,Coca-Cola Co Ontario Syrup,94.11,94.11,A,1,89,100,5,3.4,US PL Ontario Factory,"Ontario, CA",shipper,medium
62,Newell Logistics,93.94,93.94,A,1,95,89.3,5,1.6,US PL Zephyrhills Factory,"Zephyrhills, FL",3pl,high
63,Reyes Coca-Cola Bottling,93.78,58.87,A,9,89,100,5,3.6,US PL Ontario Factory,"Rancho Cucamonga, CA",shipper,high
64,Bridgestone Firestone Distribution Center,93.77,93.77,A,1,94,89.3,5,1.7,US PL Ontario Factory,"Ontario, CA",shipper,high
65,R+L Carriers,93.77,59.67,A,12,92,93.3,5,2.4,US PL Dallas 2 Factory,"Dallas, TX",shipper,medium
66,Crete Carrier Corporation,93.77,70.19,A,4,92,93.3,5,2.4,US DC NFI - Breinigsville,"Macungie, PA",shipper,medium
67,Ceva Freight,93.62,93.62,A,1,88,100,5,3.7,US PL Ontario Factory,"Ontario, CA",3pl,medium
68,Pepsi Beverages,93.62,61.97,A,9,88,100,5,3.7,US PL Poland Spring Factory,"Auburn, ME",shipper,medium
69,Amazon Counter - Ship A Latte (PUDO),93.6,81.29,A,2,92,93.3,5,2.5,US DC Hot Springs (WHSE),"Hot Springs, AR",shipper,medium
70,XPO,93.57,62.51,A,14,90,96,5,3,US DC NFI - Breinigsville,"Allentown, PA",carrier,medium
71,Procter & Gamble Co,93.49,93.49,A,1,95,86.7,5,1.4,US PL Sacramento Factory,"Sacramento, CA",shipper,medium
72,P&G Chemicals,93.49,93.49,A,1,95,86.7,5,1.4,US PL Sacramento Factory,"Sacramento, CA",shipper,medium
73,Geodis Allentown,93.46,93.46,A,1,88,100,5,3.8,US DC NFI - Breinigsville,"Allentown, PA",3pl,medium
74,FedEx Authorized ShipCenter,93.46,93.46,A,1,88,100,5,3.8,US PL Saratoga Spring Factory,"Ballston Spa, NY",parcel,medium
75,Next Carriers,93.43,93.43,A,1,92,93.3,5,2.6,US PL Greenwood Indiana,"Greenwood, IN",shipper,medium
76,Swift Transportation,93.4,67.72,A,7,90,96,5,3.1,US PL Ontario Factory,"Jurupa Valley, CA",carrier,high
77,"GEODIS | Contract Logistics",93.3,90.52,A,4,88,100,5,3.9,US PL Ontario Factory,"Ontario, CA",3pl,high
78,Frito-Lay Auburn PEC,93.3,93.3,A,1,88,100,5,3.9,US PL Poland Spring Factory,"Auburn, ME",shipper,medium
79,Keurig DrPepper,93.27,93.27,A,1,91,93.3,5,2.7,US DC NFI - Breinigsville,"Allentown, PA",shipper,medium
80,Bridgestone Americas Distribution Center,93.25,93.25,A,1,94,89.3,5,2,US DC NFI - Breinigsville,"Allentown, PA",shipper,high
81,BASF Warehouse,93.14,88.85,A,2,95,86.7,5,1.6,US PL S Houston Factory,"Houston, TX",shipper,medium
82,Owens & Minor - Houston Distribution Center,93.1,84.51,A,2,91,93.3,5,2.8,US DC NFI - Breinigsville,"Allentown, PA",shipper,high
83,Chewy Fulfillment Center DFW1,93.09,93.09,A,1,98,80,5,0.5,US PL Dallas 2 Factory,"Dallas, TX",3pl,high
84,Estes Express Lines,93.07,65.05,A,33,90,96,5,3.3,US PL Greenwood Indiana,"Greenwood, IN",carrier,medium
85,NFI,92.97,92.52,A,3,92,90.7,5,2.4,US DC NFI - Breinigsville,"Breinigsville, PA",3pl,medium
86,Amazon FC - IND 9 Hiring Center,92.93,92.93,A,1,91,93.3,5,2.9,US PL Greenwood Indiana,"Greenwood, IN",shipper,medium
87,Ceva Logistics,92.81,73.08,A,4,87,100,5,4.2,US PL Ontario Factory,"Mira Loma, CA",3pl,high
88,General Mills,92.81,92.81,A,1,87,100,5,4.2,US PL Ontario Factory,"Mira Loma, CA",shipper,medium
89,Staples Fulfilment Center,92.8,50.8,A,11,94,86.7,5,1.7,US PL Ontario Factory,"Ontario, CA",3pl,high
90,Walmart,92.77,59.58,A,38,90,93.3,5,3,US PL Ontario Factory,"Jurupa Valley, CA",shipper,high
91,Amazon,92.77,64.6,A,31,90,93.3,5,3,US PL Greenwood Indiana,"Greenwood, IN",shipper,medium
92,Greenfield Manufacturing Co,92.63,70.83,A,2,92,90.7,5,2.6,US PL Saratoga Spring Factory,"Saratoga Springs, NY",shipper,high
93,A&M LOGISTICS INC,92.62,92.62,A,1,94,86.7,5,1.9,US PL Ontario Factory,"Ontario, CA",3pl,high
94,LPM manufacturing,92.62,92.62,A,1,94,86.7,5,1.9,US PL Ontario Factory,"Ontario, CA",shipper,high
95,PepsiCo,92.5,81.21,A,4,86,100,5,4.4,US PL Denver Factory,"Denver, CO",shipper,medium
96,King Soopers/Kroger Tejon Street Distribution Center,92.45,92.45,A,1,94,86.7,5,2,US PL Denver Factory,"Denver, CO",shipper,high
97,Panera Bread Warehouse,92.45,92.45,A,1,94,86.7,5,2,US PL Ontario Factory,"Ontario, CA",shipper,high
98,Amazon Fulfillment Center IND9,92.44,92.44,A,1,90,93.3,5,3.2,US PL Greenwood Indiana,"Greenwood, IN",3pl,high
99,Exel/Owens Corning Warehouse,92.28,92.28,A,1,93,86.7,5,2.1,US PL Dallas 2 Factory,"Dallas, TX",shipper,high
100,Ball Metal Beverage Container,92.28,92.28,A,1,93,86.7,5,2.1,US PL Saratoga Spring Factory,"Saratoga Springs, NY",shipper,medium
101,Dupont Industrial Center,92.28,92.28,A,1,93,86.7,5,2.1,US PL Ontario Factory,"Ontario, CA",shipper,medium
102,Earnest Machine,92.27,92.27,A,1,90,93.3,5,3.3,US PL Greenwood Indiana,"Greenwood, IN",shipper,medium
103,Tractor Supply Co.,92.02,60.24,A,5,96,80,5,1.1,US PL High Springs Factory,"High Springs, FL",shipper,medium
104,DHL Warehouse Verizon,92.02,92.02,A,1,85,100,5,4.7,US PL Greenwood Indiana,"Whiteland, IN",shipper,high
105,Uline Shipping Supplies - X1,91.94,91.94,A,1,95,82.7,5,1.6,US PL Allentown NPL Factory,"Alburtis, PA",shipper,medium
106,Amazon Fulfillment Center Tours - FTW6,91.94,56.27,A,11,89,93.3,5,3.5,US PL Ontario Factory,"Eastvale, CA",3pl,high
107,Coca-Cola Fontana Warehouse,91.87,91.87,A,1,85,100,5,4.8,US PL Ontario Factory,"Fontana, CA",shipper,high
108,Home Depot FDC Flatbed Distribution Center 5824,91.78,91.78,A,1,89,93.3,5,3.6,US PL Dallas 2 Factory,"Dallas, TX",shipper,high
109,Danone North America,91.77,69.04,A,2,94,82.7,5,1.7,US PL Dallas 2 Factory,"Dallas, TX",shipper,medium
110,Amazon Distribution DCA2,91.46,91.46,A,1,88,93.3,5,3.8,US PL Ontario Factory,"Eastvale, CA",shipper,high
111,AMAZON PRIME NOW (UCO1),91.46,91.46,A,1,88,93.3,5,3.8,US PL Denver Factory,"Denver, CO",shipper,medium
112,Estes Logistics,91.46,91.46,A,1,87,96,5,4.3,US PL Ontario Factory,"Rancho Cucamonga, CA",carrier,high
113,ONT1 Amazon Sort Center,91.3,91.3,A,1,88,93.3,5,3.9,US PL Ontario Factory,"Mira Loma, CA",shipper,medium
114,Sellery Amazon Hub,91.3,91.3,A,1,88,93.3,5,3.9,US PL Madison Factory,"Madison, WI",parcel,medium
115,Best Buy Warehouse Ontario,91.27,91.27,A,1,91,86.7,5,2.7,US PL Ontario Factory,"Ontario, CA",shipper,high
116,Amcor Rigid Plastics,91.27,90.88,A,3,91,86.7,5,2.7,US DC NFI - Breinigsville,"Allentown, PA",shipper,medium
117,Schneider cross dock,91.14,91.14,A,1,86,96,5,4.5,US PL Ontario Factory,"Rancho Cucamonga, CA",carrier,medium
118,CNO5 Amazon Sort Center,91.13,91.13,A,1,88,93.3,5,4,US PL Ontario Factory,"Chino, CA",shipper,medium
119,SBD5 Amazon,91.13,91.13,A,1,88,93.3,5,4,US PL Ontario Factory,"Mira Loma, CA",shipper,medium
120,Best Buy Warehouse,91.1,75.43,A,7,91,86.7,5,2.8,US PL Ontario Factory,"Ontario, CA",shipper,high
121,Packaging Corporation of America,91.08,54.09,A,25,93,82.7,5,2.1,US DC NFI - Breinigsville,"Allentown, PA",shipper,medium
122,Americold Logistics Ontario 5401,90.98,90.98,A,1,89,90.7,5,3.6,US PL Ontario Factory,"Ontario, CA",3pl,high
123,PENSKE WAREHOUSE,90.94,90.94,A,1,84,100,5,5.4,US PL S Houston Factory,"Houston, TX",carrier,high
124,Kroger,90.93,76.59,A,7,91,86.7,5,2.9,US PL Greenwood Indiana,"Greenwood, IN",shipper,medium
125,Shamrock Foodservice Warehouse Denver,90.91,90.91,A,1,93,82.7,5,2.2,US PL Denver Factory,"Denver, CO",shipper,high
126,Americold Logistics Ontario CA,90.82,90.82,A,1,88,90.7,5,3.7,US PL Ontario Factory,"Ontario, CA",3pl,high
127,Wakefern Foods,90.8,90.8,A,1,94,80,5,1.8,US DC NFI - Breinigsville,"Breinigsville, PA",shipper,medium
128,Amazon STX4,90.66,90.66,A,1,87,93.3,5,4.3,US PL Pasadena Factory,"Pasadena, TX",shipper,medium
129,GEODIS,90.63,81.38,A,4,83,100,5,5.6,US PL Dallas 2 Factory,"Dallas, TX",3pl,medium
130,"Skuasco Global Logistics, DHL Express, FedEx",90.48,90.48,A,1,83,100,5,5.7,US PL Sacramento Factory,"Sacramento, CA",3pl,high
131,Coca-Cola Parts,90.48,90.48,A,1,83,100,5,5.7,US PL Dallas 2 Factory,"Dallas, TX",shipper,medium
132,Amazon DHX1,90.34,90.34,A,1,86,93.3,5,4.5,US PL S Houston Factory,"Houston, TX",shipper,medium
133,Americold Logistics,90.33,54.16,A,16,88,90.7,5,4,US DC NFI - Breinigsville,"Allentown, PA",3pl,high
134,Americold Logistics Allentown - Ambassador,90.33,90.33,A,1,88,90.7,5,4,US DC NFI - Breinigsville,"Allentown, PA",3pl,high
135,Red Bull,90.27,84.01,A,2,90,86.7,5,3.3,US DC NFI - Breinigsville,"Allentown, PA",shipper,medium
136,Bimbo Bakeries-Sara Lee Distribution Center,90.18,90.18,A,1,82,100,5,5.9,US PL Denver Factory,"Commerce City, CO",shipper,high
137,Kimberly Clark,90.11,77.95,A,2,89,86.7,5,3.4,US PL Ontario Factory,"Ontario, CA",shipper,medium
138,Procter & Gamble Tambrands,90.11,90.11,A,1,89,86.7,5,3.4,US PL Poland Spring Factory,"Auburn, ME",shipper,medium
139,Sysco,90.03,80.07,A,3,82,100,5,6,US PL High Springs Factory,"Alachua, FL",shipper,medium
140,MQJ2 - Amazon,89.87,89.87,A,1,85,93.3,5,4.8,US PL Greenwood Indiana,"Whiteland, IN",shipper,medium
141,DDE6 - Amazon,89.87,89.87,A,1,85,93.3,5,4.8,US PL Denver Factory,"Denver, CO",shipper,medium
142,EIKZ Amazon,89.87,89.87,A,1,85,93.3,5,4.8,US PL Denver Factory,"Denver, CO",shipper,medium
143,SCO1 Amazon,89.87,89.87,A,1,85,93.3,5,4.8,US PL Denver Factory,"Denver, CO",shipper,medium
144,Costco Distribution Center,89.78,80.94,A,2,89,86.7,5,3.6,US PL Ontario Factory,"Mira Loma, CA",shipper,high
145,WestRock,89.78,80.24,A,2,89,86.7,5,3.6,US PL Ontario Factory,"Ontario, CA",shipper,medium
146,Target Denver Sortation Center,89.71,89.71,A,1,85,93.3,5,4.9,US PL Denver Factory,"Denver, CO",parcel,high
147,Amazon DAL3,89.71,89.71,A,1,85,93.3,5,4.9,US PL Dallas 2 Factory,"Dallas, TX",shipper,medium
148,SYSCO-ALACHUA FL,89.58,89.58,A,1,81,100,5,6.3,US PL High Springs Factory,"Alachua, FL",shipper,medium
149,Exchange Logistics,89.38,89.38,A,1,86,90.7,5,4.6,US PL Dallas 2 Factory,"Dallas, TX",3pl,high
150,Holiday Homes Transporting Llc,89.22,89.22,A,1,85,90.7,5,4.7,US PL Saratoga Spring Factory,"Ballston Spa, NY",shipper,medium
151,Airport Costco Depot,89.13,89.13,A,1,88,86.7,5,4,US PL Ontario Factory,"Ontario, CA",shipper,high
152,AutoZone Distribution,89.1,60.43,A,4,91,80,5,2.8,US PL Ontario Factory,"Ontario, CA",shipper,high
153,Amazon STX3,89.09,89.09,A,1,84,93.3,5,5.3,US PL Dallas 2 Factory,"Dallas, TX",shipper,medium
154,Sysco Denver - Food Distributor & Restaurant Supplies,88.99,88.99,A,1,80,100,5,6.7,US PL Denver Factory,"Denver, CO",shipper,medium
155,DSV Silutions Shell warehouse Panalpina,88.85,88.85,A,1,80,100,5,6.8,US PL Pasadena Factory,"Pasadena, TX",3pl,high
156,Allen Distribution Frito lay/ Niagara Bottling,88.82,88.82,A,1,88,84,5,3.7,US DC NFI - Breinigsville,"Allentown, PA",shipper,high
157,Ocean Spray,88.8,88.8,A,1,92,77.3,5,2.5,US DC NFI - Breinigsville,"Breinigsville, PA",shipper,medium
158,Coca Cola Chino Warehouse,88.7,88.7,A,1,79,100,5,6.9,US PL Ontario Factory,"Chino, CA",shipper,high
159,Infinix 12,88.52,88.52,A,1,95,90.7,3,1.5,US PL Hawkins Factory,"Hawkins, TX 75765, USA",shipper,medium
160,International Paper,88.5,62.48,A,10,86,86.7,5,4.4,US PL Poland Spring Factory,"Auburn, ME",shipper,medium
161,Amcor Flexibles Madison,88.5,88.5,A,1,86,86.7,5,4.4,US PL Madison Factory,"Madison, WI",shipper,medium
162,Target Distribution Center T3774,88.48,88.48,A,1,83,93.3,5,5.7,US PL S Houston Factory,"Houston, TX",shipper,high
163,Walmart Fullfillment Center,88.48,88.48,A,1,83,93.3,5,5.7,US PL Ontario Factory,"Chino, CA",shipper,medium
164,Smurfit Westrock Denver Container Plant,88.18,88.18,A,1,86,86.7,5,4.6,US PL Denver Factory,"Denver, CO",shipper,high
165,Walmart Fulfillment Center-LAX2,88.03,88.03,A,1,82,93.3,5,6,US PL Ontario Factory,"Chino, CA",3pl,high
166,AMAZON WAREHOUSE DHT2,88.03,88.03,A,1,82,93.3,5,6,US PL Pasadena Factory,"League City, TX",shipper,high
167,Twin Leaf Farms,87.99,87.99,A,1,83,90.7,5,5.5,US PL Saratoga Spring Factory,"Greenfield Center, NY",shipper,medium
168,Shorr Packaging Corp,87.93,76.22,A,3,88,82.7,5,4,US PL Ontario Factory,"Ontario, CA",shipper,medium
169,Red Bull Indianapolis,87.87,87.87,A,1,85,86.7,5,4.8,US PL Greenwood Indiana,"Indianapolis, IN",shipper,medium
170,UTZ Quality Foods Inc,87.8,87.8,A,1,90,77.3,5,3.1,US DC NFI - Breinigsville,"Allentown, PA",shipper,medium
171,Stearns Packaging Warehouse,87.77,80.45,A,2,87,82.7,5,4,US PL Madison Factory,"Madison, WI",shipper,medium
172,Kenco Logistics,87.54,63.97,A,2,86,84,5,4.5,US DC NFI - Breinigsville,"Allentown, PA",3pl,high
173,Xpo Logistics,87.5,87.5,A,1,79,96,5,6.9,US PL Pasadena Factory,"Pasadena, TX",carrier,high
174,Penske Logistics,87.41,80.12,A,3,77,100,5,7.8,US PL Dallas 2 Factory,"Grand Prairie, TX",carrier,high
175,Superior Carriers Inc,86.85,86.85,A,1,80,93.3,5,6.8,US PL Pasadena Factory,"Pasadena, TX",shipper,medium
176,Baxter Brewing Co.,86.7,86.7,A,1,79,93.3,5,6.9,US PL Poland Spring Factory,"Lewiston, ME",shipper,medium
177,Saia LTL Freight,86.63,60.26,A,29,81,90.7,5,6.4,US PL Ontario Factory,"Fontana, CA",carrier,medium
178,Smurfit Westrock Houston Sheet Plant,86.48,86.48,A,1,83,86.7,5,5.7,US PL S Houston Factory,"Houston, TX",shipper,high
179,Kenco Logistic Services,86.14,73.29,A,2,84,84,5,5.4,US PL Allentown Factory,"Kutztown, PA",3pl,medium
180,Amazon DHO2,86.12,86.12,A,1,78,93.3,5,7.3,US PL S Houston Factory,"Houston, TX",shipper,medium
181,Amazon Fulfillment Center MKE3,85.98,85.98,A,1,78,93.3,5,7.4,US PL Madison Factory,"Sun Prairie, WI",3pl,high
182,Pepsi Beverages Co. Tyler tx,85.88,85.88,A,1,74,100,5,8.9,US PL Hawkins Factory,"Tyler, TX",shipper,medium
183,Ben E Keith Foods,85.74,85.74,A,1,84,82.7,5,5.4,US PL High Springs Factory,"Alachua, FL",shipper,medium
184,Kwik Trip Distribution Center-DeForest,85.47,85.47,A,1,74,100,5,9.2,US PL Madison Factory,"Windsor, WI",shipper,high
185,MHC Kenworth - Denver,85.4,85.4,A,1,84,80,5,5.1,US PL Denver Factory,"Denver, CO",shipper,medium
186,Procter & Gamble Offsite Warehouse,84.85,84.85,A,1,80,86.7,5,6.8,US PL Dallas 2 Factory,"Dallas, TX",shipper,high
187,T553 Target Distribution Center,84.71,84.71,A,1,76,93.3,5,8.3,US PL Ontario Factory,"Fontana, CA",shipper,high
188,Landmark Express,84.71,84.71,A,1,76,93.3,5,8.3,US PL Dallas 2 Factory,"Grand Prairie, TX",shipper,medium
189,BASF Palmer Logistics,84.7,84.7,A,1,79,86.7,5,6.9,US PL Pasadena Factory,"Pasadena, TX",3pl,high
190,Smurfit Kappa Fort Worth Packaging Solutions,84.7,84.7,A,1,79,86.7,5,6.9,US PL Dallas 2 Factory,"Arlington, TX",shipper,medium
191,DHL Supply Chain / Warehouse,84.67,84.67,A,1,72,100,5,9.8,US PL Greenwood Indiana,"Franklin, IN",3pl,high
192,Greenfields Greatest Food Co Home of Sundaes Best Hot Fudge Sauce,84.61,84.61,A,1,77,90.7,5,7.8,US PL Saratoga Spring Factory,"Gansevoort, NY",shipper,medium
193,Onvo,84.6,49.77,A,3,84,77.3,5,5.1,US PL Allentown Factory,"Kutztown, PA",shipper,medium
194,Amazon LAX9,84.57,84.57,A,1,76,93.3,5,8.4,US PL Ontario Factory,"Fontana, CA",shipper,medium
195,Walgreens Micro Fulfillment Center,84.18,80.55,A,2,82,80,5,5.9,US DC NFI - Breinigsville,"Allentown, PA",3pl,high
196,PPG Industries Inc,84.15,71.81,A,2,75,93.3,5,8.7,US PL Dallas 2 Factory,"Grand Prairie, TX",shipper,medium
197,Amazon MCC1,84.02,84.02,A,1,75,93.3,5,8.8,US PL Sacramento Factory,"Rancho Cordova, CA",shipper,medium
198,"MSI Express, Inc.",83.88,83.88,A,1,74,93.3,5,8.9,US PL Dallas 2 Factory,"Grand Prairie, TX",shipper,medium
199,Advance Auto Parts Distribution Center Kutztown,83.83,83.83,A,1,83,77.3,5,5.6,US PL Allentown Factory,"Kutztown, PA",shipper,high
200,DSR4 Amazon,83.75,83.75,A,1,74,93.3,5,9,US PL Sacramento Factory,"Elk Grove, CA",shipper,medium
201,CORNERSTONE ORGANIC FEED LLC,83.68,83.68,A,1,83,77.3,5,5.7,US PL Allentown Factory,"Kutztown, PA",shipper,medium
202,Tyson Foods,83.5,67.08,A,6,70,100,5,10.7,US PL Greenwood Indiana,"Indianapolis, IN",shipper,high
203,WTY1 Amazon Last Mile Warehouse,83.47,83.47,A,1,74,93.3,5,9.2,US PL Hawkins Factory,"Tyler, TX",parcel,high
204,O'Reilly Auto Parts Distribution Center,83.41,73.62,A,4,77,86.7,5,7.8,US PL S Houston Factory,"Houston, TX",shipper,high
205,MARS PETCARE WAREHOUSE,83.07,83.07,A,1,73,93.3,5,9.5,US PL Dallas 2 Factory,"Lancaster, TX",shipper,high
206,Frito-Lay Saco,82.86,82.86,A,1,69,100,5,11.2,US PL Hollis Factory,"Saco, ME",shipper,medium
207,Three Story Coca Cola Cup,82.86,82.86,A,1,69,100,5,11.2,US PL Sacramento Factory,"Sacramento, CA",shipper,medium
208,Americold Logistics Indianapolis,82.81,82.81,A,1,74,90.7,5,9.1,US PL Greenwood Indiana,"Indianapolis, IN",3pl,high
209,Saia Logistics,82.81,82.81,A,1,74,90.7,5,9.1,US PL Dallas 2 Factory,"Lancaster, TX",carrier,high
210,Amcor plastic,82.71,82.71,A,1,76,86.7,5,8.3,US PL Dallas 2 Factory,"Grand Prairie, TX",shipper,medium
211,Superior Bathhouse Brewery,82.55,82.55,B,1,97,46.7,5,0.8,US DC Hot Springs (WHSE),"Hot Springs National Park, AR",shipper,low
212,"ContiTech USA, Inc Warehouse",82.54,82.54,A,1,73,90.7,5,9.3,US PL Madison Factory,"Sun Prairie, WI",shipper,high
213,Lineage Logistics,82.43,79.25,A,2,70,96,5,10.6,US PL Dallas 2 Factory,"Lancaster, TX",3pl,high
214,"The Storage Guy, LLC - OW Storage",82.43,62.55,A,3,70,96,5,10.6,US PL Madison Factory,"Middleton, WI",carrier,medium
215,Target Return Center,82.28,82.28,A,1,71,93.3,5,10.1,US PL Greenwood Indiana,"Franklin, IN",shipper,medium
216,NFI Warehouse 1901 Danieldale,82.14,82.14,A,1,73,90.7,5,9.6,US PL Dallas 2 Factory,"Lancaster, TX",3pl,high
217,Americold,82.14,59.39,A,3,73,90.7,5,9.6,US PL Pasadena Factory,"La Porte, TX",3pl,medium
218,Sysco Albany - Food Distributor & Restaurant Supplies,81.87,81.87,A,1,67,100,5,12,US PL Saratoga Spring Factory,"Clifton Park, NY",shipper,medium
219,US Foods,81.87,81.63,A,2,67,100,5,12,US PL Saratoga Spring Factory,"Clifton Park, NY",shipper,medium
220,VAX7 Amazon,81.76,81.76,A,1,70,93.3,5,10.5,US PL Ontario Factory,"Bloomington, CA",shipper,medium
221,Market 32,81.67,81.67,B,1,99,41.3,5,0.4,US PL Saratoga Spring Factory,"Saratoga Springs, NY",shipper,low
222,KABE AMAZON FACILITY,81.63,80.87,A,2,70,93.3,5,10.6,US DC NFI - Breinigsville,"Allentown, PA",shipper,high
223,Pepsico Gatorade satellite warehouse,81.62,81.62,A,1,67,100,5,12.2,US PL Greenwood Indiana,"Indianapolis, IN 46241, USA",shipper,high
224,DHL Supply Chain / Discount Tire Warehouse,81.62,81.62,A,1,67,100,5,12.2,US PL Dallas 2 Factory,"Dallas, TX",3pl,high
225,ICDC(check in at Pepsi Warehouse Guard),81.5,81.5,A,1,66,100,5,12.3,US PL Greenwood Indiana,"Indianapolis, IN",shipper,high
226,Pepsi Warehouse Guard Shack,81.5,81.5,A,1,66,100,5,12.3,US PL Greenwood Indiana,"Indianapolis, IN",shipper,high
227,Shamrock Foodservice Warehouse,81.37,81.37,A,1,76,82.7,5,8.4,US PL Denver Factory,"Aurora, CO",shipper,high
228,HOU8 - Amazon Fulfillment Center,81.37,81.37,A,1,70,93.3,5,10.8,US PL S Houston Factory,"Fresno, TX",3pl,high
229,Harbor Freight,81.31,65.73,B,14,98,41.3,5,0.6,US PL Zephyrhills Factory,"Zephyrhills, FL",shipper,low
230,Amazon DSM4,81.24,81.24,A,1,70,93.3,5,10.9,US PL Sacramento Factory,"West Sacramento, CA",shipper,medium
231,Marczyk Fine Foods,81.13,81.13,B,1,98,41.3,5,0.7,US PL Denver Factory,"Denver, CO",shipper,low
232,Amazon UTX4,81.12,81.12,A,1,69,93.3,5,11,US PL Dallas 2 Factory,"Dallas, TX",shipper,medium
233,"Rios Packaging Corporation, LLC",81.09,81.09,A,1,75,82.7,5,8.6,US PL Dallas 2 Factory,"Dallas, TX",shipper,medium
234,Bison Transport USA,81.03,72.33,A,2,78,77.3,5,3.7,US PL Allentown Factory,"Kutztown, PA",carrier,medium
235,Amazon FTW8,80.99,80.99,A,1,69,93.3,5,11.1,US PL Dallas 2 Factory,"Dallas, TX",shipper,medium
236,Ball Metal Beverage Packaging,80.67,63.29,A,2,72,86.7,5,9.8,US PL Denver Factory,"Golden, CO",shipper,medium
237,Dairy Block,80.6,80.6,C,1,97,41.3,5,1,US PL Denver Factory,"Denver, CO",shipper,low
238,Williams-Sonoma Distribution Center,80.49,80.49,A,1,78,76,5,7.6,US PL Dallas 2 Factory,"Arlington, TX",shipper,high
239,Medline Industries Distribution Center,80.42,80.42,A,1,64,100,5,13.2,US PL Denver Factory,"Aurora, CO",shipper,high
240,Neway Packaging Corporation,80.41,80.41,A,1,74,82.7,5,9.1,US PL Denver Factory,"Commerce City, CO",shipper,medium
241,America's Beverage Company. Kroger Manufacturing,80.41,80.41,A,1,72,86.7,5,10,US PL Dallas 2 Factory,"Irving, TX",shipper,high
242,SNA4 Amazon Guard shack,80.36,80.36,A,1,68,93.3,5,11.6,US PL Ontario Factory,"Rialto, CA",shipper,medium
243,SNA4 Amazon Fulfillment Center,80.24,80.24,A,1,68,93.3,5,11.7,US PL Ontario Factory,"Rialto, CA",3pl,high
244,El Super Distribution Center,80.11,80.11,B,1,98,37.3,5,0.6,US PL Ontario Factory,"Ontario, CA",shipper,medium
245,POC3 ixd Amazon warehouse,80.11,80.11,A,1,67,93.3,5,11.8,US PL Ontario Factory,"Jurupa Valley, CA",shipper,high
246,Clorox Products Houston,80.07,80.07,A,1,77,76,5,7.9,US PL S Houston Factory,"Houston, TX",shipper,medium
247,Ben E. Keith Foods Gulf Coast Distribution Center,80.01,80.01,A,1,73,82.7,5,9.4,US PL S Houston Factory,"Missouri City, TX",shipper,high
248,Amazon IXD - SBD1,79.99,79.99,A,1,67,93.3,5,11.9,US PL Ontario Factory,"Bloomington, CA",shipper,medium
249,Metro Market,79.93,77.7,C,2,98,37.3,5,0.7,US PL Madison Factory,"Monona, WI",shipper,low
250,Kgp Logistics,79.82,77.71,B,2,100,33.3,5,0.1,US PL Ontario Factory,"Ontario, CA",3pl,medium
251,Florida Creamery High Springs,79.82,79.82,C,1,100,33.3,5,0.1,US PL High Springs Factory,"High Springs, FL",shipper,medium
252,Mountain Valley Spring - Trooper Warehouse,79.82,76.47,B,2,100,33.3,5,0.1,US PL Hot Springs Factory,"Hot Springs Village, AR",shipper,medium
253,Hot Springs First United Methodist Church - Food Distribution Center,79.82,79.82,C,1,100,33.3,5,0.1,US DC Hot Springs (WHSE),"Hot Springs, AR",shipper,medium
254,HAL MARI INTERNATIONAL LOGISTICS,79.82,79.82,C,1,100,33.3,5,0.1,US PL Pasadena Factory,"Houston, TX",3pl,medium
255,Target Food Distribution Center,79.74,79.74,A,1,67,93.3,5,12.1,US PL Ontario Factory,"Rialto, CA",shipper,high
256,EXQUISITE LOGISTICS MOVING,79.63,79.63,B,1,99,33.3,5,0.2,US PL Denver Factory,"Denver, CO",3pl,medium
257,Mountain Valley Warehouse,79.63,76.47,B,2,99,33.3,5,0.2,US PL Hot Springs Factory,"Hot Springs Village, AR",shipper,medium
258,Faith Point Ministries - Food Distribution Center,79.63,79.63,C,1,99,33.3,5,0.2,US DC Hot Springs (WHSE),"Hot Springs, AR",shipper,medium
259,Autumn Lanes Logistics,79.63,79.63,C,1,99,33.3,5,0.2,US PL Denver Factory,"Denver, CO",3pl,medium
260,Saba Live Poultry 3,79.63,79.63,C,1,99,33.3,5,0.2,US PL Sacramento Factory,"Sacramento, CA",shipper,low
261,House Cup,79.63,79.63,C,1,99,33.3,5,0.2,US DC Hot Springs (WHSE),"Hot Springs, AR",shipper,low
262,UPS Access Point location,79.63,74.9,C,11,99,33.3,5,0.2,US PL High Springs Factory,"High Springs, FL",parcel,low
263,Kellogg's APL Logistics,79.5,79.5,A,1,66,93.3,5,12.3,US PL Ontario Factory,"Rialto, CA",3pl,high
264,IAH1 - Amazon,79.5,79.5,A,1,66,93.3,5,12.3,US PL Dallas 2 Factory,"Dallas, TX",shipper,medium
265,Fort Worth Distribution Center for tractor supply,79.47,79.47,A,1,74,80,5,9.2,US PL Dallas 2 Factory,"Grand Prairie, TX",shipper,high
266,Chipman Relocation & Logistics,79.45,79.45,B,1,99,33.3,5,0.3,US PL Sacramento Factory,"Sacramento, CA",3pl,medium
267,Global TAC Warehouse Inc.,79.45,79.45,B,1,99,33.3,5,0.3,US PL Ontario Factory,"Ontario, CA",shipper,medium
268,Fast Rite Fulfillment,79.45,79.45,B,1,99,33.3,5,0.3,US PL Ontario Factory,"Ontario, CA",3pl,medium
269,Saratoga EOC Soup Kitchen - Food Distribution Center,79.45,79.45,C,1,99,33.3,5,0.3,US PL Saratoga Spring Factory,"Saratoga Springs, NY",shipper,medium
270,Freight Folks LLC,79.45,79.45,B,1,99,33.3,5,0.3,US PL Pasadena Factory,"Houston, TX",shipper,low
271,Surfas Culinary District,79.45,79.45,C,1,99,33.3,5,0.3,US DC Hot Springs (WHSE),"Hot Springs, AR",shipper,low
272,"Mountain Valley Water - Stonecipher Distributing, Inc.",79.45,79.45,C,1,99,33.3,5,0.3,US DC Hot Springs (WHSE),"Hot Springs, AR",shipper,low
273,UPS Authorized Shipping Provider,79.45,65.77,C,7,99,33.3,5,0.3,US DC Hot Springs (WHSE),"Hot Springs, AR",shipper,low
274,Swig,79.4,79.4,C,1,97,37.3,5,1,US PL Pasadena Factory,"Houston, TX",shipper,low
275,Ikea Distribution Center,79.38,76.11,A,3,66,93.3,5,12.4,US DC NFI - Breinigsville,"Quakertown, PA",shipper,high
276,"Gladstone Fulfillment, Inc",79.27,79.27,B,1,99,33.3,5,0.4,US PL Ontario Factory,"Ontario, CA",3pl,medium
277,Warehouse & Distribution,79.27,79.27,B,1,99,33.3,5,0.4,US PL Sacramento Factory,"Sacramento, CA",shipper,medium
278,Eleanor Klugn Jackson House For Crisis Intervention - Food Pantry Distribution Center,79.27,79.27,C,1,99,33.3,5,0.4,US DC Hot Springs (WHSE),"Hot Springs, AR",shipper,medium
279,"WW WHOLESALE WAREHOUSE, INC",79.27,79.27,C,1,99,33.3,5,0.4,US PL Sacramento Factory,"Sacramento, CA",shipper,medium
280,Hydra Warehouse,79.27,78.47,B,2,99,33.3,5,0.4,US PL Sacramento Factory,"Sacramento, CA",shipper,medium
281,"Aequus Worldwide Logistics, Inc.",79.27,79.27,C,1,99,33.3,5,0.4,US PL Denver Factory,"Denver, CO",3pl,medium
282,Oec Group Liquid Logistics Solutions,79.27,79.27,C,1,99,33.3,5,0.4,US PL Pasadena Factory,"Houston, TX",3pl,medium
283,Denver Drug & Liquor Co,79.27,79.27,C,1,99,33.3,5,0.4,US PL Denver Factory,"Denver, CO",shipper,low
284,Capitol Market,79.27,79.27,C,1,99,33.3,5,0.4,US PL Denver Factory,"Denver, CO",shipper,low
285,City Store Market,79.27,79.27,C,1,99,33.3,5,0.4,US PL Denver Factory,"Denver, CO",shipper,low
286,Fortune Avenue Foods Inc,79.27,79.27,C,1,99,33.3,5,0.4,US PL Ontario Factory,"Ontario, CA",shipper,low
287,Forte Denver,79.27,79.27,C,1,99,33.3,5,0.4,US PL Denver Factory,"Denver, CO",shipper,low
288,stainless steel mixing tank,79.27,79.27,C,1,99,33.3,5,0.4,US PL Denver Factory,"Denver, CO",shipper,low
289,Forward Freight LLC,79.27,79.27,C,1,99,33.3,5,0.4,US PL Denver Factory,"Denver, CO",shipper,low
290,Willy Street Co-op—East,79.27,79.27,B,1,91,46.7,5,2.7,US PL Madison Factory,"Madison, WI",shipper,low
291,Restaurant Depot,79.22,60.48,C,4,96,37.3,5,1.1,US PL Denver Factory,"Denver, CO",shipper,medium
292,Amazon FTW1,79.14,79.14,A,1,66,93.3,5,12.6,US PL Dallas 2 Factory,"Dallas, TX",shipper,medium
293,Amazon LGB8,79.14,79.14,A,1,66,93.3,5,12.6,US PL Ontario Factory,"Rialto, CA",shipper,medium
294,Amazon LGB 7,79.14,79.14,A,1,66,93.3,5,12.6,US PL Ontario Factory,"Rialto, CA",shipper,medium
295,"WorldWide Electric, Ontario CA Warehouse",79.09,79.09,B,1,98,33.3,5,0.5,US PL Ontario Factory,"Ontario, CA",shipper,medium
296,Souvenir Warehouse,79.09,79.09,C,1,98,33.3,5,0.5,US PL Denver Factory,"Denver, CO",shipper,medium
297,Simple Logistics LLC,79.09,79.09,C,1,98,33.3,5,0.5,US PL Denver Factory,"Denver, CO",3pl,medium
298,Yusol International Foods,79.09,79.09,C,1,98,33.3,5,0.5,US PL Sacramento Factory,"Sacramento, CA",shipper,low
299,Catering Food Supplies,79.09,79.09,C,1,98,33.3,5,0.5,US PL Sacramento Factory,"Sacramento, CA",shipper,low
300,Johnny's Market,79.09,79.09,C,1,98,33.3,5,0.5,US PL Denver Factory,"Denver, CO 80203, USA",shipper,low
301,NorCal Greenhouse,79.09,79.09,C,1,98,33.3,5,0.5,US PL Sacramento Factory,"Sacramento, CA",shipper,low
302,PHM Brands,79.09,79.09,C,1,98,33.3,5,0.5,US PL Denver Factory,"Denver, CO",shipper,low
303,GLOBALFOUNDRIES,79.06,79.06,B,1,79,69.3,5,7.2,US PL Saratoga Spring Factory,"Malta, NY",shipper,medium
304,Amazon DAL2,79.02,79.02,A,1,65,93.3,5,12.7,US PL Dallas 2 Factory,"Dallas, TX",shipper,medium
305,Woodman's Food Market,78.93,78.93,B,1,91,46.7,5,2.9,US PL Madison Factory,"Madison, WI",shipper,low
306,Mountain Creek Distribution Phase 1,78.91,78.91,B,1,98,33.3,5,0.6,US PL Dallas 2 Factory,"Dallas, TX",shipper,medium
307,Hydra Warehouse Sacramento,78.91,78.91,B,1,98,33.3,5,0.6,US PL Sacramento Factory,"Sacramento, CA",shipper,medium
308,Bodega Latina Distribution Center 220,78.91,78.91,C,1,98,33.3,5,0.6,US PL Ontario Factory,"Ontario, CA",shipper,medium
309,Gospel Light Church - Food Distribution Center,78.91,78.91,C,1,98,33.3,5,0.6,US DC Hot Springs (WHSE),"Hot Springs, AR",shipper,medium
310,Sunrise Food Mart,78.91,78.91,C,1,98,33.3,5,0.6,US PL High Springs Factory,"High Springs, FL",shipper,low
311,Walgreens Distribution Center,78.81,66.23,A,6,72,80,5,9.7,US PL Madison Factory,"Windsor, WI",shipper,high
312,American Furniture Warehouse,78.77,63.11,B,6,90,46.7,5,3,US PL Pasadena Factory,"Webster, TX",shipper,medium
313,Flex Logistics,78.73,78.73,B,1,98,33.3,5,0.7,US PL Ontario Factory,"Ontario, CA",3pl,medium
314,Pbe Warehouse,78.73,78.73,B,1,98,33.3,5,0.7,US PL Sacramento Factory,"Sacramento, CA",shipper,medium
315,SLR LOGISTICS,78.73,78.73,C,1,98,33.3,5,0.7,US PL Sacramento Factory,"Sacramento, CA",3pl,medium
316,About Time Logistics Corp,78.73,78.73,C,1,98,33.3,5,0.7,US PL Saratoga Spring Factory,"Saratoga Springs, NY",3pl,medium
317,We Store Frozen,78.73,78.73,B,1,98,33.3,5,0.7,US PL S Houston Factory,"Houston, TX",shipper,low
318,Mad Butcher Meat Company,78.73,78.73,C,1,98,33.3,5,0.7,US PL Sacramento Factory,"Sacramento, CA",shipper,low
319,The Ice House,78.73,78.73,C,1,98,33.3,5,0.7,US PL Saratoga Spring Factory,"Saratoga Springs, NY",shipper,low
320,DiMare Fresh – Houston,78.73,78.73,C,1,98,33.3,5,0.7,US PL S Houston Factory,"Houston, TX",shipper,low
321,Producers Dairy Foods- Sacramento Location,78.73,78.73,C,1,98,33.3,5,0.7,US PL Sacramento Factory,"Sacramento, CA",shipper,low
322,Parillo Sausage Co,78.73,78.73,C,1,98,33.3,5,0.7,US PL Saratoga Spring Factory,"Saratoga Springs, NY",shipper,low
323,"Kingfa Global, Inc.",78.73,78.73,C,1,98,33.3,5,0.7,US PL Ontario Factory,"Ontario, CA",shipper,low
324,Saratoga Specialties Company,78.73,78.73,C,1,98,33.3,5,0.7,US PL Saratoga Spring Factory,"Saratoga Springs, NY",shipper,low
325,Posh Bakery,78.73,78.73,C,1,98,33.3,5,0.7,US PL Sacramento Factory,"Sacramento, CA",shipper,low
326,UPS Alliance Shipping Partner,78.73,76.83,C,2,98,33.3,5,0.7,US PL Madison Factory,"Madison, WI",shipper,low
327,DEN 8 AMAZON Fulfillment center,78.66,78.66,A,1,65,93.3,5,13,US PL Denver Factory,"Aurora, CO",3pl,high
328,NFI/Eaton - Dallas Distribution Center,78.58,78.58,A,1,66,90.7,5,12.4,US PL Dallas 2 Factory,"Dallas, TX",3pl,high
329,Total Warehouse,78.55,54.86,B,2,97,33.3,5,0.8,US PL Ontario Factory,"Ontario, CA",shipper,medium
330,"Total Service Logistics, Inc.",78.55,78.55,B,1,97,33.3,5,0.8,US PL Sacramento Factory,"Sacramento, CA",3pl,medium
331,Ross warehouse,78.55,50.39,B,5,97,33.3,5,0.8,US PL Sacramento Factory,"Sacramento, CA",shipper,medium
332,G5 Logistics Inc,78.55,78.55,B,1,97,33.3,5,0.8,US PL Greenwood Indiana,"Greenwood, IN",3pl,medium
333,TUTS Reed Rd Warehouse Unit D,78.55,78.55,B,1,97,33.3,5,0.8,US PL S Houston Factory,"Houston, TX 77051, USA",shipper,medium
334,Domestic Violence Services - Food Distribution Center,78.55,78.55,C,1,97,33.3,5,0.8,US PL Saratoga Spring Factory,"Saratoga Springs, NY 12866, USA",shipper,medium
335,Saratoga County Economic Opportunity Council (sceoc) - Food Distribution Center,78.55,78.55,C,1,97,33.3,5,0.8,US PL Saratoga Spring Factory,"Saratoga Springs, NY 12866, USA",shipper,medium
336,JDS Industries - Warehouse - Houston,78.55,78.55,C,1,97,33.3,5,0.8,US PL S Houston Factory,"Houston, TX",shipper,medium
337,Sanders Supply - Distribution Center,78.55,78.55,C,1,97,33.3,5,0.8,US DC Hot Springs (WHSE),"Hot Springs, AR",shipper,medium
338,Franklin Square Market,78.55,78.55,C,1,97,33.3,5,0.8,US PL Saratoga Spring Factory,"Saratoga Springs, NY",shipper,low
339,Sweet Meat Butcher Shop,78.55,78.55,C,1,97,33.3,5,0.8,US PL High Springs Factory,"High Springs, FL",shipper,low
340,Saratoga Chocolate Co,78.55,78.55,C,1,97,33.3,5,0.8,US PL Saratoga Spring Factory,"Saratoga Springs, NY",shipper,low
341,Mendocino Farms,78.55,78.55,C,1,97,33.3,5,0.8,US PL Denver Factory,"Denver, CO",shipper,low
342,Ventura Foods,78.55,58.75,C,3,97,33.3,5,0.8,US PL Ontario Factory,"Ontario, CA",shipper,low
343,Swift Courier Services,78.55,78.55,C,1,97,33.3,5,0.8,US PL Denver Factory,"Denver, CO",carrier,low
344,UPS Authorized Shipping Outlet,78.55,73.76,C,6,97,33.3,5,0.8,US PL Zephyrhills Factory,"Zephyrhills, FL",shipper,low
345,National Carriers Inc,78.54,78.54,A,1,65,93.3,5,13.1,US PL Dallas 2 Factory,"Irving, TX",shipper,medium
346,Wisconsin Kenworth - Madison,78.41,78.41,A,1,72,80,5,10,US PL Madison Factory,"Windsor, WI",shipper,medium
347,Congdon Hill Warehouse/Samuel Adam's,78.37,78.37,B,1,97,33.3,5,0.9,US PL Allentown NPL Factory,"Alburtis, PA",shipper,medium
348,Consolidated Bonded Warehouses Inc.,78.37,78.37,B,1,97,33.3,5,0.9,US PL S Houston Factory,"Houston, TX",shipper,medium
349,JCT Logistics Inc.,78.37,78.37,B,1,97,33.3,5,0.9,US PL Ontario Factory,"Ontario, CA",3pl,medium
350,Metropolitan Warehouse,78.37,72.94,B,3,97,33.3,5,0.9,US PL Ontario Factory,"Ontario, CA",shipper,medium
351,Warehouse Paint,78.37,69.79,C,5,97,33.3,5,0.9,US PL Hot Springs Factory,"Hot Springs Village, AR",shipper,medium
352,Frontier Logistics,78.37,67.11,C,8,97,33.3,5,0.9,US PL Ontario Factory,"Ontario, CA",3pl,medium
353,Warehouse Gym,78.37,73.23,C,3,97,33.3,5,0.9,US PL High Springs Factory,"High Springs, FL",shipper,medium
354,"Shahi Logistics, LLC",78.37,78.37,C,1,97,33.3,5,0.9,US PL Sacramento Factory,"Sacramento, CA",3pl,medium
355,Sacramento Windustrial,78.37,78.37,C,1,97,33.3,5,0.9,US PL Sacramento Factory,"Sacramento, CA",shipper,low
356,Eagle Courier Service,78.37,78.37,C,1,97,33.3,5,0.9,US DC Hot Springs (WHSE),"Hot Springs, AR",shipper,low
357,Werner Enterprises,78.28,55.87,A,6,71,80,5,5.7,US PL Dallas 2 Factory,"Dallas, TX",carrier,medium
358,Wholesale Wheel Warehouse,78.2,78.2,B,1,97,33.3,5,1,US PL Ontario Factory,"Ontario, CA",shipper,medium
359,Warehouse South Loop,78.2,76.4,B,2,97,33.3,5,1,US PL S Houston Factory,"Houston, TX",shipper,medium
360,WCS Distribution,78.2,78.2,C,1,97,33.3,5,1,US PL Ontario Factory,"Ontario, CA",shipper,medium
361,Dieselers Diesel Truck Sales,78.2,78.2,C,1,97,33.3,5,1,US PL Sacramento Factory,"Sacramento, CA",shipper,low
362,Four Seasons Food Distributor,78.2,78.2,C,1,97,33.3,5,1,US PL S Houston Factory,"Houston, TX",shipper,low
363,True World Foods SAC Llc,78.2,78.2,C,1,97,33.3,5,1,US PL Sacramento Factory,"Sacramento, CA",shipper,low
364,Sherwin Williams Aurora Distribution Service Center,78.19,78.19,A,1,64,93.3,5,13.4,US PL Denver Factory,"Aurora, CO",shipper,high
365,Poland Spring Water,78.17,71.4,C,2,94,37.3,5,1.7,US PL Poland Spring Factory,"Poland, ME",shipper,low
366,Sysco Northern New England - Food Distributor & Restaurant Supplies,78.03,78.03,A,1,60,100,5,15.3,US PL Hollis Factory,"Westbrook, ME",shipper,medium
367,East Penn Manufacturing Alburtis Warehouse,78.02,78.02,B,1,96,33.3,5,1.1,US PL Allentown NPL Factory,"Mertztown, PA",shipper,medium
368,Dsi Logistics,78.02,67.33,B,2,96,33.3,5,1.1,US PL S Houston Factory,"Houston, TX",3pl,medium
369,La Nova Tile Warehouse,78.02,78.02,B,1,96,33.3,5,1.1,US PL S Houston Factory,"Houston, TX",shipper,medium
370,FWI Warehouse,78.02,78.02,B,1,96,33.3,5,1.1,US PL Denver Factory,"Denver, CO",shipper,medium
371,CREAM LOGISTICS LLC,78.02,78.02,B,1,96,33.3,5,1.1,US PL Pasadena Factory,"Houston, TX",3pl,medium
372,Friends Of The Center - Food Distribution Center,78.02,78.02,C,1,96,33.3,5,1.1,US PL Madison Factory,"Madison, WI",shipper,medium
373,CS Logistics Inc,78.02,78.02,C,1,96,33.3,5,1.1,US PL Madison Factory,"Madison, WI",3pl,medium
374,Houston Distribution Services,78.02,78.02,C,1,96,33.3,5,1.1,US PL S Houston Factory,"Houston, TX",3pl,medium
375,Sacramento Beer Rentals,78.02,78.02,B,1,96,33.3,5,1.1,US PL Sacramento Factory,"Sacramento, CA",shipper,low
376,Tree House Brewing - Saratoga Springs,78.02,78.02,C,1,96,33.3,5,1.1,US PL Saratoga Spring Factory,"Saratoga Springs, NY",shipper,low
377,"Chunwei, Inc.",78.02,78.02,C,1,96,33.3,5,1.1,US PL Ontario Factory,"Ontario, CA",shipper,low
378,Bonded Transportation Solutions,78.02,78.02,C,1,96,33.3,5,1.1,US PL Madison Factory,"Madison, WI",shipper,low
379,Amazon DHX3,77.95,77.95,A,1,64,93.3,5,13.6,US PL S Houston Factory,"Sugar Land, TX",shipper,medium
380,Kroger Bakery Indianapolis,77.87,77.87,A,1,67,86.7,5,12,US PL Greenwood Indiana,"Indianapolis, IN",shipper,medium
381,Houston Methodist Distribution Center,77.84,77.84,B,1,96,33.3,5,1.2,US PL S Houston Factory,"Houston, TX",shipper,medium
382,Cold Stone Creamery,77.84,69.76,C,3,96,33.3,5,1.2,US PL Pasadena Factory,"Webster, TX",shipper,medium
383,The Spice Guy - Manufacturing HQ,77.84,77.84,C,1,96,33.3,5,1.2,US PL Denver Factory,"Denver, CO",shipper,medium
384,Vita Plus - Madison Distribution Center,77.84,77.84,C,1,96,33.3,5,1.2,US PL Madison Factory,"Madison, WI",shipper,medium
385,Clopay Building Products Distribution Center,77.84,66.07,C,2,96,33.3,5,1.2,US PL Madison Factory,"Madison, WI",shipper,medium
386,MNX Global Logistics,77.84,77.84,C,1,96,33.3,5,1.2,US PL Ontario Factory,"Ontario, CA",3pl,medium
387,Pro Logistics,77.84,77.84,C,1,96,33.3,5,1.2,US DC NFI - Breinigsville,"Mertztown, PA",3pl,medium
388,Clopay Corporation - Madison Distribution Center,77.84,77.84,C,1,96,33.3,5,1.2,US PL Madison Factory,"Madison, WI",shipper,medium
389,C & S Wholesale Grocers Inc,77.84,77.84,C,1,96,33.3,5,1.2,US PL Sacramento Factory,"Sacramento, CA",shipper,low
390,"Premium Waters, Inc.",77.84,77.84,C,1,96,33.3,5,1.2,US PL Madison Factory,"Madison, WI",shipper,low
391,Tribe 9 Foods,77.84,77.84,C,1,96,33.3,5,1.2,US PL Madison Factory,"Madison, WI",shipper,low
392,JFS Altius Farms,77.84,77.84,C,1,96,33.3,5,1.2,US PL Denver Factory,"Denver, CO",shipper,low
393,RP's Pasta Co,77.84,77.84,C,1,96,33.3,5,1.2,US PL Madison Factory,"Madison, WI",shipper,low
394,Popla International Inc.,77.84,77.84,C,1,96,33.3,5,1.2,US PL Ontario Factory,"Ontario, CA",shipper,low
395,Ona Foods,77.84,77.84,C,1,96,33.3,5,1.2,US PL Madison Factory,"Madison, WI",shipper,low
396,Reynolds Freight,77.84,77.84,C,1,96,33.3,5,1.2,US PL Madison Factory,"Madison, WI",shipper,low
397,Sysco Frozen Warehouse,77.81,77.81,A,1,60,100,5,15.5,US PL Hollis Factory,"Westbrook, ME",shipper,high
398,Andersen Logistics,77.67,77.67,B,1,96,33.3,5,1.3,US PL Sacramento Factory,"Sacramento, CA",3pl,medium
399,LDS Cannery,77.67,77.67,C,1,96,33.3,5,1.3,US PL Sacramento Factory,"Sacramento, CA",shipper,medium
400,La-Z-Boy West Coast Distribution Center,77.67,77.67,C,1,96,33.3,5,1.3,US PL Ontario Factory,"Ontario, CA",shipper,medium
401,Knoll Distribution Center,77.67,77.67,C,1,96,33.3,5,1.3,US PL Allentown NPL Factory,"Alburtis, PA",shipper,medium
402,Central Garden Distribution,77.67,77.67,C,1,96,33.3,5,1.3,US PL Sacramento Factory,"Sacramento, CA",shipper,medium
403,"All Points Logistics, LLC",77.67,77.67,C,1,96,33.3,5,1.3,US PL Pasadena Factory,"Houston, TX",3pl,medium
404,EHP Warehouse,77.67,77.67,C,1,96,33.3,5,1.3,US PL Madison Factory,"Madison, WI",shipper,medium
405,SUNOPTA FOODS,77.67,77.67,B,1,96,33.3,5,1.3,US PL Allentown NPL Factory,"Alburtis, PA",shipper,low
406,Sacramento Bishops' Storehouse and Home Storage Center,77.67,77.67,C,1,96,33.3,5,1.3,US PL Sacramento Factory,"Sacramento, CA",shipper,low
407,Ernie's Southern Off Road,77.63,77.63,C,1,99,26.7,5,0.2,US PL High Springs Factory,"High Springs, FL",shipper,low
408,ULTA Beauty Distribution,77.49,76.13,B,2,95,33.3,5,1.4,US PL Dallas 2 Factory,"Dallas, TX",shipper,medium
409,Rapid Fulfillment Center Inc,77.49,77.49,B,1,95,33.3,5,1.4,US PL Ontario Factory,"Ontario, CA",3pl,medium
410,"GPA Logistics Group, Inc.",77.49,77.49,B,1,95,33.3,5,1.4,US PL Ontario Factory,"Ontario, CA",3pl,medium
411,Smokes Tobacco Warehouse,77.49,64.94,C,3,95,33.3,5,1.4,US DC Hot Springs (WHSE),"Hot Springs, AR",shipper,medium
412,Maintain Distribution,77.49,77.49,C,1,95,33.3,5,1.4,US PL Sacramento Factory,"Sacramento, CA",shipper,medium
413,Ranon Logistics Network,77.49,77.49,C,1,95,33.3,5,1.4,US PL S Houston Factory,"Houston, TX",3pl,medium
414,The Bottling Plant,77.49,44.25,C,2,95,33.3,5,1.4,US PL Saratoga Spring Factory,"Saratoga Springs, NY",shipper,medium
415,American Bottling Co,77.49,55.72,B,6,95,33.3,5,1.4,US PL S Houston Factory,"Houston, TX",shipper,medium
416,"Certco, Inc.",77.49,77.49,B,1,95,33.3,5,1.4,US PL Madison Factory,"Madison, WI",shipper,low
417,HP Hood,77.49,74.69,C,3,95,33.3,5,0.3,US PL Sacramento Factory,"Sacramento, CA",shipper,low
418,Clarke Bioscience,77.49,77.49,C,1,95,33.3,5,1.4,US PL Pasadena Factory,"Webster, TX",shipper,low
419,BREINIGSVILLE•COURiER•SERVICE•NEW•YORK•NY•PRINCETON,77.49,77.49,C,1,95,33.3,5,1.4,US PL Allentown Factory,"Breinigsville, PA",shipper,low
420,Mohawk Global,77.38,77.38,A,1,63,93.3,5,14.1,US PL Saratoga Spring Factory,"Clifton Park, NY",shipper,medium
421,Swift Transportation Terminal II,77.38,77.38,A,1,61,96,5,14.8,US PL S Houston Factory,"Houston, TX",carrier,high
422,Grocery Outlet Distribution Center,77.32,77.32,B,1,95,33.3,5,1.5,US PL Sacramento Factory,"Sacramento, CA",shipper,medium
423,Weber Logistics,77.32,64.29,B,7,95,33.3,5,1.5,US PL Ontario Factory,"Ontario, CA",3pl,medium
424,Daltex Logistics Services,77.32,77.32,B,1,95,33.3,5,1.5,US PL Dallas 2 Factory,"Dallas, TX",3pl,medium
425,Oaklawn United Methodist Church - Food Distribution Center,77.32,77.32,C,1,95,33.3,5,1.5,US DC Hot Springs (WHSE),"Hot Springs, AR",shipper,medium
426,Kumars Logistics Inc,77.32,77.32,C,1,95,33.3,5,1.5,US PL Sacramento Factory,"Sacramento, CA",3pl,medium
427,UPS Freight,77.32,40.48,B,8,95,33.3,5,1.5,US PL Madison Factory,"Madison, WI",shipper,low
428,Eddy's Beverage Inc,77.32,77.32,C,1,95,33.3,5,1.5,US PL Saratoga Spring Factory,"Saratoga Springs, NY",shipper,low
429,Wild About Sprouts,77.32,77.32,C,1,95,33.3,5,1.5,US PL Sacramento Factory,"Sacramento, CA",shipper,low
430,Liberty Specialty Food Co,77.32,77.32,C,1,95,33.3,5,1.5,US PL Ontario Factory,"Ontario, CA",shipper,low
431,AUTHENTIC FOOD INC,77.32,77.32,C,1,95,33.3,5,1.5,US PL Sacramento Factory,"Sacramento, CA",shipper,low
432,Rä Foods LLC,77.32,77.32,C,1,95,33.3,5,1.5,US PL Sacramento Factory,"Sacramento, CA",shipper,low
433,420 Stock,77.27,77.27,C,1,99,26.7,5,0.4,US PL Sacramento Factory,"Sacramento, CA",shipper,low
434,Hasco Wholesale Liquidation Center,77.22,77.22,C,1,96,30.7,5,1.1,US PL Ontario Factory,"Ontario, CA",shipper,low
435,PRIME/CHROBINSON Warehouse,77.15,77.15,A,1,64,90.7,5,13.6,US PL Greenwood Indiana,"Indianapolis, IN",shipper,high
436,Second Harvest Foodbank of Southern WI - Distribution Center,77.14,77.14,C,1,95,33.3,5,1.6,US PL Madison Factory,"Madison, WI",shipper,medium
437,MicroStar Logistics,77.14,77.14,C,1,95,33.3,5,1.6,US PL Denver Factory,"Denver, CO",3pl,medium
438,Dawn Food Products,77.14,55.81,C,4,95,33.3,5,1.6,US PL Ontario Factory,"Ontario, CA",shipper,low
439,Rama Food,77.14,77.14,C,1,95,33.3,5,1.6,US PL Ontario Factory,"Ontario, CA",shipper,low
440,Flossie's Foods,77.14,77.14,C,1,95,33.3,5,1.6,US DC Hot Springs (WHSE),"Hot Springs, AR",shipper,low
441,Cree’sTruffleTreats,77.14,77.14,C,1,95,33.3,5,1.6,US PL S Houston Factory,"Houston, TX",shipper,low
442,Facility Gateway Corporation,77.14,77.14,C,1,95,33.3,5,1.6,US PL Madison Factory,"Madison, WI",shipper,low
443,Ready Foods,77.14,75.02,C,4,95,33.3,5,1.6,US PL Denver Factory,"Denver, CO",shipper,low
444,MVI Engineering & Manufacturing,77.09,77.09,C,1,98,26.7,5,0.5,US PL Ontario Factory,"Ontario, CA",shipper,medium
445,Industrial Caster & Wheel Co,77.09,77.09,C,1,98,26.7,5,0.5,US PL Sacramento Factory,"Sacramento, CA",shipper,low
446,Moore Fabrication - Precision Machine Shop Houston,77.09,77.09,C,1,98,26.7,5,0.5,US PL Pasadena Factory,"Houston, TX",shipper,low
447,Fayus Inc,77.09,77.09,C,1,98,26.7,5,0.5,US PL Sacramento Factory,"Sacramento, CA",shipper,low
448,Industrial Packing & Seals,77.09,77.09,C,1,98,26.7,5,0.5,US PL Pasadena Factory,"Houston, TX",shipper,low
449,Wizard Fabrication,77.09,77.09,C,1,98,26.7,5,0.5,US PL Sacramento Factory,"Sacramento, CA",shipper,low
450,Schneider National Operating Center,77.05,77.05,A,1,60,96,5,15.1,US PL Greenwood Indiana,"Indianapolis, IN",carrier,medium
451,"Coca-Cola Beverages Northeast - South Portland, ME",77.05,77.05,A,1,58,100,5,16.2,US PL Hollis Factory,"South Portland, ME",shipper,medium
452,Volk Packaging Corporation,77.04,77.04,A,1,68,82.7,5,11.7,US PL Hollis Factory,"Biddeford, ME",shipper,medium
453,CWC Logistics,77.04,77.04,A,1,63,90.7,5,13.7,US PL Greenwood Indiana,"Plainfield, IN",3pl,high
454,Whirlpool Distribution Center,77.04,77.04,A,1,63,90.7,5,13.7,US PL Greenwood Indiana,"Plainfield, IN",shipper,high
455,Swift Transportation drop yard,77.04,77.04,A,1,63,90.7,5,13.7,US PL Greenwood Indiana,"Indianapolis, IN",carrier,medium
456,American Furniture Galleries (Warehouse),76.97,76.97,B,1,94,33.3,5,1.7,US PL Sacramento Factory,"Sacramento, CA",shipper,medium
457,Fraser Crossdock and Warehouse,76.97,76.97,B,1,94,33.3,5,1.7,US PL S Houston Factory,"Houston, TX",shipper,medium
458,"Orca Logistics, Llc",76.97,76.97,B,1,94,33.3,5,1.7,US PL Denver Factory,"Denver, CO",3pl,medium
459,Premier Logistics,76.97,76.97,B,1,94,33.3,5,1.7,US PL Ontario Factory,"Ontario, CA",3pl,medium
460,The University of Texas MD Anderson Pawnee Warehouse,76.97,76.97,C,1,94,33.3,5,1.7,US PL S Houston Factory,"Houston, TX",shipper,medium
461,WEG Product Warehouse - California,76.97,76.97,C,1,94,33.3,5,1.7,US PL Ontario Factory,"Ontario, CA",shipper,medium
462,Culligan Total Water of Madison,76.97,76.97,C,1,94,33.3,5,1.7,US PL Madison Factory,"Madison, WI",shipper,low
463,Surlean Foods,76.97,76.97,C,1,94,33.3,5,1.7,US PL Dallas 2 Factory,"Dallas, TX",shipper,low
464,"Haliburton International Foods, Inc.",76.97,76.97,C,1,94,33.3,5,1.7,US PL Ontario Factory,"Ontario, CA",shipper,low
465,Ninth Planet Beverage Solutions LLC,76.97,76.97,C,1,94,33.3,5,1.7,US PL Saratoga Spring Factory,"Saratoga Springs, NY",shipper,low
466,Pilot Freight Services,76.97,69.98,C,2,94,33.3,5,1.7,US PL Ontario Factory,"Ontario, CA",shipper,low
467,"CDP, Inc.",76.97,76.97,C,1,94,33.3,5,1.7,US PL Madison Factory,"Madison, WI",shipper,low
468,Knight Transportation,76.92,54.97,A,8,63,90.7,5,4.4,US PL Greenwood Indiana,"Indianapolis, IN",carrier,medium
469,Amazon Fulfillment Center IND 4,76.92,76.92,A,1,62,93.3,5,14.5,US PL Greenwood Indiana,"Indianapolis, IN",3pl,high
470,Industrial Equipment Co,76.91,76.91,C,1,98,26.7,5,0.6,US PL Pasadena Factory,"Houston, TX",shipper,low
471,Vision Industrial Packaging Inc,76.91,76.91,C,1,98,26.7,5,0.6,US PL Sacramento Factory,"Sacramento, CA",shipper,low
472,Rolls-Royce Excellence Building (Plant 8),76.86,76.86,A,1,69,80,5,11.2,US PL Greenwood Indiana,"Indianapolis, IN",shipper,high
473,Rolls-Royce Banded Stator Facility,76.86,76.86,A,1,69,80,5,11.2,US PL Greenwood Indiana,"Indianapolis, IN",shipper,medium
474,NOI - Niagra warehouse,76.81,76.81,A,1,63,90.7,5,13.9,US PL Greenwood Indiana,"Plainfield, IN",shipper,high
475,Aker BioMarine Manufacturing,76.81,76.81,A,1,61,93.3,5,14.6,US PL S Houston Factory,"Houston, TX",shipper,high
476,Denver Department Of Human Services - Food Distribution Center,76.8,76.8,C,1,94,33.3,5,1.8,US PL Denver Factory,"Denver, CO",shipper,medium
477,CORE Foodservice,76.8,76.8,C,1,94,33.3,5,1.8,US PL S Houston Factory,"Houston, TX",shipper,medium
478,Cooper Tire Distribution Center,76.8,76.8,C,1,94,33.3,5,1.8,US DC NFI - Breinigsville,"Alburtis, PA",shipper,medium
479,Doss Fast Flatbed Freight,76.8,76.8,B,1,94,33.3,5,1.8,US PL Sacramento Factory,"Sacramento, CA",shipper,low
480,New Glory Craft Brewery,76.8,76.8,C,1,94,33.3,5,1.8,US PL Sacramento Factory,"Sacramento, CA",shipper,low
481,Oakhouse Bakery,76.8,76.8,C,1,94,33.3,5,1.8,US PL Madison Factory,"Madison, WI",shipper,low
482,Iff production facility,76.8,76.8,C,1,94,33.3,5,1.8,US PL Madison Factory,"Madison, WI",shipper,low
483,PVS Refreshments,76.8,76.8,C,1,94,33.3,5,1.8,US PL Sacramento Factory,"Sacramento, CA",shipper,low
484,CSC sugar dallas,76.8,76.8,C,1,94,33.3,5,1.8,US PL Dallas 2 Factory,"Dallas, TX",shipper,low
485,Old World Productions,76.73,76.73,C,1,98,26.7,5,0.7,US PL Saratoga Spring Factory,"Saratoga Springs, NY",shipper,low
486,Ashley HomeStore Distribution Center,76.69,57.36,A,3,63,90.7,5,14,US PL Greenwood Indiana,"Plainfield, IN",shipper,high
487,Jacobson Warehouse Co,76.69,76.32,A,2,63,90.7,5,2.3,US PL Greenwood Indiana,"Plainfield, IN",shipper,high
488,Amazon Return Center IND8,76.69,76.69,A,1,61,93.3,5,14.7,US PL Greenwood Indiana,"Indianapolis, IN",shipper,medium
489,Grocery Clearance Center,76.67,76.67,B,1,90,41.3,5,3.3,US PL Dallas 2 Factory,"Dallas, TX",shipper,low
490,Ryder Integrated Logistics,76.63,63.8,A,2,58,100,5,16.6,US PL Greenwood Indiana,"Plainfield, IN",carrier,high
491,Nordstrom DC 799,76.62,59.15,B,2,94,33.3,5,1.9,US PL Ontario Factory,"Ontario, CA",shipper,medium
492,Dairy Connection Inc,76.62,76.62,C,1,94,33.3,5,1.9,US PL Madison Factory,"Madison, WI",shipper,low
493,"BR Southwestern Foods, LLC",76.62,76.62,C,1,94,33.3,5,1.9,US PL Madison Factory,"Madison, WI",shipper,low
494,RXO,76.62,72.41,C,2,94,33.3,5,1,US PL Madison Factory,"McFarland, WI",shipper,low
495,Ozburn-Hessey Logistics,76.58,76.58,A,1,63,90.7,5,14.1,US PL Greenwood Indiana,"Plainfield, IN",3pl,high
496,Amazon Fulfilment Center IND2,76.58,76.58,A,1,63,90.7,5,14.1,US PL Greenwood Indiana,"Plainfield, IN",shipper,medium
497,MQJ4 Amazon,76.58,76.58,A,1,63,90.7,5,14.1,US PL Greenwood Indiana,"Plainfield, IN",shipper,medium
498,Jr's Big Truck,76.55,76.55,C,1,97,26.7,5,0.8,US PL High Springs Factory,"High Springs, FL",shipper,low
499,ChargePoint Charging Station,76.55,76.55,C,1,97,26.7,5,0.8,US PL Saratoga Spring Factory,"Saratoga Springs, NY",shipper,low
500,Garver Feed Mill,76.47,76.47,C,1,91,37.3,5,2.7,US PL Madison Factory,"Madison, WI",shipper,low
501,Geodis logistic,76.46,69.76,A,4,62,90.7,5,14.2,US PL Greenwood Indiana,"Plainfield, IN",3pl,medium
502,Houston Livestock & Rodeo Warehouse,76.45,76.45,B,1,94,33.3,5,2,US PL S Houston Factory,"Houston, TX",shipper,medium
503,SHEIN Distribution Center,76.45,61.15,B,2,94,33.3,5,2,US PL Ontario Factory,"Ontario, CA",shipper,medium
504,Denver processing,76.45,76.45,C,1,94,33.3,5,2,US PL Denver Factory,"Denver, CO",shipper,medium
505,Allentown Distribution Center,76.45,76.45,C,1,94,33.3,5,2,US DC NFI - Breinigsville,"Alburtis, PA",shipper,medium
506,HCA Distribution,76.45,76.45,C,1,94,33.3,5,2,US PL Denver Factory,"Denver, CO",shipper,medium
507,American New Logistics,76.45,76.45,C,1,94,33.3,5,2,US PL Ontario Factory,"Ontario, CA",3pl,medium
508,K TRANS WORLDWIDE LOGISTICS LLC,76.45,76.45,C,1,94,33.3,5,2,US PL Ontario Factory,"Ontario, CA",3pl,medium
509,One9 Fuel Network,76.45,76.45,C,1,94,33.3,5,2,US PL Dallas 2 Factory,"Dallas, TX",shipper,low
510,ONE9 Dealer,76.45,61.54,C,6,94,33.3,5,2,US PL Dallas 2 Factory,"Dallas, TX",shipper,low
511,Allchem Services Inc,76.37,76.37,C,1,97,26.7,5,0.9,US PL S Houston Factory,"Houston, TX",shipper,low
512,Mountain Valley Truck Parts,76.37,76.37,C,1,97,26.7,5,0.9,US PL Hot Springs Factory,"Hot Springs Village, AR",shipper,low
513,MD Logistics,76.35,75.97,A,3,62,90.7,5,14.3,US PL Greenwood Indiana,"Plainfield, IN",3pl,high
514,Foods Co.,76.34,72.85,B,3,89,41.3,5,3.5,US PL Sacramento Factory,"Sacramento, CA",shipper,low
515,Crown Packaging,76.3,62.69,A,3,66,82.7,5,11.6,US PL Greenwood Indiana,"Indianapolis, IN",shipper,medium
516,Logistics One,76.28,53.21,B,2,93,33.3,5,2.1,US PL Saratoga Spring Factory,"Saratoga Springs, NY",3pl,medium
517,Cardenas Market Distribution Center,76.28,76.28,B,1,93,33.3,5,2.1,US PL Ontario Factory,"Ontario, CA",shipper,medium
518,Central Storage & Warehouse LLC,76.28,76.28,B,1,93,33.3,5,2.1,US PL Madison Factory,"Madison, WI",shipper,medium
519,DCL Logistics,76.28,76.28,B,1,93,33.3,5,2.1,US PL Ontario Factory,"Ontario, CA",3pl,medium
520,Brisk Transportation & Cold Storage Inc.,76.28,76.28,B,1,93,33.3,5,2.1,US PL Ontario Factory,"Ontario, CA",shipper,medium
521,TRP Logistics LLC,76.28,76.28,B,1,93,33.3,5,2.1,US PL Denver Factory,"Denver, CO",3pl,medium
522,Final Mile Cold Storage,76.28,76.28,B,1,93,33.3,5,2.1,US PL Ontario Factory,"Ontario, CA",shipper,medium
523,World Relief warehouse,76.28,76.28,B,1,93,33.3,5,2.1,US PL Sacramento Factory,"Sacramento, CA",shipper,medium
524,Action Logistics Inc,76.28,76.28,C,1,93,33.3,5,2.1,US DC NFI - Breinigsville,"Breinigsville, PA",3pl,medium
525,Aramark,76.28,76.28,C,1,93,33.3,5,2.1,US PL S Houston Factory,"Houston, TX",shipper,low
526,Bauducco Foods,76.28,76.28,C,1,93,33.3,5,2.1,US PL Zephyrhills Factory,"Zephyrhills, FL",shipper,low
527,Das Güd Spice Co,76.28,76.28,C,1,93,33.3,5,2.1,US PL Pasadena Factory,"Houston, TX",shipper,low
528,Corrugated Concepts & Packaging,76.25,76.25,A,1,60,93.3,5,15.1,US PL S Houston Factory,"Houston, TX",shipper,medium
529,"Prime Distribution Services, An Ascent Global Logistics Company",76.23,76.23,A,1,62,90.7,5,14.4,US PL Greenwood Indiana,"Plainfield, IN",3pl,high
530,AM Logistics Inc,76.23,69.68,A,2,62,90.7,5,11,US PL Greenwood Indiana,"Plainfield, IN",3pl,high
531,"Madison Truck Equipment, Inc.",76.2,76.2,C,1,97,26.7,5,1,US PL Madison Factory,"Madison, WI",shipper,low
532,Double A Logistics,76.19,76.19,A,1,64,86.7,5,13.4,US PL Sacramento Factory,"Citrus Heights, CA",3pl,high
533,Sonoco Tubes & Cores,76.18,76.18,A,1,66,82.7,5,12.4,US PL McBee Factory,"Hartsville, SC",shipper,medium
534,BDA Midwest Fulfillment Center,76.12,76.12,A,1,62,90.7,5,14.5,US PL Greenwood Indiana,"Plainfield, IN",3pl,high
535,BMS Logistics Inc,76.11,75.77,B,2,93,33.3,5,2.2,US DC NFI - Breinigsville,"Alburtis, PA",3pl,medium
536,Suit Warehouse,76.11,71.76,C,2,93,33.3,5,2.2,US PL Pasadena Factory,"Friendswood, TX",shipper,medium
537,National Distribution Center,76.11,60.91,C,3,93,33.3,5,2.2,US PL Ontario Factory,"Ontario, CA",shipper,medium
538,SH CROSSDOCK LLC,76.11,76.11,B,1,93,33.3,5,2.2,US PL Ontario Factory,"Ontario, CA",shipper,low
539,SoCal Crossdock Storage and Restack,76.11,76.11,B,1,93,33.3,5,2.2,US PL Ontario Factory,"Ontario, CA",shipper,low
540,OrganicFoodChoice,76.11,76.11,C,1,93,33.3,5,2.2,US PL Ontario Factory,"Ontario, CA",shipper,low
541,Sonoco Products Co,76.06,59.45,A,2,66,82.7,5,12.5,US PL McBee Factory,"Hartsville, SC",shipper,medium
542,Amazon STX5,76.03,76.03,A,1,60,93.3,5,15.3,US PL S Houston Factory,"Houston, TX",shipper,medium
543,Ontario Engineering Manufacturing,76.02,76.02,C,1,96,26.7,5,1.1,US PL Ontario Factory,"Ontario, CA",shipper,medium
544,Advanced Manufacturing Sciences Institute,76.02,76.02,C,1,96,26.7,5,1.1,US PL Denver Factory,"Denver, CO",shipper,medium
545,P&B Truck Accessories,76.02,76.02,C,1,96,26.7,5,1.1,US PL Madison Factory,"Madison, WI",shipper,low
546,Amazon Fulfillment Center IND5,76.01,76.01,A,1,61,90.7,5,14.6,US PL Greenwood Indiana,"Plainfield, IN",3pl,high
547,Dick's Sporting Goods Distribution Center,76.01,76.01,A,1,61,90.7,5,14.6,US PL Greenwood Indiana,"Plainfield, IN",shipper,high
548,Fisherman's Warehouse,75.97,75.97,C,1,90,37.3,5,3,US PL Sacramento Factory,"Sacramento, CA",shipper,medium
549,Festival Foods,75.97,75.97,C,1,90,37.3,5,3,US PL Madison Factory,"Madison, WI",shipper,low
550,Nexen Tire Distribution Center,75.94,75.94,B,1,93,33.3,5,2.3,US PL Ontario Factory,"Ontario, CA",shipper,medium
551,Silgan Warehouse,75.94,75.94,B,1,93,33.3,5,2.3,US DC NFI - Breinigsville,"Macungie, PA",shipper,medium
552,ELITEFULFILLMENT WAREHOUSE,75.94,75.94,B,1,93,33.3,5,2.3,US PL Sacramento Factory,"Sacramento, CA",shipper,medium
553,"Impact Logistics, Inc.",75.94,75.94,C,1,93,33.3,5,2.3,US PL Ontario Factory,"Ontario, CA",3pl,medium
554,South West Logistics Inc.,75.94,75.94,C,1,93,33.3,5,2.3,US PL Ontario Factory,"Ontario, CA",3pl,medium
555,A & M Logistics Inc,75.94,75.94,C,1,93,33.3,5,2.3,US PL Ontario Factory,"Mira Loma, CA",3pl,medium
556,Welco Supermarket,75.94,75.94,C,1,93,33.3,5,2.3,US PL Sacramento Factory,"Sacramento, CA",shipper,low
557,Al Aqsa International Groceries,75.94,75.94,C,1,93,33.3,5,2.3,US PL S Houston Factory,"Houston, TX",shipper,low
558,The Log Yard Dairy Bar,75.94,75.94,C,1,93,33.3,5,2.3,US PL Poland Spring Factory,"Poland, ME",shipper,low
559,Express Stop,75.94,75.94,C,1,93,33.3,5,2.3,US PL Sacramento Factory,"Sacramento, CA",shipper,low
560,Elder Creek Market,75.94,75.94,C,1,93,33.3,5,2.3,US PL Sacramento Factory,"Sacramento, CA",shipper,low
561,NicePak Customer Fulfillment Center,75.89,75.89,A,1,61,90.7,5,14.7,US PL Greenwood Indiana,"Plainfield, IN",3pl,high
562,Hanzo Logistics,75.89,75.89,A,1,61,90.7,5,14.7,US PL Greenwood Indiana,"Plainfield, IN",3pl,high
563,Griot's Garage Distribution & Manufacturing Center,75.89,75.89,A,1,61,90.7,5,14.7,US PL Greenwood Indiana,"Plainfield, IN",shipper,high
564,Blu LNG,75.89,75.89,A,1,61,90.7,5,14.7,US PL Greenwood Indiana,"Plainfield, IN",shipper,medium
565,"NMI Industrial Holdings, LLC.",75.84,75.84,C,1,96,26.7,5,1.2,US PL Sacramento Factory,"Sacramento, CA",shipper,low
566,Sonoco Trailer Lot,75.82,75.82,A,1,65,82.7,5,12.7,US PL McBee Factory,"Hartsville, SC",shipper,medium
567,Sonoco Recycling,75.82,75.82,A,1,65,82.7,5,12.7,US PL McBee Factory,"Hartsville, SC",shipper,medium
568,Amazon Fulfilment Center,75.81,41.5,A,34,60,93.3,5,15.5,US PL Sacramento Factory,"Sacramento, CA",3pl,high
569,Amazon SMF1,75.81,75.81,A,1,60,93.3,5,15.5,US PL Sacramento Factory,"Sacramento, CA",shipper,medium
570,Americold Logistics Plant City,75.78,75.78,A,1,61,90.7,5,14.8,US PL Zephyrhills Factory,"Plant City, FL",3pl,high
571,GXO,75.78,75.78,A,1,61,90.7,5,14.8,US PL Greenwood Indiana,"Plainfield, IN",3pl,medium
572,Keep It Moving Logistics,75.77,75.77,B,1,92,33.3,5,2.4,US PL Denver Factory,"Denver, CO",3pl,medium
573,Brothers Transportation & Warehouse Inc,75.77,75.77,B,1,92,33.3,5,2.4,US PL Ontario Factory,"Eastvale, CA",shipper,medium
574,ABC Warehouse,75.77,39.08,B,7,92,33.3,5,2.4,US DC NFI - Breinigsville,"Macungie, PA",3pl,medium
575,Poland Community Church Food Bank & Thrift Shop - Food Distribution Center,75.77,75.77,C,1,92,33.3,5,2.4,US PL Poland Spring Factory,"Poland, ME",shipper,medium
576,UPS Supply Chain Logistics,75.77,75.77,C,1,92,33.3,5,2.4,US PL Ontario Factory,"Eastvale, CA",3pl,medium
577,TAGG Logistics,75.77,75.77,C,1,92,33.3,5,2.4,US DC NFI - Breinigsville,"Macungie, PA",3pl,medium
578,JSC Logistics Inc,75.77,75.77,C,1,92,33.3,5,2.4,US PL Ontario Factory,"Ontario, CA",3pl,medium
579,J K Food Liquor & Wine,75.77,75.77,C,1,92,33.3,5,2.4,US PL Sacramento Factory,"Sacramento, CA",shipper,low
580,Power Mart,75.77,75.77,C,1,92,33.3,5,2.4,US PL Sacramento Factory,"Sacramento, CA",shipper,low
581,Colorado Food Enterprises,75.77,75.77,C,1,92,33.3,5,2.4,US PL Denver Factory,"Denver, CO",shipper,low
582,Multicell North Inc.,75.75,75.75,A,1,79,77.3,3,7,US PL Allentown NPL Factory,"Kutztown, PA",shipper,medium
583,Nikel Precision Group,75.74,75.74,A,1,67,80,5,12.1,US PL Hollis Factory,"Saco, ME",shipper,medium
584,DFW-5 Walmart Distribution Center,75.7,75.7,A,1,59,93.3,5,15.6,US PL Dallas 2 Factory,"Lancaster, TX",shipper,high
585,Blueline Truck And Trailer Parts Sacramento,75.67,75.67,C,1,96,26.7,5,1.3,US PL Sacramento Factory,"Sacramento, CA",shipper,low
586,"TnT Wholesale, LLC",75.67,75.67,C,1,96,26.7,5,1.3,US DC Hot Springs (WHSE),"Hot Springs, AR",shipper,low
587,ABLE INDUSTRIAL PRODUCTS INC,75.67,75.67,C,1,96,26.7,5,1.3,US PL Ontario Factory,"Ontario, CA",shipper,low
588,Progressive Logistics,75.67,69.02,A,2,61,90.7,5,11.6,US PL Greenwood Indiana,"Plainfield, IN",3pl,high
589,Fromagination,75.64,75.64,C,1,90,37.3,5,3.2,US PL Madison Factory,"Madison, WI",shipper,low
590,Mission Packaging Inc,75.63,75.63,C,1,99,20,5,0.2,US PL Ontario Factory,"Ontario, CA",shipper,low
591,Trans America Logistics Corporation,75.6,75.6,B,1,92,33.3,5,2.5,US PL Sacramento Factory,"Sacramento, CA",3pl,medium
592,Jillamy Packaging and Warehouse,75.6,46.04,B,3,92,33.3,5,2.5,US PL Sacramento Factory,"Sacramento, CA",shipper,medium
593,B&W wholesale warehouse,75.6,75.6,C,1,92,33.3,5,2.5,US PL Sacramento Factory,"Sacramento, CA",shipper,medium
594,Stone Warehouse,75.6,57.22,C,3,92,33.3,5,2.5,US PL Denver Factory,"Denver, CO",shipper,medium
595,"Elite Logistics, Inc",75.6,75.6,C,1,92,33.3,5,2.5,US PL Denver Factory,"Denver, CO",3pl,medium
596,Kelley Logistics,75.6,75.6,C,1,92,33.3,5,2.5,US PL Greenwood Indiana,"Greenwood, IN",3pl,medium
597,HUHTAMAKI,75.6,41.56,C,3,92,33.3,5,2.5,US PL Sacramento Factory,"Sacramento, CA",shipper,low
598,"Alpha Omega, LLC",75.6,75.6,C,1,92,33.3,5,2.5,US PL Madison Factory,"Madison, WI",shipper,low
599,Gold Medal Products Co. - Tampa,75.6,62.91,C,2,92,33.3,5,2.5,US DC NFI - Breinigsville,"Allentown, PA",shipper,low
600,Menards,75.57,40.78,C,3,97,24,5,0.9,US PL Madison Factory,"Monona, WI",shipper,low
601,"CRC Indiana, LLC",75.56,75.56,A,1,61,90.7,5,15,US PL Greenwood Indiana,"Plainfield, IN",shipper,medium
602,Bear & Bottle,75.53,75.53,B,1,88,41.3,5,4,US PL Madison Factory,"Madison, WI",shipper,low
603,Trane Distribution Center,75.49,75.49,A,1,63,86.7,5,14,US PL Hawkins Factory,"Tyler, TX",shipper,high
604,"Mitsubishi Chemical Carbon Fiber and Composites, Inc.",75.45,75.45,C,1,99,20,5,0.3,US PL Sacramento Factory,"Sacramento, CA",shipper,low
605,Sam's Club Warehouse,75.43,51.01,A,7,92,33.3,5,2.6,US PL Ontario Factory,"Ontario, CA",shipper,medium
606,An Si Fulfillment LLC,75.43,75.43,B,1,92,33.3,5,2.6,US PL Ontario Factory,"Ontario, CA",3pl,medium
607,Trinity Church Oasis - Food Distribution Center,75.43,75.43,C,1,92,33.3,5,2.6,US DC Hot Springs (WHSE),"Hot Springs, AR",shipper,medium
608,QVC Ontario Distribution Center Warehouse,75.43,75.43,C,1,92,33.3,5,2.6,US PL Ontario Factory,"Ontario, CA",shipper,medium
609,Mack Macungie Logistics,75.43,75.43,C,1,92,33.3,5,2.6,US DC NFI - Breinigsville,"Macungie, PA",3pl,medium
610,Gonzo Logistics,75.43,75.43,C,1,92,33.3,5,2.6,US PL Pasadena Factory,"Webster, TX",3pl,medium
611,"Efficient Resource Logistics, LLC",75.43,75.43,C,1,92,33.3,5,2.6,US PL S Houston Factory,"Houston, TX",3pl,medium
612,S&S Food Group,75.43,75.43,C,1,92,33.3,5,2.6,US PL Pasadena Factory,"Houston, TX",shipper,low
613,Schneider,75.43,75.43,A,1,58,96,5,16.6,US PL Dallas 2 Factory,"Wilmer, TX",carrier,medium
614,Safeway warehouse #2,75.37,74.17,B,2,87,41.3,5,4.1,US PL Denver Factory,"Denver, CO",shipper,medium
615,Target Food Distribution Center T3712 Truck Entrance,75.37,75.37,A,1,59,93.3,5,15.9,US PL Sacramento Factory,"Sacramento, CA",shipper,high
616,TA Truck Service,75.33,57.21,C,13,91,34.7,5,2.7,US PL Ontario Factory,"Ontario, CA",shipper,low
617,Hoffman Manufacturing Corp,75.32,72.91,C,2,95,26.7,5,1.5,US PL Madison Factory,"Madison, WI",shipper,medium
618,DANOC Manufacturing,75.32,75.32,C,1,95,26.7,5,1.5,US PL Sacramento Factory,"Sacramento, CA",shipper,medium
619,Plant Process Group / Plant Process Equipment,75.32,75.32,C,1,95,26.7,5,1.5,US PL Pasadena Factory,"Houston, TX",shipper,medium
620,The Dial Corporation,75.32,75.32,C,1,95,26.7,5,1.5,US DC NFI - Breinigsville,"Breinigsville, PA",shipper,low
621,Uptruck Fleet Center,75.32,75.32,C,1,95,26.7,5,1.5,US PL Sacramento Factory,"Sacramento, CA",shipper,low
622,Capitol Centre Market,75.31,75.31,C,1,89,37.3,5,3.4,US PL Madison Factory,"Madison, WI",shipper,low
623,Warehouse Hotline LLC,75.27,75.27,B,1,91,33.3,5,2.7,US PL Denver Factory,"Denver, CO",shipper,medium
624,IronLink Logistics - Port of New York 3PL,75.27,52.13,B,2,91,33.3,5,2.7,US PL Ontario Factory,"Ontario, CA",3pl,medium
625,Distribution Center For Rubin's Furniture,75.27,75.27,B,1,91,33.3,5,2.7,US PL Madison Factory,"Madison, WI",shipper,medium
626,Bring Fulfillment,75.27,75.27,B,1,91,33.3,5,2.7,US PL Denver Factory,"Denver, CO",3pl,medium
627,Allentown Logistics,75.27,75.27,C,1,91,33.3,5,2.7,US DC NFI - Breinigsville,"Macungie, PA",3pl,medium
628,Volvo Logistics,75.27,75.02,C,2,91,33.3,5,2.7,US DC NFI - Breinigsville,"Macungie, PA",3pl,medium
629,LC Logistics Services,75.27,75.27,C,1,91,33.3,5,2.7,US PL Ontario Factory,"Eastvale, CA",3pl,medium
630,Jenifer Street Market,75.27,75.27,C,1,91,33.3,5,2.7,US PL Madison Factory,"Madison, WI",shipper,low
631,Grow Greenhouse,75.27,75.27,C,1,91,33.3,5,2.7,US PL Madison Factory,"Madison, WI",shipper,low
632,Schoep's Ice Cream,75.27,75.27,C,1,91,33.3,5,2.7,US PL Madison Factory,"Madison, WI",shipper,low
633,ALKCOOL Manufacturing Corp,75.14,75.14,C,1,95,26.7,5,1.6,US PL Ontario Factory,"Ontario, CA",shipper,medium
634,Madison Truck Accessories,75.14,75.14,C,1,95,26.7,5,1.6,US PL Madison Factory,"McFarland, WI",shipper,low
635,"SBR Express Inc- 3PL, Fulfillment, and Trucking",75.1,75.1,B,1,91,33.3,5,2.8,US PL Ontario Factory,"Ontario, CA",carrier,medium
636,Cooking Warehouse,75.1,75.1,B,1,91,33.3,5,2.8,US PL Ontario Factory,"Ontario, CA",shipper,medium
637,Food Distribution Center,75.1,44.92,C,5,91,33.3,5,2.8,US DC Hot Springs (WHSE),"Hot Springs, AR",shipper,medium
638,Domino's Pizza Distribution Center,75.1,60.92,C,3,91,33.3,5,2.8,US PL Ontario Factory,"Ontario, CA",shipper,medium
639,L. L. Olds Warehouse Lofts & Flats,75.1,75.1,C,1,91,33.3,5,2.8,US PL Madison Factory,"Madison, WI",shipper,medium
640,Dingley Press,75.1,75.1,B,1,91,33.3,5,2.8,US PL Poland Spring Factory,"Auburn, ME",shipper,low
641,Road Ranger,75.1,68.47,C,2,91,33.3,5,2.8,US PL Greenwood Indiana,"Greenwood, IN",shipper,low
642,Pochitos Tortilla Factory,75.1,75.1,C,1,91,33.3,5,2.8,US PL Denver Factory,"Denver, CO",shipper,low
643,Imaginary Factory,75.1,75.1,C,1,91,33.3,5,2.8,US PL Madison Factory,"Madison, WI",shipper,low
644,TS Food Mart Liquor & Wine,75.1,75.1,C,1,91,33.3,5,2.8,US PL Sacramento Factory,"Sacramento, CA",shipper,low
645,Mary Ann's Baking Co,75.1,75.1,C,1,91,33.3,5,2.8,US PL Sacramento Factory,"Sacramento, CA",shipper,low
646,NTW - National Tire Wholesale,75.1,75.1,C,1,91,33.3,5,2.8,US PL Poland Spring Factory,"Auburn, ME",shipper,low
647,"Ajinomoto Foods North America, Inc.",75.1,75.1,C,1,91,33.3,5,2.8,US PL Ontario Factory,"Ontario, CA",shipper,low
648,"Renaissance Food Group, LLC",75.1,75.1,C,1,91,33.3,5,2.8,US PL Sacramento Factory,"Sacramento, CA",shipper,low
649,Allied Technologies Food Equipment,75.1,75.1,C,1,91,33.3,5,2.8,US PL Greenwood Indiana,"Greenwood, IN",shipper,low
650,American Building Supply,75.09,75.09,C,1,98,20,5,0.5,US PL Sacramento Factory,"Sacramento, CA",shipper,low
651,Kutztown Bottling Works,75.03,75.03,A,1,78,77.3,3,7.5,US PL Allentown NPL Factory,"Kutztown, PA",shipper,high
652,Regal Beloit Logistics,75.01,75.01,A,1,60,90.7,5,15.5,US PL Greenwood Indiana,"Plainfield, IN",3pl,high
653,Graphic Packaging,74.99,74.99,A,1,64,82.7,5,13.4,US PL Dallas 2 Factory,"Lancaster, TX",shipper,medium
654,Group Manufacturing,74.97,43.69,C,5,94,26.7,5,1.7,US PL Madison Factory,"Madison, WI",shipper,medium
655,Pb Trucking Llc,74.97,74.97,C,1,94,26.7,5,1.7,US DC Hot Springs (WHSE),"Hot Springs, AR",carrier,low
656,Fasteners Inc Tool Outlet,74.97,74.97,C,1,94,26.7,5,1.7,US PL Sacramento Factory,"Sacramento, CA",shipper,low
657,Midwest Heavy Duty,74.97,74.97,C,1,94,26.7,5,1.7,US PL Madison Factory,"McFarland, WI",shipper,low
658,Slack Chemical Company,74.97,74.97,C,1,94,26.7,5,1.7,US PL Saratoga Spring Factory,"Saratoga Springs, NY",shipper,low
659,Walmart Fulfillment Center,74.94,41.53,A,4,58,93.3,5,16.3,US PL Greenwood Indiana,"Avon, IN",3pl,high
660,Shopbop Fulfillment Center MSN4,74.93,74.93,B,1,91,33.3,5,2.9,US PL Madison Factory,"Madison, WI",3pl,medium
661,D & S Logistics,74.93,74.93,B,1,91,33.3,5,2.9,US PL Sacramento Factory,"Sacramento, CA",3pl,medium
662,Sportsman's Warehouse,74.93,50.87,B,16,91,33.3,5,2.9,US DC Hot Springs (WHSE),"Hot Springs, AR",shipper,medium
663,YAAAS Logistics LLC,74.93,74.93,C,1,91,33.3,5,2.9,US PL Ontario Factory,"Ontario, CA",3pl,medium
664,Goodman Distribution Inc,74.93,74.93,C,1,91,33.3,5,2.9,US PL Madison Factory,"Madison, WI",shipper,medium
665,Old Sugar Distillery,74.93,74.93,C,1,91,33.3,5,2.9,US PL Madison Factory,"Madison, WI",shipper,low
666,Baked Lab,74.93,74.93,C,1,91,33.3,5,2.9,US PL Madison Factory,"Madison, WI",shipper,low
667,FiveStar Gourmet Foods,74.93,74.93,C,1,91,33.3,5,2.9,US PL Ontario Factory,"Rancho Cucamonga, CA",shipper,low
668,"Aaron Thomas Company, Inc.",74.93,74.93,C,1,91,33.3,5,2.9,US PL Ontario Factory,"Jurupa Valley, CA",shipper,low
669,"California Custom Fruits and Flavors, Inc. (CCFF)",74.93,74.93,C,1,91,33.3,5,2.9,US PL Greenwood Indiana,"Greenwood, IN",shipper,low
670,Kingmaker Foods,74.93,63.18,C,2,91,33.3,5,2.9,US PL Greenwood Indiana,"Greenwood, IN",shipper,low
671,Trux Parking,74.93,51.85,C,2,91,33.3,5,2.9,US PL Ontario Factory,"Ontario, CA",shipper,low
672,Aramark Refreshments,74.93,74.93,C,1,91,33.3,5,2.9,US PL Madison Factory,"Madison, WI",shipper,low
673,American Eagle Machine Shop,74.91,74.91,C,1,98,20,5,0.6,US DC Hot Springs (WHSE),"Hot Springs, AR",shipper,low
674,Kohl's Distribution Center,74.9,64.45,A,2,59,90.7,5,15.6,US PL Greenwood Indiana,"Plainfield, IN",shipper,high
675,Industrial Minerals Company,74.8,74.8,C,1,94,26.7,5,1.8,US PL Sacramento Factory,"Sacramento, CA",shipper,low
676,Rocket Industrial,74.8,74.8,C,1,94,26.7,5,1.8,US PL Madison Factory,"Monona, WI",shipper,low
677,Guyson Corporation of USA,74.8,74.8,C,1,94,26.7,5,1.8,US PL Saratoga Spring Factory,"Saratoga Springs, NY",shipper,low
678,FMG Denver Warehouse,74.77,74.77,B,1,90,33.3,5,3,US PL Denver Factory,"Denver, CO",shipper,medium
679,ACT Fulfillment - Etiwanda,74.77,73.79,B,2,90,33.3,5,3,US PL Ontario Factory,"Jurupa Valley, CA",3pl,medium
680,Kiefer Storage & Warehouse,74.77,74.77,B,1,90,33.3,5,3,US PL Sacramento Factory,"Sacramento, CA",shipper,medium
681,Brothers Main Appliance Distribution Center,74.77,74.77,B,1,90,33.3,5,3,US PL Madison Factory,"Madison, WI",shipper,medium
682,Progressive Logistics Services,74.77,74.77,B,1,90,33.3,5,3,US PL Ontario Factory,"Jurupa Valley, CA",3pl,medium
683,Cost Plus Furniture Warehouse,74.77,51.39,C,3,90,33.3,5,3,US DC Hot Springs (WHSE),"Hot Springs, AR",shipper,medium
684,Goodman Community Center Fritz Food Pantry - Food Distribution Center,74.77,74.77,C,1,90,33.3,5,3,US PL Madison Factory,"Madison, WI",shipper,medium
685,T & H Manufacturing LLC,74.77,74.77,C,1,90,33.3,5,3,US PL Denver Factory,"Denver, CO",shipper,medium
686,IronTiger Logistics,74.77,74.77,C,1,90,33.3,5,3,US DC NFI - Breinigsville,"Macungie, PA",3pl,medium
687,BPX Logistics LLC,74.77,74.77,C,1,90,33.3,5,3,US PL Greenwood Indiana,"Greenwood, IN",3pl,medium
688,City Of Houston Warehouse,74.77,74.77,C,1,90,33.3,5,3,US PL S Houston Factory,"Houston, TX",shipper,medium
689,Cross Dock SL USA,74.77,74.77,B,1,90,33.3,5,3,US PL Dallas 2 Factory,"Dallas, TX",shipper,low
690,Samuel Adams Brewery,74.77,74.77,C,1,90,33.3,5,3,US DC NFI - Breinigsville,"Breinigsville, PA",shipper,low
691,Vina Foods,74.77,74.77,C,1,90,33.3,5,3,US PL Sacramento Factory,"Sacramento, CA",shipper,low
692,FTR of Texas Food Trailer Repair,74.77,74.77,C,1,90,33.3,5,3,US PL S Houston Factory,"Houston, TX",shipper,low
693,Mounds Pet Food Warehouse,74.74,70.38,B,2,86,41.3,5,4.5,US PL Madison Factory,"Madison, WI",shipper,medium
694,Classic Containers Inc,74.73,74.73,C,1,98,20,5,0.7,US PL Ontario Factory,"Ontario, CA",shipper,low
695,Walmart E-Commerce Distribution Center,74.73,74.73,A,1,58,93.3,5,16.5,US DC NFI - Breinigsville,"Bethlehem, PA",shipper,high
696,Damascus Warehouse (SONOCO),74.64,74.64,A,1,63,82.7,5,13.7,US PL McBee Factory,"Hartsville, SC",shipper,high
697,Warehouse Live,74.63,74.63,C,1,83,46.7,5,5.6,US PL S Houston Factory,"Houston, TX",shipper,medium
698,Silgan Containers Manufacturing,74.62,74.62,C,1,94,26.7,5,1.9,US DC NFI - Breinigsville,"Breinigsville, PA",shipper,medium
699,Freedom Manufacturing LLC,74.62,74.62,C,1,94,26.7,5,1.9,US PL Saratoga Spring Factory,"Saratoga Springs, NY",shipper,medium
700,"Inmar, Inc.",74.62,74.62,C,1,94,26.7,5,1.9,US DC NFI - Breinigsville,"Breinigsville, PA",shipper,low
701,"Kane Logistics, an ID Logistics company",74.6,68.05,B,2,90,33.3,5,3.1,US DC NFI - Breinigsville,"Allentown, PA",3pl,medium
702,United Way Of Dane County - Food Distribution Center,74.6,74.6,C,1,90,33.3,5,3.1,US PL Madison Factory,"Madison, WI 53714, USA",shipper,medium
703,Department Of Commerce - Food Distribution Center,74.6,74.6,C,1,90,33.3,5,3.1,US PL Madison Factory,"Madison, WI 53714, USA",shipper,medium
704,Wisconsin Wic Program - Food Distribution Center,74.6,74.6,C,1,90,33.3,5,3.1,US PL Madison Factory,"Madison, WI 53714, USA",shipper,medium
705,Headwall Logistics,74.6,74.6,C,1,90,33.3,5,3.1,US PL Denver Factory,"Denver, CO",3pl,medium
706,Sacramento City Unified School District Nutrition Warehouse,74.6,74.6,C,1,90,33.3,5,3.1,US PL Sacramento Factory,"Sacramento, CA",shipper,medium
707,24 hour Crossdock INDY,74.6,74.6,B,1,90,33.3,5,3.1,US PL Greenwood Indiana,"Greenwood, IN",shipper,low
708,Delta Beer Lab,74.6,74.6,C,1,90,33.3,5,3.1,US PL Madison Factory,"Fitchburg, WI",shipper,low
709,Hood Packaging Corporation,74.52,74.52,A,1,63,82.7,5,13.8,US PL Hawkins Factory,"Tyler, TX",shipper,medium
710,Amazon DAL9,74.52,74.52,A,1,57,93.3,5,16.7,US PL Dallas 2 Factory,"Hutchins, TX",shipper,medium
711,NAMIC® Medline,74.49,74.49,A,1,54,100,5,18.7,US PL Saratoga Spring Factory,"Glens Falls, NY",shipper,medium
712,Ward Barrows Trucking,74.45,74.45,C,1,94,26.7,5,2,US PL Zephyrhills Factory,"Zephyrhills, FL",carrier,low
713,Dry Ice Factory,74.45,74.45,C,1,94,26.7,5,2,US PL Denver Factory,"Denver, CO",shipper,low
714,Groomer’s Warehouse,74.44,74.44,B,1,90,33.3,5,3.2,US PL S Houston Factory,"Houston, TX",shipper,medium
715,NEPW Logistics - Auburn,74.44,57.66,B,6,90,33.3,5,3.2,US PL Poland Spring Factory,"Mechanic Falls, ME",3pl,medium
716,Hubbell Raco Taymac Distribution Center,74.44,74.44,B,1,90,33.3,5,3.2,US PL Ontario Factory,"Ontario, CA",shipper,medium
717,Southpointe Christian Center - Food Distribution Center,74.44,74.44,C,1,90,33.3,5,3.2,US PL Sacramento Factory,"Sacramento, CA",shipper,medium
718,Sims-Lohman Greenwood Distribution Center,74.44,74.44,C,1,90,33.3,5,3.2,US PL Greenwood Indiana,"Greenwood, IN",shipper,medium
719,Dayton Freight- Indianapolis,74.44,74.44,B,1,90,33.3,5,3.2,US PL Greenwood Indiana,"Greenwood, IN",shipper,low
720,BJ's Wholesale Club,74.44,59.73,C,3,90,33.3,5,3.2,US PL Saratoga Spring Factory,"Saratoga Springs, NY",shipper,low
721,Origami Sake,74.44,74.44,C,1,90,33.3,5,3.2,US DC Hot Springs (WHSE),"Hot Springs, AR",shipper,low
722,California Natural Food & Bev,74.44,74.44,C,1,90,33.3,5,3.2,US PL Ontario Factory,"Rancho Cucamonga, CA",shipper,low
723,Construction Innovations,74.43,74.43,D,1,99,16,5,0.2,US PL Sacramento Factory,"Sacramento, CA",shipper,low
724,"Spec's Wines, Spirits & Finer Foods",74.33,74.33,B,1,82,46.7,5,5.8,US PL S Houston Factory,"Houston, TX",shipper,low
725,Sysco Houston - Food Distributor & Restaurant Supplies,74.29,74.29,A,1,53,100,5,18.9,US PL S Houston Factory,"Houston, TX",shipper,medium
726,Inland Manufacturing Group,74.28,74.28,C,1,93,26.7,5,2.1,US PL Ontario Factory,"Ontario, CA",shipper,medium
727,Warehouse Republic,74.27,74.27,B,1,90,33.3,5,3.3,US PL Ontario Factory,"Ontario, CA",shipper,medium
728,"Wolf Warehousing & Logistics, LLC.",74.27,74.27,B,1,90,33.3,5,3.3,US PL Ontario Factory,"Rancho Cucamonga, CA",3pl,medium
729,Carroll Fulmer Logistics Corporation,74.27,74.27,B,1,90,33.3,5,3.3,US PL Greenwood Indiana,"Whiteland, IN",3pl,medium
730,Off Broadway Shoe Warehouse,74.27,68.88,C,2,90,33.3,5,3.3,US PL Ontario Factory,"Ontario, CA",shipper,medium
731,Madison Hunger Task Force - Food Distribution Center,74.27,74.27,C,1,90,33.3,5,3.3,US PL Madison Factory,"Madison, WI",shipper,medium
732,Saint Mark's Lutheran Church - Food Distribution Center,74.27,74.27,C,1,90,33.3,5,3.3,US PL Madison Factory,"Madison, WI",shipper,medium
733,Denver Distribution Center: Gordon Restaurant Market,74.27,74.27,C,1,90,33.3,5,3.3,US PL Denver Factory,"Denver, CO",shipper,medium
734,QST Ingredients & Packaging,74.27,74.27,C,1,90,33.3,5,3.3,US PL Ontario Factory,"Rancho Cucamonga, CA",shipper,low
735,BASECAMP CO-PACK,74.27,74.27,C,1,90,33.3,5,3.3,US PL Denver Factory,"Denver, CO",shipper,low
736,United Natural Foods,74.27,74.27,C,1,90,33.3,5,3.3,US PL Greenwood Indiana,"Greenwood, IN",shipper,low
737,IDS Fulfillment,74.25,68.06,A,2,58,90.7,5,12,US PL Greenwood Indiana,"Plainfield, IN",3pl,high
738,All American Mini Storage,74.2,74.2,C,1,97,20,5,1,US PL Denver Factory,"Denver, CO",shipper,low
739,"Shamrock Foods Delivery, Receiving & Distribution Center",74.18,74.18,A,1,63,82.7,5,14.1,US PL Denver Factory,"Aurora, CO",shipper,high
740,Linder Industrial Machinery,74.14,74.14,A,1,60,86.7,5,15.2,US PL Zephyrhills Factory,"Plant City, FL",shipper,medium
741,"Millwood, Inc. (Lugoff) – Pallet Manufacturing Facility",74.11,46.13,C,5,93,26.7,5,2.2,US DC NFI - Breinigsville,"Alburtis, PA",shipper,medium
742,Pratt Industries,74.11,69.69,C,2,93,26.7,5,2.2,US DC NFI - Breinigsville,"Macungie, PA",shipper,low
743,Evonik,74.11,55.25,C,2,93,26.7,5,2.2,US DC NFI - Breinigsville,"Trexlertown, PA",shipper,low
744,Neovia Logistics,74.11,74.11,B,1,89,33.3,5,3.4,US PL Greenwood Indiana,"Greenwood, IN",3pl,medium
745,Macy's Logistics- Warehouse,74.11,74.11,B,1,89,33.3,5,3.4,US PL Denver Factory,"Denver, CO",3pl,medium
746,Salina Nation Logistics LLC,74.11,74.11,B,1,89,33.3,5,3.4,US PL S Houston Factory,"Houston, TX",3pl,medium
747,CCISD Central Warehouse,74.11,74.11,B,1,89,33.3,5,3.4,US PL Pasadena Factory,"Webster, TX",shipper,medium
748,South Sacramento Christian Center - Food Distribution Center,74.11,74.11,C,1,89,33.3,5,3.4,US PL Sacramento Factory,"Sacramento, CA",shipper,medium
749,Ontario Distribution Center,74.11,74.11,C,1,89,33.3,5,3.4,US PL Ontario Factory,"Ontario, CA",shipper,medium
750,Spartan Manufacturing,74.11,74.11,C,1,89,33.3,5,3.4,US PL Madison Factory,"McFarland, WI",shipper,medium
751,5 Logistics,74.11,58.58,C,5,89,33.3,5,3.4,US PL Ontario Factory,"Jurupa Valley, CA",3pl,medium
752,Full Sail Logistics,74.11,74.11,C,1,89,33.3,5,3.4,US PL Denver Factory,"Denver, CO",3pl,medium
753,Old World Gourmet Market,74.11,74.11,C,1,89,33.3,5,3.4,US PL Saratoga Spring Factory,"Saratoga Springs, NY",shipper,low
754,Sofo Foods of Texas,74.11,74.11,C,1,89,33.3,5,3.4,US PL S Houston Factory,"Houston, TX",shipper,low
755,Buddy's Supermarket,74.11,74.11,C,1,89,33.3,5,3.4,US PL Sacramento Factory,"Sacramento, CA",shipper,low
756,Maza Hummus,74.11,74.11,C,1,89,33.3,5,3.4,US PL Sacramento Factory,"Sacramento, CA",shipper,low
757,Lowe's Flatbed Distribution Center MyJob,74.11,74.11,A,1,67,93.3,3,11.8,US PL Cabazon Factory,"Beaumont, CA",shipper,high
758,Viking Steel,74.07,74.07,D,1,99,16,5,0.4,US PL Sacramento Factory,"Sacramento, CA",shipper,low
759,FedEx ground station,74.07,74.07,A,1,64,100,3,13.5,US PL Cabazon Factory,"Palm Springs, CA",parcel,medium
760,"The Dupuy Group | Houston",74.02,74.02,C,1,96,20,5,1.1,US PL S Houston Factory,"Houston, TX",shipper,low
761,Kenco Logistics Services,74.01,74.01,A,1,61,84,5,14.6,US DC NFI - Breinigsville,"Northampton, PA",3pl,high
762,Lennox Distribution Center,73.96,73.96,A,1,58,89.3,5,16.1,US PL Greenwood Indiana,"Indianapolis, IN",shipper,high
763,Arcot Manufacturing Corporation,73.94,73.94,C,1,93,26.7,5,2.3,US PL S Houston Factory,"Houston, TX",shipper,medium
764,Community College of Denver's Advanced Manufacturing Center,73.94,73.94,C,1,93,26.7,5,2.3,US PL Denver Factory,"Denver, CO",shipper,medium
765,JNL Spring Manufacturing Co,73.94,73.94,C,1,93,26.7,5,2.3,US PL Ontario Factory,"Ontario, CA",shipper,medium
766,Precision Manufacturing Consulting llc,73.94,73.94,C,1,93,26.7,5,2.3,US PL Poland Spring Factory,"Poland, ME",shipper,medium
767,Johnson Trucking Inc,73.94,73.94,C,1,93,26.7,5,2.3,US PL Hollis Factory,"Hollis, ME",carrier,low
768,Amrep Inc,73.94,73.94,C,1,93,26.7,5,2.3,US PL Ontario Factory,"Ontario, CA",shipper,low
769,Jaeckle Distributors,73.94,73.94,C,1,93,26.7,5,2.3,US PL Madison Factory,"Madison, WI",shipper,low
770,California Industrial Refrigeration,73.94,73.94,C,1,93,26.7,5,2.3,US PL Ontario Factory,"Eastvale, CA",shipper,low
771,Logistics Plus,73.94,56.81,B,6,89,33.3,5,3.5,US PL Ontario Factory,"Ontario, CA",3pl,medium
772,Warehouse Paint Co. Benjamin Moore,73.94,73.94,C,1,89,33.3,5,3.5,US DC Hot Springs (WHSE),"Hot Springs, AR",shipper,medium
773,Kitchen Network Bottling,73.94,73.94,C,1,89,33.3,5,3.5,US PL Denver Factory,"Denver, CO",shipper,medium
774,Senior and Adult Services - Food Distribution Center,73.94,73.94,C,1,89,33.3,5,3.5,US PL Sacramento Factory,"Sacramento, CA",shipper,medium
775,CAP Logistics,73.94,73.94,C,1,89,33.3,5,3.5,US PL Denver Factory,"Denver, CO",3pl,medium
776,Interlab Shipping & Logistics,73.94,73.94,C,1,89,33.3,5,3.5,US DC NFI - Breinigsville,"Allentown, PA",3pl,medium
777,Marine Foods Express,73.94,73.94,C,1,89,33.3,5,3.5,US PL S Houston Factory,"Houston, TX",shipper,low
778,Roadrunner Freight,73.94,45.25,C,8,89,33.3,5,3.5,US PL Ontario Factory,"Mira Loma, CA",shipper,low
779,MQJ5 Amazon Sortation Center,73.93,73.93,A,1,58,90.7,5,16.5,US PL Greenwood Indiana,"Plainfield, IN",parcel,high
780,Truck Yard,73.88,73.88,B,1,82,46.7,5,6.1,US PL S Houston Factory,"Houston, TX",shipper,low
781,Warren Packaging,73.84,73.84,C,1,96,20,5,1.2,US PL Ontario Factory,"Ontario, CA",shipper,low
782,Gordon Food Service,73.79,73.79,A,1,56,93.3,5,17.4,US PL Zephyrhills Factory,"Plant City, FL",shipper,high
783,TPA2 amazon,73.79,73.79,A,1,56,93.3,5,17.4,US PL Zephyrhills Factory,"Lakeland, FL",shipper,medium
784,BJC1 Amazon (Work),73.79,73.79,A,1,56,93.3,5,17.4,US PL Denver Factory,"Aurora, CO",shipper,medium
785,Highland Packaging Solutions (A TOPPAN Company),73.79,73.79,A,1,56,93.3,5,17.4,US PL Zephyrhills Factory,"Plant City, FL",shipper,medium
786,States Logistics Services,73.78,66.93,B,4,89,33.3,5,3.6,US PL Ontario Factory,"Ontario, CA",3pl,medium
787,American Mini Warehouses LLC,73.78,73.78,B,1,89,33.3,5,3.6,US PL Madison Factory,"Madison, WI",shipper,medium
788,Alcon Manufacturing,73.77,73.77,C,1,92,26.7,5,2.4,US PL S Houston Factory,"Houston, TX",shipper,medium
789,Quality Packaging Specialists International,73.77,73.77,C,1,92,26.7,5,2.4,US DC NFI - Breinigsville,"Macungie, PA",shipper,low
790,DAE1 - Amazon Logistics,73.69,73.69,A,1,56,93.3,5,17.5,US DC NFI - Breinigsville,"Bethlehem, PA",3pl,high
791,Amazon SFL4,73.69,73.69,A,1,56,93.3,5,17.5,US PL Zephyrhills Factory,"Seffner, FL",shipper,medium
792,"Linic Freight - 3PL Logistics & Warehouse | Rancho Cucamonga",73.62,73.62,B,1,88,33.3,5,3.7,US PL Ontario Factory,"Rancho Cucamonga, CA",3pl,medium
793,"6G Logistic Solutions LLC - Warehouse, E-Commerce Delivery Solution, Fulfillment Center, Shipping",73.62,58.51,B,2,88,33.3,5,3.7,US PL Ontario Factory,"Jurupa Valley, CA",3pl,medium
794,Pierce Logistics LLC,73.62,73.62,B,1,88,33.3,5,3.7,US PL S Houston Factory,"Houston, TX",3pl,medium
795,Lake Hamilton Church of the Nazarene - Food Distribution Center,73.62,73.62,C,1,88,33.3,5,3.7,US DC Hot Springs (WHSE),"Hot Springs, AR",shipper,medium
796,East Penn Manufacturing Topton Distribution Center,73.62,73.62,C,1,88,33.3,5,3.7,US PL Allentown NPL Factory,"Topton, PA",shipper,medium
797,S.P.A. City Distribution,73.62,73.62,C,1,88,33.3,5,3.7,US DC Hot Springs (WHSE),"Hot Springs, AR",shipper,medium
798,Pallet Logistics of America,73.62,73.62,C,1,88,33.3,5,3.7,US PL Dallas 2 Factory,"Dallas, TX",3pl,medium
799,BTX Global Logistics,73.62,65.87,C,4,88,33.3,5,3.7,US PL Ontario Factory,"Rancho Cucamonga, CA",3pl,medium
800,Crossdocking & Delivery,73.62,41.98,B,11,88,33.3,5,3.7,US PL Ontario Factory,"Mira Loma, CA",shipper,low
801,Colorado Premium,73.62,48.72,C,2,88,33.3,5,3.7,US PL Denver Factory,"Denver, CO",shipper,low
802,Reeds Gourmet Meat Company,73.62,73.62,C,1,88,33.3,5,3.7,US PL Sacramento Factory,"Sacramento, CA",shipper,low
803,Phoenicia Specialty Foods,73.58,73.58,B,1,81,46.7,5,6.3,US PL S Houston Factory,"Houston, TX",shipper,low
804,WillScot,73.51,50.99,A,17,57,90.7,5,1.2,US PL S Houston Factory,"Houston, TX",shipper,medium
805,Peer Foods: Greenfield,73.51,73.51,A,1,57,90.7,5,16.9,US PL Greenwood Indiana,"Greenfield, IN",shipper,medium
806,GWPG - Capital Corrugated & Carton,73.49,73.49,C,1,95,20,5,1.4,US PL Sacramento Factory,"Sacramento, CA",shipper,low
807,Pierogies Factory,73.49,73.49,C,1,84,41.3,5,5.3,US PL Denver Factory,"Wheat Ridge, CO",shipper,low
808,Metropolitan Warehouse &Delivery Corp,73.46,73.46,B,1,88,33.3,5,3.8,US PL Ontario Factory,"Eastvale, CA",shipper,medium
809,ODW Logistics,73.46,58.65,B,3,88,33.3,5,3.8,US PL Ontario Factory,"Ontario, CA",3pl,medium
810,Jtr Logistics,73.46,73.46,B,1,88,33.3,5,3.8,US PL Ontario Factory,"Ontario, CA 91764, USA",3pl,medium
811,Business Park Landing Warehouses,73.46,73.46,B,1,88,33.3,5,3.8,US PL S Houston Factory,"Houston, TX",shipper,medium
812,Rancho Warehouse,73.46,57.41,B,2,88,33.3,5,3.8,US PL Ontario Factory,"Rancho Cucamonga, CA",shipper,medium
813,Warehouse Redbird,73.46,73.46,B,1,88,33.3,5,3.8,US PL Dallas 2 Factory,"Dallas, TX",shipper,medium
814,TPrime Logistics,73.46,73.46,B,1,88,33.3,5,3.8,US PL Ontario Factory,"Chino, CA",3pl,medium
815,Loco Food Distribution,73.46,73.46,C,1,88,33.3,5,3.8,US PL Denver Factory,"Denver, CO",shipper,medium
816,Restoration Logistics,73.46,73.46,C,1,88,33.3,5,3.8,US PL Denver Factory,"Denver, CO",3pl,medium
817,Newegg Logistics: 3PL & Fulfillment Services,73.46,73.46,C,1,88,33.3,5,3.8,US PL Ontario Factory,"Ontario, CA",3pl,medium
818,Supera Fulfillment,73.46,73.46,C,1,88,33.3,5,3.8,US PL S Houston Factory,"Houston, TX",3pl,medium
819,Cameron Logistics,73.46,73.46,C,1,88,33.3,5,3.8,US PL S Houston Factory,"Houston, TX",3pl,medium
820,NuChoice Foods,73.46,73.46,C,1,88,33.3,5,3.8,US PL Dallas 2 Factory,"Dallas, TX",shipper,low
821,Herr Foods Inc,73.46,61.34,C,2,88,33.3,5,3.8,US DC NFI - Breinigsville,"Allentown, PA",shipper,low
822,Spot & Tango - Allentown Manufacturing Facility,73.43,73.43,C,1,92,26.7,5,2.6,US DC NFI - Breinigsville,"Allentown, PA",shipper,medium
823,"Falcon Manufacturing, Llc",73.43,73.43,C,1,92,26.7,5,2.6,US PL Greenwood Indiana,"Greenwood, IN",shipper,medium
824,Work Truck Stuff Inc,73.43,73.43,C,1,92,26.7,5,2.6,US PL Madison Factory,"Madison, WI",shipper,low
825,Rock Cheese Co,73.43,73.43,C,1,92,26.7,5,2.6,US PL Madison Factory,"Madison, WI",shipper,low
826,"Evonik Active Oxygens, LLC",73.43,73.43,C,1,92,26.7,5,2.6,US PL Saratoga Spring Factory,"Saratoga Springs, NY",shipper,low
827,PSP1 Amazon Warehouse,73.38,73.38,A,1,66,93.3,3,12.4,US PL Cabazon Factory,"Beaumont, CA",shipper,high
828,Sysco Indianapolis - Food Distributor & Restaurant Supplies,73.33,73.33,A,1,52,100,5,19.9,US PL Greenwood Indiana,"Indianapolis, IN",shipper,medium
829,Pepsi Tampa,73.33,73.33,A,1,52,100,5,19.9,US PL Zephyrhills Factory,"Tampa, FL",shipper,medium
830,Caleres Inc Distribution Center (CAL 1),73.3,73.06,B,2,88,33.3,5,3.9,US PL Ontario Factory,"Chino, CA",shipper,medium
831,DCG Fulfillment,73.3,66.08,B,3,88,33.3,5,3.9,US PL Ontario Factory,"Ontario, CA",3pl,medium
832,LVK Fulfillment Center,73.3,51.16,B,3,88,33.3,5,3.9,US DC NFI - Breinigsville,"Allentown, PA",3pl,medium
833,UPS Fulfillment Hub,73.3,73.3,B,1,88,33.3,5,3.9,US PL Sacramento Factory,"Sacramento, CA",3pl,medium
834,League City Rotary - Food Distribution Center,73.3,73.3,C,1,88,33.3,5,3.9,US PL Pasadena Factory,"League City, TX",shipper,medium
835,Ready Seafood,73.3,67.46,B,2,88,33.3,5,3.9,US PL Poland Spring Factory,"Auburn, ME",shipper,low
836,Pioneer Frozen Foods,73.3,68.18,C,3,88,33.3,5,3.9,US PL Dallas 2 Factory,"Duncanville, TX",shipper,low
837,Magnolia Foods,73.3,73.3,C,1,88,33.3,5,3.9,US PL Ontario Factory,"Mira Loma, CA",shipper,low
838,Moli International,73.3,73.3,C,1,88,33.3,5,3.9,US PL Denver Factory,"Denver, CO",shipper,low
839,Del Real Foods,73.3,73.3,C,1,88,33.3,5,3.9,US PL Ontario Factory,"Jurupa Valley, CA",shipper,low
840,Americold Logistics Dallas,73.3,73.3,A,1,57,90.7,5,17.1,US PL Dallas 2 Factory,"Dallas, TX",3pl,high
841,Americold Walmart,73.3,73.3,A,1,57,90.7,5,17.1,US PL Dallas 2 Factory,"Dallas, TX",3pl,medium
842,Hannaford Product Recovery,73.29,73.29,A,1,55,93.3,5,17.9,US PL Hollis Factory,"South Portland, ME",shipper,medium
843,Auto-Wares,73.27,73.27,C,1,91,26.7,5,2.7,US PL Madison Factory,"Madison, WI",shipper,low
844,Coca-Cola Bottlers’ Sales & Services,73.26,73.26,A,1,62,100,3,14.2,US PL Zephyrhills Factory,"Tampa, FL",shipper,medium
845,Topline Warehouse Store,73.22,73.22,C,1,85,37.3,5,4.7,US PL Dallas 2 Factory,"Grand Prairie, TX",shipper,medium
846,SBD2 Amazon Fulfillment Center,73.18,73.18,A,1,55,93.3,5,18,US PL Ontario Factory,"San Bernardino, CA",3pl,high
847,Altium Packaging,73.14,57.82,C,6,95,20,5,1.6,US PL Poland Spring Factory,"Poland, ME",shipper,low
848,Sysco Indianapolis Shipping and Receiving,73.14,73.14,A,1,51,100,5,20.1,US PL Greenwood Indiana,"Indianapolis, IN",shipper,medium
849,Niagara Allen Distribution,73.13,73.13,B,1,88,33.3,5,4,US DC NFI - Breinigsville,"Allentown, PA",shipper,medium
850,Vanask Warehouse Co,73.13,73.13,B,1,88,33.3,5,4,US PL Denver Factory,"Denver, CO",shipper,medium
851,Jp fulfillment logistic,73.13,73.13,B,1,88,33.3,5,4,US PL Dallas 2 Factory,"Dallas, TX",3pl,medium
852,VF West Coast Distribution Center,73.13,73.13,B,1,88,33.3,5,4,US PL Ontario Factory,"Ontario, CA",shipper,medium
853,Sacramento Sheriff Property Warehouse,73.13,73.13,B,1,88,33.3,5,4,US PL Sacramento Factory,"Sacramento, CA",shipper,medium
854,Warehouse Worker Resource Center,73.13,73.13,B,1,88,33.3,5,4,US PL Ontario Factory,"Ontario, CA",shipper,medium
855,Lynch Logistics,73.13,52.17,B,2,88,33.3,5,4,US PL Poland Spring Factory,"Auburn, ME",3pl,medium
856,Warehouse,73.13,50.77,B,9,88,33.3,5,4,US PL Ontario Factory,"Chino, CA",shipper,medium
857,Work Boot Warehouse,73.13,64.05,C,2,88,33.3,5,4,US PL Ontario Factory,"Ontario, CA",shipper,medium
858,Super Awesome Fun Factory - Warehouse Arcade for Private Events Only,73.13,73.13,C,1,88,33.3,5,4,US PL Denver Factory,"Denver, CO",shipper,medium
859,SunOpta Food Solutions,73.13,63.52,B,2,88,33.3,5,4,US DC NFI - Breinigsville,"Allentown, PA",shipper,low
860,McCain Foods,73.13,73.13,B,1,88,33.3,5,4,US DC NFI - Breinigsville,"Allentown, PA",shipper,low
861,Silver State Foods,73.13,73.13,C,1,88,33.3,5,4,US PL Denver Factory,"Denver, CO",shipper,low
862,Trucks Terminal Plus/ Market Transport,73.1,73.1,C,1,91,26.7,5,2.8,US PL Ontario Factory,"Ontario, CA",carrier,medium
863,Pierce Chemical Co,73.1,73.1,C,1,91,26.7,5,2.8,US PL Dallas 2 Factory,"Dallas, TX",shipper,low
864,Amazon Fulfillment Center TPA4 off site,73.08,73.08,A,1,55,93.3,5,18.1,US PL Zephyrhills Factory,"Temple Terrace, FL",3pl,high
865,Hannaford Distribution Center,73.08,60.16,A,3,55,93.3,5,18.1,US PL Hollis Factory,"South Portland, ME",shipper,high
866,Amazon Fulfillment Center TPA 45,72.98,72.98,A,1,55,93.3,5,18.2,US PL Zephyrhills Factory,"Plant City, FL",3pl,high
867,Menasha Packaging,72.97,72.97,C,1,94,20,5,1.7,US PL Dallas 2 Factory,"Dallas, TX",shipper,low
868,"SKS Bottle & Packaging, Inc",72.97,72.97,C,1,94,20,5,1.7,US PL Saratoga Spring Factory,"Saratoga Springs, NY",shipper,low
869,RH Warehouse,72.97,72.97,B,1,87,33.3,5,4.1,US PL Ontario Factory,"Ontario, CA",shipper,medium
870,GDUB Transport & Logistics LLC,72.97,72.97,B,1,87,33.3,5,4.1,US PL Pasadena Factory,"Kemah, TX",carrier,medium
871,Warehouse 913,72.97,72.97,B,1,87,33.3,5,4.1,US PL Madison Factory,"Madison, WI",shipper,medium
872,Daily Manufacturing Solutions,72.97,72.97,C,1,87,33.3,5,4.1,US PL Ontario Factory,"Rancho Cucamonga, CA",shipper,medium
873,Lutheran Social Services - Food Distribution Center,72.97,72.97,C,1,87,33.3,5,4.1,US PL Sacramento Factory,"Sacramento, CA",shipper,medium
874,Safeway / Albertson's Distribution Center,72.97,72.97,C,1,87,33.3,5,4.1,US PL Denver Factory,"Denver, CO",shipper,medium
875,"Turn 14 Distribution, Inc. (IN Distribution Center)",72.97,61.47,C,2,87,33.3,5,4.1,US PL Greenwood Indiana,"Whiteland, IN",shipper,medium
876,UPS Customer Center,72.97,58.02,C,2,87,33.3,5,4.1,US DC Hot Springs (WHSE),"Hot Springs, AR",shipper,low
877,The Food Truck Factory MFT Consulting,72.97,72.97,C,1,87,33.3,5,4.1,US PL Sacramento Factory,"Sacramento, CA",shipper,low
878,Research Products/AprilAire Manufacturing Plant,72.93,72.93,C,1,91,26.7,5,2.9,US PL Madison Factory,"Madison, WI",shipper,medium
879,KDP,72.93,72.93,C,1,91,26.7,5,2.9,US DC NFI - Breinigsville,"Allentown, PA",shipper,low
880,Shop Heroic Wholesale Outlet,72.93,72.93,C,1,91,26.7,5,2.9,US PL Sacramento Factory,"Sacramento, CA",shipper,low
881,Madison-Kipp Corporation North Production Facility,72.93,72.93,C,1,91,26.7,5,2.9,US PL Madison Factory,"Madison, WI",shipper,low
882,Mainely Convenience,72.91,72.91,C,1,98,33.3,3,0.6,US PL Kingfield Factory,"Kingfield, ME",shipper,low
883,Rare Finds Warehouse,72.91,72.91,C,1,85,37.3,5,4.9,US PL Denver Factory,"Denver, CO",shipper,medium
884,Ferrara Candy Company,72.81,39.94,B,2,87,33.3,5,4.2,US PL Dallas 2 Factory,"Grand Prairie, TX",shipper,medium
885,Total Transportation & Distribution,72.81,72.81,B,1,87,33.3,5,4.2,US PL Ontario Factory,"Rancho Cucamonga, CA",shipper,medium
886,"WSI (Warehouse Specialists, LLC)",72.81,58.47,B,6,87,33.3,5,4.2,US DC NFI - Breinigsville,"Allentown, PA",shipper,medium
887,ESR Fulfillment & Storage,72.81,72.81,B,1,87,33.3,5,4.2,US PL S Houston Factory,"Houston, TX",3pl,medium
888,TAGG Logistics Order Fulfillment Center,72.81,48.43,B,6,87,33.3,5,4.2,US PL Ontario Factory,"Fontana, CA",3pl,medium
889,Brands Suit Warehouse,72.81,72.81,C,1,87,33.3,5,4.2,US PL Dallas 2 Factory,"Dallas, TX",shipper,medium
890,Petco Animal Supplies - Mira Loma Distribution Center,72.81,72.81,C,1,87,33.3,5,4.2,US PL Ontario Factory,"Mira Loma, CA",shipper,medium
891,Exel Logistics,72.81,71.8,C,2,87,33.3,5,4.2,US PL Ontario Factory,"Fontana, CA",3pl,medium
892,Premium Freight Logistics Inc,72.81,72.81,C,1,87,33.3,5,4.2,US PL Sacramento Factory,"Sacramento, CA",3pl,medium
893,Bazzini,72.81,72.81,B,1,87,33.3,5,4.2,US DC NFI - Breinigsville,"Allentown, PA",shipper,low
894,Anytime Crossdock,72.81,72.81,B,1,87,33.3,5,4.2,US PL Ontario Factory,"Rancho Cucamonga, CA",shipper,low
895,Horizon Crossdock,72.81,72.81,B,1,87,33.3,5,4.2,US PL Ontario Factory,"Rancho Cucamonga, CA",shipper,low
896,IRVING 24,72.81,47.22,C,7,87,33.3,5,4.2,US PL Poland Spring Factory,"Auburn, ME",shipper,low
897,Badger Popcorn & Concession Supply,72.81,72.81,C,1,87,33.3,5,4.2,US PL Madison Factory,"Madison, WI",shipper,low
898,Kellogg Co,72.78,62.7,A,2,65,93.3,3,12.9,US PL Denver Factory,"Englewood, CO",shipper,medium
899,Amazon Fulfillment Center TPA4,72.78,72.78,A,1,54,93.3,5,18.4,US PL Zephyrhills Factory,"Temple Terrace, FL",3pl,high
900,Amazon FTW2,72.78,72.78,A,1,54,93.3,5,18.4,US PL Dallas 2 Factory,"Coppell, TX",shipper,medium
901,Amazon FTW6,72.78,72.78,A,1,54,93.3,5,18.4,US PL Dallas 2 Factory,"Grapevine, TX",shipper,medium
902,Mack Trucks - Lehigh Valley Operations (LVO),72.77,72.77,C,1,90,26.7,5,3,US DC NFI - Breinigsville,"Macungie, PA",shipper,low
903,Badger Vehicle Shipping,72.77,72.77,C,1,90,26.7,5,3,US PL Madison Factory,"Madison, WI",shipper,low
904,Ryder/Whiplash E-commerce fulfillment node,72.77,72.77,A,1,50,100,5,20.5,US PL Ontario Factory,"Riverside, CA",carrier,high
905,Thrill Factory Entertainment,72.76,72.76,C,1,85,37.3,5,5,US PL Madison Factory,"Madison, WI",shipper,low
906,Kroger Fulfillment Center,72.73,46.65,A,3,58,86.7,5,16.5,US PL Greenwood Indiana,"Indianapolis, IN",3pl,high
907,Sysco Riverside - Food Distributor & Restaurant Supplies,72.68,72.68,A,1,50,100,5,20.6,US PL Ontario Factory,"Riverside, CA",shipper,medium
908,Sunopta warehouse,72.66,72.66,B,1,87,33.3,5,4.3,US DC NFI - Breinigsville,"Allentown, PA",shipper,medium
909,UMA Warehouse,72.66,72.66,B,1,87,33.3,5,4.3,US PL Ontario Factory,"Chino, CA",shipper,medium
910,Cooper Tire Whiteland Distribution Center,72.66,72.66,B,1,87,33.3,5,4.3,US PL Greenwood Indiana,"Whiteland, IN 46184, USA",shipper,medium
911,Ultimate Logistics Inc,72.66,72.66,B,1,87,33.3,5,4.3,US PL Ontario Factory,"Fontana, CA",3pl,medium
912,America's Tire Warehouse,72.66,72.66,C,1,87,33.3,5,4.3,US PL Sacramento Factory,"Sacramento, CA",shipper,medium
913,Southwest Warehouse Solutions,72.66,72.66,C,1,87,33.3,5,4.3,US PL Ontario Factory,"Mira Loma, CA",shipper,medium
914,Eagle Global Logistics,72.66,72.66,C,1,87,33.3,5,4.3,US PL Ontario Factory,"Ontario, CA",3pl,medium
915,Primo Brands - PureLife and Ozarka Water,72.66,72.66,B,1,87,33.3,5,4.3,US PL Pasadena Factory,"Pasadena, TX",shipper,low
916,FREITTY Cross-Dock Denver,72.66,72.66,B,1,87,33.3,5,4.3,US PL Denver Factory,"Denver, CO",shipper,low
917,Clear Lane Freight Systems Inc.,72.66,72.66,B,1,87,33.3,5,4.3,US PL Ontario Factory,"Rancho Cucamonga, CA",shipper,low
918,CrossDockGo,72.66,72.66,B,1,87,33.3,5,4.3,US PL Ontario Factory,"Upland, CA",shipper,low
919,Mission Foods,72.66,62.76,C,3,87,33.3,5,4.3,US PL Ontario Factory,"Rancho Cucamonga, CA",shipper,low
920,Landmark Foods home,72.66,72.66,C,1,87,33.3,5,4.3,US PL Denver Factory,"Denver, CO",shipper,low
921,Kroger FC07 Fulfillment Center,72.63,72.63,A,1,58,86.7,5,16.6,US PL Denver Factory,"Aurora, CO",3pl,high
922,Hain Celestial Group,72.6,72.6,C,1,90,26.7,5,3.1,US DC NFI - Breinigsville,"Allentown, PA",shipper,low
923,"Wagyu Factory | Rancho Cucamonga",72.6,72.6,C,1,84,37.3,5,5.1,US PL Ontario Factory,"Rancho Cucamonga, CA",shipper,low
924,Americold Logistics Baytown,72.59,72.59,A,1,55,90.7,5,17.8,US PL Pasadena Factory,"Baytown, TX",3pl,high
925,DSR2 Amazon Warehouse,72.59,72.59,A,1,54,93.3,5,18.6,US PL Sacramento Factory,"Roseville, CA",shipper,high
926,Amazon LGB5,72.59,72.59,A,1,54,93.3,5,18.6,US PL Ontario Factory,"San Bernardino, CA",shipper,medium
927,Coca-Cola Beverages Florida,72.59,61,A,11,50,100,5,20.7,US PL Zephyrhills Factory,"Tampa, FL",shipper,medium
928,Allen Distribution- Niagara 3BA,72.5,72.5,B,1,86,33.3,5,4.4,US PL Ontario Factory,"Ontario, CA",shipper,medium
929,Supply Chain Warehouses,72.5,72.5,B,1,86,33.3,5,4.4,US PL S Houston Factory,"Houston, TX",3pl,medium
930,Colorado Fulfillment,72.5,70.03,B,2,86,33.3,5,4.4,US PL Denver Factory,"Denver, CO",3pl,medium
931,GHG Logistics,72.5,72.5,B,1,86,33.3,5,4.4,US DC NFI - Breinigsville,"Allentown, PA",3pl,medium
932,Economy Transportation & Logistics,72.5,72.5,B,1,86,33.3,5,4.4,US PL S Houston Factory,"Houston, TX",3pl,medium
933,The Church at Chancey Road - Food Distribution Center,72.5,72.5,C,1,86,33.3,5,4.4,US PL Zephyrhills Factory,"Zephyrhills, FL",shipper,medium
934,Sacramento Central Seventh Day Adventist Church - Food Distribution Center,72.5,72.5,C,1,86,33.3,5,4.4,US PL Sacramento Factory,"Sacramento, CA",shipper,medium
935,Legacy Food Company Inc.,72.5,72.5,C,1,86,33.3,5,4.4,US PL Ontario Factory,"Rancho Cucamonga, CA",shipper,low
936,Walmart Sortation Center -FL9,72.49,72.49,A,1,54,93.3,5,18.7,US PL Zephyrhills Factory,"Lakeland, FL",parcel,high
937,H-E-B Distribution Center,72.47,72.47,A,1,61,80,5,14.9,US PL S Houston Factory,"Houston, TX",shipper,high
938,H-E-B Houston,72.47,72.47,A,1,61,80,5,14.9,US PL S Houston Factory,"Houston, TX",shipper,medium
939,Design Logistics Group,72.45,72.45,B,1,84,37.3,5,5.2,US PL Denver Factory,"Englewood, CO",3pl,medium
940,"Comar, Rancho Cucamonga Plant",72.44,72.44,C,1,90,26.7,5,3.2,US PL Ontario Factory,"Rancho Cucamonga, CA",shipper,medium
941,Truck & Autowares,72.44,72.44,C,1,90,26.7,5,3.2,US PL Saratoga Spring Factory,"Saratoga Springs, NY",shipper,low
942,Advance Auto Parts Distribution Center,72.42,58.53,A,3,57,86.7,5,16.8,US PL Zephyrhills Factory,"Lakeland, FL",shipper,high
943,Amazon Warehouse HOU2,72.39,72.39,A,1,53,93.3,5,18.8,US PL S Houston Factory,"Houston, TX",shipper,high
944,Americold Logistics Leesport,72.38,72.38,A,1,55,90.7,5,18,US PL Allentown NPL Factory,"Leesport, PA",3pl,high
945,Worldcraft Logistics LLC (PLM1),72.34,72.34,B,1,86,33.3,5,4.5,US PL Ontario Factory,"Ontario, CA",3pl,medium
946,CJ Logistics America,72.34,53.69,B,5,86,33.3,5,4.5,US PL Ontario Factory,"Fontana, CA",3pl,medium
947,arc Thrift Stores Warehouse,72.34,72.34,B,1,86,33.3,5,4.5,US PL Denver Factory,"Denver, CO",shipper,medium
948,Bosone's Warehouse & Storage,72.34,72.34,B,1,86,33.3,5,4.5,US PL Pasadena Factory,"Seabrook, TX",shipper,medium
949,"WareSpace Park Hill | Small Warehouse Space Rentals",72.34,72.34,B,1,86,33.3,5,4.5,US PL Denver Factory,"Denver, CO",shipper,medium
950,Hercules Industries Distribution Center,72.34,72.34,C,1,86,33.3,5,4.5,US PL Denver Factory,"Denver, CO",shipper,medium
951,Professional Distribution Center,72.34,67.54,C,2,86,33.3,5,4.5,US PL S Houston Factory,"Houston, TX",shipper,medium
952,Craft Beverage Warehouse,72.34,72.34,C,1,86,33.3,5,4.5,US PL Denver Factory,"Denver, CO",shipper,medium
953,Neptune Seafood,72.34,72.34,B,1,86,33.3,5,4.5,US PL Sacramento Factory,"Sacramento, CA",shipper,low
954,Future Foods,72.34,72.34,C,1,86,33.3,5,4.5,US PL Poland Spring Factory,"Mechanic Falls, ME",shipper,low
955,"Nongshim USA, Inc.",72.34,72.34,C,1,86,33.3,5,4.5,US PL Ontario Factory,"Rancho Cucamonga, CA",shipper,low
956,Donapops,72.34,72.34,C,1,86,33.3,5,4.5,US PL Denver Factory,"Denver, CO",shipper,low
957,Denver Intermodal Express Container Yard,72.34,72.34,C,1,86,33.3,5,4.5,US PL Denver Factory,"Denver, CO",carrier,low
958,Eastman Chemical - Tyler Terminal,72.29,72.29,B,1,63,76,5,14,US PL Hawkins Factory,"Tyler, TX",shipper,high
959,Amazon Supplemental Fulfillment Site PFL2,72.29,72.29,A,1,53,93.3,5,18.9,US PL Zephyrhills Factory,"Lakeland, FL",3pl,high
960,Maine Container,72.28,72.28,C,1,93,20,5,2.1,US PL Poland Spring Factory,"Poland, ME",shipper,low
961,"Atlas Minerals & Chemicals, Inc.",72.28,72.28,C,1,93,20,5,2.1,US PL Allentown NPL Factory,"Mertztown, PA",shipper,low
962,"Auburn Manufacturing, Inc.",72.27,72.27,C,1,90,26.7,5,3.3,US PL Poland Spring Factory,"Mechanic Falls, ME",shipper,medium
963,"Poland Springs Bottling CO. BlueTriton Brands, Inc.",72.2,72.2,C,1,97,33.3,3,1,US PL Kingfield Factory,"Kingfield, ME",shipper,medium
964,DBU9 Amazon,72.2,72.2,A,1,53,93.3,5,19,US PL Saratoga Spring Factory,"Cohoes, NY",shipper,medium
965,States Logistics #548 Marlay,72.18,72.18,B,1,86,33.3,5,4.6,US PL Ontario Factory,"Fontana, CA",3pl,medium
966,TPFS 3PL & Fulfillment Warehouse,72.18,72.18,B,1,86,33.3,5,4.6,US PL Ontario Factory,"Rancho Cucamonga, CA",3pl,medium
967,East End Transfer Warehouse,72.18,72.18,B,1,86,33.3,5,4.6,US PL S Houston Factory,"Houston, TX",shipper,medium
968,Sierra Arden Neighborhood Food Closet - Food Distribution Center,72.18,72.18,C,1,86,33.3,5,4.6,US PL Sacramento Factory,"Sacramento, CA",shipper,medium
969,Yami Fulfillment Center,72.18,72.18,C,1,86,33.3,5,4.6,US PL Ontario Factory,"Eastvale, CA",3pl,medium
970,"Pasadena, TX - Metrix Logistics Group",72.18,72.18,C,1,86,33.3,5,4.6,US PL Pasadena Factory,"Pasadena, TX",3pl,medium
971,Almeda Swift Market,72.18,72.18,C,1,86,33.3,5,4.6,US PL S Houston Factory,"Houston, TX",carrier,low
972,Mile Hi Foods,72.18,72.18,C,1,86,33.3,5,4.6,US PL Denver Factory,"Denver, CO",shipper,low
973,Freight Ltl,72.18,72.18,C,1,86,33.3,5,4.6,US PL Denver Factory,"Denver, CO 80207, USA",shipper,low
974,IND3 Walmart Distribution Center,72.13,72.13,A,1,49,100,5,21.2,US PL Greenwood Indiana,"McCordsville, IN",shipper,high
975,Wintersun Chemical,72.11,72.11,C,1,93,20,5,2.2,US PL Ontario Factory,"Ontario, CA",shipper,low
976,May Trucking Company,72.11,55.44,C,2,89,26.7,5,3.4,US PL Denver Factory,"Denver, CO",carrier,low
977,Dollar Tree Distribution Center,72.1,55.17,A,2,57,86.7,5,17.1,US PL Ontario Factory,"San Bernardino, CA",shipper,high
978,PPG Paints Distribution Center,72.1,72.1,A,1,53,93.3,5,19.1,US PL Allentown NPL Factory,"Reading, PA",shipper,high
979,Smart & Final,72.02,63.53,B,3,85,33.3,5,4.7,US PL Ontario Factory,"Rancho Cucamonga, CA",shipper,medium
980,Hilti Distribution Center - Denver,72.02,72.02,B,1,85,33.3,5,4.7,US PL Denver Factory,"Denver, CO",shipper,medium
981,Tennyson Street Warehouse,72.02,72.02,C,1,85,33.3,5,4.7,US PL Denver Factory,"Denver, CO",shipper,medium
982,"Champion Food Service, Inc.",72.02,72.02,C,1,85,33.3,5,4.7,US PL S Houston Factory,"Houston, TX",shipper,medium
983,Rare Finds Warehouse at Holly Street,72.02,72.02,C,1,85,33.3,5,4.7,US PL Denver Factory,"Denver, CO",shipper,medium
984,Wholesale Woodfloor Warehouse,72.02,72.02,C,1,85,33.3,5,4.7,US PL Sacramento Factory,"Sacramento, CA",shipper,medium
985,Levant Brothers Distribution,72.02,72.02,C,1,85,33.3,5,4.7,US PL S Houston Factory,"Houston, TX",shipper,medium
986,Barrett Car Logistics,72.02,72.02,C,1,85,33.3,5,4.7,US PL Madison Factory,"Madison, WI",3pl,medium
987,ZIPTO Fulfillment Center - Chino,72.02,57.96,C,3,85,33.3,5,4.7,US PL S Houston Factory,"Houston, TX",3pl,medium
988,Healthverve Food Manufacturing USA - California,72.02,72.02,C,1,85,33.3,5,4.7,US PL Ontario Factory,"Rancho Cucamonga, CA",shipper,medium
989,Donald Trading Co,72.02,72.02,C,1,85,33.3,5,4.7,US PL Sacramento Factory,"Sacramento, CA",shipper,low
990,Dough Masters,72.02,72.02,C,1,85,33.3,5,4.7,US PL Poland Spring Factory,"Auburn, ME",shipper,low
991,Fruit Growers Supply - Carton Plant,71.94,71.94,C,1,89,26.7,5,3.5,US PL Ontario Factory,"Ontario, CA",shipper,medium
992,TCC MacArthur Distribution Center,71.87,71.87,B,1,85,33.3,5,4.8,US PL Dallas 2 Factory,"Grand Prairie, TX",shipper,medium
993,SB Cross Dock Warehouse,71.87,71.87,B,1,85,33.3,5,4.8,US PL Ontario Factory,"Fontana, CA",shipper,medium
994,CAC Foodbank Dane County Warehouse,71.87,71.87,B,1,85,33.3,5,4.8,US PL Madison Factory,"Madison, WI",shipper,medium
995,Faro logistics,71.87,71.87,C,1,85,33.3,5,4.8,US PL Ontario Factory,"Rancho Cucamonga, CA",3pl,medium
996,Warehouse Christian Ministries,71.87,71.87,C,1,85,33.3,5,4.8,US PL Sacramento Factory,"Sacramento, CA",shipper,medium
997,JD Logistics,71.87,71.87,C,1,85,33.3,5,4.8,US PL Ontario Factory,"Fontana, CA",3pl,medium
998,ColtonCooper Logistics,71.87,71.87,C,1,85,33.3,5,4.8,US PL Denver Factory,"Denver, CO",3pl,medium
999,M 2 Logistics Inc,71.87,71.87,C,1,85,33.3,5,4.8,US PL Denver Factory,"Denver, CO",3pl,medium
1000,Riverview Logistics,71.87,71.87,C,1,85,33.3,5,4.8,US PL Ontario Factory,"Rancho Cucamonga, CA",3pl,medium
1001,CrossDock Connect,71.87,37.73,B,43,85,33.3,5,4.8,US PL Denver Factory,"Denver, CO",shipper,low
1002,"Lamonica’s Pizza Dough International, Inc",71.87,71.87,C,1,85,33.3,5,4.8,US PL Sacramento Factory,"Sacramento, CA",shipper,low
1003,yogH,71.87,71.87,C,1,85,33.3,5,4.8,US PL S Houston Factory,"Houston, TX",shipper,low
1004,Heatherfield Foods Inc.,71.87,71.87,C,1,85,33.3,5,4.8,US PL Ontario Factory,"Ontario, CA",shipper,low
1005,Cardlock,71.87,71.18,C,2,85,33.3,5,4.8,US PL Denver Factory,"Denver, CO",shipper,low
1006,FREITTY Cross-Dock Fontana,71.87,71.87,C,1,85,33.3,5,4.8,US PL Ontario Factory,"Fontana, CA",shipper,low
1007,Invasion custom food truck LLC,71.87,71.87,C,1,85,33.3,5,4.8,US PL Denver Factory,"Denver, CO",shipper,low
1008,Quest Warehouse,71.79,71.79,A,1,54,90.7,5,18.6,US PL Greenwood Indiana,"Greenfield, IN",shipper,high
1009,Roadtex shopping office,71.79,71.79,A,1,54,90.7,5,18.6,US PL Greenwood Indiana,"Greenfield, IN",shipper,medium
1010,Walker Manufacturing Group,71.78,71.78,C,1,89,26.7,5,3.6,US PL Ontario Factory,"Ontario, CA",shipper,medium
1011,Swift Manufacturing & Engineering,71.78,71.78,C,1,89,26.7,5,3.6,US PL Madison Factory,"Madison, WI",carrier,medium
1012,DLT Manufacturing,71.78,71.78,C,1,89,26.7,5,3.6,US PL Dallas 2 Factory,"Dallas, TX",shipper,medium
1013,Kriete Truck Center - Madison,71.78,71.78,C,1,89,26.7,5,3.6,US PL Madison Factory,"Madison, WI",shipper,low
1014,Kings Truck Center,71.78,71.78,C,1,89,26.7,5,3.6,US PL Sacramento Factory,"Sacramento, CA",shipper,low
1015,Southwest Airlines Cargo,71.77,71.77,D,1,94,16,5,1.7,US PL Ontario Factory,"Ontario, CA",shipper,low
1016,Keller Warehousing & Co-Packing,71.77,71.77,C,1,92,20,5,2.4,US PL Dallas 2 Factory,"Dallas, TX",3pl,low
1017,California Packaging Center,71.77,71.77,C,1,92,20,5,2.4,US PL Ontario Factory,"Ontario, CA",shipper,low
1018,Southwark Metal Manufacturing Co,71.77,71.77,A,1,49,100,5,21.6,US PL Greenwood Indiana,"McCordsville, IN",shipper,high
1019,Tyson Food Haltom City Distribution Center truck entrance,71.77,71.77,A,1,49,100,5,21.6,US PL Dallas 2 Factory,"Haltom City, TX",shipper,high
1020,KRB7 & QXY9 & IUSJ Amazon Warehouse,71.72,71.72,A,1,63,93.3,3,13.8,US PL Cabazon Factory,"Beaumont, CA",shipper,high
1021,Living Spaces Distribution Center,71.71,67.67,B,2,85,33.3,5,4.9,US PL Dallas 2 Factory,"Grand Prairie, TX",shipper,medium
1022,The Warehouse Rack,71.71,60.43,B,2,85,33.3,5,4.9,US PL Ontario Factory,"Rancho Cucamonga, CA",shipper,medium
1023,Label Warehouse,71.71,71.71,C,1,85,33.3,5,4.9,US PL S Houston Factory,"Houston, TX",shipper,medium
1024,Grand Logistics Corporation,71.71,71.71,C,1,85,33.3,5,4.9,US PL Denver Factory,"Denver, CO",3pl,medium
1025,SUNNYSIDE LOGISTICS L.L.C.,71.71,71.71,C,1,85,33.3,5,4.9,US PL Sacramento Factory,"Sacramento, CA",3pl,medium
1026,Camp Logistics Inc.,71.71,71.71,C,1,85,33.3,5,4.9,US PL Sacramento Factory,"Elk Grove, CA",3pl,medium
1027,The Redstone Group,71.71,71.71,C,1,85,33.3,5,4.9,US PL Denver Factory,"Englewood, CO",shipper,low
1028,Safeway Beverage Denver,71.71,71.71,C,1,85,33.3,5,4.9,US PL Denver Factory,"Denver, CO",shipper,low
1029,Truck Tub,71.7,71.7,C,1,86,30.7,5,4.4,US PL Ontario Factory,"Mira Loma, CA",shipper,low
1030,Wallaby's Liquor Warehouse,71.69,71.69,C,1,81,41.3,5,6.5,US PL Denver Factory,"Denver, CO",shipper,medium
1031,3M Co,71.61,63.12,A,2,63,93.3,3,13.9,US PL Ontario Factory,"Corona, CA",shipper,medium
1032,CTPS Saratoga Springs - Complete TransPack Solutions,71.6,71.6,C,1,94,16,5,1.8,US PL Saratoga Spring Factory,"Saratoga Springs, NY",shipper,low
1033,Sana Packaging,71.6,71.6,C,1,92,20,5,2.5,US PL Denver Factory,"Denver, CO",shipper,low
1034,"Sunbelt Lubricants, Inc.",71.6,71.6,C,1,92,20,5,2.5,US PL Zephyrhills Factory,"Zephyrhills, FL",shipper,low
1035,Hershey's Weaver Popcorn Manufacturing,71.59,71.59,A,1,56,86.7,5,17.6,US DC NFI - Breinigsville,"Bethlehem, PA",shipper,high
1036,Tyson Foods South,71.59,71.59,A,1,48,100,5,21.8,US PL Dallas 2 Factory,"Fort Worth, TX",shipper,medium
1037,Behr Process Distribution,71.56,71.56,B,1,85,33.3,5,5,US PL Allentown Factory,"Fogelsville, PA",shipper,medium
1038,Dr Pepper / MOTTS warehouse,71.56,71.56,B,1,85,33.3,5,5,US PL Dallas 2 Factory,"Dallas, TX",shipper,medium
1039,A+ Warehouse LLC,71.56,71.56,B,1,85,33.3,5,5,US PL Denver Factory,"Denver, CO",shipper,medium
1040,Tire Warehouse,71.56,47.95,C,17,85,33.3,5,5,US PL Poland Spring Factory,"Auburn, ME",shipper,medium
1041,D K & B Logistics Inc,71.56,71.56,C,1,85,33.3,5,5,US PL Saratoga Spring Factory,"Gansevoort, NY",3pl,medium
1042,Maplegrove Foods LLC.,71.56,71.56,C,1,85,33.3,5,5,US PL Ontario Factory,"Ontario, CA",shipper,low
1043,Golden Pacific Foods Inc,71.56,71.56,C,1,85,33.3,5,5,US PL Ontario Factory,"Chino, CA",shipper,low
1044,Sundown Foods,71.56,71.56,C,1,85,33.3,5,5,US PL Ontario Factory,"Fontana, CA",shipper,low
1045,Pactiv Evergreen,71.53,53.94,A,2,58,82.7,5,16.5,US PL Zephyrhills Factory,"Plant City, FL",shipper,medium
1046,Amazon Air Gateway - KLAL,71.52,71.52,A,1,52,93.3,5,19.7,US PL Zephyrhills Factory,"Lakeland, FL",shipper,medium
1047,Yusen Logistics IND4 Warehouse,71.49,71.49,A,1,53,90.7,5,18.9,US PL Greenwood Indiana,"Greenfield, IN",3pl,high
1048,Hoosier freight and warehouse,71.49,71.49,A,1,53,90.7,5,18.9,US PL Greenwood Indiana,"Greenfield, IN",shipper,high
1049,Axium Packaging CA Plant,71.46,71.46,C,1,88,26.7,5,3.8,US PL Ontario Factory,"Ontario, CA",shipper,medium
1050,"Firesafe Equipment, Inc.",71.46,71.46,C,1,88,26.7,5,3.8,US PL Poland Spring Factory,"Auburn, ME",shipper,low
1051,Berlin Packaging,71.43,68.96,C,2,92,20,5,2.6,US PL Ontario Factory,"Ontario, CA",shipper,low
1052,Amazon FTW7 / FTW9,71.43,71.43,A,1,52,93.3,5,19.8,US PL Dallas 2 Factory,"Coppell, TX",shipper,medium
1053,Jason's Deli Distribution Center Warehouse,71.4,71.4,C,1,84,33.3,5,5.1,US PL Dallas 2 Factory,"Grand Prairie, TX",shipper,medium
1054,Multicopter Warehouse,71.4,71.4,C,1,84,33.3,5,5.1,US PL Denver Factory,"Denver, CO",shipper,medium
1055,Cabinet Warehouse,71.4,71.4,C,1,84,33.3,5,5.1,US PL Denver Factory,"Denver, CO",shipper,medium
1056,Apex Warehouse Systems - Colorado,71.4,71.4,C,1,84,33.3,5,5.1,US PL Denver Factory,"Denver, CO",shipper,medium
1057,Jones Logistics Corp,71.4,71.4,C,1,84,33.3,5,5.1,US PL Denver Factory,"Denver, CO",3pl,medium
1058,HTX EXTREME LOGISTICS LLC,71.4,71.4,C,1,84,33.3,5,5.1,US PL S Houston Factory,"Houston, TX",3pl,medium
1059,"Savage Auburn, ME Transload",71.4,71.4,C,1,84,33.3,5,5.1,US PL Poland Spring Factory,"Auburn, ME",shipper,low
1060,The PB Love Company,71.4,71.4,C,1,84,33.3,5,5.1,US PL Denver Factory,"Denver, CO",shipper,low
1061,DG Market,71.4,60.42,C,3,84,33.3,5,5.1,US DC Hot Springs (WHSE),"Hot Springs, AR",shipper,low
1062,Americold Logistics Portland,71.4,71.4,A,1,53,90.7,5,19,US PL Hollis Factory,"Portland, ME",3pl,high
1063,CVS Distribution Center of Greenfield IN,71.4,71.4,A,1,53,90.7,5,19,US PL Greenwood Indiana,"Greenfield, IN",shipper,high
1064,Pilot Travel Center,71.4,71.4,A,1,53,90.7,5,19,US PL Greenwood Indiana,"Greenfield, IN",shipper,medium
1065,United States Cold Storage,71.38,39.47,B,11,82,37.3,5,5.9,US PL Dallas 2 Factory,"Dallas, TX",shipper,medium
1066,Amazon AFW5,71.33,71.33,A,1,52,93.3,5,19.9,US PL Dallas 2 Factory,"Balch Springs, TX",shipper,medium
1067,Advanced Freight Management,71.32,71.32,C,1,95,33.3,3,1.5,US PL Hawkins Factory,"Hawkins, TX 75765, USA",shipper,low
1068,Allen Organ Company Manufacturing Facility and International Sales Headquarters,71.3,71.3,C,1,88,26.7,5,3.9,US DC NFI - Breinigsville,"Macungie, PA",shipper,medium
1069,Monarch Metal Manufacturing,71.3,71.3,C,1,88,26.7,5,3.9,US PL Denver Factory,"Denver, CO",shipper,medium
1070,Plant Process Equipment Inc,71.3,71.3,C,1,88,26.7,5,3.9,US PL Pasadena Factory,"League City, TX",shipper,medium
1071,United Rentals - Reliable Onsite Services,71.25,71.25,C,1,94,16,5,2,US PL Zephyrhills Factory,"Zephyrhills, FL",shipper,low
1072,TForce Logistics - Tampa,71.25,55.55,C,4,84,33.3,5,5.2,US PL Denver Factory,"Commerce City, CO",carrier,medium
1073,GOFO Express Houston Warehouse,71.25,71.25,C,1,84,33.3,5,5.2,US PL S Houston Factory,"Houston, TX",shipper,medium
1074,Post Oak Logistics Park,71.25,71.25,C,1,84,33.3,5,5.2,US PL S Houston Factory,"Houston, TX",3pl,medium
1075,DSW Designer Shoe Warehouse,71.25,61.33,C,6,84,33.3,5,5.2,US PL Madison Factory,"Madison, WI",shipper,medium
1076,Mountain High Appliance Warehouse and Clearance Center,71.25,71.25,C,1,84,33.3,5,5.2,US PL Denver Factory,"Denver, CO",shipper,medium
1077,Trans American Logistics,71.25,71.25,C,1,84,33.3,5,5.2,US PL Ontario Factory,"Rancho Cucamonga, CA",3pl,medium
1078,Elite Logistics & Fulfillment,71.25,71.25,C,1,84,33.3,5,5.2,US PL Ontario Factory,"Fontana, CA",3pl,medium
1079,Rocky Mountain Food Factory,71.25,71.25,C,1,84,33.3,5,5.2,US PL Denver Factory,"Englewood, CO",shipper,low
1080,Hook and Ladder Manufacturing Company,71.25,71.25,C,1,80,41.3,5,6.8,US PL Sacramento Factory,"Sacramento, CA",shipper,medium
1081,Amazon LGB6,71.24,71.24,A,1,51,93.3,5,20,US PL Ontario Factory,"Riverside, CA",shipper,medium
1082,Flexport DFW1 Fulfillment Center,71.2,71.2,A,1,50,96,5,20.9,US PL Dallas 2 Factory,"Lewisville, TX",3pl,high
1083,Plastech Manufacturing,71.13,71.13,C,1,88,26.7,5,4,US PL Ontario Factory,"Rancho Cucamonga, CA",shipper,medium
1084,"Industrial Supply Solutions, Inc.",71.13,71.13,C,1,88,26.7,5,4,US PL Hot Springs 2 Factory,"Hot Springs, AR",shipper,low
1085,Coors Distributing Company (Miller Lite/Coors Light),71.13,71.13,C,1,88,26.7,5,4,US PL Denver Factory,"Denver, CO",shipper,low
1086,"La Mexicana Tortilla Factory, Inc",71.13,71.13,C,1,88,26.7,5,4,US PL Dallas 2 Factory,"Duncanville, TX",shipper,low
1087,BPX Solutions formerly Excel Packaging,71.1,71.1,C,1,91,20,5,2.8,US PL Ontario Factory,"Ontario, CA",shipper,low
1088,Office Furniture Warehouse - Madison,71.09,71.09,C,1,84,33.3,5,5.3,US PL Madison Factory,"Madison, WI",shipper,medium
1089,La Warehouse Furniture,71.09,71.09,C,1,84,33.3,5,5.3,US PL Sacramento Factory,"Sacramento, CA",shipper,medium
1090,Lavender Warehouse,71.09,52.87,C,2,84,33.3,5,5.3,US PL Hawkins Factory,"Tyler, TX",shipper,medium
1091,Langham Logistics Life Sciences,71.09,71.09,C,1,84,33.3,5,5.3,US PL Greenwood Indiana,"Whiteland, IN",3pl,medium
1092,Mesa Foods,71.09,71.09,C,1,84,33.3,5,5.3,US PL Ontario Factory,"Rancho Cucamonga, CA",shipper,low
1093,"Alter Eco Foods, LLC",71.09,71.09,C,1,84,33.3,5,5.3,US PL S Houston Factory,"Houston, TX",shipper,low
1094,Template Meals LLC,71.09,71.09,C,1,84,33.3,5,5.3,US PL S Houston Factory,"Houston, TX",shipper,low
1095,Foods Pacific Ltd,71.09,71.09,C,1,84,33.3,5,5.3,US PL Sacramento Factory,"Sacramento, CA",shipper,low
1096,Kroger Manufacturing Division Riverside Creamery Operations,71.08,71.08,A,1,55,86.7,5,18.1,US PL Ontario Factory,"Riverside, CA",shipper,high
1097,Chewy Fulfillment Center HOU1,71.05,71.05,A,1,58,80,5,16.2,US PL S Houston Factory,"Houston, TX",3pl,high
1098,ONT2 - Amazon Fulfillment Center,71.05,71.05,A,1,51,93.3,5,20.2,US PL Ontario Factory,"San Bernardino, CA",3pl,high
1099,SR Packaging North America Inc. (PA Plant),70.97,70.97,C,1,87,26.7,5,4.1,US DC NFI - Breinigsville,"Allentown, PA",shipper,medium
1100,Pasco Fleet Sales,70.97,70.97,C,1,87,26.7,5,4.1,US PL Zephyrhills Factory,"Dade City, FL",shipper,low
1101,Land O' Lakes- Purina Distribution Center,70.96,70.96,A,1,51,93.3,5,20.3,US PL Zephyrhills Factory,"Lakeland, FL",shipper,high
1102,Evans Delivery - Denver Terminal,70.94,70.94,C,1,84,33.3,5,5.4,US PL Denver Factory,"Denver, CO",shipper,medium
1103,Crossgates Abba Food Pantry - Food Distribution Center,70.94,70.94,C,1,84,33.3,5,5.4,US DC Hot Springs (WHSE),"Fountain Lake, AR",shipper,medium
1104,Berridge Manufacturing Distribution Center,70.94,66.6,C,4,84,33.3,5,5.4,US PL Denver Factory,"Denver, CO",shipper,medium
1105,SteakChop,70.94,70.94,C,1,84,33.3,5,5.4,US PL Saratoga Spring Factory,"Ballston Spa, NY",shipper,low
1106,Aportstorage Containers,70.93,70.93,C,1,91,20,5,2.9,US PL Ontario Factory,"Ontario, CA",shipper,low
1107,St. Worth Container,70.93,70.93,C,1,91,20,5,2.9,US PL Ontario Factory,"Ontario, CA",shipper,low
1108,United States Cold Storage LP,70.93,55.28,B,3,81,37.3,5,6.2,US PL Dallas 2 Factory,"Arlington, TX",shipper,medium
1109,Amazon Warehouse PSP3,70.92,70.92,A,1,62,93.3,3,14.5,US PL Cabazon Factory,"Desert Hot Springs, CA",shipper,high
1110,Speedco Truck Lube and Tires,70.91,61.66,C,5,85,30.7,5,4.9,US PL Denver Factory,"Commerce City, CO",shipper,low
1111,Americold Logistics Tampa Maple,70.91,70.91,A,1,52,90.7,5,19.5,US PL Zephyrhills Factory,"Tampa, FL",3pl,high
1112,TFG TRUCK PARKING,70.91,70.91,A,1,52,90.7,5,19.5,US PL Greenwood Indiana,"Greenfield, IN",shipper,medium
1113,ONT5 - Amazon Sort Center,70.86,70.86,A,1,51,93.3,5,20.4,US PL Ontario Factory,"San Bernardino, CA",shipper,medium
1114,Gerber Manufacturing LTD,70.81,70.81,C,1,87,26.7,5,4.2,US PL Madison Factory,"Madison, WI",shipper,medium
1115,"Hi-Speed Trucking, Inc.",70.81,70.81,C,1,87,26.7,5,4.2,US PL Ontario Factory,"Ontario, CA",carrier,low
1116,Trader Joe's Fontana Distribution Warehouse,70.79,70.79,C,1,83,33.3,5,5.5,US PL Ontario Factory,"Fontana, CA",shipper,medium
1117,Macy's Distribution Center,70.79,70.79,C,1,83,33.3,5,5.5,US PL S Houston Factory,"Houston, TX",shipper,medium
1118,Logistics Insight Corp.,70.79,43.55,C,2,83,33.3,5,5.5,US PL Dallas 2 Factory,"Grand Prairie, TX",3pl,medium
1119,US Cold Storage Builders,70.79,70.79,C,1,83,33.3,5,5.5,US PL S Houston Factory,"Houston, TX",shipper,medium
1120,Tays Logistics LLC,70.79,70.79,C,1,83,33.3,5,5.5,US PL Pasadena Factory,"Friendswood, TX",3pl,medium
1121,Central Freight Lines Inc,70.79,45.76,C,3,83,33.3,5,5.5,US PL Denver Factory,"Commerce City, CO",carrier,low
1122,Sapp Bros CNG Station,70.79,70.79,C,1,83,33.3,5,5.5,US PL Denver Factory,"Commerce City, CO",shipper,low
1123,Speedy Foods LLC,70.79,70.79,C,1,83,33.3,5,5.5,US PL Denver Factory,"Commerce City, CO",shipper,low
1124,Warehouse Liquor Mart,70.78,70.78,C,1,81,37.3,5,6.3,US PL Denver Factory,"Sheridan, CO",shipper,medium
1125,Dart Container Corporation,70.77,70.77,C,1,90,20,5,3,US PL Dallas 2 Factory,"Dallas, TX",shipper,low
1126,Apple Corrugated Packaging,70.77,70.77,C,1,90,20,5,3,US PL Dallas 2 Factory,"Duncanville, TX",shipper,low
1127,Allison Transmission Plant 12,70.69,70.69,B,1,63,70.7,5,14,US PL Greenwood Indiana,"Indianapolis, IN",shipper,high
1128,Ramco Manufacturing Company,70.66,70.66,C,1,87,26.7,5,4.3,US PL S Houston Factory,"Houston, TX",shipper,medium
1129,Big Boy Trucking LLC,70.66,70.66,C,1,87,26.7,5,4.3,US PL Hollis Factory,"Dayton, ME 04005, USA",carrier,low
1130,Alta Warehousing & Logistics,70.63,58.51,C,3,83,33.3,5,5.6,US PL Ontario Factory,"Fontana, CA",3pl,medium
1131,Linked21/Cross-Dock/ warehouse services/delivery open 24/7by appt,70.63,70.63,C,1,83,33.3,5,5.6,US PL Ontario Factory,"Fontana, CA",shipper,medium
1132,Publication Printers Overland Warehouse,70.63,70.63,C,1,83,33.3,5,5.6,US PL Denver Factory,"Englewood, CO",shipper,medium
1133,Houston Warehouse Space,70.63,70.63,C,1,83,33.3,5,5.6,US PL S Houston Factory,"Houston, TX",shipper,medium
1134,Adam's International Market,70.63,70.63,C,1,81,37.3,5,6.4,US PL Sacramento Factory,"Elk Grove, CA",shipper,low
1135,Arrowhead,70.62,70.62,C,1,94,33.3,3,1.9,US PL Cabazon Factory,"Cabazon, CA",shipper,low
1136,Elite Packaging & Display,70.6,70.6,C,1,90,20,5,3.1,US PL Ontario Factory,"Ontario, CA",shipper,low
1137,USPS North Houston TX Distribution Center,70.59,70.59,A,1,54,86.7,5,18.6,US PL S Houston Factory,"North Houston, TX",shipper,high
1138,SCO2 Amazon,70.58,70.58,A,1,61,93.3,3,14.8,US PL Denver Factory,"Englewood, CO",shipper,medium
1139,Flexport LAX1 Fulfillment Center,70.57,70.57,A,1,49,96,5,21.6,US PL Ontario Factory,"Highland, CA",3pl,high
1140,Smithfield Foods Distribution Center,70.53,70.53,A,1,52,90.7,5,19.9,US PL Greenwood Indiana,"Greenfield, IN",shipper,high
1141,Roadtex Transportation,70.53,70.53,A,1,52,90.7,5,19.9,US PL Greenwood Indiana,"Greenfield, IN",shipper,medium
1142,Coolerado Manufacturing Facility,70.5,70.5,C,1,86,26.7,5,4.4,US PL Denver Factory,"Denver, CO",shipper,medium
1143,Dallas warehouse,70.48,67.85,C,2,83,33.3,5,5.7,US PL Dallas 2 Factory,"Grand Prairie, TX",shipper,medium
1144,Warehouse Storage Racks,70.48,70.48,C,1,83,33.3,5,5.7,US PL Denver Factory,"Denver, CO",shipper,medium
1145,"Unit Cold Storage – Houston | Private Temperature-Controlled Suites",70.48,70.48,C,1,83,33.3,5,5.7,US PL Pasadena Factory,"Seabrook, TX",shipper,medium
1146,A-Z Logistics LLC,70.48,70.48,C,1,83,33.3,5,5.7,US PL Sacramento Factory,"Sacramento, CA",3pl,medium
1147,Peak Manufacturing and Fulfillment,70.48,70.48,C,1,83,33.3,5,5.7,US PL Denver Factory,"Englewood, CO",3pl,medium
1148,Capital Warehouse,70.48,70.48,C,1,83,33.3,5,5.7,US PL Sacramento Factory,"Sacramento, CA",shipper,medium
1149,Denver Snax Distributing DSD,70.48,70.48,C,1,83,33.3,5,5.7,US PL Denver Factory,"Arvada, CO",shipper,low
1150,VCO2 Amazon,70.47,70.47,A,1,61,93.3,3,14.9,US PL Denver Factory,"Englewood, CO",shipper,medium
1151,NFI Logistics,70.44,68.52,A,2,51,90.7,5,20,US PL Hollis Factory,"Portland, ME",3pl,high
1152,Arne's Warehouse,70.38,70.38,B,1,78,41.3,5,7.4,US PL S Houston Factory,"Houston, TX",shipper,medium
1153,Cedar & Hardwood Creative Manufacturing,70.34,70.34,C,1,86,26.7,5,4.5,US PL Hot Springs 2 Factory,"Hot Springs, AR",shipper,medium
1154,Method Manufacturing CNC Machining,70.34,70.34,C,1,86,26.7,5,4.5,US PL Denver Factory,"Denver, CO",shipper,medium
1155,Innovations Manufacturing,70.34,70.34,C,1,86,26.7,5,4.5,US PL Denver Factory,"Denver, CO",shipper,medium
1156,AVA Manufacturing,70.34,70.34,C,1,86,26.7,5,4.5,US PL Denver Factory,"Denver, CO",shipper,medium
1157,H & N Trucking,70.34,70.34,C,1,86,26.7,5,4.5,US PL Hot Springs 2 Factory,"Hot Springs, AR",carrier,low
1158,Americold Logistics Houston,70.34,70.34,A,1,51,90.7,5,20.1,US PL S Houston Factory,"Houston, TX",3pl,high
1159,CONTRACTORS' WAREHOUSE,70.33,65.48,C,3,82,33.3,5,5.8,US PL Sacramento Factory,"Sacramento, CA",shipper,medium
1160,Worlds Of Wonder Comics & Collectible Warehouse,70.33,70.33,C,1,82,33.3,5,5.8,US PL Sacramento Factory,"Sacramento, CA",shipper,medium
1161,Quality Logistics llc,70.33,70.33,C,1,82,33.3,5,5.8,US PL Denver Factory,"Englewood, CO",3pl,medium
1162,Denver Chip Co.,70.33,70.33,C,1,82,33.3,5,5.8,US PL Denver Factory,"Lakewood, CO",shipper,low
1163,TA Commerce City 148,70.33,70.33,C,1,82,33.3,5,5.8,US PL Denver Factory,"Commerce City, CO",shipper,low
1164,Shasta Beverages,70.33,43.15,C,3,82,33.3,5,5.8,US PL S Houston Factory,"Houston, TX",shipper,low
1165,Amazon HOU7,70.31,70.31,A,1,50,93.3,5,21,US PL S Houston Factory,"Houston, TX",shipper,medium
1166,GXO Logistics,70.3,70.3,A,1,46,100,5,23.3,US PL Ontario Factory,"Perris, CA",3pl,high
1167,MQJ1 Amazon,70.25,70.25,A,1,51,90.7,5,20.2,US PL Greenwood Indiana,"Greenfield, IN",shipper,medium
1168,ONT9 Amazon Fulfillment Center,70.22,70.22,A,1,49,93.3,5,21.1,US PL Ontario Factory,"Redlands, CA",3pl,high
1169,I Truck Park,70.18,70.18,C,1,86,26.7,5,4.6,US PL Sacramento Factory,"Sacramento, CA",shipper,low
1170,Pioneer Plastics,70.18,70.18,C,1,86,26.7,5,4.6,US PL Poland Spring Factory,"Auburn, ME",shipper,low
1171,Quality Logistics Systems,70.18,70.18,C,1,82,33.3,5,5.9,US PL Dallas 2 Factory,"Dallas, TX",3pl,medium
1172,United Cold Storage Dallas,70.18,70.18,C,1,82,33.3,5,5.9,US PL Dallas 2 Factory,"Dallas, TX 75212, USA",shipper,medium
1173,Southeastern Freight Lines,70.18,38.43,C,21,82,33.3,5,5.9,US PL S Houston Factory,"Houston, TX",carrier,low
1174,Oak Harbor Freight Lines,70.18,67.87,C,3,82,33.3,5,5.9,US PL Ontario Factory,"Fontana, CA",carrier,low
1175,Night Work Bread,70.18,70.18,C,1,82,33.3,5,5.9,US PL Saratoga Spring Factory,"Ballston Spa, NY",shipper,low
1176,Singh Mart 3,70.18,70.18,C,1,82,33.3,5,5.9,US PL S Houston Factory,"Houston, TX",shipper,low
1177,UNFI Riverside Distribution Center,70.16,70.16,A,1,51,90.7,5,20.3,US PL Ontario Factory,"Riverside, CA",shipper,high
1178,Bulk Book Warehouse,70.13,70.13,A,1,49,93.3,5,21.2,US PL Saratoga Spring Factory,"Schenectady, NY",shipper,high
1179,PL Cold Inc.,70.06,70.06,A,1,51,90.7,5,20.4,US PL Greenwood Indiana,"Greenfield, IN",shipper,medium
1180,Amazon Flex Warehouse,70.04,70.04,A,1,49,93.3,5,21.3,US PL S Houston Factory,"Houston, TX",shipper,high
1181,Gulf Winds International - Bayport Warehouse,70.03,70.03,C,1,82,33.3,5,6,US PL Pasadena Factory,"Seabrook, TX",shipper,medium
1182,GE Dallas Distribution Center,70.03,70.03,C,1,82,33.3,5,6,US PL Dallas 2 Factory,"Grand Prairie, TX",shipper,medium
1183,Proactive 146 Distribution Center,70.03,70.03,C,1,82,33.3,5,6,US PL Pasadena Factory,"Seabrook, TX",shipper,medium
1184,Kuraray Logistics Park,70.03,70.03,C,1,82,33.3,5,6,US PL Pasadena Factory,"Pasadena, TX",3pl,medium
1185,TForce freight,70.03,42.78,C,7,82,33.3,5,6,US PL Ontario Factory,"Fontana, CA",carrier,low
1186,Ron's Home Style Foods,70.03,70.03,C,1,82,33.3,5,6,US PL S Houston Factory,"Houston, TX",shipper,low
1187,Colorado Fresh Enterprises,70.03,70.03,C,1,82,33.3,5,6,US PL Denver Factory,"Denver, CO",shipper,low
1188,Society of Manufacturing Engineers,70.02,70.02,C,1,85,26.7,5,4.7,US PL S Houston Factory,"Houston, TX",shipper,medium
1189,Chapman Trucking,70.02,69.48,C,2,85,26.7,5,4.7,US PL Poland Spring Factory,"Auburn, ME",carrier,low
1190,Adirondack Tissue Supply,70.02,70.02,C,1,85,26.7,5,4.7,US PL Saratoga Spring Factory,"Ballston Spa, NY",shipper,low
1191,Brandon Moving & Storage,70,70,D,1,100,0,5,0,US DC Hot Springs (WHSE),"Hot Springs, AR 71901, USA",shipper,low
1192,Exxon,70,60.51,C,5,100,0,5,0,US DC Hot Springs (WHSE),"Hot Springs, AR",shipper,low
1193,Conagra,69.95,69.95,A,1,49,93.3,5,21.4,US PL Greenwood Indiana,"Indianapolis, IN",shipper,medium
1194,On The Clock Logistics,69.88,69.88,C,1,82,33.3,5,6.1,US PL Denver Factory,"Denver, CO",3pl,medium
1195,Zenith Logistics,69.88,65.88,C,2,82,33.3,5,6.1,US PL Dallas 2 Factory,"Grand Prairie, TX",3pl,medium
1196,Fabric Warehouse,69.88,41.61,C,4,82,33.3,5,6.1,US PL Poland Spring Factory,"Auburn, ME",shipper,medium
1197,JT Logistics,69.88,68.51,C,2,82,33.3,5,6.1,US PL Dallas 2 Factory,"Dallas, TX",3pl,medium
1198,Hillcrest Foods Inc,69.88,69.88,C,1,82,33.3,5,6.1,US PL Saratoga Spring Factory,"Saratoga Springs, NY",shipper,low
1199,Mockingbird Food Group,69.88,69.88,C,1,82,33.3,5,6.1,US PL Dallas 2 Factory,"Dallas, TX",shipper,low
1200,Freight Operation Services LLC,69.88,69.88,C,1,82,33.3,5,6.1,US PL Dallas 2 Factory,"Grand Prairie, TX",shipper,low
1201,U1Dynamics Manufacturing,69.87,69.87,C,1,85,26.7,5,4.8,US PL Pasadena Factory,"Pasadena, TX",shipper,medium
1202,"SHINE Technologies, LLC Systems & Manufacturing",69.87,69.87,C,1,85,26.7,5,4.8,US PL Madison Factory,"Fitchburg, WI",shipper,medium
1203,Preferred Freezer,69.87,45.94,C,2,85,26.7,5,4.8,US PL Pasadena Factory,"Pasadena, TX",shipper,low
1204,Waldo & Junior Transport,69.82,69.82,D,1,100,0,5,0.1,US PL High Springs Factory,"High Springs, FL",carrier,low
1205,International Distribution,69.73,54.19,C,2,81,33.3,5,6.2,US PL Pasadena Factory,"Pasadena, TX",shipper,medium
1206,Uwex Dane County - Food Distribution Center,69.73,69.73,C,1,81,33.3,5,6.2,US PL Madison Factory,"Madison, WI 53704, USA",shipper,medium
1207,Parkway Distribution Center,69.73,69.73,C,1,81,33.3,5,6.2,US PL Dallas 2 Factory,"Grand Prairie, TX",shipper,medium
1208,Double Falcon Logistics,69.73,69.73,C,1,81,33.3,5,6.2,US PL S Houston Factory,"Houston, TX",3pl,medium
1209,Country Crossdock,69.73,69.73,C,1,81,33.3,5,6.2,US PL Dallas 2 Factory,"Grand Prairie, TX",shipper,low
1210,Protein Factory Nutrition Aurora,69.73,69.73,C,1,81,33.3,5,6.2,US PL Denver Factory,"Aurora, CO",shipper,low
1211,Jasmine Foods Inc,69.73,69.73,C,1,81,33.3,5,6.2,US PL S Houston Factory,"Houston, TX",shipper,low
1212,Keystone Manufacturing & Supply,69.71,69.71,C,1,85,26.7,5,4.9,US DC NFI - Breinigsville,"Allentown, PA",shipper,medium
1213,Topsoe Inc - Production plant,69.71,69.71,C,1,85,26.7,5,4.9,US PL Pasadena Factory,"Pasadena, TX",shipper,medium
1214,"Poly Trucking, Inc.",69.71,69.71,C,1,85,26.7,5,4.9,US PL Dallas 2 Factory,"Grand Prairie, TX",carrier,low
1215,Cornerstone Truck Repair LLC,69.71,69.71,C,1,85,26.7,5,4.9,US PL Denver Factory,"Commerce City, CO",shipper,low
1216,Target Fulfillment Center,69.68,69.68,A,1,49,93.3,5,21.7,US PL Ontario Factory,"Riverside, CA",3pl,high
1217,1-800-PACK-RAT,69.63,69.63,D,1,99,0,5,0.2,US PL Sacramento Factory,"Sacramento, CA",shipper,low
1218,The Moving Planet,69.63,69.63,D,1,99,0,5,0.2,US PL Saratoga Spring Factory,"Saratoga Springs, NY",shipper,low
1219,Senfeng Laser USA Inc.,69.63,69.63,D,1,99,0,5,0.2,US PL Ontario Factory,"Ontario, CA",shipper,low
1220,The Millwork Co.,69.63,69.63,D,1,99,0,5,0.2,US DC Hot Springs (WHSE),"Hot Springs, AR",shipper,low
1221,Bishamon Industries Corporation,69.63,69.63,D,1,99,0,5,0.2,US PL Ontario Factory,"Ontario, CA",shipper,low
1222,World Transportation Logistic Corp LAX,69.63,69.63,D,1,99,0,5,0.2,US PL Ontario Factory,"Ontario, CA",shipper,low
1223,Saddle Creek Distribution Warehouse,69.6,69.6,A,1,50,90.7,5,20.9,US PL Zephyrhills Factory,"Lakeland, FL",3pl,high
1224,Publix Dairy Processing Plant,69.59,69.59,A,1,56,80,5,17.6,US PL Zephyrhills Factory,"Lakeland, FL",shipper,high
1225,Sonwil Distribution Center,69.58,69.58,C,1,81,33.3,5,6.3,US PL Dallas 2 Factory,"Arlington, TX",shipper,medium
1226,Dockside Logistics,69.58,69.58,C,1,81,33.3,5,6.3,US PL S Houston Factory,"Houston, TX",3pl,medium
1227,Universal Warehouses,69.58,69.58,C,1,81,33.3,5,6.3,US PL Ontario Factory,"Chino, CA",shipper,medium
1228,Blue Line Little Cesar Warehouse,69.58,69.58,C,1,81,33.3,5,6.3,US PL S Houston Factory,"Houston, TX",shipper,medium
1229,LRB Warehousing Fuqua Distribution Center,69.58,69.58,C,1,81,33.3,5,6.3,US PL S Houston Factory,"Houston, TX",3pl,medium
1230,Dart Warehouse,69.58,67.53,C,2,81,33.3,5,6.3,US PL Dallas 2 Factory,"Grand Prairie, TX",shipper,medium
1231,Our Lady of Assumption - Saint Vincent De Paul - Food Distribution Center,69.58,69.58,C,1,81,33.3,5,6.3,US PL Sacramento Factory,"Carmichael, CA 95608, USA",shipper,medium
1232,Huffy Warehouse,69.58,69.58,C,1,81,33.3,5,6.3,US PL Ontario Factory,"Chino, CA",shipper,medium
1233,Lightning Steel Inc,69.57,69.57,D,1,90,16,5,3,US PL Zephyrhills Factory,"Zephyrhills, FL",shipper,low
1234,Acme Manufacturing Company,69.56,69.56,C,1,85,26.7,5,5,US PL Denver Factory,"Denver, CO",shipper,medium
1235,Sargent Trucking,69.56,69.56,C,1,85,26.7,5,5,US PL Poland Spring Factory,"Auburn, ME",carrier,low
1236,Tiki Tiki @ Thrill Factory,69.56,69.56,C,1,85,26.7,5,5,US PL Madison Factory,"Madison, WI",shipper,low
1237,Sherwin-Williams Garland-Shiloh Manufacturing Site,69.5,69.5,A,1,48,93.3,5,21.9,US PL Dallas 2 Factory,"Garland, TX",shipper,high
1238,Tech Packaging,69.46,69.46,C,1,88,20,5,3.8,US PL Ontario Factory,"Jurupa Valley, CA",shipper,low
1239,Dolco Packaging Co,69.46,69.46,C,1,88,20,5,3.8,US PL Dallas 2 Factory,"Dallas, TX",shipper,low
1240,"King Soopers, Atlas Logistics",69.46,69.46,C,1,79,37.3,5,7.2,US PL Denver Factory,"Denver, CO",3pl,medium
1241,Selig Properties,69.45,69.45,D,1,99,0,5,0.3,US DC Hot Springs (WHSE),"Hot Springs, AR",shipper,low
1242,Record Nations,69.45,69.36,D,2,99,0,5,0.3,US DC Hot Springs (WHSE),"Hot Springs, AR",shipper,low
1243,NAPA Denver Distribution Center,69.43,69.43,C,1,81,33.3,5,6.4,US PL Denver Factory,"Denver, CO",shipper,medium
1244,Motivational Fulfillment & Logistics Services - Fern DC,69.43,69.43,C,1,81,33.3,5,6.4,US PL Ontario Factory,"Chino, CA",3pl,medium
1245,Triton Cargo Logistics,69.43,69.43,C,1,81,33.3,5,6.4,US PL Pasadena Factory,"Pasadena, TX",3pl,medium
1246,Red River Warehouse Inc,69.43,69.43,C,1,81,33.3,5,6.4,US PL Dallas 2 Factory,"Arlington, TX",shipper,medium
1247,CPC Logistics Inc,69.43,66.53,C,2,81,33.3,5,6.4,US PL Madison Factory,"Sun Prairie, WI",3pl,medium
1248,RahrBSG Warehouse - Denver,69.43,69.43,C,1,81,33.3,5,6.4,US PL Denver Factory,"Denver, CO",shipper,medium
1249,Blue Line Foodservice/Little Caesars Pizza Distribution Center,69.43,67.79,C,2,81,33.3,5,6.4,US PL S Houston Factory,"Houston, TX",shipper,medium
1250,Half Price Books Distribution Center,69.43,69.43,C,1,81,33.3,5,6.4,US PL Dallas 2 Factory,"Dallas, TX",shipper,medium
1251,SandBox Logistics,69.43,58.06,C,2,81,33.3,5,6.4,US PL S Houston Factory,"Houston, TX",3pl,medium
1252,TTJ PACKING CO,69.43,69.43,C,1,81,33.3,5,6.4,US PL Madison Factory,"Cottage Grove, WI",shipper,low
1253,FREITTY Cross-Dock Arlington,69.43,69.43,C,1,81,33.3,5,6.4,US PL Dallas 2 Factory,"Arlington, TX",shipper,low
1254,Americold Logistics Mansfield,69.34,69.34,A,1,60,90.7,3,15.2,US PL Dallas 2 Factory,"Mansfield, TX",3pl,high
1255,Shine Logistics LLC,69.29,69.29,C,1,81,33.3,5,6.5,US PL Sacramento Factory,"Elk Grove, CA",3pl,medium
1256,STG Logistics,69.29,69.07,C,2,81,33.3,5,6.5,US PL Pasadena Factory,"Pasadena, TX",3pl,medium
1257,PGL (Perimeter Global Logistics) 24/7/365,69.29,66.59,C,3,81,33.3,5,6.5,US PL Dallas 2 Factory,"Grand Prairie, TX",3pl,medium
1258,Partners alliance cold storage,69.29,69.29,C,1,81,33.3,5,6.5,US PL Ontario Factory,"Riverside, CA",shipper,medium
1259,"Overwraps Packaging, Inc.",69.29,67.51,C,2,81,33.3,5,6.2,US PL Dallas 2 Factory,"Dallas, TX",shipper,medium
1260,High Street - Food Distribution Center,69.29,69.29,C,1,81,33.3,5,6.5,US PL Poland Spring Factory,"Auburn, ME",shipper,medium
1261,Elite HR Logistics Inc.,69.29,69.29,C,1,81,33.3,5,6.5,US PL Sacramento Factory,"Sacramento, CA",3pl,medium
1262,2FulFill Fulfillment Services & Fulfillment Center,69.29,69.29,C,1,81,33.3,5,6.5,US PL Dallas 2 Factory,"Grand Prairie, TX",3pl,medium
1263,Premier Fulfillment,69.29,50.93,C,2,81,33.3,5,6.5,US PL Dallas 2 Factory,"Grand Prairie, TX",3pl,medium
1264,"Calstate Logistics, LLC",69.29,69.29,C,1,81,33.3,5,6.5,US PL Sacramento Factory,"Sacramento, CA",3pl,medium
1265,USPS Denver Bulk Mail Center,69.29,69.29,C,1,81,33.3,5,6.5,US PL Denver Factory,"Denver, CO",shipper,low
1266,Living Water Bottle Supplier Inc.,69.29,69.29,C,1,81,33.3,5,6.5,US PL Ontario Factory,"Montclair, CA",shipper,low
1267,R&R Fleet Parking & Maintenance Services,69.29,69.29,C,1,81,33.3,5,6.5,US PL Ontario Factory,"Fontana, CA",shipper,low
1268,PUBLIX DC DRY WAREHOUSE (COUNTY LINE RD),69.29,69.29,A,1,55,80,5,17.9,US PL Zephyrhills Factory,"Lakeland, FL",shipper,high
1269,Publix Truck Staging,69.29,69.29,A,1,55,80,5,17.9,US PL Zephyrhills Factory,"Lakeland, FL",shipper,medium
1270,Colonial Van and Storage,69.27,69.27,D,1,99,0,5,0.4,US PL Sacramento Factory,"Sacramento, CA",shipper,low
1271,Budget Mini Storage - Hot Springs Village,69.27,69.27,D,1,99,0,5,0.4,US PL Hot Springs Factory,"Hot Springs Village, AR",shipper,low
1272,Volkswagen Group of America,69.27,69.27,D,1,99,0,5,0.4,US PL Ontario Factory,"Ontario, CA",shipper,low
1273,"Brax Company, Inc",69.27,69.27,D,1,99,0,5,0.4,US PL Ontario Factory,"Ontario, CA",shipper,low
1274,Pilkington North America Inc.,69.27,69.27,D,1,99,0,5,0.4,US PL Sacramento Factory,"Sacramento, CA",shipper,low
1275,TRAFFIX Denver,69.27,69.27,D,1,99,0,5,0.4,US PL Denver Factory,"Denver, CO",shipper,low
1276,Alchemy Composites,69.27,69.27,D,1,99,0,5,0.4,US PL Zephyrhills Factory,"Zephyrhills, FL",shipper,low
1277,Huboo,69.27,69.27,D,1,99,0,5,0.4,US PL Denver Factory,"Denver, CO",shipper,low
1278,FMC Technologies Surface Wellhead,69.27,69.27,D,1,99,0,5,0.4,US PL Denver Factory,"Denver, CO",shipper,low
1279,Amazing Property Clearing,69.27,69.27,D,1,99,0,5,0.4,US PL Denver Factory,"Denver, CO",shipper,low
1280,Redner's Fresh Markets,69.25,69.25,C,1,76,41.3,5,8.2,US DC NFI - Breinigsville,"Allentown, PA",shipper,low
1281,Sharp Allentown,69.24,69.24,D,1,90,16,5,3.2,US DC NFI - Breinigsville,"Allentown, PA",shipper,low
1282,Grainger Distribution Center,69.22,60.58,A,2,44,100,5,24.6,US PL Ontario Factory,"Perris, CA",shipper,high
1283,Discount Tire Distribution Center,69.14,69.14,C,1,80,33.3,5,6.6,US PL Denver Factory,"Denver, CO",shipper,medium
1284,University Book Store Distribution Center,69.14,69.14,C,1,80,33.3,5,6.6,US PL Madison Factory,"Madison, WI",shipper,medium
1285,"Gluten Free Foods Manufacturing, LLC",69.14,69.14,C,1,80,33.3,5,6.6,US PL Ontario Factory,"Chino, CA",shipper,medium
1286,Palmer logistics,69.14,67.29,C,4,80,33.3,5,6.6,US PL Pasadena Factory,"Pasadena, TX",3pl,medium
1287,Building Logistics Management,69.14,69.14,C,1,80,33.3,5,6.6,US PL S Houston Factory,"Houston, TX",3pl,medium
1288,Alachua City Warehouse,69.14,69.14,C,1,80,33.3,5,6.6,US PL High Springs Factory,"Alachua, FL",shipper,medium
1289,Riviana Foods Inc.,69.14,69.14,C,1,80,33.3,5,6.6,US PL S Houston Factory,"Houston, TX",shipper,low
1290,Midwest Food Products Association,69.14,69.14,C,1,80,33.3,5,6.6,US PL Madison Factory,"Madison, WI",shipper,low
1291,Green Roger,69.09,69.09,D,1,98,0,5,0.5,US PL Poland Spring Factory,"Poland, ME",shipper,low
1292,Trc Xpress,69.09,69.09,D,1,98,0,5,0.5,US PL Saratoga Spring Factory,"Saratoga Springs, NY",shipper,low
1293,Iron Peak Solutions,69.09,69.09,D,1,98,0,5,0.5,US PL Denver Factory,"Denver, CO",shipper,low
1294,Raptor Blasting Systems LLC,69.09,69.09,D,1,98,0,5,0.5,US PL Sacramento Factory,"Sacramento, CA",shipper,low
1295,Malvern Minerals Co,69.09,69.09,D,1,98,0,5,0.5,US DC Hot Springs (WHSE),"Hot Springs, AR",shipper,low
1296,King's Consulting Services,69.09,69.09,D,1,98,0,5,0.5,US PL S Houston Factory,"Houston, TX",shipper,low
1297,Senvion USA Corporation,69.09,69.09,D,1,98,0,5,0.5,US PL Denver Factory,"Denver, CO",shipper,low
1298,MyBetterSpine,69.09,69.09,D,1,98,0,5,0.5,US PL Madison Factory,"Monona, WI",shipper,low
1299,"Sacramento Ag Products, LLC",69.09,69.09,D,1,98,0,5,0.5,US PL Sacramento Factory,"Sacramento, CA",shipper,low
1300,Meridian Manufacturing Inc.,69.09,69.09,C,1,84,26.7,5,5.3,US PL Saratoga Spring Factory,"Ballston Spa, NY",shipper,medium
1301,Albertsons Manufacturing Plant,69.05,69.05,A,1,51,86.7,5,20.2,US PL Ontario Factory,"Riverside, CA",shipper,high
1302,Racing Products Warehouse Inc,68.99,68.99,C,1,80,33.3,5,6.7,US PL Sacramento Factory,"Sacramento, CA",shipper,medium
1303,KAK Sourcing & 3PL Ecommerce Fulfillment Centre Houston,68.99,68.99,C,1,80,33.3,5,6.7,US PL S Houston Factory,"Houston, TX",3pl,medium
1304,North Central Logistics Center (NCLC) Bldg. B,68.99,68.99,C,1,80,33.3,5,6.7,US PL Denver Factory,"Denver, CO",3pl,medium
1305,Chronos Fulfillment USA,68.99,68.99,C,1,80,33.3,5,6.7,US PL S Houston Factory,"Houston, TX",3pl,medium
1306,KAK Warehouse,68.99,68.99,C,1,80,33.3,5,6.7,US PL S Houston Factory,"Houston, TX",shipper,medium
1307,Lundy Trucking Logistics Inc,68.99,68.99,C,1,80,33.3,5,6.7,US PL Sacramento Factory,"Rancho Cordova, CA",carrier,medium
1308,B Quick Logistics,68.99,68.99,C,1,80,33.3,5,6.7,US PL Pasadena Factory,"League City, TX",3pl,medium
1309,No Limit Logistics LLC,68.99,68.99,C,1,80,33.3,5,6.7,US PL Denver Factory,"Arvada, CO",3pl,medium
1310,Pine Tree Auto Logistics,68.99,68.99,C,1,80,33.3,5,6.7,US PL Poland Spring Factory,"Auburn, ME",3pl,medium
1311,بلال مارکیت Belal Market,68.99,68.99,C,1,80,33.3,5,6.7,US PL Sacramento Factory,"Sacramento, CA",shipper,low
1312,Legend Fontana Yard Mulberry,68.99,68.99,C,1,80,33.3,5,6.7,US PL Ontario Factory,"Fontana, CA",shipper,low
1313,Bronland Foods,68.99,68.99,C,1,80,33.3,5,6.7,US PL S Houston Factory,"Houston, TX",shipper,low
1314,WHOLE FREIGHT,68.99,68.99,C,1,80,33.3,5,6.7,US PL S Houston Factory,"Houston, TX",shipper,low
1315,Kings Trading Post Party Store,68.98,68.98,C,1,89,37.3,3,3.6,US PL Mecosta Factory,"Mecosta, MI",shipper,low
1316,LGB4 Amazon Fulfillment,68.98,68.98,A,1,47,93.3,5,22.5,US PL Ontario Factory,"Redlands, CA",3pl,high
1317,Metal Container Corporation,68.97,68.97,C,1,87,20,5,4.1,US PL Ontario Factory,"Mira Loma, CA",shipper,low
1318,Packaging Made Easy,68.97,68.97,C,1,87,20,5,4.1,US PL Ontario Factory,"Rancho Cucamonga, CA",shipper,low
1319,Ergon Trucking Inc.,68.94,68.94,C,1,84,26.7,5,5.4,US PL Pasadena Factory,"Pasadena, TX",carrier,low
1320,Rush Truck Centers - Fontana,68.93,68.93,C,1,81,30.7,5,6.2,US PL Ontario Factory,"Fontana, CA",shipper,low
1321,Mushiana Transport Inc,68.91,68.91,D,1,98,0,5,0.6,US PL Sacramento Factory,"Sacramento, CA",carrier,low
1322,Noble Trans Inc,68.91,68.91,D,1,98,0,5,0.6,US PL Sacramento Factory,"Sacramento, CA",shipper,low
1323,Bathhouse Row Emporium,68.91,68.91,D,1,98,0,5,0.6,US DC Hot Springs (WHSE),"Hot Springs, AR",shipper,low
1324,Northern Refrigerated Transportation,68.91,68.2,D,2,98,0,5,0.6,US PL Ontario Factory,"Ontario, CA",shipper,low
1325,polynt composites,68.91,68.91,D,1,98,0,5,0.6,US PL S Houston Factory,"Houston, TX",shipper,low
1326,TBC Aviation-Logistic Services,68.91,68.91,D,1,98,0,5,0.6,US PL Denver Factory,"Denver, CO",shipper,low
1327,Harveys Chapel Baptist Church - Food Distribution Center,68.85,68.85,C,1,80,33.3,5,6.8,US PL Hot Springs 2 Factory,"Hot Springs, AR",shipper,medium
1328,White Cap - Distribution Center,68.85,68.85,C,1,80,33.3,5,6.8,US PL Sacramento Factory,"Sacramento, CA",shipper,medium
1329,GT ENERGY,68.85,68.85,C,1,80,33.3,5,6.8,US PL Ontario Factory,"Fontana, CA",shipper,low
1330,Rio Star Foods Inc,68.85,68.85,C,1,80,33.3,5,6.8,US PL Dallas 2 Factory,"Dallas, TX",shipper,low
1331,"Kloppenberg Products, LLC",68.85,68.85,C,1,80,33.3,5,6.8,US PL Denver Factory,"Englewood, CO",shipper,low
1332,MSK Foods,68.85,68.85,C,1,80,33.3,5,6.8,US PL Denver Factory,"Denver, CO",shipper,low
1333,Walmart SMF1 eCommerce Fulfillment Center,68.84,68.84,A,1,58,93.3,3,16.4,US PL Sacramento Factory,"Sacramento, CA",3pl,high
1334,Target Food Distribution Center T3727,68.84,68.84,A,1,58,93.3,3,16.4,US PL Denver Factory,"Thornton, CO",shipper,high
1335,Publix Chart Warehouse,68.78,68.78,A,1,54,80,5,18.4,US PL Zephyrhills Factory,"Lakeland, FL",shipper,high
1336,North Florida Hauling LLC,68.73,68.73,D,1,98,0,5,0.7,US PL High Springs Factory,"High Springs, FL",shipper,low
1337,NRT,68.73,68.73,D,1,98,0,5,0.7,US PL Ontario Factory,"Ontario, CA",shipper,low
1338,Gates Corporation,68.73,68.73,D,1,98,0,5,0.7,US PL Denver Factory,"Denver, CO",shipper,low
1339,Allied Machining and Engineering dba ATI North America,68.73,68.73,D,1,98,0,5,0.7,US PL Sacramento Factory,"Sacramento, CA",shipper,low
1340,Amazon DDF1,68.72,68.72,A,1,47,93.3,5,22.8,US PL Dallas 2 Factory,"Lewisville, TX",shipper,medium
1341,World Class Distribution,68.7,68.7,C,1,79,33.3,5,6.9,US PL Ontario Factory,"Chino, CA",shipper,medium
1342,Pacific Warehouse Sales,68.7,68.7,C,1,79,33.3,5,6.9,US PL Ontario Factory,"Chino, CA",shipper,medium
1343,The Horeca Store Warehouse,68.7,68.7,C,1,79,33.3,5,6.9,US PL S Houston Factory,"Houston, TX",shipper,medium
1344,Tiziani Logistics & Trucking,68.7,68.7,C,1,79,33.3,5,6.9,US PL Madison Factory,"Madison, WI",carrier,medium
1345,United States Post Office Network Distribution Center,68.7,68.7,C,1,79,33.3,5,6.9,US PL Dallas 2 Factory,"Dallas, TX",shipper,medium
1346,Loop Logistics Corp.,68.7,68.7,C,1,79,33.3,5,6.9,US PL S Houston Factory,"Houston, TX",3pl,medium
1347,"ICJ Logistics, LLC",68.7,68.7,C,1,79,33.3,5,6.9,US PL S Houston Factory,"Houston, TX",3pl,medium
1348,Fulfillment Hub USA,68.7,39.39,C,2,79,33.3,5,6.9,US PL S Houston Factory,"Houston, TX",3pl,medium
1349,Pecan Deluxe Candy Co,68.7,68.7,C,1,79,33.3,5,6.9,US PL Dallas 2 Factory,"Dallas, TX",shipper,low
1350,Americold Logistics Anaheim,68.7,68.7,A,1,48,90.7,5,21.9,US PL Ontario Factory,"Anaheim, CA",3pl,high
1351,Americold Logistics C of I 14890,68.7,68.7,A,1,48,90.7,5,21.9,US PL Ontario Factory,"City of Industry, CA",3pl,high
1352,Hixson's Family Market,68.66,68.66,C,1,88,37.3,3,3.8,US PL Mecosta Factory,"Canadian Lakes, MI",shipper,low
1353,FulPac Premium Packaging LLC,68.66,68.66,C,1,87,20,5,4.3,US DC NFI - Breinigsville,"Allentown, PA",shipper,low
1354,PREMIER PACKAGING,68.66,59,C,5,87,20,5,4.3,US PL Ontario Factory,"Rancho Cucamonga, CA",shipper,low
1355,"Prostar Manufacturing, Inc.",68.63,68.63,C,1,83,26.7,5,5.6,US PL Pasadena Factory,"Pasadena, TX",shipper,medium
1356,Rainbow Manufacturing Inc,68.63,68.63,C,1,83,26.7,5,5.6,US PL S Houston Factory,"Houston, TX",shipper,medium
1357,Nickerson Building Movers,68.62,68.62,C,1,100,16,3,0.1,US PL Kingfield Factory,"Kingfield, ME",shipper,low
1358,Southwest bottling Coca-Cola,68.59,68.59,A,1,43,100,5,25.4,US PL S Houston Factory,"Houston, TX",shipper,high
1359,People's Choice Storage High Springs,68.55,67.94,D,2,97,0,5,0.8,US PL High Springs Factory,"High Springs, FL",shipper,low
1360,Pasco Business Center,68.55,68.55,D,1,97,0,5,0.8,US PL Zephyrhills Factory,"Zephyrhills, FL",shipper,low
1361,TIMEXINC,68.55,68.55,D,1,97,0,5,0.8,US PL Sacramento Factory,"Sacramento, CA",shipper,low
1362,RoadTex,68.55,68.55,D,1,97,0,5,0.8,US PL Sacramento Factory,"Sacramento, CA",shipper,low
1363,Liedkie Moving & Storage,68.55,68.55,D,1,97,0,5,0.8,US PL Saratoga Spring Factory,"Saratoga Springs, NY",shipper,low
1364,JAECO Orthopedics,68.55,68.55,D,1,97,0,5,0.8,US DC Hot Springs (WHSE),"Hot Springs, AR",shipper,low
1365,J J Rebar Corporation,68.55,68.55,D,1,97,0,5,0.8,US PL Sacramento Factory,"Sacramento, CA",shipper,low
1366,CHENBRO MICOM (USA) INC.,68.55,68.55,D,1,97,0,5,0.8,US PL Ontario Factory,"Ontario, CA",shipper,low
1367,Alpenglow Rail,68.55,68.55,D,1,97,0,5,0.8,US PL Denver Factory,"Denver, CO",shipper,low
1368,Dallas Transfer & Terminal Warehouse Company,68.55,68.55,C,1,79,33.3,5,7,US PL Dallas 2 Factory,"Dallas, TX",shipper,medium
1369,GLF E-Commerce Fulfillment,68.55,68.55,C,1,79,33.3,5,7,US PL Poland Spring Factory,"Lewiston, ME",3pl,medium
1370,Trans Global Auto Logistics,68.55,68.55,C,1,79,33.3,5,7,US PL Dallas 2 Factory,"Arlington, TX",3pl,medium
1371,CROSSROADS DISTRIBUTION CENTER,68.55,68.55,C,1,79,33.3,5,7,US PL Denver Factory,"Denver, CO",shipper,medium
1372,Marden's Distribution Center,68.55,54.53,C,2,79,33.3,5,7,US PL Poland Spring Factory,"Lewiston, ME",shipper,medium
1373,Lechi Foods,68.55,68.55,C,1,79,33.3,5,7,US PL Pasadena Factory,"La Porte, TX",shipper,low
1374,BMC Global Manufacturing,68.48,68.48,C,1,83,26.7,5,5.7,US PL Pasadena Factory,"Pasadena, TX",shipper,medium
1375,UFP Packaging,68.48,52.83,C,4,83,26.7,5,5.7,US PL Ontario Factory,"Rancho Cucamonga, CA",shipper,low
1376,C.W. Hayden Company Inc.,68.42,68.42,C,1,88,16,5,3.7,US PL Poland Spring Factory,"Auburn, ME",shipper,low
1377,"FutureGuard Building Products, Inc.",68.42,68.42,D,1,88,16,5,3.7,US PL Poland Spring Factory,"Auburn, ME",shipper,low
1378,Beauty Supply Warehouse,68.42,68.42,C,1,75,41.3,5,8.8,US PL Denver Factory,"Aurora, CO",shipper,medium
1379,Amazon SMF6,68.42,68.42,A,1,57,93.3,3,16.8,US PL Sacramento Factory,"Sacramento, CA",shipper,medium
1380,Northern Tool + Equipment Warehouse,68.41,68.41,C,1,79,33.3,5,7.1,US PL Dallas 2 Factory,"Arlington, TX",shipper,medium
1381,The Rock Warehouse - Wholesale Only,68.41,68.41,C,1,79,33.3,5,7.1,US PL Denver Factory,"Lakewood, CO",shipper,medium
1382,Restore Logistics,68.41,68.41,C,1,79,33.3,5,7.1,US PL Dallas 2 Factory,"Arlington, TX",3pl,medium
1383,GoodwillStockInc – Wholesale & Liquidation Warehouse,68.41,68.41,C,1,79,33.3,5,7.1,US PL Ontario Factory,"Chino, CA",shipper,medium
1384,Office Depot / Office Max Distribution Center,68.41,68.41,C,1,79,33.3,5,7.1,US PL Denver Factory,"Denver, CO",shipper,medium
1385,Catholic Charities - Food Distribution Center,68.41,53.94,C,3,79,33.3,5,7.1,US PL S Houston Factory,"Houston, TX",shipper,medium
1386,Arcade Church - Produce for All - Food Distribution Center,68.41,68.41,C,1,79,33.3,5,7.1,US PL Sacramento Factory,"Sacramento, CA",shipper,medium
1387,Colorado Independent Warehouse Show,68.41,68.41,C,1,79,33.3,5,7.1,US PL Denver Factory,"Lakewood, CO",shipper,medium
1388,Denver Intermodal Xpress,68.41,68.41,C,1,79,33.3,5,7.1,US PL Denver Factory,"Denver, CO",carrier,low
1389,Freight Express Shipping Corporation,68.41,68.41,C,1,79,33.3,5,7.1,US PL Ontario Factory,"Chino Hills, CA",shipper,low
1390,Lepage Bakery,68.41,68.41,C,1,79,33.3,5,7.1,US PL Poland Spring Factory,"Lewiston, ME",shipper,low
1391,UPS Ontario Ground Hub,68.37,68.37,D,1,97,0,5,0.9,US PL Ontario Factory,"Ontario, CA",parcel,low
1392,UPS West Coast Regional Air Hub,68.37,68.37,D,1,97,0,5,0.9,US PL Ontario Factory,"Ontario, CA",shipper,low
1393,Ashline Movers,68.37,68.37,D,1,97,0,5,0.9,US PL Saratoga Spring Factory,"Saratoga Springs, NY",shipper,low
1394,Loadsmith,68.37,68.37,D,1,97,0,5,0.9,US PL Denver Factory,"Denver, CO",shipper,low
1395,Aegis Aerospace,68.37,68.37,D,1,97,0,5,0.9,US PL Pasadena Factory,"Webster, TX",shipper,low
1396,Performance Mechanical,68.37,68.37,D,1,97,0,5,0.9,US PL Sacramento Factory,"Sacramento, CA",shipper,low
1397,ImpactLife,68.37,68.37,D,1,97,0,5,0.9,US PL Madison Factory,"Monona, WI",shipper,low
1398,Assemblies Unlimited Inc,68.37,68.37,D,1,97,0,5,0.9,US PL S Houston Factory,"Houston, TX",shipper,low
1399,ABE4 Amazon Fulfillment Center,68.3,68.3,A,1,46,93.3,5,23.3,US DC NFI - Breinigsville,"Easton, PA",3pl,high
1400,Amazon TPA3 Warehouse,68.3,68.3,A,1,46,93.3,5,23.3,US PL Zephyrhills Factory,"Auburndale, FL",shipper,high
1401,Bridgeway Logistics LLC,68.26,68.26,C,1,79,33.3,5,7.2,US PL S Houston Factory,"Houston, TX",3pl,medium
1402,Patriot Logistics,68.26,49.99,C,2,79,33.3,5,7.2,US PL Dallas 2 Factory,"Irving, TX",3pl,medium
1403,"Prime Cargo - Warehouse, Storage, Distribution and Cross Dock",68.26,68.26,C,1,79,33.3,5,7.2,US PL Greenwood Indiana,"Indianapolis, IN",shipper,medium
1404,Royal A logistics,68.26,68.26,C,1,79,33.3,5,7.2,US PL S Houston Factory,"Houston, TX",3pl,medium
1405,California Warehouse Association,68.26,68.26,C,1,79,33.3,5,7.2,US PL Sacramento Factory,"Sacramento, CA",shipper,medium
1406,Legacy Supply Chain,68.26,68.26,C,1,79,33.3,5,7.2,US PL Greenwood Indiana,"Franklin, IN",3pl,medium
1407,SEKO Logistics Houston,68.26,68.26,C,1,79,33.3,5,7.2,US PL S Houston Factory,"Houston, TX",3pl,medium
1408,Sacred Threads Warehouse,68.26,68.26,C,1,79,33.3,5,7.2,US PL High Springs Factory,"Alachua, FL",shipper,medium
1409,SC Fuels,68.26,68.26,C,1,79,33.3,5,7.2,US PL Ontario Factory,"Montclair, CA",shipper,low
1410,Keith Valley Packing Company - DFW,68.26,68.26,C,1,79,33.3,5,7.2,US PL Dallas 2 Factory,"Dallas, TX",shipper,low
1411,Amazon Fulfillment Center ONT6,68.21,68.21,A,1,46,93.3,5,23.4,US PL Ontario Factory,"Moreno Valley, CA",3pl,high
1412,WAHCA UPS Employee/Trailer entrance,68.2,68.2,D,1,97,0,5,1,US PL Ontario Factory,"Ontario, CA",shipper,low
1413,Calico Brands Inc,68.2,68.2,D,1,97,0,5,1,US PL Ontario Factory,"Ontario, CA",shipper,low
1414,Prime Conduit,68.2,68.2,D,1,97,0,5,1,US PL High Springs Factory,"High Springs, FL",shipper,low
1415,John Boyd Enterprises Inc,68.2,68.2,D,1,97,0,5,1,US PL Sacramento Factory,"Sacramento, CA",shipper,low
1416,"Angeles Precision Engineering, Inc.",68.2,68.2,D,1,97,0,5,1,US PL Ontario Factory,"Ontario, CA",shipper,low
1417,Ameriocean Overseas Lines,68.2,68.2,D,1,97,0,5,1,US PL Zephyrhills Factory,"Zephyrhills, FL",shipper,low
1418,Victory Packaging,68.18,68.18,C,1,86,20,5,4.6,US PL Ontario Factory,"Fontana, CA",shipper,low
1419,Domino's Pizza Colorado Distribution Supply Chain Center,68.12,68.12,C,1,78,33.3,5,7.3,US PL Denver Factory,"Denver, CO",3pl,medium
1420,Dominos Supply Warehouse,68.12,68.12,C,1,78,33.3,5,7.3,US PL Denver Factory,"Denver, CO",shipper,medium
1421,Asfar Distribution LLC,68.12,68.12,C,1,78,33.3,5,7.3,US PL Pasadena Factory,"Houston, TX",shipper,medium
1422,Cardinal Logistics,68.12,68.12,C,1,78,33.3,5,7.3,US PL Dallas 2 Factory,"Irving, TX",3pl,medium
1423,Perez Logistics Inc.,68.12,68.12,C,1,78,33.3,5,7.3,US PL S Houston Factory,"Houston, TX",3pl,medium
1424,The Warehouse,68.12,38.2,C,8,78,33.3,5,7.3,US PL S Houston Factory,"Houston, TX",shipper,medium
1425,Diva Logistics LLC,68.12,68.12,C,1,78,33.3,5,7.3,US PL Denver Factory,"Aurora, CO",3pl,medium
1426,Warehouse District,68.12,68.12,C,1,78,33.3,5,7.3,US PL S Houston Factory,"Houston, TX",shipper,medium
1427,Office Depot Warehouse,68.12,63.59,C,3,78,33.3,5,7.3,US PL Denver Factory,"Denver, CO",shipper,medium
1428,Warehouse Artist Lofts,68.12,68.12,C,1,78,33.3,5,7.3,US PL Sacramento Factory,"Sacramento, CA",shipper,medium
1429,CDC California Distribution Center,68.12,68.12,C,1,78,33.3,5,7.3,US PL Ontario Factory,"Chino, CA",shipper,medium
1430,Averitt Distribution & Fulfillment Center,68.12,67.77,C,2,78,33.3,5,7.3,US PL Pasadena Factory,"La Porte, TX",carrier,medium
1431,New England Public Warehouse,68.12,54.41,C,2,78,33.3,5,7.3,US PL Poland Spring Factory,"Lewiston, ME",shipper,medium
1432,Keith Williams Logistics LLC,68.12,68.12,C,1,78,33.3,5,7.3,US PL Hot Springs Factory,"Mountain Pine, AR",3pl,medium
1433,Dayton Freight - Madison,68.12,68.12,C,1,78,33.3,5,7.3,US PL Madison Factory,"Madison, WI",shipper,low
1434,Swift Mart,68.12,68.12,C,1,78,33.3,5,7.3,US PL Pasadena Factory,"La Porte, TX",carrier,low
1435,Chema Food Products,68.12,68.12,C,1,78,33.3,5,7.3,US PL S Houston Factory,"Houston, TX",shipper,low
1436,MarMac® Construction Products,68.07,68.07,D,1,99,16,3,0.4,US PL McBee Factory,"McBee, SC",shipper,low
1437,Costco Logistics Services,68.04,68.04,A,1,49,86.7,5,21.3,US PL Dallas 2 Factory,"Garland, TX",3pl,high
1438,Amazon ONT8,68.04,68.04,A,1,46,93.3,5,23.6,US PL Ontario Factory,"Moreno Valley, CA",shipper,medium
1439,R+L Carriers Norristown,68.04,68.04,A,1,46,93.3,5,23.6,US PL Allentown NPL Factory,"Hatfield, PA",shipper,medium
1440,"Purple Mountain Solutions, Inc. - MSN Terminal",68.02,68.02,D,1,96,0,5,1.1,US PL Madison Factory,"Madison, WI",shipper,medium
1441,"LUGDEN | Luggage Storage Denver",68.02,68.02,D,1,96,0,5,1.1,US PL Denver Factory,"Denver, CO",shipper,low
1442,Whittington Spring Fountain,68.02,68.02,D,1,96,0,5,1.1,US DC Hot Springs (WHSE),"Hot Springs, AR 71901, USA",shipper,low
1443,Advantage Engineering Inc.,68.02,68.02,D,1,96,0,5,1.1,US PL Greenwood Indiana,"Greenwood, IN",shipper,low
1444,Ross Clark Material Handling- RCMH,68.02,68.02,D,1,96,0,5,1.1,US PL Sacramento Factory,"Sacramento, CA",shipper,low
1445,Pacific Powder Coating,68.02,68.02,D,1,96,0,5,1.1,US PL Sacramento Factory,"Sacramento, CA",shipper,low
1446,Penhall Company Sacramento,68.02,68.02,D,1,96,0,5,1.1,US PL Sacramento Factory,"Sacramento, CA",shipper,low
1447,Transervice Logistics Inc.,67.98,67.98,C,1,78,33.3,5,7.4,US PL Denver Factory,"Denver, CO",3pl,medium
1448,King Sooper Distribution,67.98,67.98,C,1,78,33.3,5,7.4,US PL Denver Factory,"Denver, CO",shipper,medium
1449,Best Little Warehouse In Texas,67.98,67.98,C,1,78,33.3,5,7.4,US PL Dallas 2 Factory,"Irving, TX",shipper,medium
1450,Total Quality Logistics,67.98,45.09,C,7,78,33.3,5,7.4,US PL Denver Factory,"Denver, CO",3pl,medium
1451,DB SCHENKER LOGISTICS,67.98,67.98,C,1,78,33.3,5,7.4,US PL Saratoga Spring Factory,"Malta, NY",3pl,medium
1452,"Hellmann Worldwide Logistics- Indianapolis, IN Division",67.98,67.98,C,1,78,33.3,5,7.4,US PL Greenwood Indiana,"Indianapolis, IN",3pl,medium
1453,Windigo Logistics,67.98,67.98,C,1,78,33.3,5,7.4,US PL Denver Factory,"Denver, CO",3pl,medium
1454,The Dough Co.,67.98,67.98,C,1,78,33.3,5,7.4,US PL Poland Spring Factory,"Lewiston, ME",shipper,low
1455,Amazon HOU1,67.96,67.96,A,1,45,93.3,5,23.7,US PL S Houston Factory,"Humble, TX",shipper,medium
1456,Michigan Milk Producers Association,67.94,67.94,C,1,89,33.3,3,3.5,US PL Mecosta Factory,"Remus, MI",shipper,low
1457,TransEdge Truck Centers,67.88,67.88,C,1,82,26.7,5,6.1,US DC NFI - Breinigsville,"Allentown, PA",shipper,low
1458,Premier Product Management Inc,67.84,67.84,D,1,96,0,5,1.2,US PL Sacramento Factory,"Sacramento, CA",shipper,low
1459,Midwest Refrigerated Services,67.84,67.84,D,1,96,0,5,1.2,US PL Madison Factory,"Madison, WI",shipper,low
1460,"Owen Thomas, Inc.",67.84,67.84,D,1,96,0,5,1.2,US PL Zephyrhills Factory,"Zephyrhills, FL",shipper,low
1461,Liberty Business Center,67.84,67.84,D,1,96,0,5,1.2,US PL Allentown NPL Factory,"Mertztown, PA",shipper,low
1462,Northwoods Cheese Co LLC,67.84,67.84,D,1,96,0,5,1.2,US PL Madison Factory,"Madison, WI",shipper,low
1463,Natura Life + Science,67.84,67.84,D,1,96,0,5,1.2,US PL Sacramento Factory,"Sacramento, CA",shipper,low
1464,Schenker Inc,67.84,67.84,D,1,96,0,5,1.2,US PL Denver Factory,"Denver, CO 80202, USA",shipper,low
1465,Michaels,67.83,67.83,D,1,92,8,5,2.6,US DC Hot Springs (WHSE),"Hot Springs, AR",shipper,low
1466,Ace Hardware Distribution Center,67.83,59.63,C,2,78,33.3,5,7.5,US PL Saratoga Spring Factory,"Gansevoort, NY",shipper,medium
1467,ADS Logistics,67.83,67.83,C,1,78,33.3,5,7.5,US PL Dallas 2 Factory,"Arlington, TX",3pl,medium
1468,Elite Warehousing and Fulfillment,67.83,67.69,C,2,78,33.3,5,7.5,US PL Denver Factory,"Denver, CO",3pl,medium
1469,7-Up Bottling San Francisco,67.83,41.73,C,2,78,33.3,5,7.5,US PL Sacramento Factory,"Sacramento, CA",shipper,medium
1470,Alameda Trading PLC,67.83,67.83,C,1,78,33.3,5,7.5,US PL Denver Factory,"Aurora, CO",shipper,low
1471,Z-Foods,67.83,67.83,C,1,78,33.3,5,7.5,US PL Sacramento Factory,"Sacramento, CA",shipper,low
1472,Lincoln Manufacturing / All American Inflatables,67.73,67.73,C,1,81,26.7,5,6.2,US PL S Houston Factory,"Houston, TX",shipper,medium
1473,Zahner Dallas Manufacturing Facility,67.73,67.73,C,1,81,26.7,5,6.2,US PL Dallas 2 Factory,"Grand Prairie, TX",shipper,medium
1474,Silgan Containers LLC,67.71,67.71,C,1,85,20,5,4.9,US PL Sacramento Factory,"Sacramento, CA",shipper,low
1475,Monument Chemical Bayport,67.71,67.71,C,1,85,20,5,4.9,US PL Pasadena Factory,"Pasadena, TX",shipper,low
1476,Friendly Public Warehouse,67.69,67.69,C,1,78,33.3,5,7.6,US PL S Houston Factory,"Houston, TX",shipper,medium
1477,Arnoff Global Logistics Malta,67.69,67.69,C,1,78,33.3,5,7.6,US PL Saratoga Spring Factory,"Ballston Spa, NY",3pl,medium
1478,J&J WAREHOUSE,67.69,67.69,C,1,78,33.3,5,7.6,US PL Ontario Factory,"Chino, CA",shipper,medium
1479,DallasWarehouse.com E Shady Grove Irving - Warehouse & Storage,67.69,67.69,C,1,78,33.3,5,7.6,US PL Dallas 2 Factory,"Irving, TX",shipper,medium
1480,Orange Furniture Warehouse,67.69,67.69,C,1,78,33.3,5,7.6,US PL Pasadena Factory,"Pasadena, TX",shipper,medium
1481,Water Warehouse,67.69,67.69,C,1,78,33.3,5,7.6,US PL Sacramento Factory,"Elk Grove, CA",shipper,medium
1482,Houston Refrigerated Logistics,67.69,67.69,C,1,78,33.3,5,7.6,US PL S Houston Factory,"Houston, TX",3pl,medium
1483,Belmar Integrated Logistics,67.69,67.69,C,1,78,33.3,5,7.6,US PL Dallas 2 Factory,"Dallas, TX",3pl,medium
1484,OTC – Logistics,67.69,67.69,C,1,78,33.3,5,7.6,US PL S Houston Factory,"Houston, TX",3pl,medium
1485,7-Up & Dr. Pepper Beverage Distributors,67.69,67.69,C,1,78,33.3,5,7.6,US PL Sacramento Factory,"Sacramento, CA",shipper,low
1486,Truckomat of Indianapolis,67.69,67.69,C,1,78,33.3,5,7.6,US PL Greenwood Indiana,"Indianapolis, IN",shipper,low
1487,Dallas USA Foods,67.69,67.69,C,1,78,33.3,5,7.6,US PL Dallas 2 Factory,"Dallas, TX",shipper,low
1488,"CMC Foods, Inc.",67.69,67.69,C,1,78,33.3,5,7.6,US DC Hot Springs (WHSE),"Hot Springs, AR",shipper,low
1489,CVS Warehouse Distribution Center,67.68,67.68,A,1,49,86.7,5,21.7,US PL S Houston Factory,"Houston, TX",shipper,high
1490,PODS Moving & Storage,67.67,67.15,D,2,96,0,5,1.3,US PL Madison Factory,"Madison, WI",shipper,low
1491,Electrolux Products Inc,67.67,67.67,D,1,96,0,5,1.3,US PL Ontario Factory,"Ontario, CA",shipper,low
1492,C Cross Transport,67.67,67.67,D,1,96,0,5,1.3,US DC Hot Springs (WHSE),"Hot Springs, AR",carrier,low
1493,MHF FURNITURE OUTLET,67.67,67.67,D,1,96,0,5,1.3,US PL Madison Factory,"Madison, WI",shipper,low
1494,Capital Express Lines,67.67,67.67,D,1,96,0,5,1.3,US PL Sacramento Factory,"Sacramento, CA",shipper,low
1495,Inline Plastics Inc,67.67,67.67,D,1,96,0,5,1.3,US PL Ontario Factory,"Ontario, CA",shipper,low
1496,Mid-South Engineering Co,67.67,67.67,D,1,96,0,5,1.3,US DC Hot Springs (WHSE),"Hot Springs, AR",shipper,low
1497,G&O Thermal Supply,67.67,67.67,D,1,96,0,5,1.3,US PL Madison Factory,"Madison, WI",shipper,low
1498,Transparent BrokerageLLC,67.67,67.67,D,1,96,0,5,1.3,US PL Zephyrhills Factory,"Zephyrhills, FL",shipper,low
1499,Best Carrier Tampa Warehouse & Transload,67.63,67.63,A,1,45,93.3,5,24.1,US PL Zephyrhills Factory,"Lakeland, FL",shipper,high
1500,Malta Warehouse 302,67.55,67.55,C,1,77,33.3,5,7.7,US PL Saratoga Spring Factory,"Malta, NY",shipper,medium
1501,Ball - Denver Warehouse,67.55,67.55,C,1,77,33.3,5,7.7,US PL Denver Factory,"Denver, CO",shipper,medium
1502,TMSI East Warehouse,67.55,67.55,C,1,77,33.3,5,7.7,US PL Denver Factory,"Denver, CO",shipper,medium
1503,Hawthorne Warehouse,67.55,67.55,C,1,77,33.3,5,7.7,US PL Pasadena Factory,"La Porte, TX",shipper,medium
1504,Allentown AutoParts Warehouse,67.55,67.55,C,1,77,33.3,5,7.7,US DC NFI - Breinigsville,"Allentown, PA",shipper,medium
1505,Triumph Logistics,67.55,67.55,C,1,77,33.3,5,7.7,US DC Hot Springs (WHSE),"Hot Springs, AR",3pl,medium
1506,Craft Canning and Bottling,67.55,67.55,C,1,77,33.3,5,7.7,US PL Denver Factory,"Commerce City, CO",shipper,medium
1507,Flavor Source Food Blending/Kerry Ingredients,67.55,67.55,C,1,77,33.3,5,7.7,US DC Hot Springs (WHSE),"Hot Springs, AR",shipper,low
1508,All American Seasonings,67.55,67.55,C,1,77,33.3,5,7.7,US PL Denver Factory,"Denver, CO",shipper,low
1509,California Food Producers,67.55,67.55,C,1,77,33.3,5,7.7,US PL Sacramento Factory,"Sacramento, CA",shipper,low
1510,Auburn Harbor Freight,67.55,67.55,C,1,77,33.3,5,7.7,US PL Poland Spring Factory,"Auburn, ME 04210, USA",shipper,low
1511,Cargo Transport Inc,67.49,67.49,D,1,95,0,5,1.4,US PL Madison Factory,"Madison, WI",carrier,low
1512,Dr Pepper Snapple Group,67.49,47.41,C,5,95,0,5,1.4,US PL S Houston Factory,"Houston, TX",shipper,low
1513,Piping Technology & Products Inc‎,67.49,67.49,D,1,95,0,5,1.4,US PL S Houston Factory,"Houston, TX",shipper,low
1514,"MCD, Inc.",67.49,67.49,D,1,95,0,5,1.4,US PL Madison Factory,"Madison, WI",shipper,low
1515,Bou Matic LLC,67.49,67.49,D,1,95,0,5,1.4,US PL Madison Factory,"Madison, WI",shipper,low
1516,UFP Technologies,67.49,67.49,D,1,95,0,5,1.4,US PL Denver Factory,"Denver, CO",shipper,low
1517,Amazon AFW1,67.47,67.47,A,1,44,93.3,5,24.3,US PL Dallas 2 Factory,"Fort Worth, TX",shipper,medium
1518,HAL1 Amazon,67.47,67.47,A,1,44,93.3,5,24.3,US PL Saratoga Spring Factory,"Albany, NY",shipper,medium
1519,Venture Logistics,67.41,67.41,C,1,77,33.3,5,7.8,US PL Greenwood Indiana,"Indianapolis, IN",3pl,medium
1520,QuickBox Fulfillment - Denver,67.41,65.13,C,2,77,33.3,5,7.8,US PL Denver Factory,"Denver, CO",3pl,medium
1521,Standard Logistics Transportation,67.41,67.41,C,1,77,33.3,5,7.8,US PL Dallas 2 Factory,"Dallas, TX",3pl,medium
1522,Apple Inc - Distribution Center - Building B,67.41,67.41,C,1,77,33.3,5,7.8,US PL Sacramento Factory,"Elk Grove, CA",shipper,medium
1523,Potters House - Food Distribution Center,67.41,67.41,C,1,77,33.3,5,7.8,US PL Sacramento Factory,"Sacramento, CA",shipper,medium
1524,Texas Shelving Warehouse,67.41,67.41,C,1,77,33.3,5,7.8,US PL S Houston Factory,"Houston, TX",shipper,medium
1525,Explore Logistics,67.41,67.41,C,1,77,33.3,5,7.8,US PL S Houston Factory,"Houston, TX",3pl,medium
1526,Mchard Mart,67.41,67.41,C,1,77,33.3,5,7.8,US PL S Houston Factory,"Houston, TX",shipper,low
1527,BIOIONIX LLC,67.41,67.41,C,1,77,33.3,5,7.8,US PL Madison Factory,"Fitchburg, WI",shipper,low
1528,Pretium Packaging,67.4,40.63,C,2,84,20,5,5.1,US PL Ontario Factory,"Chino, CA",shipper,low
1529,RENOSY by Renters Warehouse Denver,67.35,67.35,C,1,75,37.3,5,8.7,US PL Denver Factory,"Lakewood, CO",shipper,medium
1530,iStorage,67.32,58.72,D,2,95,0,5,1.5,US PL High Springs Factory,"High Springs, FL",shipper,low
1531,Shopbop Fullfillment Center MSN5,67.32,67.32,D,1,95,0,5,1.5,US PL Madison Factory,"Madison, WI",shipper,low
1532,U-Pack,67.32,64.44,D,2,95,0,5,1.5,US PL Madison Factory,"Madison, WI",shipper,low
1533,Poland spring,67.32,67.32,D,1,95,0,5,1.5,US PL Poland Spring Factory,"Poland, ME",shipper,low
1534,Capital District Transport,67.32,67.32,D,1,95,0,5,1.5,US PL Saratoga Spring Factory,"Saratoga Springs, NY",carrier,low
1535,G K Discount Liquor,67.32,67.32,D,1,95,0,5,1.5,US PL Sacramento Factory,"Sacramento, CA",shipper,low
1536,Endress+Hauser USA,67.32,67.32,D,1,95,0,5,1.5,US PL Greenwood Indiana,"Greenwood, IN",shipper,low
1537,Hydra Warehouss,67.32,67.32,D,1,95,0,5,1.5,US PL Sacramento Factory,"Sacramento, CA",shipper,low
1538,GAC Shipping Agency,67.32,67.32,D,1,95,0,5,1.5,US PL Pasadena Factory,"Houston, TX",shipper,low
1539,Akra Plastic Products,67.32,67.32,D,1,95,0,5,1.5,US PL Ontario Factory,"Ontario, CA",shipper,low
1540,Lowe’s distribution center,67.3,47.58,A,7,44,93.3,5,17.6,US PL Ontario Factory,"Perris, CA",shipper,high
1541,Renovation Manufacturing,67.29,67.29,C,1,81,26.7,5,6.5,US PL S Houston Factory,"Houston, TX",shipper,medium
1542,Vistar Distribution Center - Dallas/Fort Worth,67.27,67.27,C,1,77,33.3,5,7.9,US PL Dallas 2 Factory,"Arlington, TX",shipper,medium
1543,"eShipping Distribution Services - Arlington, TX",67.27,67.27,C,1,77,33.3,5,7.9,US PL Dallas 2 Factory,"Arlington, TX",3pl,medium
1544,Delta Warehouse,67.27,67.27,C,1,77,33.3,5,7.9,US PL Ontario Factory,"Fontana, CA 92337, USA",shipper,medium
1545,Schweikhardt St Warehouse,67.27,67.27,C,1,77,33.3,5,7.9,US PL S Houston Factory,"Houston, TX",shipper,medium
1546,Lava Fulfillments,67.27,67.27,C,1,77,33.3,5,7.9,US PL Sacramento Factory,"Rancho Cordova, CA",shipper,medium
1547,SKECHERS Warehouse Outlet,67.27,43.24,C,4,77,33.3,5,7.9,US PL Sacramento Factory,"Elk Grove, CA",shipper,medium
1548,Broussard Logistics LLC,67.27,67.27,C,1,77,33.3,5,7.9,US PL S Houston Factory,"Houston, TX",3pl,medium
1549,Agile Logistics Group INC.,67.27,67.27,C,1,77,33.3,5,7.9,US PL Sacramento Factory,"Rancho Cordova, CA",3pl,medium
1550,"A Better Moving & Storage Co., Inc",67.27,67.27,C,1,77,33.3,5,7.9,US PL Sacramento Factory,"Carmichael, CA",shipper,low
1551,Mezban,67.27,67.27,C,1,77,33.3,5,7.9,US PL Dallas 2 Factory,"Dallas, TX",shipper,low
1552,"Gourmet Foods International - Denver, CO",67.27,67.27,C,1,77,33.3,5,7.9,US PL Denver Factory,"Denver, CO",shipper,low
1553,Lan Huong Packaging,67.25,67.25,C,1,84,20,5,5.2,US PL Sacramento Factory,"Sacramento, CA",shipper,low
1554,Warehouse 72,67.21,67.21,C,1,72,41.3,5,9.7,US PL S Houston Factory,"Houston, TX",shipper,medium
1555,Premier Storage - Hot Springs Village,67.14,67.14,D,1,95,0,5,1.6,US PL Hot Springs Factory,"Hot Springs Village, AR",shipper,low
1556,Smart Warehousing,67.14,40.28,D,3,95,0,5,1.6,US PL Ontario Factory,"Ontario, CA",3pl,low
1557,Cp rail yard,67.14,67.14,D,1,95,0,5,1.6,US PL Saratoga Spring Factory,"Saratoga Springs, NY",shipper,low
1558,NOT JUST SHIPPING,67.14,67.14,D,1,95,0,5,1.6,US PL Hot Springs Factory,"Hot Springs Village, AR",shipper,low
1559,Kwik Stop,67.14,67.14,D,1,95,0,5,1.6,US DC Hot Springs (WHSE),"Hot Springs, AR",shipper,low
1560,Wisconsin Foam Products Inc.,67.14,67.14,D,1,95,0,5,1.6,US PL Madison Factory,"Madison, WI",shipper,low
1561,OnTrac Drop Box,67.14,67.14,D,1,95,0,5,1.6,US PL Sacramento Factory,"Sacramento, CA",parcel,low
1562,Fast O flip,67.14,67.14,D,1,95,0,5,1.6,US PL Pasadena Factory,"Webster, TX",shipper,low
1563,Move-o-Flex,67.14,67.14,D,1,95,0,5,1.6,US PL Pasadena Factory,"Webster, TX",shipper,low
1564,Rice Precision Manufacturing,67.14,67.14,C,1,80,26.7,5,6.6,US PL S Houston Factory,"Houston, TX",shipper,medium
1565,Chrysler Mopar Parts Distribution Center,67.13,67.13,C,1,77,33.3,5,8,US PL Denver Factory,"Denver, CO",shipper,medium
1566,Complete Logistics Co,67.13,67.13,C,1,77,33.3,5,8,US PL Ontario Factory,"Fontana, CA",3pl,medium
1567,Excel logistics,67.13,67.13,C,1,77,33.3,5,8,US PL S Houston Factory,"Houston, TX",3pl,medium
1568,Fashion Warehouse,67.13,49.45,C,2,77,33.3,5,8,US PL S Houston Factory,"Houston, TX",shipper,medium
1569,"Keller Warehousing & Distribution, LLC An affiliate KELLER LOGISTICS GROUP",67.13,67.13,C,1,77,33.3,5,8,US PL S Houston Factory,"Houston, TX",3pl,medium
1570,SEKO Logistics Denver,67.13,67.13,C,1,77,33.3,5,8,US PL Denver Factory,"Aurora, CO",3pl,medium
1571,Niagara 3HX Keller Warehouse,67.13,67.13,C,1,77,33.3,5,8,US PL S Houston Factory,"Houston, TX",shipper,medium
1572,"Freight Ninja Truck & Trailer Parking - Houston, TX",67.13,67.13,C,1,77,33.3,5,8,US PL S Houston Factory,"Houston, TX",shipper,low
1573,JRS Custom Food Trucks & Trailers,67.13,67.13,C,1,77,33.3,5,8,US PL S Houston Factory,"Houston, TX",shipper,low
1574,Grace,67.09,67.09,D,1,84,20,5,5.3,US PL Pasadena Factory,"Pasadena, TX",shipper,low
1575,Big Liquor Warehouse,67.08,67.08,C,1,74,37.3,5,8.9,US PL Denver Factory,"Aurora, CO",shipper,medium
1576,Kroger Logistics Receiving,67.05,67.05,A,1,58,86.7,3,16.2,US PL Greenwood Indiana,"Shelbyville, IN",3pl,high
1577,Flash Factory,66.99,66.99,C,1,80,26.7,5,6.7,US PL Sacramento Factory,"Sacramento, CA",shipper,low
1578,U.S. Vanadium,66.99,66.99,C,1,80,26.7,5,6.7,US DC Hot Springs (WHSE),"Hot Springs, AR",shipper,low
1579,Waitex-West Coast Warehouse,66.99,66.99,C,1,76,33.3,5,8.1,US PL Ontario Factory,"Fontana, CA",shipper,medium
1580,Rancho Cordova Wholesale Distribution,66.99,66.99,C,1,76,33.3,5,8.1,US PL Sacramento Factory,"Rancho Cordova, CA",shipper,medium
1581,Eco Logistics Inc,66.99,66.99,C,1,76,33.3,5,8.1,US PL Denver Factory,"Denver, CO",3pl,medium
1582,Fulfillment,66.99,66.99,C,1,76,33.3,5,8.1,US PL Sacramento Factory,"Elk Grove, CA",3pl,medium
1583,Liquor Warehouse,66.99,42.81,C,3,76,33.3,5,8.1,US PL Dallas 2 Factory,"Arlington, TX",shipper,medium
1584,GHRA Warehouse and Distribution Center,66.99,66.99,C,1,76,33.3,5,8.1,US PL S Houston Factory,"Houston, TX",shipper,medium
1585,Rexel - Distribution Center,66.99,66.99,C,1,76,33.3,5,8.1,US PL Denver Factory,"Denver, CO",shipper,medium
1586,Ken's Custom Meat Processing,66.99,66.99,C,1,76,33.3,5,8.1,US PL Hollis Factory,"Biddeford, ME",shipper,medium
1587,Northann Distribution Center Inc.,66.99,66.99,C,1,76,33.3,5,8.1,US PL Sacramento Factory,"Elk Grove, CA",shipper,medium
1588,"Relay Distribution - E-Commerce Fulfillment Houston, Texas",66.99,66.99,C,1,76,33.3,5,8.1,US PL S Houston Factory,"Houston, TX",3pl,medium
1589,"Food Solutions, Inc.",66.99,66.99,C,1,76,33.3,5,8.1,US PL Denver Factory,"Denver, CO",shipper,low
1590,Next Level Resource Partners,66.97,66.97,D,1,94,0,5,1.7,US PL Denver Factory,"Denver, CO",shipper,low
1591,UPS,66.97,62.4,C,4,94,0,5,1.7,US PL Madison Factory,"Madison, WI",shipper,low
1592,Nolan Transportation Group (NTG) - Denver,66.97,66.97,D,1,94,0,5,1.7,US PL Denver Factory,"Denver, CO",shipper,low
1593,Hope Farms Urban Agricultural Showcase and Training Center - Recipe for Success,66.97,66.97,D,1,94,0,5,1.7,US PL S Houston Factory,"Houston, TX",shipper,low
1594,Wessels Company,66.97,66.97,D,1,94,0,5,1.7,US PL Greenwood Indiana,"Greenwood, IN",shipper,low
1595,Universal Presentation Concepts,66.97,66.97,D,1,94,0,5,1.7,US PL Madison Factory,"Madison, WI",shipper,low
1596,Appliance Warehouse,66.94,57.87,C,3,72,41.3,5,9.9,US PL Sacramento Factory,"Sacramento, CA",shipper,medium
1597,Americold Logistics Hatfield,66.91,66.91,A,1,45,90.7,5,24,US PL Allentown NPL Factory,"Hatfield, PA",3pl,high
1598,Florida Wholesale Liquidation,66.85,66.85,C,1,80,26.7,5,6.8,US PL High Springs Factory,"Alachua, FL",shipper,low
1599,Essendant - Oaks Distribution Center,66.85,51.63,C,7,76,33.3,5,8.2,US PL Dallas 2 Factory,"Grand Prairie, TX",shipper,medium
1600,Warehouse by Design,66.85,66.85,C,1,76,33.3,5,8.2,US PL Denver Factory,"Denver, CO",shipper,medium
1601,Houston Warehouse,66.85,66.85,C,1,76,33.3,5,8.2,US PL S Houston Factory,"Houston, TX",shipper,medium
1602,Off Road Warehouse,66.85,54.58,C,2,76,33.3,5,8.2,US PL Denver Factory,"Denver, CO",shipper,medium
1603,Sacramento Hot Tub Warehouse,66.85,66.85,C,1,76,33.3,5,8.2,US PL Sacramento Factory,"Rancho Cordova, CA",shipper,medium
1604,Rize warehouse,66.85,66.85,C,1,76,33.3,5,8.2,US PL S Houston Factory,"Houston, TX",shipper,medium
1605,Central Pacific Railroad Freight Depot,66.85,66.85,C,1,76,33.3,5,8.2,US PL Sacramento Factory,"Sacramento, CA",shipper,medium
1606,APL Logistics,66.85,66.85,C,1,76,33.3,5,8.2,US PL Dallas 2 Factory,"Grand Prairie, TX",3pl,medium
1607,Himal Logistics,66.85,66.85,C,1,76,33.3,5,8.2,US PL Dallas 2 Factory,"Grand Prairie, TX",3pl,medium
1608,BE. Logistics LLC,66.85,66.85,C,1,76,33.3,5,8.2,US PL S Houston Factory,"Houston, TX",3pl,medium
1609,Florida food service Ben E Keith Foods Florida,66.84,66.84,A,1,49,82.7,5,21.3,US PL High Springs Factory,"Gainesville, FL",shipper,high
1610,Majestic Terminal Services Office,66.8,66.8,D,1,94,0,5,1.8,US PL Ontario Factory,"Ontario, CA",shipper,medium
1611,Acuity Brands Inc,66.8,66.8,D,1,94,0,5,1.8,US PL Ontario Factory,"Ontario, CA",shipper,low
1612,GoPuff South,66.8,66.8,D,1,94,0,5,1.8,US PL Denver Factory,"Denver, CO",shipper,low
1613,The Honest company,66.8,66.8,D,1,94,0,5,1.8,US DC NFI - Breinigsville,"Breinigsville, PA",shipper,low
1614,Cold Nose Lodge,66.8,66.8,D,1,94,0,5,1.8,US PL Allentown NPL Factory,"Alburtis, PA",shipper,low
1615,Duralum Products Inc,66.8,66.8,D,1,94,0,5,1.8,US PL Sacramento Factory,"Sacramento, CA",shipper,low
1616,Pacific Pride Commercial Fueling,66.8,66.8,D,1,94,0,5,1.8,US PL Sacramento Factory,"Sacramento, CA",shipper,low
1617,Cryogene Lab,66.8,66.8,D,1,94,0,5,1.8,US PL S Houston Factory,"Houston, TX",shipper,low
1618,Soestern Packaging,66.79,66.79,C,1,83,20,5,5.5,US PL Ontario Factory,"Chino, CA",shipper,low
1619,Kohl's Distribution eFulfillment Center,66.71,66.71,C,1,76,33.3,5,8.3,US PL Dallas 2 Factory,"DeSoto, TX",shipper,medium
1620,Rich Logistics,66.71,45.99,C,3,76,33.3,5,8.3,US PL Dallas 2 Factory,"Dallas, TX",3pl,medium
1621,"Empire Warehouse, INC.",66.71,66.71,C,1,76,33.3,5,8.3,US PL Denver Factory,"Denver, CO",shipper,medium
1622,Mile High Delivery & Cold Storage,66.71,66.71,C,1,76,33.3,5,8.3,US PL Denver Factory,"Denver, CO",shipper,medium
1623,ThredUp Distribution Center,66.71,66.71,C,1,76,33.3,5,8.3,US PL Dallas 2 Factory,"Lancaster, TX",shipper,medium
1624,Richardson warehouse,66.71,66.71,C,1,76,33.3,5,8.3,US PL S Houston Factory,"Houston, TX",shipper,medium
1625,Wheels Assured Logistics LLC,66.71,66.71,C,1,76,33.3,5,8.3,US PL Greenwood Indiana,"Indianapolis, IN",3pl,medium
1626,Davinci Micro Fulfillment,66.71,66.71,C,1,76,33.3,5,8.3,US PL Denver Factory,"Denver, CO",3pl,medium
1627,Set Logistics Llc,66.71,66.71,C,1,76,33.3,5,8.3,US PL Madison Factory,"Middleton, WI",3pl,medium
1628,Ditta Meat Food Service Company,66.71,66.71,C,1,76,33.3,5,8.3,US PL Pasadena Factory,"Pasadena, TX",shipper,medium
1629,AprilAire Westport Distribution Center,66.71,66.71,C,1,76,33.3,5,8.3,US PL Madison Factory,"Madison, WI",shipper,medium
1630,Sacramento Cookie Factory,66.71,66.71,C,1,76,33.3,5,8.3,US PL Sacramento Factory,"Sacramento, CA",shipper,low
1631,Sienna Sauce,66.71,66.71,C,1,76,33.3,5,8.3,US PL S Houston Factory,"Houston, TX",shipper,low
1632,"County Fair Foods, Inc.",66.71,66.71,C,1,76,33.3,5,8.3,US PL Dallas 2 Factory,"Arlington, TX",shipper,low
1633,CROSSDOCK SACRAMENTO,66.71,66.71,C,1,76,33.3,5,8.3,US PL Sacramento Factory,"Sacramento, CA",shipper,low
1634,Davis Manufacturing Company,66.7,66.7,C,1,79,26.7,5,6.9,US PL Denver Factory,"Wheat Ridge, CO",shipper,medium
1635,Bell Laboratories - Mfg Building 1,66.67,66.67,D,1,85,16,5,4.8,US PL Madison Factory,"Madison, WI",shipper,low
1636,Quality Packaging,66.63,66.33,C,3,83,20,5,5.6,US PL Dallas 2 Factory,"Grand Prairie, TX",shipper,low
1637,Us Distributing Inc,66.62,66.62,D,1,94,0,5,1.9,US PL Denver Factory,"Denver, CO",shipper,low
1638,Us Oil,66.62,66.62,D,1,94,0,5,1.9,US PL Madison Factory,"McFarland, WI",shipper,low
1639,"Going, Going, Gone!",66.62,66.62,D,1,94,0,5,1.9,US PL Pasadena Factory,"Webster, TX",shipper,low
1640,RaynGuard Protective Materials,66.62,66.62,D,1,94,0,5,1.9,US PL Sacramento Factory,"Sacramento, CA",shipper,low
1641,Saffi Saana,66.62,66.62,D,1,94,0,5,1.9,US PL Madison Factory,"Madison, WI",shipper,low
1642,Amazon UTX7,66.59,66.59,A,1,43,93.3,5,25.4,US PL Dallas 2 Factory,"Fort Worth, TX",shipper,medium
1643,Xero Shoes Store and Fulfillment Center,66.57,66.57,C,1,76,33.3,5,8.4,US PL Denver Factory,"Denver, CO",3pl,medium
1644,Global Industrial Distribution Inc.,66.57,66.57,C,1,76,33.3,5,8.4,US PL Dallas 2 Factory,"DeSoto, TX",shipper,medium
1645,"Waddington North America, A Novolex Brand (Warehouse)",66.57,66.57,C,1,76,33.3,5,8.4,US PL Dallas 2 Factory,"DeSoto, TX",shipper,medium
1646,CANRIG Lockwood Warehouse,66.57,66.57,C,1,76,33.3,5,8.4,US PL S Houston Factory,"Houston, TX",shipper,medium
1647,Tyler warehouse,66.57,66.57,C,1,76,33.3,5,8.4,US PL Hawkins Factory,"Tyler, TX",shipper,medium
1648,Klosterman Baking Company Fresh Distribution- Indianapolis,66.57,66.57,C,1,76,33.3,5,8.4,US PL Greenwood Indiana,"Indianapolis, IN",shipper,medium
1649,Naderi deals liquidation warehouse,66.57,66.57,C,1,76,33.3,5,8.4,US PL Sacramento Factory,"Sacramento, CA",shipper,medium
1650,Union Gospel Mission - Food Distribution Center,66.57,66.57,C,1,76,33.3,5,8.4,US PL Sacramento Factory,"Sacramento, CA",shipper,medium
1651,Bradford Global Logistics,66.57,66.57,C,1,76,33.3,5,8.4,US PL S Houston Factory,"Houston, TX",3pl,medium
1652,LT Foods Americas,66.57,66.57,C,1,76,33.3,5,8.4,US PL S Houston Factory,"Missouri City, TX",shipper,low
1653,Allen Manufacturing,66.55,66.55,C,1,79,26.7,5,7,US PL Poland Spring Factory,"Lewiston, ME",shipper,medium
1654,USA Truck,66.55,38.96,C,5,79,26.7,5,7,US PL S Houston Factory,"Houston, TX",shipper,medium
1655,G&G Industrial Lighting,66.55,66.55,C,1,79,26.7,5,7,US PL Saratoga Spring Factory,"Malta, NY",shipper,low
1656,Delek Logistics,66.5,66.5,C,1,86,33.3,3,4.4,US PL Hawkins Factory,"Big Sandy, TX",3pl,medium
1657,"Warehouse Wine, Liquor & Cigars",66.46,66.46,A,1,62,77.3,3,14.2,US PL Zephyrhills Factory,"Lutz, FL",shipper,high
1658,Mini Mall Storage - Hot Springs,66.45,66.45,D,1,94,0,5,2,US DC Hot Springs (WHSE),"Hot Springs, AR",shipper,low
1659,Pride Transport Drop Yard,66.45,66.45,D,1,94,0,5,2,US PL Ontario Factory,"Ontario, CA",carrier,low
1660,MedXwaste-NY,66.45,66.45,D,1,94,0,5,2,US PL Saratoga Spring Factory,"Saratoga Springs, NY",shipper,low
1661,Mcfarland HWY 51 Warehousing,66.45,66.45,D,1,94,0,5,2,US PL Madison Factory,"McFarland, WI",3pl,low
1662,KIK Custom Products,66.45,66.45,D,1,94,0,5,2,US PL S Houston Factory,"Houston, TX",shipper,low
1663,Sacramento Spring Inc.,66.45,66.45,D,1,94,0,5,2,US PL Sacramento Factory,"Sacramento, CA",shipper,low
1664,Zephyrhills Mover's,66.45,66.45,D,1,94,0,5,2,US PL Zephyrhills Factory,"Zephyrhills, FL",shipper,low
1665,Flint Hills Resources,66.45,66.45,D,1,94,0,5,2,US PL Madison Factory,"McFarland, WI",shipper,low
1666,Venture Logistics Rail Warehouse,66.43,66.43,C,1,75,33.3,5,8.5,US PL Greenwood Indiana,"Indianapolis, IN",3pl,medium
1667,ACME Distribution,66.43,49.18,C,2,75,33.3,5,8.5,US PL Denver Factory,"Denver, CO",shipper,medium
1668,Gefran Cargo CrossDock & Warehouse,66.43,66.43,C,1,75,33.3,5,8.5,US PL Dallas 2 Factory,"Grand Prairie, TX",shipper,medium
1669,Doka Distribution Center North America Ltd.,66.43,66.43,C,1,75,33.3,5,8.5,US PL S Houston Factory,"Houston, TX",shipper,medium
1670,Pasadena Liquor Warehouse,66.43,66.43,C,1,75,33.3,5,8.5,US PL Pasadena Factory,"Pasadena, TX",shipper,medium
1671,Dish Distribution Center,66.43,66.43,C,1,75,33.3,5,8.5,US PL Denver Factory,"Denver, CO",shipper,medium
1672,Extra Transportation & Logistics Inc.,66.43,66.43,C,1,75,33.3,5,8.5,US PL Greenwood Indiana,"Indianapolis, IN",3pl,medium
1673,Lemberg Logistics Inc,66.43,66.43,C,1,75,33.3,5,8.5,US PL Sacramento Factory,"Sacramento, CA",3pl,medium
1674,"Organic Food Manufacturing, LLC",66.43,66.43,C,1,75,33.3,5,8.5,US PL Dallas 2 Factory,"Grand Prairie, TX 75050, USA",shipper,medium
1675,"Rocky Mountain Foods, Inc.",66.43,66.43,C,1,75,33.3,5,8.5,US PL Denver Factory,"Denver, CO",shipper,low
1676,Thermal Solutions Manufacturing,66.41,66.41,C,1,79,26.7,5,7.1,US PL Dallas 2 Factory,"Dallas, TX",shipper,medium
1677,Miller Trucking,66.41,66.41,C,1,79,26.7,5,7.1,US PL Hollis Factory,"Buxton, ME",carrier,low
1678,"Metalworking Chemicals & Equipment Co., Inc.",66.41,66.41,C,1,79,26.7,5,7.1,US PL Saratoga Spring Factory,"Malta, NY",shipper,low
1679,Pipeline Packaging - Dallas,66.33,66.33,C,1,82,20,5,5.8,US PL Dallas 2 Factory,"Grand Prairie, TX",shipper,low
1680,"SCHÜTZ Container Systems, Inc.",66.33,66.33,D,1,82,20,5,5.8,US PL Pasadena Factory,"Pasadena, TX",shipper,low
1681,Lehigh Valley Logistics,66.29,66.29,C,1,75,33.3,5,8.6,US DC NFI - Breinigsville,"Allentown, PA",3pl,medium
1682,JTS WAREHOUSE MANAGEMENT CROSS-DOCK,66.29,66.29,C,1,75,33.3,5,8.6,US PL Dallas 2 Factory,"Grand Prairie, TX",shipper,medium
1683,"Asap logistics Inc - Warehouse, Storage, Distribution and Cross Dock",66.29,66.29,C,1,75,33.3,5,8.6,US PL Greenwood Indiana,"Indianapolis, IN",3pl,medium
1684,R+L Global Logistics,66.29,54.26,C,3,75,33.3,5,8.6,US PL Denver Factory,"Aurora, CO",3pl,medium
1685,Service Steel Warehouse,66.29,66.29,C,1,75,33.3,5,8.6,US PL S Houston Factory,"Houston, TX",shipper,medium
1686,Warehouse Lounge And Event Center,66.29,66.29,C,1,75,33.3,5,8.6,US PL Dallas 2 Factory,"Dallas, TX",shipper,medium
1687,"S H Logistics, LLC",66.29,66.29,C,1,75,33.3,5,8.6,US PL Denver Factory,"Aurora, CO",3pl,medium
1688,First Food Co,66.29,66.29,C,1,75,33.3,5,8.6,US PL Dallas 2 Factory,"Dallas, TX",shipper,low
1689,Babco Foods International,66.29,66.29,C,1,75,33.3,5,8.6,US PL Dallas 2 Factory,"Dallas, TX",shipper,low
1690,La Torre Foods USA,66.29,66.29,C,1,75,33.3,5,8.6,US PL Dallas 2 Factory,"Grand Prairie, TX",shipper,low
1691,Stratas Foods LLC,66.29,66.29,C,1,75,33.3,5,8.6,US PL S Houston Factory,"Houston, TX",shipper,low
1692,Golden State Fire,66.28,66.28,D,1,93,0,5,2.1,US PL Sacramento Factory,"Sacramento, CA",shipper,low
1693,Madison Metropolitan Sewerage District,66.28,66.28,D,1,93,0,5,2.1,US PL Madison Factory,"Madison, WI",shipper,low
1694,Kunafa Factory,66.27,66.27,C,1,73,37.3,5,9.5,US PL Dallas 2 Factory,"Arlington, TX",shipper,low
1695,Chi Manufacturing,66.26,66.26,C,1,79,26.7,5,7.2,US PL Denver Factory,"Englewood, CO",shipper,medium
1696,Metal Manufacturing Company,66.26,66.26,C,1,79,26.7,5,7.2,US PL Sacramento Factory,"Sacramento, CA",shipper,medium
1697,84 Lumber Manufacturing Plant,66.26,39.41,C,3,79,26.7,5,7.2,US PL Greenwood Indiana,"Franklin, IN",shipper,medium
1698,ePac Flexible Packaging,66.18,56.04,D,2,82,20,5,5.9,US PL Ontario Factory,"Chino, CA",shipper,low
1699,In-N-Out Burger Distribution Center,66.15,66.15,C,1,75,33.3,5,8.7,US PL Dallas 2 Factory,"Lancaster, TX",shipper,medium
1700,Brakebush Grand Prairie Cold Storage,66.15,66.15,C,1,75,33.3,5,8.7,US PL Dallas 2 Factory,"Grand Prairie, TX",shipper,medium
1701,Houston Commodity Warehouse,66.15,66.15,C,1,75,33.3,5,8.7,US PL S Houston Factory,"Houston, TX",shipper,medium
1702,DART Irving Warehouse,66.15,66.15,C,1,75,33.3,5,8.7,US PL Dallas 2 Factory,"Irving, TX",shipper,medium
1703,Global Logistics,66.15,66.15,C,1,75,33.3,5,8.7,US PL Dallas 2 Factory,"Arlington, TX",3pl,medium
1704,Warehouse Equipment Solutions,66.15,66.15,C,1,75,33.3,5,8.7,US PL Dallas 2 Factory,"Grand Prairie, TX",shipper,medium
1705,Racetrac DFW Distribution Center,66.15,66.15,C,1,75,33.3,5,8.7,US PL Dallas 2 Factory,"Grand Prairie, TX",shipper,medium
1706,Glen Wills Distribution,66.15,66.15,C,1,75,33.3,5,8.7,US PL Sacramento Factory,"Carmichael, CA",shipper,medium
1707,Mi Rancho,66.15,66.15,C,1,75,33.3,5,8.7,US PL Sacramento Factory,"Elk Grove, CA",shipper,low
1708,"Pack'n Fresh, LLC.",66.15,66.15,C,1,75,33.3,5,8.7,US PL Dallas 2 Factory,"Grand Prairie, TX",shipper,low
1709,J B Smith Manufacturing Co,66.12,66.12,C,1,78,26.7,5,7.3,US PL S Houston Factory,"Houston, TX",shipper,medium
1710,Nomad Trucking,66.12,66.12,C,1,78,26.7,5,7.3,US PL Hollis Factory,"Buxton, ME",carrier,low
1711,On Time Cross Docking,66.11,66.11,D,1,93,0,5,2.2,US PL Ontario Factory,"Ontario, CA",shipper,low
1712,Prime Cross Dock,66.11,66.11,D,1,93,0,5,2.2,US PL Ontario Factory,"Ontario, CA",shipper,low
1713,South Houston HEB eFC,66.11,66.11,D,1,93,0,5,2.2,US PL S Houston Factory,"Houston, TX",shipper,low
1714,270 West Mini Storage,66.11,66.11,D,1,93,0,5,2.2,US DC Hot Springs (WHSE),"Hot Springs, AR",shipper,low
1715,NS Reading Line - Mertztown Train Station,66.11,66.11,D,1,93,0,5,2.2,US PL Allentown NPL Factory,"Mertztown, PA",shipper,low
1716,Neu Logistics Services,66.02,66.02,C,1,75,33.3,5,8.8,US DC NFI - Breinigsville,"Allentown, PA",3pl,medium
1717,Am-C Warehouses Inc,66.02,66.02,C,1,75,33.3,5,8.8,US PL Dallas 2 Factory,"Grand Prairie, TX",shipper,medium
1718,WDS Logistics - DFW,66.02,52.16,C,2,75,33.3,5,8.8,US PL Dallas 2 Factory,"Grand Prairie, TX",3pl,medium
1719,Bud's Warehouse,66.02,66.02,C,1,75,33.3,5,8.8,US PL Denver Factory,"Aurora, CO",shipper,medium
1720,Champion Logistics Group,66.02,66.02,C,1,75,33.3,5,8.8,US PL Dallas 2 Factory,"Grand Prairie, TX",3pl,medium
1721,Sacramento Distribution Services,66.02,66.02,C,1,75,33.3,5,8.8,US PL Sacramento Factory,"North Highlands, CA",3pl,medium
1722,Custom Care Logistics,66.02,66.02,C,1,75,33.3,5,8.8,US PL Sacramento Factory,"McClellan Park, CA",3pl,medium
1723,Fruitful Earth Farms,66.02,66.02,C,1,75,33.3,5,8.8,US PL High Springs Factory,"Lake City, FL",shipper,low
1724,Colorado Quality Foods,66.02,66.02,C,1,75,33.3,5,8.8,US PL Denver Factory,"Denver, CO",shipper,low
1725,Amy Food Inc,66.02,66.02,C,1,75,33.3,5,8.8,US PL S Houston Factory,"Houston, TX",shipper,low
1726,Vesana Logistics LLC,66.01,66.01,A,1,61,77.3,3,14.6,US PL Zephyrhills Factory,"Lutz, FL",3pl,high
1727,Gulf Coast Supply & Manufacturing,65.98,59.03,C,2,78,26.7,5,7.4,US PL High Springs Factory,"Alachua, FL",shipper,medium
1728,Curtis Industrial Park,65.98,65.98,C,1,78,26.7,5,7.4,US PL Saratoga Spring Factory,"Ballston Spa, NY",shipper,low
1729,Tupinix Smart Factory Solutions,65.98,65.98,C,1,78,26.7,5,7.4,US DC NFI - Breinigsville,"Allentown, PA",shipper,low
1730,B Braun Medical Inc.,65.94,65.94,D,1,93,0,5,2.3,US DC NFI - Breinigsville,"Breinigsville, PA",shipper,low
1731,Gotta Go Transport,65.94,65.94,D,1,93,0,5,2.3,US PL High Springs Factory,"High Springs, FL",carrier,low
1732,Colorado Cold Warehousing & Storage,65.94,65.94,D,1,93,0,5,2.3,US PL Denver Factory,"Denver, CO",3pl,low
1733,"Kuraray America, Inc.",65.94,65.94,D,1,93,0,5,2.3,US PL Pasadena Factory,"Houston, TX",shipper,low
1734,"Universal Chain, Inc Corporate HQ",65.94,65.94,D,1,93,0,5,2.3,US PL Denver Factory,"Denver, CO",shipper,low
1735,The Boeing Company,65.94,65.94,D,1,93,0,5,2.3,US PL Pasadena Factory,"Houston, TX",shipper,low
1736,Americold Logistics Meacham Ft Worth,65.94,65.94,A,1,43,90.7,5,25.2,US PL Dallas 2 Factory,"Fort Worth, TX",3pl,high
1737,Spartan Logistics,65.88,37.01,C,3,74,33.3,5,8.9,US PL S Houston Factory,"Houston, TX",3pl,medium
1738,24 Hour Crossdock and Cold Storage,65.88,65.88,C,1,74,33.3,5,8.9,US PL Sacramento Factory,"North Highlands, CA",shipper,medium
1739,Asia Logistics Inc,65.88,65.88,C,1,74,33.3,5,8.9,US PL S Houston Factory,"Missouri City, TX",3pl,medium
1740,Storagent - Storage and Fulfillment center,65.88,65.88,C,1,74,33.3,5,8.9,US PL Sacramento Factory,"Rancho Cordova, CA",3pl,medium
1741,Shores of Hope - Food Distribution Center,65.88,65.88,C,1,74,33.3,5,8.9,US PL Sacramento Factory,"West Sacramento, CA",shipper,medium
1742,PSI Global Logistics,65.88,65.88,C,1,74,33.3,5,8.9,US PL S Houston Factory,"Houston, TX",3pl,medium
1743,Onway Logistics,65.88,65.88,C,1,74,33.3,5,8.9,US PL Sacramento Factory,"Carmichael, CA",3pl,medium
1744,Tigerhawk Logistics,65.88,65.88,C,1,74,33.3,5,8.9,US PL Pasadena Factory,"Pasadena, TX",3pl,medium
1745,Milan Logistics,65.88,65.88,C,1,74,33.3,5,8.9,US PL Dallas 2 Factory,"Grand Prairie, TX",3pl,medium
1746,Jiddo Foods,65.88,65.88,C,1,74,33.3,5,8.9,US PL S Houston Factory,"Houston, TX",shipper,low
1747,AJJ Transloading,65.88,65.88,C,1,74,33.3,5,8.9,US PL Ontario Factory,"Fontana, CA",shipper,low
1748,USA MedPro Manufacturing Facility,65.83,65.83,C,1,78,26.7,5,7.5,US PL S Houston Factory,"Houston, TX",shipper,medium
1749,Alchemy Industrial,65.83,65.83,C,1,78,26.7,5,7.5,US PL S Houston Factory,"Houston, TX",shipper,low
1750,CRST Ontario Terminal,65.77,65.77,D,1,92,0,5,2.4,US PL Ontario Factory,"Ontario, CA",shipper,medium
1751,FreeUp Storage Madison,65.77,65.77,D,1,92,0,5,2.4,US PL Madison Factory,"Madison, WI",shipper,low
1752,Rosemont Wine & Liquor,65.77,65.77,D,1,92,0,5,2.4,US PL Sacramento Factory,"Sacramento, CA",shipper,low
1753,Bassett Mechanical,65.77,65.77,D,1,92,0,5,2.4,US PL Madison Factory,"McFarland, WI",shipper,low
1754,"Ecko Ice Products, LLC",65.77,65.77,D,1,92,0,5,2.4,US PL Ontario Factory,"Ontario, CA",shipper,low
1755,"Inpak Systems, Inc",65.77,65.77,D,1,92,0,5,2.4,US PL Madison Factory,"Madison, WI",shipper,low
1756,American Warehouses,65.75,65.75,C,1,74,33.3,5,9,US PL S Houston Factory,"Houston, TX",shipper,medium
1757,Cross Dock Warehouse Solutions !,65.75,65.75,C,1,74,33.3,5,9,US PL Dallas 2 Factory,"Dallas, TX",shipper,medium
1758,Best Pak Warehouse,65.75,65.75,C,1,74,33.3,5,9,US PL S Houston Factory,"Houston, TX",shipper,medium
1759,DDC-Dependable Distribution Center,65.75,65.75,C,1,74,33.3,5,9,US PL Sacramento Factory,"West Sacramento, CA",shipper,medium
1760,Sam's Warehouse Liquors,65.75,65.75,C,1,74,33.3,5,9,US PL Denver Factory,"Federal Heights, CO",shipper,medium
1761,"S7 warehouse,LA",65.75,65.75,C,1,74,33.3,5,9,US PL Ontario Factory,"Pomona, CA",shipper,medium
1762,Axion Logistics LLC.,65.75,65.75,C,1,74,33.3,5,9,US PL Pasadena Factory,"Pasadena, TX",3pl,medium
1763,Mockingbird Distribution Center,65.75,65.75,C,1,74,33.3,5,9,US PL Dallas 2 Factory,"Dallas, TX",shipper,medium
1764,Kingsgate Logistics LLC,65.75,65.75,C,1,74,33.3,5,9,US PL Denver Factory,"Aurora, CO",3pl,medium
1765,Station Distribution Llc,65.75,65.75,C,1,74,33.3,5,9,US PL Madison Factory,"Madison, WI",shipper,medium
1766,National Food & Beverage,65.75,65.75,C,1,74,33.3,5,9,US PL Dallas 2 Factory,"Dallas, TX",shipper,low
1767,Mesquite Tortilla Factory,65.75,65.75,C,1,74,33.3,5,9,US PL S Houston Factory,"South Houston, TX",shipper,low
1768,The Flavor Factory,65.75,65.75,C,1,74,33.3,5,9,US PL Ontario Factory,"Norco, CA",shipper,low
1769,"Flavorpros, LLC dba Richards and Danielson",65.75,65.75,C,1,74,33.3,5,9,US DC NFI - Breinigsville,"Allentown, PA",shipper,low
1770,Sugar Lab of Colorado,65.75,65.75,C,1,74,33.3,5,9,US PL Denver Factory,"Federal Heights, CO",shipper,low
1771,Atlantic Packaging,65.73,65.73,D,1,81,20,5,6.2,US PL Dallas 2 Factory,"Dallas, TX",shipper,low
1772,Harcros Chemicals Inc,65.73,65.73,D,1,81,20,5,6.2,US PL Dallas 2 Factory,"Dallas, TX",shipper,low
1773,Dallas Specialty & Manufacturing Co.,65.69,65.69,C,1,78,26.7,5,7.6,US PL Dallas 2 Factory,"Grand Prairie, TX",shipper,medium
1774,Bayport Container Terminal Truck check-in,65.69,65.69,C,1,78,26.7,5,7.6,US PL Pasadena Factory,"Pasadena, TX",shipper,medium
1775,US Cold Storage,65.61,45.43,C,4,74,33.3,5,9.1,US PL Dallas 2 Factory,"Dallas, TX",shipper,medium
1776,Mundo Nuevo USA Logistics Dallas,65.61,65.61,C,1,74,33.3,5,9.1,US PL Dallas 2 Factory,"Grand Prairie, TX",3pl,medium
1777,Timco Logistics- Houston Texas Terminal,65.61,65.61,C,1,74,33.3,5,9.1,US PL Pasadena Factory,"Pasadena, TX",3pl,medium
1778,Adams Warehouse and Delivery,65.61,64.13,C,4,74,33.3,5,9.1,US PL S Houston Factory,"Houston, TX",shipper,medium
1779,The Liquidation Warehouse,65.61,65.61,C,1,74,33.3,5,9.1,US PL S Houston Factory,"South Houston, TX",shipper,medium
1780,Apium Logistics LLC,65.61,65.61,C,1,74,33.3,5,9.1,US PL Sacramento Factory,"Sacramento, CA",3pl,medium
1781,By George Food Specialties,65.61,65.61,C,1,74,33.3,5,9.1,US PL Saratoga Spring Factory,"Ballston Spa, NY",shipper,low
1782,The SOLA Company,65.61,65.61,C,1,74,33.3,5,9.1,US PL S Houston Factory,"Houston, TX",shipper,low
1783,EVO Transportation - Madison Terminal,65.6,65.6,D,1,92,0,5,2.5,US PL Madison Factory,"Madison, WI",shipper,medium
1784,Biagi Bros Inc,65.6,65.6,D,1,92,0,5,2.5,US PL Ontario Factory,"Ontario, CA",shipper,low
1785,CargoX Transport Inc,65.6,65.6,D,1,92,0,5,2.5,US PL Sacramento Factory,"Sacramento, CA",carrier,low
1786,Baaz Cross Dock & Warehousing,65.6,65.6,D,1,92,0,5,2.5,US PL Greenwood Indiana,"Greenwood, IN",3pl,low
1787,Ellwood Texas Forge Houston,65.6,65.6,D,1,92,0,5,2.5,US PL S Houston Factory,"Houston, TX",shipper,low
1788,"BST North America, Inc.",65.6,65.6,D,1,92,0,5,2.5,US PL Madison Factory,"Madison, WI",shipper,low
1789,Sanbor Medical Corporation,65.6,65.6,D,1,92,0,5,2.5,US DC NFI - Breinigsville,"Allentown, PA",shipper,low
1790,Danny Herman Trucking Inc,65.55,65.55,C,1,77,26.7,5,7.7,US PL Ontario Factory,"Fontana, CA",carrier,low
1791,Wilton Truck Center,65.55,65.55,C,1,77,26.7,5,7.7,US PL Saratoga Spring Factory,"Gansevoort, NY",shipper,low
1792,Pilot Dealer,65.52,44.63,C,7,69,41.3,5,11,US PL Sacramento Factory,"Sacramento, CA",shipper,low
1793,Redner’s Warehouse Markets,65.48,51.8,C,4,71,37.3,5,10.1,US DC NFI - Breinigsville,"Whitehall Township, PA",shipper,medium
1794,MillerCoors Golden Distribution Center,65.48,65.48,C,1,71,37.3,5,10.1,US PL Denver Factory,"Golden, CO",shipper,medium
1795,GFS Logistics,65.47,65.47,C,1,74,33.3,5,9.2,US PL Dallas 2 Factory,"Lancaster, TX",3pl,medium
1796,Odyssey Grand Worldwide Logistics Corp,65.47,65.47,C,1,74,33.3,5,9.2,US PL Denver Factory,"Aurora, CO",3pl,medium
1797,Grand Prairie Distribution Center,65.47,65.47,C,1,74,33.3,5,9.2,US PL Dallas 2 Factory,"Grand Prairie, TX",shipper,medium
1798,L’OBJET Texas - Distribution Center,65.47,65.47,C,1,74,33.3,5,9.2,US PL Dallas 2 Factory,"Irving, TX",shipper,medium
1799,Dallas Food for Good Warehouse,65.47,65.47,C,1,74,33.3,5,9.2,US PL Dallas 2 Factory,"Dallas, TX",shipper,medium
1800,Elk Grove Chevrolet Warehouse,65.47,65.47,C,1,74,33.3,5,9.2,US PL Sacramento Factory,"Elk Grove, CA",shipper,medium
1801,California League-Food Processing,65.47,65.47,C,1,74,33.3,5,9.2,US PL Sacramento Factory,"Sacramento, CA",shipper,medium
1802,Trü Pickles,65.47,65.47,C,1,74,33.3,5,9.2,US PL Denver Factory,"Littleton, CO",shipper,low
1803,Mid Maine CPL,65.47,65.47,C,1,74,33.3,5,9.2,US PL Poland Spring Factory,"Lewiston, ME",shipper,low
1804,Superior Foods Division,65.47,65.47,C,1,74,33.3,5,9.2,US PL Dallas 2 Factory,"Dallas, TX",shipper,low
1805,American Freight Service,65.47,65.47,C,1,74,33.3,5,9.2,US PL Greenwood Indiana,"Franklin, IN",shipper,low
1806,24 Hour Crossdock and Storage,65.47,65.47,C,1,74,33.3,5,9.2,US PL Sacramento Factory,"West Sacramento, CA",shipper,low
1807,Mr Bult's Inc,65.43,65.43,D,1,92,0,5,2.6,US PL Poland Spring Factory,"Auburn, ME",shipper,low
1808,OnTrac Madison,65.43,65.43,D,1,92,0,5,2.6,US PL Madison Factory,"Madison, WI",parcel,low
1809,AgroChem USA,65.43,65.43,D,1,92,0,5,2.6,US PL Saratoga Spring Factory,"Saratoga Springs, NY",shipper,low
1810,GE Healthcare,65.43,41.23,C,2,92,0,5,2.6,US PL Madison Factory,"Madison, WI",shipper,low
1811,Alfa Laval,65.43,65.43,D,1,92,0,5,2.6,US PL Greenwood Indiana,"Greenwood, IN",shipper,low
1812,"VantagePoint Industries, LLC.",65.43,65.43,D,1,92,0,5,2.6,US PL Ontario Factory,"Ontario, CA",shipper,low
1813,"Celco Manufacturing, Inc.",65.41,65.41,C,1,77,26.7,5,7.8,US PL Ontario Factory,"Pomona, CA",shipper,medium
1814,JRC Food Trailer Manufacturing LLC,65.4,65.4,C,1,84,33.3,3,5.1,US PL Cabazon Factory,"Banning, CA",shipper,medium
1815,United Freeway Transportation,65.4,65.4,D,1,84,13.3,5,5.1,US DC NFI - Breinigsville,"Allentown, PA",shipper,low
1816,Schumacher Cargo Logistics,65.34,65.34,C,1,73,33.3,5,9.3,US PL S Houston Factory,"Houston, TX",3pl,medium
1817,Outdoor Herbivore,65.34,65.34,C,1,73,33.3,5,9.3,US PL Sacramento Factory,"Sacramento, CA",shipper,low
1818,"Cain Food industries, Inc.",65.34,65.34,C,1,73,33.3,5,9.3,US PL Dallas 2 Factory,"Dallas, TX",shipper,low
1819,Adam's Sausage Factory,65.34,65.34,C,1,73,33.3,5,9.3,US PL Sacramento Factory,"Rancho Cordova, CA",shipper,low
1820,Bayport Container Terminal,65.32,65.32,C,1,78,24,5,7.3,US PL Pasadena Factory,"Seabrook, TX",shipper,medium
1821,S & K Trucking Inc,65.3,65.3,C,1,88,26.7,3,3.9,US PL Hollis Factory,"Hollis, ME",carrier,low
1822,Komplete Packaging Service,65.29,65.29,C,1,81,20,5,6.5,US PL Dallas 2 Factory,"Grand Prairie, TX",shipper,low
1823,AikPak Plastics - Blisters and Clamshell Packaging,65.29,65.29,C,1,81,20,5,6.5,US PL Dallas 2 Factory,"Grand Prairie, TX",shipper,low
1824,"TA Services, Inc.",65.27,65.27,D,1,91,0,5,2.7,US PL Greenwood Indiana,"Greenwood, IN",shipper,low
1825,"Peak Refrigeration, Inc.",65.27,65.27,D,1,91,0,5,2.7,US PL Denver Factory,"Denver, CO",shipper,low
1826,idX Corporation - Los Angeles,65.27,65.27,D,1,91,0,5,2.7,US PL Ontario Factory,"Ontario, CA",shipper,low
1827,Santa Fe Distributing Inc,65.27,65.27,D,1,91,0,5,2.7,US PL Denver Factory,"Denver, CO",shipper,low
1828,F-D-S Manufacturing Co,65.27,65.27,C,1,77,26.7,5,7.9,US PL Ontario Factory,"Pomona, CA",shipper,medium
1829,Lakeside International Trucks,65.27,65.27,C,1,77,26.7,5,7.9,US PL Madison Factory,"Madison, WI",shipper,low
1830,"Metrix Logistics Group, LLC",65.21,65.21,C,1,73,33.3,5,9.4,US PL S Houston Factory,"Houston, TX",3pl,medium
1831,Accurate Fulfillment - 3PL Ecommerce Fulfillment,65.21,65.21,C,1,73,33.3,5,9.4,US PL S Houston Factory,"Houston, TX",3pl,medium
1832,Advanced Logistics & Distribution Center Sacramento,65.21,65.21,C,1,73,33.3,5,9.4,US PL Sacramento Factory,"McClellan Park, CA",3pl,medium
1833,Tire's Warehouse,65.21,65.21,C,1,73,33.3,5,9.4,US PL Sacramento Factory,"Sacramento, CA",shipper,medium
1834,Sierra Logistics Solutions DBA shipsierra.com,65.21,65.21,C,1,73,33.3,5,9.4,US PL Sacramento Factory,"North Highlands, CA",3pl,medium
1835,T3RA Logistics,65.21,65.21,C,1,73,33.3,5,9.4,US PL Sacramento Factory,"Sacramento, CA",3pl,medium
1836,"Get It Logistics, LLC",65.21,65.21,C,1,73,33.3,5,9.4,US DC NFI - Breinigsville,"Allentown, PA",3pl,medium
1837,"Advanced Logistics & Distribution Systems, LLC",65.21,64.04,C,2,73,33.3,5,9.4,US PL Sacramento Factory,"McClellan Park, CA",3pl,medium
1838,Rich Products Corporation,65.21,65.21,C,1,73,33.3,5,9.4,US PL S Houston Factory,"Missouri City, TX",shipper,low
1839,American Pasteurization Company,65.21,65.21,C,1,73,33.3,5,9.4,US PL Sacramento Factory,"West Sacramento, CA",shipper,low
1840,Romex HD Truck & Trailer Repair,65.13,65.13,C,1,77,26.7,5,8,US PL Sacramento Factory,"Sacramento, CA",shipper,low
1841,SPC Transport Co,65.1,65.1,D,1,91,0,5,2.8,US PL Poland Spring Factory,"Auburn, ME",carrier,low
1842,Keefe -Wisconsin,65.1,65.1,D,1,91,0,5,2.8,US PL Madison Factory,"Madison, WI",shipper,low
1843,State Line Distillery,65.1,65.1,D,1,91,0,5,2.8,US PL Madison Factory,"Madison, WI",shipper,low
1844,Eastern Fire,65.1,65.1,D,1,91,0,5,2.8,US PL Poland Spring Factory,"Auburn, ME",shipper,low
1845,Globe Footwear LLC,65.1,65.1,D,1,91,0,5,2.8,US PL Poland Spring Factory,"Auburn, ME",shipper,low
1846,West's Family Farm,65.1,65.1,D,1,91,0,5,2.8,US PL Poland Spring Factory,"Poland, ME",shipper,low
1847,Pardon My Cheesesteak,65.1,65.1,D,1,91,0,5,2.8,US DC Hot Springs (WHSE),"Hot Springs, AR",shipper,low
1848,Central Transport,65.1,41.93,C,10,91,0,5,2.8,US PL Madison Factory,"Madison, WI",carrier,low
1849,Frito-Lay Regional Warehouse,65.1,58.94,A,2,37,100,5,30.2,US PL Greenwood Indiana,"Whitestown, IN",shipper,high
1850,Hemond Farms,65.09,65.09,C,1,84,33.3,3,5.3,US PL Poland Spring Factory,"Minot, ME",shipper,low
1851,Crate & Barrel Warehouse,65.07,46.07,C,4,73,33.3,5,9.5,US PL Denver Factory,"Aurora, CO",shipper,medium
1852,GMI Mann Warehouse,65.07,65.07,C,1,73,33.3,5,9.5,US PL S Houston Factory,"Houston, TX",shipper,medium
1853,Frontier Logistics LP - Underwood Terminal,65.07,65.07,C,1,73,33.3,5,9.5,US PL Pasadena Factory,"La Porte, TX",3pl,medium
1854,Core Cold Storage,65.07,65.07,C,1,73,33.3,5,9.5,US PL Sacramento Factory,"West Sacramento, CA",shipper,medium
1855,Sunshine Place - Sunshine Pantry - Food Distribution Center,65.07,65.07,C,1,73,33.3,5,9.5,US PL Madison Factory,"Sun Prairie, WI",shipper,medium
1856,Splendid Packaging Logistics,65.07,65.07,C,1,73,33.3,5,9.5,US PL Dallas 2 Factory,"Irving, TX",3pl,medium
1857,Texas Distribution Center,65.07,65.07,C,1,73,33.3,5,9.5,US PL Dallas 2 Factory,"Lancaster, TX",shipper,medium
1858,Southwest Foods / Brookshire's Distribution Center,65.07,65.07,C,1,73,33.3,5,9.5,US PL Hawkins Factory,"Tyler, TX",shipper,medium
1859,MaxWarehouse,65.07,65.07,C,1,73,33.3,5,9.5,US PL Sacramento Factory,"Sacramento, CA",shipper,medium
1860,Happy Homes Distribution Center,65.07,65.07,C,1,73,33.3,5,9.5,US PL S Houston Factory,"Missouri City, TX",shipper,medium
1861,Elite Fulfillment Center,65.07,65.07,C,1,73,33.3,5,9.5,US DC NFI - Breinigsville,"Allentown, PA",3pl,medium
1862,Cross-docking service SM Express Inc,65.07,65.07,C,1,73,33.3,5,9.5,US PL Sacramento Factory,"West Sacramento, CA",shipper,low
1863,Saratoga Dry Aged Cuts,65.07,65.07,C,1,73,33.3,5,9.5,US PL Saratoga Spring Factory,"Ballston Lake, NY",shipper,low
1864,Hiland Dairy Ice Cream,65.07,65.07,C,1,73,33.3,5,9.5,US PL Hawkins Factory,"Tyler, TX",shipper,low
1865,Freight Systems,65.07,65.07,C,1,73,33.3,5,9.5,US PL Denver Factory,"Aurora, CO",shipper,low
1866,CoolBox Inc,64.99,64.99,D,1,80,20,5,6.7,US PL S Houston Factory,"Houston, TX",shipper,low
1867,WhiteStar Logistics,64.94,64.94,C,1,73,33.3,5,9.6,US PL S Houston Factory,"Houston, TX",3pl,medium
1868,Fulfillment-Box,64.94,49.8,C,4,73,33.3,5,9.6,US PL Ontario Factory,"Fontana, CA",3pl,medium
1869,Real American Logistics,64.94,64.94,C,1,73,33.3,5,9.6,US PL Greenwood Indiana,"Indianapolis, IN",3pl,medium
1870,Trader Joe’s Co Warehouse,64.94,60.22,C,2,73,33.3,5,9.6,US PL Dallas 2 Factory,"Irving, TX",shipper,medium
1871,NORTHERN SAFETY LA PORTE DISTRIBUTION CENTER,64.94,64.94,C,1,73,33.3,5,9.6,US PL Pasadena Factory,"La Porte, TX",shipper,medium
1872,Little Apple Meat & Produce Corp,64.94,64.94,C,1,73,33.3,5,9.6,US DC NFI - Breinigsville,"Allentown, PA",shipper,low
1873,Dead River Terminal,64.93,64.93,D,1,91,0,5,2.9,US PL Poland Spring Factory,"Auburn, ME",shipper,medium
1874,AAA Cooper Transportation,64.93,48.67,C,4,91,0,5,2.9,US PL Ontario Factory,"Ontario, CA",shipper,low
1875,Prime Now HUB,64.93,64.93,D,1,91,0,5,2.9,US PL Sacramento Factory,"Sacramento, CA",shipper,low
1876,RISE Commercial District,64.93,64.93,D,1,91,0,5,2.9,US PL Greenwood Indiana,"Greenwood, IN",shipper,low
1877,Santa Fe Dehumidifiers,64.93,64.93,D,1,91,0,5,2.9,US PL Madison Factory,"Madison, WI",shipper,low
1878,Pineland Farms,64.89,64.89,C,1,68,41.3,5,11.5,US PL Poland Spring Factory,"New Gloucester, ME",shipper,low
1879,Westbrook Manufacturing,64.85,64.78,C,2,76,26.7,5,8.2,US PL S Houston Factory,"Houston, TX",shipper,medium
1880,"Rylind Manufacturing, Inc",64.85,64.85,C,1,76,26.7,5,8.2,US PL Denver Factory,"Golden, CO",shipper,medium
1881,CJ Logistics,64.81,64.81,C,1,72,33.3,5,9.7,US PL Ontario Factory,"Fontana, CA",3pl,medium
1882,Indiana Warehouse,64.81,64.81,C,1,72,33.3,5,9.7,US PL Greenwood Indiana,"Indianapolis, IN",shipper,medium
1883,Total Logistics Provider Inc,64.81,64.81,C,1,72,33.3,5,9.7,US PL Saratoga Spring Factory,"Ballston Lake, NY",3pl,medium
1884,Arriba Foods Packaging Plant,64.81,64.81,C,1,72,33.3,5,9.7,US PL S Houston Factory,"Houston, TX",shipper,medium
1885,Hydra Logistics,64.81,64.81,C,1,72,33.3,5,9.7,US PL Sacramento Factory,"McClellan Park, CA",3pl,medium
1886,Romark Logistics,64.81,56.56,C,3,72,33.3,5,9.7,US PL Dallas 2 Factory,"Lancaster, TX",3pl,medium
1887,LoneStar Cold Storage,64.81,64.81,C,1,72,33.3,5,9.7,US PL Dallas 2 Factory,"Irving, TX",shipper,medium
1888,Crossdocks Pro,64.81,64.81,C,1,72,33.3,5,9.7,US PL Ontario Factory,"Fontana, CA",shipper,low
1889,The Schwan Food Company,64.81,64.81,C,1,72,33.3,5,9.7,US PL S Houston Factory,"Pasadena, TX",shipper,low
1890,Triple H Food Processors LLC,64.81,64.81,C,1,72,33.3,5,9.7,US PL Ontario Factory,"Riverside, CA",shipper,low
1891,C & L Foods Inc,64.81,64.81,C,1,72,33.3,5,9.7,US PL Dallas 2 Factory,"Dallas, TX",shipper,low
1892,Creative Specialty Food Solutions,64.81,64.81,C,1,72,33.3,5,9.7,US PL S Houston Factory,"Houston, TX",shipper,low
1893,Morr-Is-Stored,64.77,64.77,D,1,90,0,5,3,US PL Saratoga Spring Factory,"Saratoga Springs, NY",shipper,low
1894,R C Moore Inc,64.77,63.49,D,2,90,0,5,1,US PL Poland Spring Factory,"Poland, ME",shipper,low
1895,"Perry Transport, inc.",64.77,64.77,D,1,90,0,5,3,US PL Poland Spring Factory,"Poland, ME",carrier,low
1896,Port Priority West,64.77,64.77,D,1,90,0,5,3,US PL Ontario Factory,"Jurupa Valley, CA",shipper,low
1897,Total Transit LLC,64.77,64.77,D,1,90,0,5,3,US PL Denver Factory,"Denver, CO",shipper,low
1898,Würth Industry,64.77,64.77,D,1,90,0,5,3,US PL Greenwood Indiana,"Greenwood, IN",shipper,low
1899,Delve,64.77,64.77,D,1,90,0,5,3,US PL Madison Factory,"Madison, WI",shipper,low
1900,Halvico Technologies Staffing,64.77,64.77,D,1,90,0,5,3,US PL Madison Factory,"Madison, WI",shipper,low
1901,MS Trucking & Fleet Services,64.71,64.71,C,1,76,26.7,5,8.3,US PL Dallas 2 Factory,"Dallas, TX",carrier,low
1902,R & L Carriers Inc,64.69,64.69,A,1,61,93.3,1,14.7,US PL Zephyrhills Factory,"Dade City, FL",shipper,medium
1903,Timeline Logistics - Houston,64.67,64.67,C,1,72,33.3,5,9.8,US PL S Houston Factory,"Houston, TX",3pl,medium
1904,Materials Warehouse,64.67,64.67,C,1,72,33.3,5,9.8,US PL Dallas 2 Factory,"Dallas, TX",shipper,medium
1905,Absolute Logistics LLC,64.67,64.22,C,2,72,33.3,5,9.8,US PL Denver Factory,"Greenwood Village, CO",3pl,medium
1906,Stereo Warehouse,64.67,64.67,C,1,72,33.3,5,9.8,US PL Denver Factory,"Aurora, CO",shipper,medium
1907,B & B Warehouse,64.67,64.67,C,1,72,33.3,5,9.8,US PL Pasadena Factory,"Deer Park, TX",shipper,medium
1908,RDR LOGISTICS LLC,64.67,64.67,C,1,72,33.3,5,9.8,US PL Sacramento Factory,"Sacramento, CA",3pl,medium
1909,The Warehouse Rentals and Supplies,64.67,64.67,C,1,72,33.3,5,9.8,US PL Pasadena Factory,"Pasadena, TX",shipper,medium
1910,Green Valley Food Corporation,64.67,64.67,C,1,72,33.3,5,9.8,US PL Dallas 2 Factory,"Dallas, TX",shipper,low
1911,"Food Concepts, Inc. (FCI)",64.67,64.67,C,1,72,33.3,5,9.8,US PL Madison Factory,"Middleton, WI",shipper,low
1912,California League of Food Producers,64.67,64.67,C,1,72,33.3,5,9.8,US PL Sacramento Factory,"Gold River, CA",shipper,low
1913,One World Direct,64.6,64.6,D,1,90,0,5,3.1,US PL Ontario Factory,"Ontario, CA",shipper,low
1914,New-Indy Ontario LLC,64.6,64.6,D,1,90,0,5,3.1,US PL Ontario Factory,"Ontario, CA",shipper,low
1915,TAS Energy - Cullen,64.6,64.6,D,1,90,0,5,3.1,US PL S Houston Factory,"Houston, TX",shipper,low
1916,Minsley Inc,64.6,64.6,D,1,90,0,5,3.1,US PL Ontario Factory,"Ontario, CA",shipper,low
1917,CMC Converting,64.6,64.6,D,1,90,0,5,3.1,US PL Ontario Factory,"Rancho Cucamonga, CA",shipper,low
1918,Fastener Manufacturing Company,64.57,64.57,C,1,76,26.7,5,8.4,US PL S Houston Factory,"Houston, TX",shipper,medium
1919,Safeway Truck Lines LLC,64.57,64.57,C,1,76,26.7,5,8.4,US PL Dallas 2 Factory,"Grand Prairie, TX",shipper,low
1920,Buske Logistics,64.54,46.34,C,4,72,33.3,5,9.9,US PL S Houston Factory,"Houston, TX",3pl,medium
1921,Priority One Logistics,64.54,64.54,C,1,72,33.3,5,9.9,US PL S Houston Factory,"Houston, TX",3pl,medium
1922,Bertrand's Inc/Chef's Warehouse,64.54,64.54,C,1,72,33.3,5,9.9,US PL Dallas 2 Factory,"Dallas, TX",shipper,medium
1923,CD Warehouse Records & Tapes,64.54,64.54,C,1,72,33.3,5,9.9,US PL Dallas 2 Factory,"Arlington, TX",shipper,medium
1924,Yolo County Children's Alliance - Food Distribution Center,64.54,64.54,C,1,72,33.3,5,9.9,US PL Sacramento Factory,"West Sacramento, CA",shipper,medium
1925,Franklin Logistics Center,64.54,64.54,C,1,72,33.3,5,9.9,US PL Greenwood Indiana,"Franklin, IN",3pl,medium
1926,El Venado Foods,64.54,64.54,C,1,72,33.3,5,9.9,US PL S Houston Factory,"Houston, TX",shipper,low
1927,McCARTY TRUCK PARK,64.54,64.54,C,1,72,33.3,5,9.9,US PL S Houston Factory,"Houston, TX",shipper,low
1928,Rockdale Manufacturing LLC,64.5,64.5,C,1,86,26.7,3,4.4,US PL Hot Springs 2 Factory,"Hot Springs, AR",shipper,medium
1929,"RIST Transport, Ltd.",64.44,64.44,D,1,90,0,5,3.2,US DC NFI - Breinigsville,"Allentown, PA",carrier,low
1930,Denver Central Fill,64.44,64.44,D,1,90,0,5,3.2,US PL Denver Factory,"Denver, CO",shipper,low
1931,L & E Engineering LLC,64.44,64.44,D,1,90,0,5,3.2,US PL Greenwood Indiana,"Greenwood, IN",shipper,low
1932,Jayco Manufacturing,64.43,64.43,C,1,75,26.7,5,8.5,US PL Dallas 2 Factory,"Grand Prairie, TX",shipper,medium
1933,Lonestar Truck Group Tyler,64.43,64.43,C,1,75,26.7,5,8.5,US PL Hawkins Factory,"Tyler, TX",shipper,low
1934,"Paramount Industrial, Inc.",64.43,64.43,C,1,75,26.7,5,8.5,US PL Greenwood Indiana,"Indianapolis, IN",shipper,low
1935,Packaging Suppliers of America,64.41,64.41,D,1,79,20,5,7.1,US PL Denver Factory,"Denver, CO",shipper,low
1936,West Warehouse,64.41,64.41,C,1,72,33.3,5,10,US PL Pasadena Factory,"Deer Park, TX 77536, USA",shipper,medium
1937,Warehouse & cross docking,64.41,64.41,C,1,72,33.3,5,10,US PL Sacramento Factory,"Sacramento, CA",shipper,medium
1938,"T Force Freight Houston, TX Terminal",64.41,64.41,C,1,72,33.3,5,10,US PL S Houston Factory,"Houston, TX",shipper,medium
1939,"Total Freight Solutions, Inc",64.41,64.41,C,1,72,33.3,5,10,US PL Sacramento Factory,"Sacramento, CA",shipper,low
1940,R P Foods,64.41,64.41,C,1,72,33.3,5,10,US PL Dallas 2 Factory,"Dallas, TX",shipper,low
1941,Baldwin Richardson Foods Co,64.41,64.41,C,1,72,33.3,5,10,US PL Ontario Factory,"Corona, CA",shipper,low
1942,Heritage Foods,64.41,64.41,C,1,72,33.3,5,10,US PL Ontario Factory,"Riverside, CA",shipper,low
1943,"Trans-Border Global Freight Systems, Inc.",64.41,64.41,C,1,72,33.3,5,10,US PL Saratoga Spring Factory,"Round Lake, NY",shipper,low
1944,Allentown Freight Station Historic Site - Lehigh Valley Railroad,64.41,64.41,C,1,72,33.3,5,10,US DC NFI - Breinigsville,"Allentown, PA 18102, USA",shipper,low
1945,Smurfit Westrock Longview,64.38,64.38,A,1,35,100,5,31.3,US PL Hawkins Factory,"Longview, TX",shipper,medium
1946,Weyerhaeuser Distribution Center,64.35,64.35,A,1,42,86.7,5,25.7,US DC NFI - Breinigsville,"Easton, PA",shipper,high
1947,McCoy Trucking and Excavating,64.34,64.34,C,1,86,26.7,3,4.5,US PL Hollis Factory,"Waterboro, ME",carrier,low
1948,Carpenter Southeastern Warehouse,64.33,64.33,C,1,82,33.3,3,5.8,US PL McBee Factory,"McBee, SC",shipper,medium
1949,Tony's Fine Foods,64.32,64.32,C,1,69,37.3,5,11,US PL Sacramento Factory,"West Sacramento, CA",shipper,low
1950,Cart.com Longview Fulfillment Center,64.31,64.31,A,1,35,100,5,31.4,US PL Hawkins Factory,"Longview, TX",3pl,high
1951,Coca-Cola Downey,64.31,64.31,A,1,35,100,5,31.4,US PL Ontario Factory,"Downey, CA",shipper,medium
1952,Pomona Packing Plant,64.29,63.88,C,2,75,26.7,5,8.6,US PL Ontario Factory,"Pomona, CA",shipper,medium
1953,JWP Manufacturing,64.29,64.29,C,1,75,26.7,5,8.6,US PL Sacramento Factory,"Rancho Cordova, CA",shipper,medium
1954,World Trade Distribution - Container Freight Station,64.28,64.28,C,1,71,33.3,5,10.1,US PL S Houston Factory,"Houston, TX",shipper,medium
1955,Titan Worldwide Logistics,64.28,64.28,C,1,71,33.3,5,10.1,US PL Dallas 2 Factory,"Dallas, TX",3pl,medium
1956,JD Martin Houston Distribution Center,64.28,64.28,C,1,71,33.3,5,10.1,US PL S Houston Factory,"Houston, TX",shipper,medium
1957,CORT Furniture Rental - Warehouse,64.28,64.28,C,1,71,33.3,5,10.1,US PL Denver Factory,"Aurora, CO",shipper,medium
1958,Parsel Ecommerce Fulfillment Solutions,64.28,64.28,C,1,71,33.3,5,10.1,US PL Pasadena Factory,"Pasadena, TX",3pl,medium
1959,Middleton Warehouse,64.28,64.28,C,1,71,33.3,5,10.1,US PL Madison Factory,"Middleton, WI",shipper,medium
1960,Ace Distribution center,64.28,59.84,C,2,71,33.3,5,10.1,US PL Denver Factory,"Aurora, CO",shipper,medium
1961,AIRPORT DISTRIBUTION CENTER,64.28,64.28,C,1,71,33.3,5,10.1,US PL Denver Factory,"Aurora, CO",shipper,medium
1962,PLS Logistics Services,64.28,47.56,C,2,71,33.3,5,10.1,US PL Dallas 2 Factory,"Dallas, TX",3pl,medium
1963,"Blue Line Foodservice Distribution, Inc./Little Caesars Distribution Center",64.28,64.28,C,1,71,33.3,5,10.1,US PL Denver Factory,"Aurora, CO",shipper,medium
1964,Crossdock Pro,64.28,64.28,C,1,71,33.3,5,10.1,US PL S Houston Factory,"Houston, TX",shipper,low
1965,IdleAir,64.28,64.28,C,1,71,33.3,5,10.1,US PL Dallas 2 Factory,"Dallas, TX",shipper,low
1966,Harbor Autostop,64.28,64.28,C,1,71,33.3,5,10.1,US PL Sacramento Factory,"West Sacramento, CA",shipper,low
1967,Sunneen Health Foods,64.28,64.28,C,1,71,33.3,5,10.1,US DC NFI - Breinigsville,"Allentown, PA",shipper,low
1968,Shinmei FOODS USA Corporation,64.28,64.28,C,1,71,33.3,5,10.1,US PL Sacramento Factory,"West Sacramento, CA",shipper,low
1969,Nichirei Sacramento Foods,64.28,64.28,C,1,71,33.3,5,10.1,US PL Sacramento Factory,"West Sacramento, CA",shipper,low
1970,"Vessey, Inc.",64.28,64.28,C,1,71,33.3,5,10.1,US PL Madison Factory,"Middleton, WI",shipper,low
1971,Refresco Beverages,64.28,40.48,C,5,71,33.3,5,10.1,US PL Dallas 2 Factory,"Fort Worth, TX",shipper,low
1972,Logistic Pro Movers,64.27,64.27,D,1,90,0,5,3.3,US PL Denver Factory,"Denver, CO",shipper,low
1973,CORE X ALLIANCE,64.27,61.78,D,2,90,0,5,3.3,US PL Ontario Factory,"Ontario, CA",shipper,low
1974,Moving Forward Transit,64.27,64.27,D,1,90,0,5,3.3,US PL Poland Spring Factory,"West Poland, ME",shipper,low
1975,Cold Is Cool Refrigeration,64.27,64.27,D,1,90,0,5,3.3,US PL Sacramento Factory,"Sacramento, CA",shipper,low
1976,"El Recycling, llc",64.27,64.27,D,1,90,0,5,3.3,US PL Dallas 2 Factory,"Dallas, TX",shipper,low
1977,KLA Corporation,64.27,64.27,D,1,90,0,5,3.3,US DC NFI - Breinigsville,"Allentown, PA",shipper,low
1978,Downey Coca-Cola Vending,64.25,64.25,A,1,35,100,5,31.5,US PL Ontario Factory,"Downey, CA",shipper,medium
1979,Worldwide Logistics Inc,64.15,59.67,C,2,71,33.3,5,10.2,US PL S Houston Factory,"Houston, TX",3pl,medium
1980,Manna Food Bank - Food Distribution Center,64.15,64.15,C,1,71,33.3,5,10.2,US PL Sacramento Factory,"Sacramento, CA",shipper,medium
1981,Octopi Warehouse,64.15,64.02,C,2,71,33.3,5,10.2,US PL Madison Factory,"Windsor, WI",shipper,medium
1982,Next Generation Foods,64.15,64.15,C,1,71,33.3,5,10.2,US PL Sacramento Factory,"West Sacramento, CA",shipper,low
1983,Daylight Packing,64.15,64.15,C,1,71,33.3,5,10.2,US PL Sacramento Factory,"West Sacramento, CA",shipper,low
1984,QCD,64.11,64.11,D,1,89,0,5,3.4,US PL Greenwood Indiana,"Greenwood, IN",shipper,low
1985,Central Warehousing,64.11,64.11,D,1,89,0,5,3.4,US PL Denver Factory,"Denver, CO",3pl,low
1986,Blue Eagle Warehousing,64.11,64.11,D,1,89,0,5,3.4,US DC NFI - Breinigsville,"Allentown, PA",3pl,low
1987,Eggs Plus Farm,64.11,64.11,D,1,89,0,5,3.4,US PL Hollis Factory,"Dayton, ME",shipper,low
1988,INEOS Marina View,64.11,64.11,D,1,89,0,5,3.4,US PL Pasadena Factory,"League City, TX",shipper,low
1989,RaceTrac,64.1,52.64,A,9,37,96,5,10.6,US PL Hawkins Factory,"Longview, TX",shipper,medium
1990,South Carolina Association Of Hsa - Food Distribution Center,64.03,64.03,C,1,82,33.3,3,6,US PL McBee Factory,"Hartsville, SC 29550, USA",shipper,medium
1991,Lauck Manufacturing,64.02,64.02,C,1,75,26.7,5,8.8,US PL Greenwood Indiana,"Indianapolis, IN",shipper,medium
1992,Group Manufacturing Services Inc,64.02,64.02,C,1,75,26.7,5,8.8,US PL Sacramento Factory,"Rancho Cordova, CA",shipper,medium
1993,Indianapolis Industrial Center,64.02,64.02,C,1,75,26.7,5,8.8,US PL Greenwood Indiana,"Indianapolis, IN",shipper,low
1994,Adams Warehouse,64.02,63.76,C,2,71,33.3,5,10.3,US PL S Houston Factory,"Houston, TX",shipper,medium
1995,Nissan Warehouse,64.02,64.02,C,1,71,33.3,5,10.3,US PL Sacramento Factory,"Sacramento, CA",shipper,medium
1996,Warehouse for grocery,64.02,64.02,C,1,71,33.3,5,10.3,US PL Sacramento Factory,"Sacramento, CA",shipper,medium
1997,Exel Global Logistics,64.02,64.02,C,1,71,33.3,5,10.3,US PL Pasadena Factory,"La Porte, TX",3pl,medium
1998,D C Logistics,64.02,64.02,C,1,71,33.3,5,10.3,US PL Denver Factory,"Aurora, CO",3pl,medium
1999,Galaxy Mart,64.02,64.02,C,1,71,33.3,5,10.3,US PL Dallas 2 Factory,"Dallas, TX",shipper,low
2000,Irving Oil,64.01,48.31,D,2,87,4,5,4.2,US PL Poland Spring Factory,"Auburn, ME",shipper,low
2001,Vacationland Moving,63.94,63.94,D,1,89,0,5,3.5,US PL Poland Spring Factory,"Poland, ME",shipper,low
2002,Kenneth W Stone Inc,63.94,63.94,D,1,89,0,5,3.5,US PL Hollis Factory,"Hollis, ME",shipper,low
2003,Byer of Maine,63.94,63.94,D,1,89,0,5,3.5,US PL Poland Spring Factory,"Poland, ME",shipper,low
2004,Trucker's Paradise,63.94,63.94,C,1,69,37.3,5,11.3,US PL S Houston Factory,"Houston, TX",shipper,low
2005,White Arrow Logistics Inc,63.89,63.89,C,1,71,33.3,5,10.4,US PL Sacramento Factory,"Sacramento, CA",3pl,medium
2006,Vail Warehouse,63.89,63.89,C,1,71,33.3,5,10.4,US PL Denver Factory,"Aurora, CO",shipper,medium
2007,Discount Home Warehouse,63.89,63.89,C,1,71,33.3,5,10.4,US PL Dallas 2 Factory,"Dallas, TX",shipper,medium
2008,Purpose and Legacy - Food Distribution Center,63.89,63.89,C,1,71,33.3,5,10.4,US PL Sacramento Factory,"Sacramento, CA",shipper,medium
2009,Udi's Granola Manufacturing site,63.89,63.89,C,1,71,33.3,5,10.4,US PL Denver Factory,"Aurora, CO",shipper,medium
2010,Shorewood Hills United Methodist Chuch - Food Distribution Center,63.89,63.89,C,1,71,33.3,5,10.4,US DC Hot Springs (WHSE),"Malvern, AR",shipper,medium
2011,AIT Worldwide Logistics,63.89,45.74,C,2,71,33.3,5,10.4,US PL Sacramento Factory,"Sacramento, CA",3pl,medium
2012,NGVC Distribution Center,63.89,63.89,C,1,71,33.3,5,10.4,US PL Denver Factory,"Golden, CO",shipper,medium
2013,"Trinity Logistics | Fort Worth, TX",63.89,63.89,C,1,71,33.3,5,10.4,US PL Dallas 2 Factory,"Fort Worth, TX",3pl,medium
2014,Echo Global Logistics - Sacramento,63.89,63.89,C,1,71,33.3,5,10.4,US PL Sacramento Factory,"Sacramento, CA",3pl,medium
2015,Paradise Rich LLC,63.89,63.89,C,1,71,33.3,5,10.4,US PL Sacramento Factory,"Sacramento, CA",shipper,low
2016,Springboard Manufacturing,63.88,63.88,C,1,74,26.7,5,8.9,US PL Sacramento Factory,"Rancho Cordova, CA",shipper,medium
2017,"Truck Works, Inc.",63.87,63.87,C,1,85,26.7,3,4.8,US PL Cabazon Factory,"Banning, CA",shipper,low
2018,Central Access Storage,63.78,63.78,D,1,89,0,5,3.6,US DC Hot Springs (WHSE),"Hot Springs, AR",shipper,low
2019,KYB Americas Corporation,63.78,63.78,D,1,89,0,5,3.6,US PL Greenwood Indiana,"Greenwood, IN",shipper,low
2020,Cote Crane & Rigging,63.78,63.78,D,1,89,0,5,3.6,US PL Poland Spring Factory,"Auburn, ME",shipper,low
2021,Ontario FK Cross Dock,63.78,63.78,D,1,89,0,5,3.6,US PL Ontario Factory,"Ontario, CA",shipper,low
2022,FFE Transportation Services,63.78,63.78,D,1,89,0,5,3.6,US PL Ontario Factory,"Ontario, CA",shipper,low
2023,Kllm Transportation,63.78,63.78,D,1,89,0,5,3.6,US PL Ontario Factory,"Ontario, CA",shipper,low
2024,Wakunaga of America Co Ltd,63.78,63.78,D,1,89,0,5,3.6,US PL Ontario Factory,"Jurupa Valley, CA",shipper,low
2025,Lao Thai Nam Corporation,63.78,63.78,D,1,89,0,5,3.6,US PL Dallas 2 Factory,"Dallas, TX",shipper,low
2026,"Logistics Group International, Inc.",63.76,63.76,C,1,70,33.3,5,10.5,US PL S Houston Factory,"Houston, TX",3pl,medium
2027,Roper Apparel Warehouse,63.76,63.76,C,1,70,33.3,5,10.5,US PL Denver Factory,"Aurora, CO",shipper,medium
2028,"Distribution Alternatives, Inc. - Los Angeles Warehouse",63.76,63.76,C,1,70,33.3,5,10.5,US PL Ontario Factory,"Bloomington, CA",shipper,medium
2029,H & N Logistics Llc,63.76,63.76,C,1,70,33.3,5,10.5,US PL Madison Factory,"Madison, WI",3pl,medium
2030,"Barsan Global Logistics, INC",63.76,63.76,C,1,70,33.3,5,10.5,US PL Pasadena Factory,"La Porte, TX",3pl,medium
2031,ACD Distribution,63.76,63.76,C,1,70,33.3,5,10.5,US PL Madison Factory,"Middleton, WI",shipper,medium
2032,Andrew's Logistics,63.76,63.76,C,1,70,33.3,5,10.5,US PL Pasadena Factory,"La Porte, TX",3pl,medium
2033,Sacramento Logistics Llc,63.76,63.76,C,1,70,33.3,5,10.5,US PL Sacramento Factory,"West Sacramento, CA",3pl,medium
2034,Devine Intermodel trucks parking,63.76,63.76,C,1,70,33.3,5,10.5,US PL Sacramento Factory,"West Sacramento, CA",shipper,low
2035,Sunrise Manufacturing Inc.,63.75,63.75,C,1,74,26.7,5,9,US PL Sacramento Factory,"Rancho Cordova, CA",shipper,medium
2036,Sysco East Texas - Food Distributor & Restaurant Supplies,63.7,63.7,A,1,36,96,5,30.5,US PL Hawkins Factory,"Longview, TX",shipper,medium
2037,King Soopers City Market Distribution Center,63.69,63.69,C,1,68,37.3,5,11.5,US PL Denver Factory,"Aurora, CO",shipper,medium
2038,A N Webber Inc,63.63,63.63,D,1,99,0,3,0.2,US PL McBee Factory,"McBee, SC",shipper,low
2039,Markette,63.63,50.15,C,2,99,0,3,0.2,US PL McBee Factory,"McBee, SC",shipper,low
2040,Kingfield Quadrunners,63.63,63.63,D,1,99,0,3,0.2,US PL Kingfield Factory,"Kingfield, ME 04947, USA",shipper,low
2041,"First Call Logistics, LLC",63.63,53.59,C,2,70,33.3,5,10.6,US PL Dallas 2 Factory,"Irving, TX",3pl,medium
2042,Bogle Vineyards Distribution Warehouse,63.63,63.63,C,1,70,33.3,5,10.6,US PL Sacramento Factory,"West Sacramento, CA",shipper,medium
2043,Interglobo Logistics NA,63.63,63.63,C,1,70,33.3,5,10.6,US PL Pasadena Factory,"Deer Park, TX",3pl,medium
2044,MyLogisticsDept,63.63,63.63,C,1,70,33.3,5,10.6,US PL Sacramento Factory,"West Sacramento, CA",shipper,medium
2045,imperial logistics llc,63.63,63.63,C,1,70,33.3,5,10.6,US PL Greenwood Indiana,"Indianapolis, IN",3pl,medium
2046,Dallas Logistics Hub,63.63,63.63,C,1,70,33.3,5,10.6,US PL Dallas 2 Factory,"Dallas, TX",3pl,medium
2047,Highland Logistics,63.63,63.63,C,1,70,33.3,5,10.6,US PL Sacramento Factory,"West Sacramento, CA",3pl,medium
2048,"Gramatur ( truck and trailer repair, roadside service, cross-dock) Towing",63.63,63.63,C,1,70,33.3,5,10.6,US PL Sacramento Factory,"Sacramento, CA",shipper,low
2049,Wm. H. Buckley Farm,63.63,63.63,C,1,70,33.3,5,10.6,US PL Saratoga Spring Factory,"Ballston Lake, NY",shipper,low
2050,Chungs Gourmet Foods,63.63,63.63,C,1,70,33.3,5,10.6,US PL S Houston Factory,"Houston, TX",shipper,low
2051,Hartt Transportation Systems Inc.,63.62,63.62,D,1,88,0,5,3.7,US PL Poland Spring Factory,"Auburn, ME",shipper,low
2052,Aerix Industries,63.62,63.62,D,1,88,0,5,3.7,US DC NFI - Breinigsville,"Allentown, PA",shipper,low
2053,Smooth-On,63.62,63.62,D,1,88,0,5,3.7,US DC NFI - Breinigsville,"Macungie, PA",shipper,low
2054,BlueScope Coated Products,63.62,63.62,D,1,88,0,5,3.7,US PL Ontario Factory,"Rancho Cucamonga, CA",shipper,low
2055,Silgan Plastics Corp.,63.62,63.62,D,1,88,0,5,3.7,US PL S Houston Factory,"Houston, TX",shipper,low
2056,Love's Truck Care,63.61,41.15,C,4,74,26.7,5,9.1,US PL S Houston Factory,"Houston, TX",shipper,low
2057,Express Container Services,63.61,63.61,C,1,74,26.7,5,9.1,US PL S Houston Factory,"Houston, TX",shipper,low
2058,Tom Thumb/Randalls/Albertsons Distribution Center,63.59,63.59,A,1,41,86.7,5,26.7,US PL Dallas 2 Factory,"Roanoke, TX",shipper,high
2059,Amazon Fullfillment Center DFW7,63.57,63.57,A,1,37,93.3,5,29.5,US PL Dallas 2 Factory,"Fort Worth, TX",shipper,medium
2060,Nor-Cal Beverage Co,63.5,57.29,C,2,70,33.3,5,10.7,US PL Sacramento Factory,"West Sacramento, CA",shipper,medium
2061,Derby Logistics - Warehousing,63.5,63.5,C,1,70,33.3,5,10.7,US PL S Houston Factory,"Houston, TX",3pl,medium
2062,Men's Warehouse Distribution Center,63.5,63.5,C,1,70,33.3,5,10.7,US PL S Houston Factory,"Houston, TX",shipper,medium
2063,Live Global Logistics,63.5,63.5,C,1,70,33.3,5,10.7,US PL Dallas 2 Factory,"Dallas, TX",3pl,medium
2064,Houston Fulfillment and Warehousing,63.5,63.5,C,1,70,33.3,5,10.7,US PL S Houston Factory,"Houston, TX",3pl,medium
2065,Greatwide Logistics Services,63.5,63.5,C,1,70,33.3,5,10.7,US PL S Houston Factory,"Houston, TX",3pl,medium
2066,Midwest Logistics Systems,63.5,53.02,C,2,70,33.3,5,10.7,US PL Hawkins Factory,"Tyler, TX",3pl,medium
2067,Joe's Junction,63.5,63.5,C,1,70,33.3,5,10.7,US PL Greenwood Indiana,"Indianapolis, IN",shipper,low
2068,The Cavity Factory,63.5,63.5,C,1,70,33.3,5,10.7,US PL Greenwood Indiana,"Indianapolis, IN",shipper,low
2069,LA CAMPERA TORTILLA FACTORY,63.5,63.5,C,1,70,33.3,5,10.7,US PL S Houston Factory,"Houston, TX",shipper,low
2070,Denver Food Trailers,63.5,63.5,C,1,70,33.3,5,10.7,US PL Denver Factory,"Northglenn, CO",shipper,low
2071,ABI Crossdock,63.5,63.5,C,1,70,33.3,5,10.7,US PL S Houston Factory,"Houston, TX",shipper,low
2072,Mohawk Travel Plaza - Eastbound,63.5,63.5,A,1,48,93.3,3,21.9,US PL Saratoga Spring Factory,"Amsterdam, NY",shipper,medium
2073,Amazon FTW3 / FTW4,63.5,63.5,A,1,37,93.3,5,29.6,US PL Dallas 2 Factory,"Fort Worth, TX",shipper,medium
2074,ShipSage,63.46,63.46,D,1,88,0,5,3.8,US DC NFI - Breinigsville,"Allentown, PA",shipper,low
2075,"Sigma Supply of North America (Hot Springs), Proudly Part of BradyPLUS",63.46,63.46,D,1,88,0,5,3.8,US DC Hot Springs (WHSE),"Hot Springs, AR",shipper,low
2076,Penwal Industries Inc,63.46,63.46,D,1,88,0,5,3.8,US PL Ontario Factory,"Rancho Cucamonga, CA",shipper,low
2077,4 Bros liquor #7,63.45,63.45,D,1,99,0,3,0.3,US PL Cabazon Factory,"Cabazon, CA",shipper,low
2078,Ross Stores Distribution Center,63.39,53.17,A,3,44,80,5,24.4,US PL Ontario Factory,"Moreno Valley, CA",shipper,high
2079,Men's Wearhouse,63.38,47.03,D,5,86,4,5,4.6,US PL Madison Factory,"Madison, WI",shipper,low
2080,Supernova Furniture Distribution Center,63.37,63.37,C,1,70,33.3,5,10.8,US PL S Houston Factory,"Houston, TX",shipper,medium
2081,Conn's Warehouse #144,63.37,63.37,C,1,70,33.3,5,10.8,US PL Denver Factory,"Aurora, CO",shipper,medium
2082,Mighty Movers Logistics,63.37,63.37,C,1,70,33.3,5,10.8,US PL S Houston Factory,"Houston, TX",3pl,medium
2083,Merchandise Warehouse Co. Inc.,63.37,63.37,C,1,70,33.3,5,10.8,US PL Greenwood Indiana,"Indianapolis, IN",shipper,medium
2084,Acts Intl Warehouse & Distribution Services,63.37,63.37,C,1,70,33.3,5,10.8,US PL S Houston Factory,"Houston, TX",3pl,medium
2085,EDD Warehouse,63.37,63.37,C,1,70,33.3,5,10.8,US PL Sacramento Factory,"West Sacramento, CA",shipper,medium
2086,Starwest Botanicals Warehouse,63.37,63.37,C,1,70,33.3,5,10.8,US PL Sacramento Factory,"Sacramento, CA",shipper,medium
2087,Cho -Han Logistics,63.37,63.37,C,1,70,33.3,5,10.8,US PL Sacramento Factory,"Sacramento, CA",3pl,medium
2088,Xpedient Logistics,63.37,63.37,C,1,70,33.3,5,10.8,US PL Dallas 2 Factory,"Dallas, TX",3pl,medium
2089,"ADUSA Distribution, LLC",63.37,54.17,C,3,70,33.3,5,10.8,US PL Hollis Factory,"Saco, ME",shipper,medium
2090,24/7 Crossdock,63.37,29.56,A,7,70,33.3,5,10.8,US PL Sacramento Factory,"West Sacramento, CA",shipper,low
2091,"Helena Agri-Enterprises, LLC",63.37,63.37,C,1,70,33.3,5,10.8,US PL High Springs Factory,"Alachua, FL",shipper,low
2092,United Supermarkets/Albertsons Distribution Center,63.36,63.36,A,1,41,86.7,5,27,US PL Dallas 2 Factory,"Roanoke, TX",shipper,high
2093,Aspen Electronics Manufacturing Inc.,63.34,63.34,C,1,73,26.7,5,9.3,US PL Denver Factory,"Westminster, CO",shipper,medium
2094,Walton Engineering & Manufacturing Co.,63.34,63.34,C,1,73,26.7,5,9.3,US PL Sacramento Factory,"Rancho Cordova, CA",shipper,medium
2095,World Harbors,63.3,63.3,D,1,88,0,5,3.9,US PL Poland Spring Factory,"Auburn, ME",shipper,low
2096,Vertical Cold Storage,63.24,38.61,C,6,70,33.3,5,10.9,US PL Greenwood Indiana,"Indianapolis, IN",shipper,medium
2097,BLUETRITON BOTTLING,63.24,63.24,C,1,70,33.3,5,10.9,US PL Pasadena Factory,"Pasadena, TX",shipper,medium
2098,MillerCoors Bottling,63.24,63.24,C,1,70,33.3,5,10.9,US PL Denver Factory,"Golden, CO",shipper,medium
2099,Tailored Adhesives - Plant 4,63.21,58.82,C,2,73,26.7,5,9.4,US PL Hawkins Factory,"Tyler, TX",shipper,medium
2100,Southwestern Manufacturing Co,63.21,63.21,C,1,73,26.7,5,9.4,US PL Dallas 2 Factory,"Dallas, TX",shipper,medium
2101,Colorado Industrial Packaging,63.21,63.21,C,1,73,26.7,5,9.4,US PL Denver Factory,"Aurora, CO",shipper,low
2102,Amazon Fulfillment Center IND1,63.17,63.17,A,1,37,93.3,5,30.1,US PL Greenwood Indiana,"Whitestown, IN",3pl,high
2103,Extra Storage Rancho Cucamonga,63.13,63.13,D,1,88,0,5,4,US PL Ontario Factory,"Rancho Cucamonga, CA",shipper,low
2104,Lock & Stor,63.13,63.13,D,1,88,0,5,4,US DC Hot Springs (WHSE),"Hot Springs, AR",shipper,low
2105,All Purpose Storage,63.13,57.88,D,4,88,0,5,2.8,US PL Hollis Factory,"Hollis, ME",shipper,low
2106,2ndChanceLogistix.1.com LLc,63.13,63.13,D,1,88,0,5,4,US DC NFI - Breinigsville,"Allentown, PA",shipper,low
2107,Eagle Industries Inc,63.13,63.13,D,1,88,0,5,4,US PL Hollis Factory,"Hollis, ME",shipper,low
2108,California Cold Logistics,63.12,44.28,C,2,69,33.3,5,11,US PL Sacramento Factory,"West Sacramento, CA",3pl,medium
2109,SKU2U Fulfillment,63.12,63.12,C,1,69,33.3,5,11,US PL Dallas 2 Factory,"Fort Worth, TX",3pl,medium
2110,Enclos UC Davis Warehouse,63.12,63.12,C,1,69,33.3,5,11,US PL Sacramento Factory,"West Sacramento, CA",shipper,medium
2111,Great Notion - Cali Fulfillment Center,63.12,63.12,C,1,69,33.3,5,11,US PL Sacramento Factory,"Sacramento, CA",3pl,medium
2112,L'oreal Warehouse,63.12,63.12,C,1,69,33.3,5,11,US PL Dallas 2 Factory,"Dallas, TX",shipper,medium
2113,Prism Logistics,63.12,63.12,C,1,69,33.3,5,11,US PL Sacramento Factory,"West Sacramento, CA",3pl,medium
2114,SEKO Logistics Sacramento,63.12,63.12,C,1,69,33.3,5,11,US PL Sacramento Factory,"West Sacramento, CA",3pl,medium
2115,Pineland Farms Natural Meats,63.12,63.12,C,1,69,33.3,5,11,US PL Poland Spring Factory,"New Gloucester, ME",shipper,low
2116,"Miller Expedited Freight, Inc.",63.12,63.12,C,1,69,33.3,5,11,US PL Greenwood Indiana,"Indianapolis, IN",shipper,low
2117,Trachte Building Systems,63.06,63.06,C,1,79,16,5,7.2,US PL Madison Factory,"Madison, WI",shipper,low
2118,"Baxter Packaging, LLC.",63.03,63.03,A,1,36,93.3,5,30.3,US PL Hawkins Factory,"Longview, TX",shipper,medium
2119,Raley's Distribution Center,62.99,62.99,C,1,69,33.3,5,11.1,US PL Sacramento Factory,"Sacramento, CA",shipper,medium
2120,American Transport Logistics Llc,62.99,62.99,C,1,69,33.3,5,11.1,US PL S Houston Factory,"Stafford, TX",carrier,medium
2121,Freight Logistics,62.99,62.99,C,1,69,33.3,5,11.1,US PL Denver Factory,"Centennial, CO",3pl,medium
2122,BCW Food Products,62.99,62.99,C,1,69,33.3,5,11.1,US PL Dallas 2 Factory,"Dallas, TX",shipper,low
2123,Frith Farm,62.99,62.99,C,1,69,33.3,5,11.1,US PL Hollis Factory,"Scarborough, ME",shipper,low
2124,Maine Needham Company,62.99,62.99,C,1,69,33.3,5,11.1,US PL Hollis Factory,"Saco, ME",shipper,low
2125,Pemberton's Gourmet Foods,62.99,62.99,C,1,69,33.3,5,11.1,US PL Poland Spring Factory,"Gray, ME",shipper,low
2126,Marten Transport,62.97,60.05,D,2,87,0,5,4.1,US PL Ontario Factory,"Jurupa Valley, CA",carrier,low
2127,Ambry Inc. DBA/Sharp Express,62.97,62.97,D,1,87,0,5,4.1,US PL Denver Factory,"Denver, CO",shipper,low
2128,Nellson Nutraceutical LLC,62.97,62.97,D,1,87,0,5,4.1,US PL Ontario Factory,"Ontario, CA",shipper,low
2129,Agren,62.97,62.97,D,1,87,0,5,4.1,US PL Poland Spring Factory,"Auburn, ME",shipper,low
2130,International Plant Services,62.94,62.94,C,1,73,26.7,5,9.6,US PL Pasadena Factory,"La Porte, TX",shipper,medium
2131,PM Packaging (Corporate Office and Manufacturing Plant),62.94,62.94,C,1,73,26.7,5,9.6,US PL Sacramento Factory,"McClellan Park, CA",shipper,medium
2132,Atlanta Bonded Warehouse,62.86,62.86,C,1,69,33.3,5,11.2,US PL Dallas 2 Factory,"Dallas, TX",shipper,medium
2133,S & S LOGISTICS LLC,62.86,62.86,C,1,69,33.3,5,11.2,US PL S Houston Factory,"Houston, TX",3pl,medium
2134,"Food For Life Baking Co., Inc.",62.86,62.86,C,1,69,33.3,5,11.2,US PL Ontario Factory,"Corona, CA",shipper,low
2135,Professional Packaging Systems / Quality Packaging,62.85,62.85,D,1,76,20,5,8.2,US PL Dallas 2 Factory,"Grand Prairie, TX",shipper,low
2136,Empress Packaging,62.85,62.85,D,1,76,20,5,8.2,US PL Pasadena Factory,"Pasadena, TX",shipper,low
2137,The Shippers Group,62.81,62.81,D,1,87,0,5,4.2,US PL Dallas 2 Factory,"Grand Prairie, TX",shipper,low
2138,"Safeguard Storage of Wisconsin, LLC",62.81,62.81,D,1,87,0,5,4.2,US PL Madison Factory,"McFarland, WI",shipper,low
2139,Countryside Moving,62.81,62.81,D,1,87,0,5,4.2,US PL High Springs Factory,"High Springs, FL",shipper,low
2140,"Midsouth Distributing USA, Inc",62.81,62.81,D,1,87,0,5,4.2,US DC Hot Springs (WHSE),"Hot Springs, AR",shipper,low
2141,LeVecke Corporation,62.81,62.81,D,1,87,0,5,4.2,US PL Ontario Factory,"Jurupa Valley, CA",shipper,low
2142,"Universal Pure - Malvern, PA",62.81,49.29,D,3,87,0,5,4.2,US PL Ontario Factory,"Mira Loma, CA",shipper,low
2143,Lycon Inc - Plant # 25,62.81,62.81,C,1,72,26.7,5,9.7,US PL Madison Factory,"Sun Prairie, WI",shipper,medium
2144,South Coast Manufacturing,62.81,62.81,C,1,72,26.7,5,9.7,US PL S Houston Factory,"Galena Park, TX",shipper,medium
2145,NC Equipment Solutions,62.81,62.81,C,1,72,26.7,5,9.7,US PL Sacramento Factory,"West Sacramento, CA",shipper,low
2146,National Science Foundation Ice Core Facility,62.78,62.78,C,1,78,16,5,7.4,US PL Denver Factory,"Lakewood, CO",shipper,low
2147,NXTPoint Logistics,62.74,47.71,C,2,69,33.3,5,11.3,US PL Dallas 2 Factory,"Fort Worth, TX",3pl,medium
2148,Express Freight,62.74,62.74,C,1,69,33.3,5,11.3,US PL Denver Factory,"Aurora, CO",shipper,low
2149,Apogee Foods,62.74,62.74,C,1,69,33.3,5,11.3,US PL Dallas 2 Factory,"Dallas, TX",shipper,low
2150,United Bros Crossdock Storage and Restack,62.74,62.74,C,1,69,33.3,5,11.3,US DC NFI - Breinigsville,"Whitehall Township, PA",shipper,low
2151,Engineered Food Systems,62.74,62.74,C,1,69,33.3,5,11.3,US PL Ontario Factory,"Corona, CA",shipper,low
2152,Frito-Lay Wilton Bin,62.74,62.74,A,1,43,100,3,25.2,US PL Kingfield Factory,"Wilton, ME",shipper,medium
2153,"Packaging Service Co., Inc.",62.71,62.71,C,1,76,20,5,8.3,US PL S Houston Factory,"Pearland, TX",shipper,low
2154,Technology Container Corporation,62.71,62.71,D,1,76,20,5,8.3,US PL Dallas 2 Factory,"DeSoto, TX",shipper,low
2155,Asia Chemical,62.71,62.71,D,1,76,20,5,8.3,US PL S Houston Factory,"Houston, TX",shipper,low
2156,Ozark Trucking,62.67,62.67,C,1,72,26.7,5,9.8,US PL Sacramento Factory,"McClellan Park, CA",carrier,low
2157,USA Trucking,62.67,37.65,C,2,72,26.7,5,9.8,US PL Dallas 2 Factory,"Dallas, TX 75207, USA",carrier,low
2158,Cross Dock Expert,62.66,62.66,D,1,87,0,5,4.3,US PL Ontario Factory,"Upland, CA",shipper,low
2159,StorSafe of Madison,62.66,62.66,D,1,87,0,5,4.3,US PL Madison Factory,"Madison, WI",shipper,low
2160,Steve Stock & Associates,62.66,62.66,D,1,87,0,5,4.3,US PL Denver Factory,"Englewood, CO",shipper,low
2161,CKL cross docking,62.66,62.66,D,1,87,0,5,4.3,US PL Ontario Factory,"Upland, CA",shipper,low
2162,"MAG45, Inc.",62.66,62.66,D,1,87,0,5,4.3,US PL Madison Factory,"Madison, WI",shipper,low
2163,Laliberte Trucking Inc,62.63,62.63,C,1,83,26.7,3,5.6,US PL High Springs Factory,"Fort White, FL",carrier,low
2164,BWT Best Warehouse,62.61,62.61,C,1,68,33.3,5,11.4,US PL Greenwood Indiana,"Indianapolis, IN",shipper,medium
2165,Whole Foods Distribution Center,62.61,62.61,C,1,68,33.3,5,11.4,US PL Denver Factory,"Aurora, CO",shipper,medium
2166,Williams Distribution Center,62.61,62.61,C,1,68,33.3,5,11.4,US PL Dallas 2 Factory,"Dallas, TX",shipper,medium
2167,"newegg Indy logistics: 3PL services | eCommerce fulfillment services provider",62.61,62.61,C,1,68,33.3,5,11.4,US PL Greenwood Indiana,"Indianapolis, IN",3pl,medium
2168,Logistics: Revolution and Development,62.61,62.61,C,1,68,33.3,5,11.4,US PL Madison Factory,"Middleton, WI",3pl,medium
2169,"LogistiFreight, Inc",62.61,62.61,C,1,68,33.3,5,11.4,US PL Denver Factory,"Aurora, CO",shipper,low
2170,Pilot,62.61,62.61,C,1,68,33.3,5,11.4,US PL Ontario Factory,"Bloomington, CA",shipper,low
2171,Forward Air Freight,62.61,62.61,C,1,68,33.3,5,11.4,US PL Greenwood Indiana,"Indianapolis, IN",shipper,low
2172,Renew Packaging Solutions,62.57,62.57,C,1,76,20,5,8.4,US PL Sacramento Factory,"Rancho Cordova, CA",shipper,low
2173,Dirigo Cannabis,62.57,62.57,D,1,76,20,5,8.4,US PL Poland Spring Factory,"Lewiston, ME",shipper,low
2174,Universal Plant Services,62.54,62.54,C,1,72,26.7,5,9.9,US PL Pasadena Factory,"Deer Park, TX",shipper,medium
2175,LIZARD STORAGE GROUP INC,62.5,62.5,D,1,86,0,5,4.4,US PL Ontario Factory,"Ontario, CA",shipper,low
2176,Fountain Lake Storage,62.5,62.5,D,1,86,0,5,4.4,US PL Hot Springs 2 Factory,"Hot Springs National Park, AR",shipper,low
2177,Rocky Mountain Soda Co.,62.5,62.5,D,1,86,0,5,4.4,US PL Denver Factory,"Denver, CO",shipper,low
2178,Firstex Industries Inc.,62.5,62.5,D,1,86,0,5,4.4,US PL Dallas 2 Factory,"Grand Prairie, TX",shipper,low
2179,Downeast Machine & Engineering Inc.,62.5,62.5,D,1,86,0,5,4.4,US PL Poland Spring Factory,"Mechanic Falls, ME",shipper,low
2180,"MassFlow Solutions, Inc.",62.5,62.5,D,1,86,0,5,4.4,US DC NFI - Breinigsville,"Fogelsville, PA",shipper,low
2181,MagnaSafe,62.5,62.5,D,1,86,0,5,4.4,US PL Poland Spring Factory,"Mechanic Falls, ME",shipper,low
2182,West Coast Cold Storage,62.49,62.49,C,1,68,33.3,5,11.5,US PL Ontario Factory,"Jurupa Valley, CA",shipper,medium
2183,Rancho Cordova Logistics Center Building 1,62.49,62.49,C,1,68,33.3,5,11.5,US PL Sacramento Factory,"Rancho Cordova, CA",3pl,medium
2184,City of Houston Building Materials Reuse Warehouse,62.49,62.49,C,1,68,33.3,5,11.5,US PL S Houston Factory,"Houston, TX",shipper,medium
2185,"Colonial Logistics, LLC",62.49,62.49,C,1,68,33.3,5,11.5,US PL S Houston Factory,"Houston, TX",3pl,medium
2186,John Soules Foods Inc,62.49,62.49,C,1,68,33.3,5,11.5,US PL Hawkins Factory,"Tyler, TX",shipper,low
2187,Quorn Foods,62.49,62.49,C,1,68,33.3,5,11.5,US PL Dallas 2 Factory,"Irving, TX",shipper,low
2188,ContainerPort Group Houston,62.43,62.43,C,1,75,20,5,8.5,US PL Pasadena Factory,"La Porte, TX",shipper,low
2189,Doskocil Manufacturing Company,62.41,62.41,C,1,72,26.7,5,10,US PL Dallas 2 Factory,"Arlington, TX",shipper,medium
2190,AC Horn Manufacturing,62.41,62.41,C,1,72,26.7,5,10,US PL Dallas 2 Factory,"Dallas, TX",shipper,medium
2191,SAS Manufacturing,62.41,62.41,C,1,72,26.7,5,10,US PL Ontario Factory,"Corona, CA",shipper,medium
2192,Truck point,62.41,62.41,C,1,72,26.7,5,10,US PL Sacramento Factory,"Sacramento, CA",shipper,low
2193,Quemetco Warehouse,62.36,62.36,C,1,68,33.3,5,11.6,US PL Greenwood Indiana,"Indianapolis, IN",shipper,medium
2194,APTUS Warehouse,62.36,62.36,C,1,68,33.3,5,11.6,US PL Greenwood Indiana,"Indianapolis, IN",shipper,medium
2195,"Warehouse Associates, Inc",62.36,62.36,C,1,68,33.3,5,11.6,US PL Greenwood Indiana,"Indianapolis, IN",shipper,medium
2196,"Premier Warehouse Equipment, Inc.",62.36,62.36,C,1,68,33.3,5,11.6,US PL Ontario Factory,"Fontana, CA",shipper,medium
2197,2A Warehouse,62.36,62.36,C,1,68,33.3,5,11.6,US PL S Houston Factory,"Houston, TX",shipper,medium
2198,SunStop Store #338,62.36,62.36,C,1,68,33.3,5,11.6,US PL High Springs Factory,"Lake City, FL",shipper,low
2199,Southern Noodle Co,62.36,62.36,C,1,68,33.3,5,11.6,US PL S Houston Factory,"Houston, TX",shipper,low
2200,House Storage Plus - 49th Ave,62.34,62.34,D,1,86,0,5,4.5,US PL Sacramento Factory,"Sacramento, CA",shipper,low
2201,N10 Niagara,62.34,62.34,D,1,86,0,5,4.5,US PL Ontario Factory,"Fontana, CA",shipper,low
2202,Resort Storage,62.34,62.34,D,1,86,0,5,4.5,US DC Hot Springs (WHSE),"Hot Springs, AR",shipper,low
2203,Sappi,62.34,54.81,D,2,86,0,5,4.5,US DC NFI - Breinigsville,"Allentown, PA",shipper,low
2204,Landsberg Orora,62.34,62.34,D,1,86,0,5,4.5,US PL Ontario Factory,"Fontana, CA",shipper,low
2205,Angstrom Fiber Auburn,62.34,62.34,D,1,86,0,5,4.5,US PL Poland Spring Factory,"Auburn, ME",shipper,low
2206,New Gloucester Village Store,62.26,62.26,C,1,79,33.3,3,7.2,US PL Poland Spring Factory,"New Gloucester, ME",shipper,low
2207,Texas Frio Cold Storage,62.24,62.24,C,1,68,33.3,5,11.7,US PL S Houston Factory,"Houston, TX",shipper,medium
2208,Young Marines of North Central Florida - Food Distribution Center,62.24,62.24,C,1,68,33.3,5,11.7,US PL High Springs Factory,"Fort White, FL",shipper,medium
2209,Seeds of Hope Neighborhood Center - Food Distribution Center,62.24,62.24,C,1,68,33.3,5,11.7,US PL Hollis Factory,"Biddeford, ME",shipper,medium
2210,Magnolia Foods Rialto,62.24,62.24,C,1,68,33.3,5,11.7,US PL Ontario Factory,"Rialto, CA",shipper,low
2211,Smiling Hill Farm,62.24,62.24,C,1,63,41.3,5,13.7,US PL Hollis Factory,"Westbrook, ME",shipper,low
2212,Rowland Transportation,62.18,62.18,D,1,86,0,5,4.6,US PL Zephyrhills Factory,"Dade City, FL",shipper,low
2213,Kenan Advantage Group,62.18,62.18,D,1,86,0,5,4.6,US DC NFI - Breinigsville,"Allentown, PA",shipper,low
2214,HMSHost,62.18,62.18,D,1,86,0,5,4.6,US DC NFI - Breinigsville,"Allentown, PA",shipper,low
2215,Panolam Surface Systems,62.18,62.18,D,1,86,0,5,4.6,US PL Poland Spring Factory,"Auburn, ME",shipper,low
2216,Merichem Technologies,62.18,62.18,D,1,86,0,5,4.6,US PL S Houston Factory,"Houston, TX",shipper,low
2217,BJ Manufacturing Co,62.15,62.15,C,1,71,26.7,5,10.2,US PL Ontario Factory,"Riverside, CA",shipper,medium
2218,One Stop Truck & Equipment,62.15,62.15,C,1,71,26.7,5,10.2,US PL Sacramento Factory,"North Highlands, CA",shipper,low
2219,"UPS Industrial Services, LLC",62.15,62.15,C,1,71,26.7,5,10.2,US PL Pasadena Factory,"Deer Park, TX",shipper,low
2220,"Industrial Inspection & Analysis, previously known as Timco Engineering, Inc.",62.15,62.15,C,1,71,26.7,5,10.2,US PL High Springs Factory,"Alachua, FL",shipper,low
2221,Grand Appliances And TV Warehouse,62.12,62.12,C,1,78,33.3,3,7.3,US PL Madison Factory,"Cottage Grove, WI",shipper,medium
2222,Old Brick Furniture Warehouse Distribution Center,62.11,62.11,C,1,67,33.3,5,11.8,US PL Saratoga Spring Factory,"Clifton Park, NY",shipper,medium
2223,Warehouse Associates of Texas,62.11,62.11,C,1,67,33.3,5,11.8,US PL S Houston Factory,"Houston, TX",shipper,medium
2224,GoodSAM Warehouse,62.11,62.11,C,1,67,33.3,5,11.8,US PL Hollis Factory,"Biddeford, ME",shipper,medium
2225,The Little Depot Pro Warehouse,62.11,62.11,C,1,67,33.3,5,11.8,US PL S Houston Factory,"Houston, TX",shipper,medium
2226,Trinity 3 Logistics,62.11,48.09,C,2,67,33.3,5,11.8,US PL Sacramento Factory,"Sacramento, CA",3pl,medium
2227,Mosaic - Plant City,62.03,62.03,C,1,82,26.7,3,6,US PL Zephyrhills Factory,"Plant City, FL",shipper,medium
2228,"Lupus Cross Dock, Storage & Final Mile",62.02,62.02,D,1,85,0,5,4.7,US PL Dallas 2 Factory,"Grand Prairie, TX",shipper,low
2229,MMK WORLD,62.02,62.02,D,1,85,0,5,4.7,US PL Madison Factory,"Madison, WI",shipper,low
2230,Seamless Manufacturing,62.02,62.02,C,1,71,26.7,5,10.3,US PL Ontario Factory,"Riverside, CA",shipper,medium
2231,Eagle Industrial Plant Services Corporation,62.02,62.02,C,1,71,26.7,5,10.3,US PL Pasadena Factory,"Deer Park, TX",shipper,medium
2232,"Romco Manufacturing, Inc.",62.02,62.02,C,1,71,26.7,5,10.3,US PL Pasadena Factory,"Deer Park, TX",shipper,medium
2233,Lindon Manufacturing & Lab,62.02,62.02,C,1,71,26.7,5,10.3,US PL S Houston Factory,"Houston, TX",shipper,medium
2234,Rialto Fulfillment Center - Building 2,61.99,61.99,C,1,67,33.3,5,11.9,US PL Ontario Factory,"Bloomington, CA",3pl,medium
2235,Unis Fulfillment,61.99,61.99,C,1,67,33.3,5,11.9,US PL S Houston Factory,"Houston, TX",3pl,medium
2236,Warehouse 839,61.99,61.99,C,1,67,33.3,5,11.9,US PL Hollis Factory,"Saco, ME",shipper,medium
2237,Hometown Logistics,61.99,61.99,C,1,67,33.3,5,11.9,US PL Greenwood Indiana,"Indianapolis, IN",3pl,medium
2238,Claremont Foods,61.99,61.99,C,1,67,33.3,5,11.9,US PL Denver Factory,"Westminster, CO",shipper,low
2239,GNM Kenyan Coffee Imports LLC,61.99,61.99,C,1,67,33.3,5,11.9,US PL Greenwood Indiana,"Indianapolis, IN",shipper,low
2240,Bottleworks District,61.98,61.98,C,1,65,37.3,5,12.9,US PL Greenwood Indiana,"Indianapolis, IN",shipper,low
2241,XSA1 - Amazon,61.96,61.96,A,1,45,93.3,3,23.7,US PL Mecosta Factory,"Mt Pleasant, MI",shipper,medium
2242,"Pepsi-Cola of Florence, LLC",61.96,61.96,A,1,31,100,5,35.3,US PL McBee Factory,"Florence, SC",shipper,medium
2243,RBM Manufacturing Co,61.89,61.89,C,1,71,26.7,5,10.4,US PL Ontario Factory,"Pomona, CA",shipper,medium
2244,Denver Express Warehousing & Cross Docking,61.87,61.87,D,1,85,0,5,4.8,US PL Denver Factory,"Denver, CO",3pl,low
2245,"Cogi Logistic Solutions, LLC",61.87,61.87,D,1,85,0,5,4.8,US PL S Houston Factory,"Houston, TX",shipper,low
2246,Outpost,61.87,61.87,D,1,85,0,5,4.8,US PL Dallas 2 Factory,"Dallas, TX",shipper,low
2247,Rialto Fulfillment Center Bldg 1,61.87,61.87,C,1,67,33.3,5,12,US PL Ontario Factory,"Bloomington, CA",3pl,medium
2248,"Counseling Services, Inc. - Food Distribution Center",61.87,61.87,C,1,67,33.3,5,12,US PL Hollis Factory,"Saco, ME 04072, USA",shipper,medium
2249,Refrigerated Logistics Inc,61.87,61.87,C,1,67,33.3,5,12,US PL Dallas 2 Factory,"Dallas, TX",3pl,medium
2250,Heritage Food International,61.87,61.87,C,1,67,33.3,5,12,US PL Dallas 2 Factory,"Dallas, TX",shipper,low
2251,"Shell USA, Inc. - Deer Park Chemical Plant",61.76,61.76,C,1,70,26.7,5,10.5,US PL Pasadena Factory,"Deer Park, TX",shipper,medium
2252,Industrialex Manufacturing,61.76,61.76,C,1,70,26.7,5,10.5,US PL Denver Factory,"Arvada, CO",shipper,medium
2253,Burlington Truck Terminal,61.76,61.76,C,1,70,26.7,5,10.5,US PL Dallas 2 Factory,"Dallas, TX",shipper,medium
2254,Fiesta mart warehouse,61.74,61.74,C,1,67,33.3,5,12.1,US PL S Houston Factory,"Houston, TX",shipper,medium
2255,Reliable Source Logistics,61.74,61.74,C,1,67,33.3,5,12.1,US PL Greenwood Indiana,"Indianapolis, IN",3pl,medium
2256,Virginia Park Foods,61.74,61.74,C,1,67,33.3,5,12.1,US PL Ontario Factory,"Riverside, CA",shipper,low
2257,Heavy Haulers Transport,61.71,61.71,D,1,85,0,5,4.9,US PL Hollis Factory,"Buxton, ME",carrier,low
2258,Brickyard Hollow Brewing Company,61.69,61.69,C,1,78,33.3,3,7.6,US PL Poland Spring Factory,"New Gloucester, ME",shipper,low
2259,7D Manufacturing,61.63,61.63,C,1,70,26.7,5,10.6,US PL Dallas 2 Factory,"Dallas, TX",shipper,medium
2260,Gayle Manufacturing Company,61.63,61.63,C,1,70,26.7,5,10.6,US PL Sacramento Factory,"Sacramento, CA",shipper,medium
2261,Central Distributors,61.63,44.41,C,2,70,26.7,5,10.6,US PL Poland Spring Factory,"Lewiston, ME",shipper,low
2262,Go2 Logistics - Lakeland Terminal,61.62,57.38,C,2,67,33.3,5,12.2,US PL Ontario Factory,"Bloomington, CA",3pl,medium
2263,R&P Logistics Inc,61.62,61.62,C,1,67,33.3,5,12.2,US PL Greenwood Indiana,"Indianapolis, IN",3pl,medium
2264,Mattress Distribution Center,61.62,61.62,C,1,67,33.3,5,12.2,US PL Sacramento Factory,"Sacramento, CA",shipper,medium
2265,Royal Logistic & Warehouse Inc,61.62,61.62,C,1,67,33.3,5,12.2,US PL S Houston Factory,"Stafford, TX",shipper,medium
2266,"A2 Global Shipping - Houston, Texas Terminal",61.62,46.58,C,3,67,33.3,5,12.2,US PL S Houston Factory,"Houston, TX",shipper,medium
2267,Inland Empire Foods Inc,61.62,61.62,C,1,67,33.3,5,12.2,US PL Ontario Factory,"Riverside, CA",shipper,low
2268,Global Flavors Usa LLC,61.62,61.62,C,1,67,33.3,5,12.2,US PL S Houston Factory,"Houston, TX",shipper,low
2269,Alliance Warehousing,61.56,61.56,D,1,85,0,5,5,US PL S Houston Factory,"Houston, TX",3pl,low
2270,Chewy Fulfillment Center CFC1,61.52,61.52,A,1,52,80,3,19.7,US PL Greenwood Indiana,"Clayton, IN",3pl,high
2271,Factory Blue,61.5,61.5,C,1,70,26.7,5,10.7,US PL Dallas 2 Factory,"Fort Worth, TX",shipper,low
2272,Aspen Distribution,61.5,56.82,C,2,66,33.3,5,12.3,US PL Denver Factory,"Aurora, CO",shipper,medium
2273,Inland Empire Cold Storage,61.5,61.5,C,1,66,33.3,5,12.3,US PL Ontario Factory,"Jurupa Valley, CA",shipper,medium
2274,"US Logistics Solutions, Inc.",61.5,49.1,C,3,66,33.3,5,12.3,US PL Greenwood Indiana,"Indianapolis, IN",3pl,medium
2275,Steelcase Regional Distribution Center,61.5,61.5,C,1,66,33.3,5,12.3,US PL Denver Factory,"Aurora, CO",shipper,medium
2276,R2 Logistics,61.5,61.5,C,1,66,33.3,5,12.3,US PL Dallas 2 Factory,"Dallas, TX",3pl,medium
2277,M&A LOGISTICS & AUTOMOBILE,61.5,61.5,C,1,66,33.3,5,12.3,US PL S Houston Factory,"Houston, TX",3pl,medium
2278,Dr Pepper Snapple Group Dallas,61.4,61.4,D,1,84,0,5,5.1,US PL Dallas 2 Factory,"Dallas, TX",shipper,low
2279,Prime Storage,61.4,45.58,D,4,84,0,5,5.1,US PL Saratoga Spring Factory,"Saratoga Springs, NY",shipper,low
2280,Art of Cellaring,61.4,61.4,D,1,84,0,5,5.1,US PL S Houston Factory,"Houston, TX",shipper,low
2281,FirstFleet Inc,61.4,61.4,D,1,84,0,5,5.1,US PL Poland Spring Factory,"Auburn, ME",shipper,low
2282,Solo Cup,61.4,61.4,D,1,84,0,5,5.1,US PL Dallas 2 Factory,"Grand Prairie, TX",shipper,low
2283,"Reef Industries, Inc.",61.4,61.4,D,1,84,0,5,5.1,US PL S Houston Factory,"Houston, TX",shipper,low
2284,Logistic Concepts LLC,61.4,61.4,D,1,84,0,5,5.1,US PL Sacramento Factory,"Sacramento, CA",shipper,low
2285,FrigiServe Cold Storage,61.38,61.38,C,1,66,33.3,5,12.4,US PL Dallas 2 Factory,"Euless, TX",shipper,medium
2286,Oakland Logistics,61.38,61.38,C,1,66,33.3,5,12.4,US PL Greenwood Indiana,"Indianapolis, IN",3pl,medium
2287,"Topline Logistics, Inc",61.38,61.38,C,1,66,33.3,5,12.4,US PL Sacramento Factory,"Rio Linda, CA",3pl,medium
2288,"Nfinity Courier And Logistics, Inc",61.38,61.38,A,1,35,90.7,5,31.6,US PL Hot Springs 2 Factory,"Bryant, AR",3pl,high
2289,Equipment Storage Service,61.37,61.37,C,1,70,26.7,5,10.8,US PL Dallas 2 Factory,"Dallas, TX",shipper,low
2290,Team Packaging Inc,61.34,61.34,C,1,73,20,5,9.3,US PL Denver Factory,"Aurora, CO",shipper,low
2291,US Cold Storage Quakertown-West,61.26,61.26,C,1,66,33.3,5,12.5,US DC NFI - Breinigsville,"Quakertown, PA",shipper,medium
2292,TPL Manufacturing dba UpScale Mfg Solutions,61.26,61.26,C,1,66,33.3,5,12.5,US PL Dallas 2 Factory,"Irving, TX",shipper,medium
2293,CFC Logistics,61.26,61.26,C,1,66,33.3,5,12.5,US DC NFI - Breinigsville,"Quakertown, PA",3pl,medium
2294,Tri Star Freight System,61.26,61.26,C,1,66,33.3,5,12.5,US PL S Houston Factory,"Houston, TX",shipper,low
2295,Crossroad Farms Dairy,61.26,61.26,C,1,66,33.3,5,12.5,US PL Greenwood Indiana,"Indianapolis, IN",shipper,low
2296,Fresca Foods,61.26,61.26,C,1,66,33.3,5,12.5,US PL Denver Factory,"Aurora, CO",shipper,low
2297,Global Macungie - a Global Partners LP Terminal,61.25,61.25,D,1,84,0,5,5.2,US DC NFI - Breinigsville,"Macungie, PA",shipper,medium
2298,Vertex Fleet,61.25,61.17,D,2,84,0,5,5.2,US PL Denver Factory,"Denver, CO",shipper,low
2299,Garland Manufacturing Co,61.24,61.24,C,1,70,26.7,5,10.9,US PL Hollis Factory,"Saco, ME",shipper,medium
2300,Zajac LLC,61.24,61.24,C,1,70,26.7,5,10.9,US PL Hollis Factory,"Saco, ME",shipper,low
2301,Staples Distribution Center,61.14,46.68,C,2,66,33.3,5,12.6,US PL Ontario Factory,"Rialto, CA",shipper,medium
2302,Omni Logistics - Houston,61.14,48.98,C,3,66,33.3,5,12.6,US PL Dallas 2 Factory,"Euless, TX",3pl,medium
2303,American Plant Food @ Greens Port Industrial Terminal,61.14,61.14,C,1,66,33.3,5,12.6,US PL S Houston Factory,"Houston, TX",shipper,medium
2304,Fronteras Food Group LLC,61.14,61.14,C,1,66,33.3,5,12.6,US PL Ontario Factory,"Corona, CA",shipper,low
2305,Village Trading Post,61.13,61.13,C,1,77,33.3,3,8,US PL Poland Spring Factory,"West Minot, ME",shipper,low
2306,AMBest 49er Truck Repair and Service Center,61.12,61.12,C,1,69,26.7,5,11,US PL Sacramento Factory,"Sacramento, CA",shipper,low
2307,Logistic Union Inc.,61.09,61.09,D,1,84,0,5,5.3,US PL Denver Factory,"Denver, CO",shipper,low
2308,WAM Commercial Associates,61.09,61.09,D,1,84,0,5,5.3,US PL Saratoga Spring Factory,"Ballston Spa, NY",shipper,low
2309,ChemPak,61.09,61.09,D,1,84,0,5,5.3,US PL Pasadena Factory,"Pasadena, TX",shipper,low
2310,CIM Industries Inc,61.09,61.09,D,1,84,0,5,5.3,US PL S Houston Factory,"Houston, TX",shipper,low
2311,Mill Rock Packaging,61.07,61.07,D,1,73,20,5,9.5,US PL Denver Factory,"Aurora, CO",shipper,low
2312,GoPuff Micro Fulfillment center,61.02,56.76,C,3,65,33.3,5,12.7,US PL Dallas 2 Factory,"Dallas, TX",3pl,medium
2313,Wolf Logistics Inc,61.02,61.02,C,1,65,33.3,5,12.7,US PL Sacramento Factory,"Rio Linda, CA",3pl,medium
2314,Circle City Logistics,61.02,61.02,C,1,65,33.3,5,12.7,US PL Greenwood Indiana,"Indianapolis, IN",3pl,medium
2315,"Mr. Pork Grill Factory USA | Taste on Fire",61.02,61.02,C,1,65,33.3,5,12.7,US PL Sacramento Factory,"Fair Oaks, CA",shipper,low
2316,Aroma Pizza,61.02,61.02,C,1,65,33.3,5,12.7,US PL S Houston Factory,"Houston, TX",shipper,low
2317,Price Manufacturing Co.,60.99,60.99,C,1,69,26.7,5,11.1,US PL Ontario Factory,"Riverside, CA",shipper,medium
2318,American Metal Manufacturing Resource Inc,60.99,60.99,C,1,69,26.7,5,11.1,US PL Ontario Factory,"Pomona, CA",shipper,medium
2319,Sodrel Truck Lines,60.99,60.99,C,1,69,26.7,5,11.1,US PL Greenwood Indiana,"Indianapolis, IN",shipper,low
2320,Ed's Grove Discount Store,60.97,60.97,D,1,94,0,3,1.7,US PL Hollis Factory,"Lyman, ME",shipper,low
2321,Drive Direct Express,60.97,60.97,D,1,94,0,3,1.7,US PL Mecosta Factory,"Mecosta, MI",shipper,low
2322,King Brothers Dairy,60.95,60.95,C,1,74,37.3,3,9,US PL Saratoga Spring Factory,"Schuylerville, NY",shipper,low
2323,GW Cross Dock Services,60.94,60.94,D,1,84,0,5,5.4,US PL Ontario Factory,"Fontana, CA",shipper,low
2324,CG Roxane LLC,60.94,60.94,D,1,84,0,5,5.4,US PL Pasadena Factory,"Pasadena, TX",shipper,low
2325,KCL Fulfillment,60.9,60.9,C,1,65,33.3,5,12.8,US PL Ontario Factory,"Riverside, CA",3pl,medium
2326,All for Christ Ministries - Food Distribution Center,60.9,60.9,C,1,65,33.3,5,12.8,US PL McBee Factory,"Hartsville, SC",shipper,medium
2327,Kingdom Builders Worship Center - Food Distribution Center,60.9,60.9,C,1,65,33.3,5,12.8,US PL McBee Factory,"Hartsville, SC",shipper,medium
2328,Central Freight Line,60.9,60.9,C,1,65,33.3,5,12.8,US PL S Houston Factory,"Houston, TX",carrier,low
2329,Lessgistics,60.82,60.82,C,1,75,16,5,8.8,US PL Greenwood Indiana,"Indianapolis, IN",shipper,low
2330,Sun Chemical Mfg,60.81,60.81,D,1,72,20,5,9.7,US PL Ontario Factory,"Riverside, CA",shipper,low
2331,Moody compress,60.79,60.79,D,1,83,0,5,5.5,US PL S Houston Factory,"Houston, TX",shipper,low
2332,Memorial Hermann Consolidated Service Center,60.79,60.79,D,1,83,0,5,5.5,US PL S Houston Factory,"Houston, TX",shipper,low
2333,Ross Express Inc,60.79,60.79,D,1,83,0,5,5.5,US PL Poland Spring Factory,"Auburn, ME",shipper,low
2334,"RAM Manufacturing Equipment, LLC",60.74,60.74,C,1,69,26.7,5,11.3,US PL Ontario Factory,"Corona, CA",shipper,medium
2335,ITI Manufacturing,60.66,60.66,C,1,65,33.3,5,13,US PL S Houston Factory,"Sugar Land, TX",shipper,medium
2336,St. Luke's Distribution Center,60.66,60.66,C,1,65,33.3,5,13,US DC NFI - Breinigsville,"Allentown, PA",shipper,medium
2337,Onway cross dock,60.63,60.63,D,1,83,0,5,5.6,US PL Ontario Factory,"Fontana, CA",shipper,low
2338,GSC Distributors Cross Dock,60.63,60.63,D,1,83,0,5,5.6,US PL Ontario Factory,"Mira Loma, CA",shipper,low
2339,Natural Contract Manufacturing,60.61,60.61,C,1,68,26.7,5,11.4,US PL Madison Factory,"Middleton, WI",shipper,medium
2340,Sacramento Container Corporation,60.54,60.54,C,1,72,20,5,9.9,US PL Sacramento Factory,"McClellan Park, CA",shipper,low
2341,The Fowling Warehouse Indianapolis,60.54,60.54,C,1,65,33.3,5,13.1,US PL Greenwood Indiana,"Indianapolis, IN",shipper,medium
2342,Fleet Management Logistics,60.54,60.54,C,1,65,33.3,5,13.1,US PL Dallas 2 Factory,"Hutchins, TX",3pl,medium
2343,City Warehouse Corporation,60.54,60.54,C,1,65,33.3,5,13.1,US PL Dallas 2 Factory,"Dallas, TX",shipper,medium
2344,Four Season Beverages,60.54,60.54,C,1,65,33.3,5,13.1,US PL Ontario Factory,"Riverside, CA",shipper,low
2345,"Evolution CrossDock, LLC",60.54,60.54,C,1,65,33.3,5,13.1,US PL Hawkins Factory,"Tyler, TX",shipper,low
2346,All Secure Mini-Storage,60.48,60.48,D,1,83,0,5,5.7,US PL Ontario Factory,"Mira Loma, CA",shipper,low
2347,Sigma supply,60.48,60.48,D,1,83,0,5,5.7,US DC Hot Springs (WHSE),"Hot Springs, AR",shipper,low
2348,Airtech Supply Inc,60.48,60.48,D,1,83,0,5,5.7,US DC Hot Springs (WHSE),"Hot Springs, AR",shipper,low
2349,Stakkd rack,60.48,60.48,D,1,83,0,5,5.7,US PL Greenwood Indiana,"Franklin, IN",shipper,low
2350,Flexport EWR1 Fulfillment Center,60.46,60.46,A,1,41,96,3,26.6,US DC NFI - Breinigsville,"Phillipsburg, NJ",3pl,high
2351,Depot 62 Warehouse,60.43,43.34,C,2,75,33.3,3,8.5,US PL Zephyrhills Factory,"San Antonio, FL",shipper,medium
2352,Texas Star Warehouse & Distribution,60.42,60.42,C,1,64,33.3,5,13.2,US PL Dallas 2 Factory,"Dallas, TX",shipper,medium
2353,J & W Warehouse,60.42,60.42,C,1,64,33.3,5,13.2,US PL Dallas 2 Factory,"Dallas, TX",shipper,medium
2354,Patriot Freight Group,60.42,60.42,C,1,64,33.3,5,13.2,US PL S Houston Factory,"Houston, TX",shipper,low
2355,Royal Pepper Company,60.42,60.42,C,1,64,33.3,5,13.2,US PL Dallas 2 Factory,"Dallas, TX",shipper,low
2356,True Essence Foods,60.42,60.42,C,1,64,33.3,5,13.2,US PL Greenwood Indiana,"Indianapolis, IN",shipper,low
2357,"Coca-Cola of Columbus, Indiana",60.34,60.34,A,1,39,100,3,28.4,US PL Greenwood Indiana,"Columbus, IN",shipper,medium
2358,Ollie's Bargain Outlet Distribution Center,60.3,60.3,C,1,64,33.3,5,13.3,US PL Dallas 2 Factory,"Lancaster, TX",shipper,medium
2359,Wozen fulfillment center,60.3,60.3,C,1,64,33.3,5,13.3,US PL Dallas 2 Factory,"Dallas, TX",3pl,medium
2360,Rise Baking Company,60.3,60.3,C,1,64,33.3,5,13.3,US PL Ontario Factory,"Colton, CA",shipper,low
2361,Truck Express,60.3,60.3,C,1,64,33.3,5,13.3,US PL Hawkins Factory,"Tyler, TX",shipper,low
2362,Arborstone Storage Hawkins II,60.28,60.28,D,1,93,0,3,2.1,US PL Hawkins Factory,"Hawkins, TX",shipper,low
2363,The Packaging Store,60.28,60.28,C,1,71,20,5,10.1,US PL Dallas 2 Factory,"Arlington, TX",shipper,low
2364,Ernest Packaging Solutions,60.28,39.88,C,3,71,20,5,10.1,US PL Sacramento Factory,"West Sacramento, CA",shipper,low
2365,Westside Warehouse,60.19,46.15,C,2,64,33.3,5,13.4,US DC NFI - Breinigsville,"Bethlehem, PA",shipper,medium
2366,Commercial Cove Flex Warehouse & Storage,60.19,60.19,C,1,64,33.3,5,13.4,US PL Hawkins Factory,"Tyler, TX",shipper,medium
2367,J/M Warehouses LLC,60.19,60.19,C,1,64,33.3,5,13.4,US PL Madison Factory,"DeForest, WI",shipper,medium
2368,Southwest Freight Inc,60.19,60.19,C,1,64,33.3,5,13.4,US PL S Houston Factory,"Houston, TX",shipper,low
2369,HTI COLD-STORAGE & RESTACK CROSSDOCK SERVICES,60.19,60.19,C,1,64,33.3,5,13.4,US PL Greenwood Indiana,"Indianapolis, IN",shipper,low
2370,"ROWL United USA, LLC",60.18,60.18,D,1,82,0,5,5.9,US PL Pasadena Factory,"Pasadena, TX",shipper,low
2371,Ace Cross Dock,60.18,60.18,D,1,82,0,5,5.9,US PL Ontario Factory,"Fontana, CA",shipper,low
2372,"Stone Industries, LLC",60.18,60.18,D,1,82,0,5,5.9,US PL Saratoga Spring Factory,"Saratoga Springs, NY",shipper,low
2373,"Penn State Paper and Box Co., Inc.",60.15,60.15,D,1,71,20,5,10.2,US DC NFI - Breinigsville,"Allentown, PA",shipper,low
2374,Carolina Logistics Services Inc,60.07,60.07,C,1,64,33.3,5,13.5,US PL S Houston Factory,"Houston, TX",3pl,medium
2375,Riverside Distribution Center,60.07,60.07,C,1,64,33.3,5,13.5,US PL Ontario Factory,"Riverside, CA",shipper,medium
2376,Daylight Transport,60.03,57.82,D,2,82,0,5,6,US PL S Houston Factory,"Houston, TX",carrier,low
2377,"Houston Manufacturing Specialty Co., Inc.",59.99,59.99,C,1,67,26.7,5,11.9,US PL S Houston Factory,"Houston, TX",shipper,medium
2378,Texas Logistic & Fulfillment Services,59.95,59.95,C,1,64,33.3,5,13.6,US PL S Houston Factory,"Sugar Land, TX",3pl,medium
2379,Federal Warehouse,59.95,59.95,C,1,64,33.3,5,13.6,US PL Greenwood Indiana,"Indianapolis, IN",shipper,medium
2380,Shipping and Handling of Texas,59.95,59.95,C,1,64,33.3,5,13.6,US PL S Houston Factory,"Sugar Land, TX",shipper,low
2381,Bruns Bros. Process Equipment,59.95,59.95,C,1,64,33.3,5,13.6,US PL Poland Spring Factory,"Gray, ME",shipper,low
2382,Whitfield Garage Door's Repair Service,59.88,59.88,D,1,82,0,5,6.1,US PL High Springs Factory,"Alachua, FL",shipper,low
2383,"Bunga Inc, Grand Prairie",59.88,59.88,D,1,82,0,5,6.1,US PL Dallas 2 Factory,"Grand Prairie, TX",shipper,low
2384,"Westpac Pkg, Inc.",59.88,59.88,D,1,82,0,5,6.1,US PL Ontario Factory,"Rancho Cucamonga, CA",shipper,low
2385,CBM Fabrications,59.87,59.87,C,1,67,26.7,5,12,US PL Saratoga Spring Factory,"Ballston Lake, NY",shipper,low
2386,"Alta Industrial Management, Inc",59.87,59.87,C,1,67,26.7,5,12,US PL Saratoga Spring Factory,"Mechanicville, NY",shipper,low
2387,Placon Distribution Center,59.84,59.84,C,1,63,33.3,5,13.7,US PL Madison Factory,"DeForest, WI",shipper,medium
2388,Crate Warehouse,59.84,59.84,C,1,63,33.3,5,13.7,US PL S Houston Factory,"Houston, TX",shipper,medium
2389,A J Logistics,59.84,59.84,C,1,63,33.3,5,13.7,US PL S Houston Factory,"Houston, TX",3pl,medium
2390,East Penn Manufacturing Administration Office,59.83,59.83,C,1,78,26.7,3,7.5,US PL Allentown NPL Factory,"RUSCMBMNR TWP, PA",shipper,medium
2391,Gator Packaging,59.76,59.76,D,1,70,20,5,10.5,US PL Sacramento Factory,"Sacramento, CA",shipper,low
2392,Texas Manufacturing Co,59.74,59.74,C,1,67,26.7,5,12.1,US PL S Houston Factory,"Houston, TX",shipper,medium
2393,Camino Manufacturing LLC,59.74,59.74,C,1,67,26.7,5,12.1,US PL S Houston Factory,"Houston, TX",shipper,medium
2394,"DeepWater Buoyancy, Inc.",59.74,59.74,C,1,67,26.7,5,12.1,US PL Hollis Factory,"Biddeford, ME",shipper,low
2395,Cross Industry Dynamics,59.73,59.73,D,1,81,0,5,6.2,US PL Denver Factory,"Westminster, CO",shipper,low
2396,Jsc Cross Docking,59.73,59.73,D,1,81,0,5,6.2,US PL Ontario Factory,"Fontana, CA",shipper,low
2397,Patriot surplus equipment,59.72,59.72,C,1,63,33.3,5,13.8,US PL S Houston Factory,"Sugar Land, TX",shipper,low
2398,East Penn Manufacturing,59.69,59.47,C,2,78,26.7,3,7.6,US PL Allentown NPL Factory,"Lyons, PA",shipper,medium
2399,Amazon DLR2,59.68,59.68,A,1,30,93.3,5,35.8,US PL Hot Springs 2 Factory,"Alexander, AR",shipper,medium
2400,EMPIRE CONTAINER FREIGHT STATION,59.66,50.08,A,2,29,96,5,37.3,US PL Ontario Factory,"Compton, CA",shipper,medium
2401,Occidental Chemical Corporation,59.63,59.63,D,1,70,20,5,10.6,US PL Dallas 2 Factory,"Dallas, TX",shipper,low
2402,US Storage Centers,59.61,45.02,D,4,79,4,5,7.1,US PL S Houston Factory,"Houston, TX",shipper,low
2403,Pasco County Utilities Warehouse - Wesley Chapel,59.61,59.61,C,1,74,33.3,3,9.1,US PL Zephyrhills Factory,"Wesley Chapel, FL",shipper,medium
2404,DallasWarehouse.com Joefield Rd Dallas - Warehouse & Storage,59.61,59.61,C,1,63,33.3,5,13.9,US PL Dallas 2 Factory,"Dallas, TX",shipper,medium
2405,LVHN-Distribution Center,59.61,59.61,C,1,63,33.3,5,13.9,US DC NFI - Breinigsville,"Bethlehem, PA",shipper,medium
2406,Swift Dedicated Terminal,59.58,59.58,D,1,81,0,5,6.3,US PL Ontario Factory,"Fontana, CA",carrier,medium
2407,Arden Fair Mall & Terminal (NB),59.58,59.58,D,1,81,0,5,6.3,US PL Sacramento Factory,"Sacramento, CA 95815, USA",shipper,medium
2408,Tactical Logistic Solutions,59.58,59.58,D,1,81,0,5,6.3,US PL Ontario Factory,"Chino, CA",shipper,low
2409,Packwell BRT,59.58,59.58,D,1,81,0,5,6.3,US PL Pasadena Factory,"Pasadena, TX",shipper,low
2410,Procold Refrigarated Services,59.58,59.58,D,1,81,0,5,6.3,US DC NFI - Breinigsville,"Allentown, PA",shipper,low
2411,Bell Container International Paper,59.55,59.55,A,1,34,86.7,5,32.6,US PL Ontario Factory,"Los Angeles, CA",shipper,medium
2412,The Can Van LLC,59.5,59.5,D,1,70,20,5,10.7,US PL Sacramento Factory,"Sacramento, CA",shipper,low
2413,JVS Logistics,59.49,59.49,C,1,63,33.3,5,14,US PL Greenwood Indiana,"Indianapolis, IN",3pl,medium
2414,American Girl Deforest Distribution Center,59.49,59.49,C,1,63,33.3,5,14,US PL Madison Factory,"DeForest, WI",shipper,medium
2415,Golf & Ski Warehouse,59.49,46.57,C,2,63,33.3,5,14,US PL Hollis Factory,"Scarborough, ME",shipper,medium
2416,Dr Pepper/Seven Up Bottling,59.49,59.49,C,1,63,33.3,5,14,US PL Dallas 2 Factory,"Dallas, TX",shipper,medium
2417,XPress360,59.47,59.47,C,1,72,16,5,9.8,US PL Greenwood Indiana,"Indianapolis, IN",shipper,low
2418,Excargo Services Inc.,59.43,59.43,D,1,81,0,5,6.4,US PL Pasadena Factory,"Pasadena, TX",shipper,low
2419,Ace Storage Solutions,59.43,59.43,D,1,81,0,5,6.4,US PL Dallas 2 Factory,"Arlington, TX",shipper,low
2420,Smart Warehouse,59.38,47.93,C,2,63,33.3,5,14.1,US DC NFI - Breinigsville,"Northampton, PA",shipper,medium
2421,"FulCross Pro, LLC- 3PL Warehouse, Cross Dock & Fulfillment",59.38,59.38,C,1,63,33.3,5,14.1,US PL S Houston Factory,"Houston, TX",3pl,medium
2422,BSM Logistics LLC,59.38,59.38,C,1,63,33.3,5,14.1,US PL Greenwood Indiana,"Indianapolis, IN",3pl,medium
2423,Regal Wine & Liquor Warehouse,59.38,59.38,C,1,63,33.3,5,14.1,US PL Saratoga Spring Factory,"Clifton Park, NY",shipper,medium
2424,Lehigh & New England - Bethlehem Freight Station Historic Site,59.38,59.38,C,1,63,33.3,5,14.1,US DC NFI - Breinigsville,"Bethlehem, PA 18018, USA",shipper,low
2425,Abox Packaging Co,59.37,59.37,C,1,70,20,5,10.8,US PL S Houston Factory,"Houston, TX",shipper,low
2426,"Key Courier Logistics, LLC",59.34,59.34,C,1,73,33.3,3,9.3,US DC NFI - Breinigsville,"Schnecksville, PA",3pl,medium
2427,Aero-Tech Industries,59.29,59.29,D,1,81,0,5,6.5,US PL Dallas 2 Factory,"Grand Prairie, TX",shipper,low
2428,M & M Coastal Manufacturing,59.26,59.26,C,1,66,26.7,5,12.5,US PL S Houston Factory,"Houston, TX",shipper,medium
2429,Advanced Manufacturing Techniques,59.26,59.26,C,1,66,26.7,5,12.5,US PL Saratoga Spring Factory,"Clifton Park, NY",shipper,medium
2430,Machinery Manufacturing,59.26,59.26,C,1,66,26.7,5,12.5,US PL McBee Factory,"Hartsville, SC",shipper,medium
2431,Piper Warehouse Inc,59.26,58.48,C,2,62,33.3,5,14.2,US PL Greenwood Indiana,"Indianapolis, IN",shipper,medium
2432,Black Creek Warehouses,59.26,59.26,C,1,62,33.3,5,14.2,US PL Hawkins Factory,"Tyler, TX",shipper,medium
2433,Commercial Foods,59.26,59.26,C,1,62,33.3,5,14.2,US PL Greenwood Indiana,"Indianapolis, IN",shipper,low
2434,Sysco Arkansas - Food Distributor & Restaurant Supplies,59.16,59.16,A,1,26,100,5,40.7,US PL Hot Springs 2 Factory,"Little Rock, AR",shipper,medium
2435,Nav Logistics,59.15,59.15,C,1,62,33.3,5,14.3,US PL S Houston Factory,"Houston, TX",3pl,medium
2436,"The Little Potato Company - Potato Processing, Packaging, Distribution",59.15,59.15,C,1,62,33.3,5,14.3,US PL Madison Factory,"DeForest, WI",shipper,medium
2437,Track One Logistics,59.15,59.15,C,1,62,33.3,5,14.3,US PL Ontario Factory,"Riverside, CA",3pl,medium
2438,Sandvik Mining & Rock Technology,59.14,59.14,D,1,80,0,5,6.6,US PL High Springs Factory,"Alachua, FL",shipper,low
2439,Star Packaging Co Inc,59.12,59.12,C,1,69,20,5,11,US PL Greenwood Indiana,"Indianapolis, IN",shipper,low
2440,Arhaus Warehouse,59.03,59.03,C,1,62,33.3,5,14.4,US PL Dallas 2 Factory,"Hutchins, TX",shipper,medium
2441,Charger Logistics Dallas Terminal,59.03,59.03,C,1,62,33.3,5,14.4,US PL Dallas 2 Factory,"Lancaster, TX",3pl,medium
2442,Southeastern Freightlines,59.03,37.34,C,2,62,33.3,5,14.4,US PL Zephyrhills Factory,"Thonotosassa, FL",shipper,low
2443,Mill26,58.99,58.99,D,1,80,0,5,6.7,US PL Saratoga Spring Factory,"Rock City Falls, NY",shipper,low
2444,BCI - Buckeye Corrugated Indianapolis,58.99,58.99,C,1,69,20,5,11.1,US PL Greenwood Indiana,"Indianapolis, IN",shipper,low
2445,Amazon LAX5 Sort Center Warehouse,58.99,58.99,A,1,40,93.3,3,27.5,US PL Ontario Factory,"Buena Park, CA",shipper,high
2446,Ply Gem - Cornerstone Building Brands,58.95,58.95,D,1,71,16,5,10.2,US PL Sacramento Factory,"West Sacramento, CA",shipper,low
2447,Praxair Inc,58.93,58.93,D,1,91,0,3,2.9,US PL Hawkins Factory,"Hawkins, TX",shipper,low
2448,TLB Food Factory,58.92,58.92,C,1,62,33.3,5,14.5,US PL Ontario Factory,"Riverside, CA",shipper,low
2449,Tany Foods,58.92,58.92,C,1,62,33.3,5,14.5,US PL Dallas 2 Factory,"Dallas, TX",shipper,low
2450,Tortillería Pachanga,58.92,58.92,C,1,62,33.3,5,14.5,US PL Hollis Factory,"Scarborough, ME",shipper,low
2451,"RPC Manufacturing Solutions, LLC",58.9,58.9,C,1,65,26.7,5,12.8,US PL Denver Factory,"Broomfield, CO",shipper,medium
2452,Fred's Auto Transport,58.85,58.85,D,1,80,0,5,6.8,US PL Poland Spring Factory,"Auburn, ME",carrier,low
2453,Warehouse Coffee Co.,58.82,58.82,A,1,43,86.7,3,25.1,US PL Zephyrhills Factory,"Spring Hill, FL",shipper,high
2454,ÍSAFOLD Distribution Center,58.81,58.81,C,1,61,33.3,5,14.6,US PL Hollis Factory,"Scarborough, ME",shipper,medium
2455,Logistics For Power Systems,58.81,58.81,C,1,61,33.3,5,14.6,US PL Saratoga Spring Factory,"Clifton Park, NY",3pl,medium
2456,Cargo Pizza Company - Food Truck,58.81,58.81,C,1,61,33.3,5,14.6,US PL Hollis Factory,"Scarborough, ME",shipper,low
2457,Gronbach Food Systems LLC,58.81,58.81,C,1,61,33.3,5,14.6,US PL Dallas 2 Factory,"Arlington, TX",shipper,low
2458,Texas International Freight,58.81,58.81,C,1,61,33.3,5,14.6,US PL S Houston Factory,"Houston, TX",shipper,low
2459,Michaels Auto Transport,58.7,58.7,D,1,79,0,5,6.9,US PL Poland Spring Factory,"Lewiston, ME",carrier,low
2460,USA Auto Transport,58.7,58.7,D,1,79,0,5,6.9,US PL Poland Spring Factory,"Lewiston, ME",carrier,low
2461,Bargain Auto Transport,58.7,58.7,D,1,79,0,5,6.9,US PL Poland Spring Factory,"Lewiston, ME",carrier,low
2462,Gilman Electric Supply,58.7,58.7,D,1,79,0,5,6.9,US PL Poland Spring Factory,"Auburn, ME",shipper,low
2463,"Entosense, LLC",58.7,58.7,D,1,79,0,5,6.9,US PL Poland Spring Factory,"Lewiston, ME",shipper,low
2464,Performance Foodservice - Little Rock,58.7,58.7,A,1,25,100,5,41.7,US PL Hot Springs 2 Factory,"Little Rock, AR",shipper,high
2465,"Lightning Logistics, LLC",58.69,58.69,C,1,61,33.3,5,14.7,US PL S Houston Factory,"Houston, TX",3pl,medium
2466,Dollar Warehouse,58.69,58.69,C,1,61,33.3,5,14.7,US PL Ontario Factory,"Riverside, CA",shipper,medium
2467,O Z Fulfillment,58.69,58.69,C,1,61,33.3,5,14.7,US PL Dallas 2 Factory,"Dallas, TX",3pl,medium
2468,R Logistics LLC,58.69,58.69,C,1,61,33.3,5,14.7,US PL Greenwood Indiana,"Indianapolis, IN",3pl,medium
2469,Polytex Fibers Corps #9501,58.69,58.69,C,1,61,33.3,5,14.7,US PL S Houston Factory,"Houston, TX",shipper,low
2470,Tempo Logistics Inc,58.67,58.67,C,1,72,33.3,3,9.8,US PL Pasadena Factory,"Pearland, TX",3pl,medium
2471,DFW Truck S.T.O.P. & Wash,58.66,58.66,C,1,65,26.7,5,13,US PL Dallas 2 Factory,"Dallas, TX",shipper,low
2472,Safeway Logistics,58.58,58.58,C,1,61,33.3,5,14.8,US PL Greenwood Indiana,"Indianapolis, IN",3pl,medium
2473,FulfillPlus 3PL Ecommerce Fulfillment Center and Warehouse,58.58,37.95,C,2,61,33.3,5,14.8,US PL S Houston Factory,"Houston, TX",3pl,medium
2474,JLM Logistics Inc.,58.58,58.58,C,1,61,33.3,5,14.8,US PL Pasadena Factory,"Channelview, TX",3pl,medium
2475,G M & L Manufacturing,58.54,58.54,C,1,65,26.7,5,13.1,US PL S Houston Factory,"Houston, TX",shipper,medium
2476,Houston Manufacturing & Fab Co,58.54,58.54,C,1,65,26.7,5,13.1,US PL S Houston Factory,"Houston, TX",shipper,medium
2477,Sysco Sacramento - Food Distributor & Restaurant Supplies,58.52,58.52,A,1,52,100,0,19.7,US PL Sacramento Factory,"Pleasant Grove, CA",shipper,medium
2478,"WareSpace NW Houston | Small Warehouse Space Rentals",58.47,58.47,C,1,61,33.3,5,14.9,US PL S Houston Factory,"Houston, TX",shipper,medium
2479,Auto Sound Warehouse,58.47,58.47,C,1,61,33.3,5,14.9,US PL Pasadena Factory,"Channelview, TX",shipper,medium
2480,Furniture Row Distribution Center,58.47,58.47,C,1,61,33.3,5,14.9,US PL Denver Factory,"Aurora, CO",shipper,medium
2481,Isis Food Truck Fabricacion y Reparacion,58.47,58.47,C,1,61,33.3,5,14.9,US PL S Houston Factory,"Houston, TX",shipper,low
2482,Coca Cola Bottling Plant Marker,58.43,58.43,A,1,52,100,0,19.8,US PL High Springs Factory,"Trenton, FL",shipper,high
2483,Southwestern Motor Transport,58.42,58.42,C,1,64,26.7,5,13.2,US PL Hawkins Factory,"Tyler, TX",carrier,low
2484,Sunset Pacific Transportation,58.41,58.41,D,1,79,0,5,7.1,US PL Ontario Factory,"Chino, CA",shipper,low
2485,Lewiston - Midwest Moving Company,58.41,58.41,D,1,79,0,5,7.1,US PL Poland Spring Factory,"Lewiston, ME",shipper,low
2486,Luther Forest Technology Campus,58.41,58.41,D,1,79,0,5,7.1,US PL Saratoga Spring Factory,"Malta, NY",shipper,low
2487,Amazon Warehouse DJW8,58.4,58.4,A,1,50,93.3,1,20.9,US PL Cabazon Factory,"Cathedral City, CA",shipper,high
2488,Garaga dsi Door Center Distribution - Portland,58.36,58.36,C,1,61,33.3,5,15,US PL Hollis Factory,"Westbrook, ME",shipper,medium
2489,Guar Gum King,58.36,58.36,C,1,61,33.3,5,15,US PL S Houston Factory,"Houston, TX",shipper,low
2490,Earth Life Foods,58.36,58.36,C,1,61,33.3,5,15,US PL Greenwood Indiana,"Indianapolis, IN",shipper,low
2491,Core Creative Fabrication,58.3,58.3,C,1,64,26.7,5,13.3,US PL Hawkins Factory,"Tyler, TX",shipper,low
2492,Alchem Laboratories Corporation,58.26,58.26,D,1,79,0,5,7.2,US PL High Springs Factory,"Alachua, FL",shipper,low
2493,Frontage warehouse,58.25,58.25,C,1,60,33.3,5,15.1,US PL Zephyrhills Factory,"Plant City, FL",shipper,medium
2494,Horwith Trucks Inc,58.19,58.19,C,1,64,26.7,5,13.4,US DC NFI - Breinigsville,"Northampton, PA",shipper,low
2495,Distribution center,58.15,39.43,C,5,71,33.3,3,10.2,US PL Zephyrhills Factory,"San Antonio, FL",shipper,medium
2496,Texas Fulfillment Center 3PL,58.14,58.14,C,1,60,33.3,5,15.2,US PL Dallas 2 Factory,"Dallas, TX",3pl,medium
2497,Goodwill Southern California Riverside Warehouse Clearance Center,58.14,58.14,C,1,60,33.3,5,15.2,US PL Ontario Factory,"Riverside, CA",shipper,medium
2498,Adapt - Food Distribution Center,58.14,58.14,C,1,60,33.3,5,15.2,US PL Hawkins Factory,"Tyler, TX",shipper,medium
2499,My Place Teen Center - Food Distribution Center,58.14,58.14,C,1,60,33.3,5,15.2,US PL Hollis Factory,"Westbrook, ME",shipper,medium
2500,Crossdock & storage services,58.14,58.14,C,1,60,33.3,5,15.2,US PL Greenwood Indiana,"Indianapolis, IN",shipper,low
2501,Packit hub - Food Packaging Company,58.14,58.14,C,1,60,33.3,5,15.2,US PL Dallas 2 Factory,"Dallas, TX",shipper,low
2502,"Terminal Link Texas, LLC",58.12,58.12,D,1,78,0,5,7.3,US PL Pasadena Factory,"Seabrook, TX",shipper,medium
2503,Maine Warehousing,58.12,58.12,D,1,78,0,5,7.3,US PL Poland Spring Factory,"Lewiston, ME",3pl,low
2504,Thibodeau's Ice Cream,58.12,58.12,D,1,78,0,5,7.3,US PL Hollis Factory,"Saco, ME",shipper,low
2505,24-7 Cross Docking,58.12,32.46,C,3,78,0,5,7.3,US PL Dallas 2 Factory,"Arlington, TX",shipper,low
2506,"Total Facility Solutions, Inc.",58.12,58.12,D,1,78,0,5,7.3,US PL Saratoga Spring Factory,"Malta, NY",shipper,low
2507,United Salt Corporation,58.12,58.12,D,1,78,0,5,7.3,US PL S Houston Factory,"Houston, TX",shipper,low
2508,Nelipak Healthcare Packaging,58.11,58.11,C,1,67,20,5,11.8,US DC NFI - Breinigsville,"Whitehall Township, PA",shipper,low
2509,"Pillow Logistics Final Mile, Inc",58.03,58.03,C,1,60,33.3,5,15.3,US PL Greenwood Indiana,"Indianapolis, IN",3pl,medium
2510,Hermann Warehouse Company,58.03,58.03,C,1,60,33.3,5,15.3,US PL Pasadena Factory,"Houston, TX",shipper,medium
2511,Erlanger Distribution Center Inc,58.03,58.03,C,1,60,33.3,5,15.3,US PL Ontario Factory,"Riverside, CA",shipper,medium
2512,Blue Oak Logistics INC.,58.03,58.03,C,1,60,33.3,5,15.3,US PL Greenwood Indiana,"Indianapolis, IN",3pl,medium
2513,Travero Logistics,58.02,58.02,C,1,71,33.3,3,10.3,US PL Madison Factory,"Stoughton, WI",3pl,medium
2514,Ward's Supermarket,58,58,B,1,53,46.7,5,19.2,US PL High Springs Factory,"Gainesville, FL",shipper,low
2515,Interstate Warehousing,57.98,53.54,D,2,78,0,5,7.4,US PL Denver Factory,"Denver, CO",3pl,low
2516,Kerr Industries of Texas,57.98,57.98,D,1,78,0,5,7.4,US PL Dallas 2 Factory,"Arlington, TX",shipper,low
2517,Dollar General Receiving,57.97,57.97,A,1,42,86.7,3,26.2,US PL Hawkins Factory,"Longview, TX",shipper,medium
2518,Amazon DMF8,57.94,57.94,A,1,27,93.3,5,39.1,US PL Zephyrhills Factory,"Clearwater, FL",shipper,medium
2519,Cascade Warehouse Inc,57.92,57.92,C,1,60,33.3,5,15.4,US PL Ontario Factory,"Colton, CA",shipper,medium
2520,Dr. Pepper-7UP Bottling Company,57.92,57.92,C,1,60,33.3,5,15.4,US PL Hawkins Factory,"Tyler, TX",shipper,medium
2521,Haven's Candies,57.92,57.92,C,1,60,33.3,5,15.4,US PL Hollis Factory,"Westbrook, ME",shipper,low
2522,Giorgio Foods Inc,57.92,57.92,C,1,60,33.3,5,15.4,US PL Allentown NPL Factory,"Blandon, PA",shipper,low
2523,"Blue Ocean Seafood, Inc.",57.92,57.92,C,1,60,33.3,5,15.4,US PL Hollis Factory,"Scarborough, ME",shipper,low
2524,"Cordoba US I Inc, Agro & Food Trading Co Houston, TX",57.92,57.92,C,1,60,33.3,5,15.4,US PL S Houston Factory,"Houston, TX",shipper,low
2525,B & G Foods,57.89,57.89,C,1,71,33.3,3,10.4,US PL Madison Factory,"Stoughton, WI",shipper,low
2526,Coca-Cola Bottling Co Cons,57.86,47.08,A,2,23,100,5,43.6,US PL McBee Factory,"Monroe, NC",shipper,high
2527,Arnoff Moving & Storage,57.83,57.83,D,1,78,0,5,7.5,US PL Saratoga Spring Factory,"Malta, NY",shipper,low
2528,Coors Glass Co,57.83,57.83,D,1,78,0,5,7.5,US PL Denver Factory,"Wheat Ridge, CO",shipper,low
2529,Precision Environmental Services,57.83,57.83,D,1,78,0,5,7.5,US PL Saratoga Spring Factory,"Ballston Spa, NY",shipper,low
2530,Branson Tractors Texas Distribution Center,57.81,57.81,C,1,60,33.3,5,15.5,US PL Hawkins Factory,"Tyler, TX",shipper,medium
2531,ICC Mechanical Services / ICC Cold Storage Products,57.81,34.18,C,2,60,33.3,5,15.5,US PL Greenwood Indiana,"Avon, IN",shipper,medium
2532,Hiland Dairy Foods - Tyler,57.81,57.81,C,1,60,33.3,5,15.5,US PL Hawkins Factory,"Tyler, TX",shipper,low
2533,Tip Top Packing Co,57.81,57.81,C,1,60,33.3,5,15.5,US PL Hawkins Factory,"Tyler, TX",shipper,low
2534,JT2 Pack,57.81,57.81,C,1,60,33.3,5,15.5,US PL Hawkins Factory,"Tyler, TX",shipper,low
2535,Aesir Logistics LLC,57.76,57.76,C,1,70,33.3,3,10.5,US PL Allentown NPL Factory,"Fleetwood, PA",3pl,medium
2536,Fast Lane Logistics,57.7,57.7,C,1,59,33.3,5,15.6,US PL Zephyrhills Factory,"Plant City, FL",3pl,medium
2537,P & O Cold Logistics,57.7,54.56,C,2,59,33.3,5,15.6,US PL Dallas 2 Factory,"Dallas, TX 75227, USA",3pl,medium
2538,BlueTriton / Regency,57.69,57.69,D,1,78,0,5,7.6,US PL Saratoga Spring Factory,"Ballston Spa, NY",shipper,low
2539,Warehouse 951,57.63,57.63,C,1,70,33.3,3,10.6,US PL Cabazon Factory,"Beaumont, CA",shipper,medium
2540,Sunsweet Growers Inc.,57.63,57.63,C,1,70,33.3,3,10.6,US PL Allentown NPL Factory,"Fleetwood, PA",shipper,low
2541,"Astro Chemical Company, Inc.",57.62,57.62,D,1,67,20,5,12.2,US PL Saratoga Spring Factory,"Ballston Lake, NY",shipper,low
2542,Western Express terminal entrance,57.61,57.61,C,1,63,26.7,5,13.9,US DC NFI - Breinigsville,"Bethlehem, PA",shipper,medium
2543,Whole Foods Market Distribution Center Aurora,57.59,57.59,C,1,59,33.3,5,15.7,US PL Denver Factory,"Aurora, CO",shipper,medium
2544,Mr. Deals Liquidation Warehouse,57.59,57.59,C,1,59,33.3,5,15.7,US PL Greenwood Indiana,"Indianapolis, IN",shipper,medium
2545,Nazareth Apostolic Church - Food Distribution Center,57.59,57.59,C,1,59,33.3,5,15.7,US PL McBee Factory,"Hartsville, SC",shipper,medium
2546,Saint Paul Children's Services Food Pantry - Food Distribution Center,57.59,57.59,C,1,59,33.3,5,15.7,US PL Hawkins Factory,"Tyler, TX",shipper,medium
2547,Tyler Tortilla Factory,57.59,57.59,C,1,59,33.3,5,15.7,US PL Hawkins Factory,"Tyler, TX",shipper,low
2548,Del Monte Foods,57.59,57.59,C,1,59,33.3,5,15.7,US PL Zephyrhills Factory,"Tampa, FL",shipper,low
2549,Steve Shannon Tire & Auto Center (formerly The Tire Warehouse),57.51,54.36,C,3,57,37.3,5,16.9,US PL Saratoga Spring Factory,"Clifton Park, NY",shipper,medium
2550,Untitled Art - Warehouse,57.5,57.5,C,1,70,33.3,3,10.7,US PL Madison Factory,"Waunakee, WI",shipper,medium
2551,Amazon DTP3,57.5,57.5,A,1,48,93.3,1,21.9,US PL Zephyrhills Factory,"Land O' Lakes, FL",shipper,medium
2552,Shaw's Truck Terminal,57.49,57.49,C,1,63,26.7,5,14,US PL Hollis Factory,"Scarborough, ME",shipper,medium
2553,SMC Industries (Sproule Manufacturing),57.49,57.49,C,1,63,26.7,5,14,US PL Pasadena Factory,"Houston, TX",shipper,medium
2554,"IMH Products, Inc (Andrew J. Brown Plant)",57.49,57.49,C,1,63,26.7,5,14,US PL Greenwood Indiana,"Indianapolis, IN",shipper,medium
2555,Nappi Distributors,57.49,57.49,C,1,63,26.7,5,14,US PL Hollis Factory,"Gorham, ME",shipper,low
2556,Thrive 3PL - Houston's E-Commerce Warehousing and Fulfillment Experts,57.48,57.48,C,1,59,33.3,5,15.8,US PL S Houston Factory,"Houston, TX",3pl,medium
2557,Maine Medical Hospital/Warehouse,57.48,57.48,C,1,59,33.3,5,15.8,US PL Hollis Factory,"Portland, ME",shipper,medium
2558,Warehouse Battery Outlet,57.48,57.48,C,1,59,33.3,5,15.8,US DC NFI - Breinigsville,"Quakertown, PA",shipper,medium
2559,Heidi’s Liquidation Warehouse,57.48,57.48,C,1,59,33.3,5,15.8,US PL High Springs Factory,"Gainesville, FL",shipper,medium
2560,Frozen Factory,57.48,57.48,C,1,59,33.3,5,15.8,US PL Hollis Factory,"South Portland, ME",shipper,low
2561,Diversified Transfer & Storage,57.41,57.41,D,1,77,0,5,7.8,US PL Denver Factory,"Denver, CO",shipper,low
2562,Western Packaging,57.38,57.38,C,1,66,20,5,12.4,US PL Dallas 2 Factory,"Irving, TX",shipper,low
2563,Lighthouse Packaging,57.38,57.38,D,1,66,20,5,12.4,US PL Ontario Factory,"Corona, CA",shipper,low
2564,Tyler Public Warehouse,57.37,57.37,C,1,59,33.3,5,15.9,US PL Hawkins Factory,"Tyler, TX",shipper,medium
2565,Ames distribution center,57.37,57.37,C,1,59,33.3,5,15.9,US PL Zephyrhills Factory,"Plant City, FL",shipper,medium
2566,"PA Building Supply Distribution Center | Quakertown (formerly known as Shelly's Supply)",57.37,57.37,C,1,59,33.3,5,15.9,US DC NFI - Breinigsville,"Quakertown, PA",shipper,medium
2567,Hot Springs Storage Center,57.3,57.3,D,1,88,0,3,3.9,US PL Hot Springs 2 Factory,"Hot Springs, AR",shipper,low
2568,CargoLoop LLC - Houston Terminal,57.27,44.84,D,3,77,0,5,7.9,US PL Pasadena Factory,"La Porte, TX",shipper,medium
2569,S Mfg,57.27,57.27,D,1,77,0,5,7.9,US PL Denver Factory,"Denver, CO",shipper,low
2570,Sanderson Farms,57.27,57.27,D,1,77,0,5,7.9,US PL Hawkins Factory,"Tyler, TX",shipper,low
2571,Cigars International Distribution Center,57.27,57.27,C,1,59,33.3,5,16,US DC NFI - Breinigsville,"Bethlehem, PA",shipper,medium
2572,Midea PA MAC Distribution Center,57.27,57.27,C,1,59,33.3,5,16,US DC NFI - Breinigsville,"Bath, PA",shipper,medium
2573,"Roberts Freight Consultants, Inc dba Unishippers of Sacramento, CA North and Marin",57.27,57.27,C,1,59,33.3,5,16,US PL Sacramento Factory,"Roseville, CA",shipper,low
2574,Portland Air Freight,57.27,57.27,C,1,59,33.3,5,16,US PL Hollis Factory,"Scarborough, ME",shipper,low
2575,Hartsville Paper Comple,57.26,57.26,C,1,66,20,5,12.5,US PL McBee Factory,"Hartsville, SC",shipper,low
2576,Preferred Packaging Products Inc,57.26,57.26,C,1,66,20,5,12.5,US PL Denver Factory,"Thornton, CO",shipper,low
2577,Barry Callebaut,57.2,57.2,C,1,56,37.3,5,17.2,US DC NFI - Breinigsville,"Bethlehem, PA",shipper,low
2578,Caito Foods - Distribution Center,57.16,57.16,C,1,58,33.3,5,16.1,US PL Greenwood Indiana,"Indianapolis, IN",shipper,medium
2579,Crate and Barrel Distribution Center,57.16,57.16,C,1,58,33.3,5,16.1,US PL Dallas 2 Factory,"Wilmer, TX",shipper,medium
2580,West Erwin Benevolence Center - Food Distribution Center,57.16,57.16,C,1,58,33.3,5,16.1,US PL Hawkins Factory,"Tyler, TX",shipper,medium
2581,Genesis Logistics,57.16,57.16,C,1,58,33.3,5,16.1,US PL Zephyrhills Factory,"Lakeland, FL",3pl,medium
2582,Tamale Factory,57.16,57.16,C,1,58,33.3,5,16.1,US PL Zephyrhills Factory,"Plant City, FL",shipper,low
2583,Freshrealm Indianapolis,57.16,57.16,C,1,58,33.3,5,16.1,US PL Greenwood Indiana,"Indianapolis, IN",shipper,low
2584,Greenleaf Foods,57.16,57.16,C,1,58,33.3,5,16.1,US PL Greenwood Indiana,"Indianapolis, IN",shipper,low
2585,Liberty Coca-Cola Beverages Production Center,57.15,57.15,A,1,22,100,5,45.3,US PL Allentown NPL Factory,"Philadelphia, PA",shipper,medium
2586,First Baptist Church of Pine Ridge - Food Distribution Center,57.14,57.14,C,1,80,33.3,1,6.6,US PL McBee Factory,"Hartsville, SC",shipper,medium
2587,Runamuk Acres Conservation Farm,57.14,57.14,C,1,80,33.3,1,6.6,US PL Kingfield Factory,"New Portland, ME",shipper,low
2588,"Roehl Transport, Inc.",57.13,56.58,D,2,77,0,5,8,US PL Dallas 2 Factory,"Grand Prairie, TX",carrier,low
2589,Vintage Maine Kitchen,57.12,57.12,C,1,69,33.3,3,11,US PL Poland Spring Factory,"Pownal, ME",shipper,low
2590,Liberty Coca-Cola Beverages Warehouse and Distribution Center,57.11,57.11,A,1,22,100,5,45.4,US PL Allentown NPL Factory,"Philadelphia, PA",shipper,high
2591,Americold Logistics Brighton,57.06,57.06,A,1,49,90.7,1,21.5,US PL Denver Factory,"Brighton, CO",3pl,high
2592,Tesla warehouse,57.05,56.79,C,2,58,33.3,5,16.2,US PL Zephyrhills Factory,"Plant City, FL",shipper,medium
2593,E-Comm Fulfillment 3PL,57.05,57.05,C,1,58,33.3,5,16.2,US PL Ontario Factory,"Riverside, CA",3pl,medium
2594,Primark Distribution Center,57.05,43.6,C,2,58,33.3,5,16.2,US DC NFI - Breinigsville,"Bethlehem, PA",shipper,medium
2595,South Portland Food Cupboard,57.05,57.05,C,1,58,33.3,5,16.2,US PL Hollis Factory,"South Portland, ME",shipper,low
2596,houston central auto storage,56.99,56.99,D,1,76,0,5,8.1,US PL Pasadena Factory,"Houston, TX",shipper,low
2597,Mile Hi Express,56.99,56.99,D,1,76,0,5,8.1,US PL Denver Factory,"Aurora, CO",shipper,low
2598,PITT OHIO,56.99,54.8,D,2,76,0,5,8.1,US PL Greenwood Indiana,"Indianapolis, IN",shipper,low
2599,Manufacturers Warehousing,56.99,56.99,D,1,76,0,5,8.1,US PL Denver Factory,"Denver, CO",3pl,low
2600,Furniture Warehouse of Gainesville,56.99,56.99,C,1,54,41.3,5,18.6,US PL High Springs Factory,"Gainesville, FL",shipper,medium
2601,M S Logistics Llc,56.94,56.94,C,1,58,33.3,5,16.3,US PL Greenwood Indiana,"Indianapolis, IN",3pl,medium
2602,MSL CoPackaging & E-Commerce Fulfillment,56.94,56.94,C,1,58,33.3,5,16.3,US PL Greenwood Indiana,"Indianapolis, IN",3pl,medium
2603,Warehouse Furniture,56.94,40.82,C,6,58,33.3,5,16.3,US PL High Springs Factory,"Gainesville, FL",shipper,medium
2604,Feed The Children Distribution Center,56.94,56.94,C,1,58,33.3,5,16.3,US DC NFI - Breinigsville,"Bethlehem, PA",shipper,medium
2605,Illes Foods,56.94,56.94,C,1,58,33.3,5,16.3,US PL Dallas 2 Factory,"Carrollton, TX",shipper,low
2606,Pamolab Manufacturing (FOR OUR MEDICAL SHOP PLEASE SEARCH THE SHOP AT PAMOLAB),56.92,56.92,C,1,62,26.7,5,14.5,US PL Hollis Factory,"Scarborough, ME",shipper,medium
2607,Aegis Manufacturing LLC,56.92,56.92,C,1,62,26.7,5,14.5,US DC NFI - Breinigsville,"Bethlehem, PA",shipper,medium
2608,A-1 Warehousing,56.85,56.85,D,1,76,0,5,8.2,US PL S Houston Factory,"Houston, TX",3pl,low
2609,Cibiya America Warehousing Services,56.85,56.85,D,1,76,0,5,8.2,US PL Dallas 2 Factory,"Grand Prairie, TX",3pl,low
2610,Nocs West Gulf Inc,56.85,56.85,D,1,76,0,5,8.2,US PL Pasadena Factory,"Deer Park, TX 77536, USA",shipper,low
2611,TA Madison 050,56.85,56.85,D,1,76,0,5,8.2,US PL Madison Factory,"DeForest, WI",shipper,low
2612,The Chefs’ Warehouse,56.84,56.84,C,1,58,33.3,5,16.4,US PL Dallas 2 Factory,"Carrollton, TX",shipper,medium
2613,Horizon Industry Distribution Center,56.84,56.84,C,1,58,33.3,5,16.4,US PL Hawkins Factory,"Tyler, TX",shipper,medium
2614,CHRISTUS Trinity Mother Frances Warehouse,56.84,56.84,C,1,58,33.3,5,16.4,US PL Hawkins Factory,"Tyler, TX",shipper,medium
2615,Paradise Cold Storage Division,56.84,56.84,C,1,58,33.3,5,16.4,US PL Zephyrhills Factory,"Plant City, FL 33563, USA",shipper,medium
2616,Pine Knolls Food Pantry - Food Distribution Center,56.84,56.84,C,1,58,33.3,5,16.4,US PL Saratoga Spring Factory,"Glens Falls, NY 12803, USA",shipper,medium
2617,Freightliner & Western Star Of Maine,56.84,56.84,C,1,58,33.3,5,16.4,US PL Hollis Factory,"Westbrook, ME",shipper,low
2618,Newly Weds Foods,56.84,35.4,C,2,58,33.3,5,16.4,US DC NFI - Breinigsville,"Bethlehem, PA",shipper,low
2619,Pegasus Foods Inc,56.83,56.83,A,1,32,100,3,33.8,US PL Dallas 2 Factory,"Rockwall, TX",shipper,medium
2620,A-Armor Steel Mini Storage,56.79,56.79,C,1,67,16,5,11.9,US PL Sacramento Factory,"Rio Linda, CA",shipper,low
2621,Seaboard Cold Storage,56.73,56.73,C,1,58,33.3,5,16.5,US PL Zephyrhills Factory,"Plant City, FL",shipper,medium
2622,Ameri Cold Logistics,56.73,56.73,C,1,58,33.3,5,16.5,US PL Zephyrhills Factory,"Plant City, FL",3pl,medium
2623,quick hands logistics inc,56.73,56.73,C,1,58,33.3,5,16.5,US PL Ontario Factory,"Colton, CA",3pl,medium
2624,M & M Manufacturing Co,56.69,52.97,C,2,61,26.7,5,14.7,US PL S Houston Factory,"Houston, TX",shipper,medium
2625,Gulf Coast Cooling and Packaging,56.69,56.69,C,1,61,26.7,5,14.7,US PL Zephyrhills Factory,"Plant City, FL",shipper,low
2626,Independence Floor Supply Inc bulk warehouse,56.63,56.63,C,1,58,33.3,5,16.6,US PL Hollis Factory,"Westbrook, ME",shipper,medium
2627,Cajon Distribution Center,56.63,56.63,C,1,58,33.3,5,16.6,US PL Ontario Factory,"San Bernardino, CA",shipper,medium
2628,ACEWAY LOGISTICS,56.63,56.63,C,1,58,33.3,5,16.6,US PL Greenwood Indiana,"Indianapolis, IN",3pl,medium
2629,PennPak Solutions,56.63,56.63,C,1,58,33.3,5,16.6,US DC NFI - Breinigsville,"Bethlehem, PA",shipper,low
2630,Amazon HLI1,56.61,56.61,A,1,25,93.3,5,41.9,US PL Hot Springs 2 Factory,"Maumelle, AR",shipper,medium
2631,Highway Transport,56.57,56.57,D,1,76,0,5,8.4,US PL Pasadena Factory,"La Porte, TX",carrier,low
2632,"Forsythe Ware House, CLL",56.57,56.57,D,1,76,0,5,8.4,US PL Greenwood Indiana,"Franklin, IN",shipper,low
2633,Crayola Distribution Center,56.52,56.52,C,1,57,33.3,5,16.7,US DC NFI - Breinigsville,"Bethlehem, PA",shipper,medium
2634,Innovative Distribution Services,56.52,56.52,C,1,57,33.3,5,16.7,US PL Hollis Factory,"Portland, ME",3pl,medium
2635,Westgate Global Logistics,56.52,56.52,C,1,57,33.3,5,16.7,US DC NFI - Breinigsville,"Bethlehem, PA",3pl,medium
2636,Amazon HOU6,56.52,56.52,A,1,52,93.3,0,19.7,US PL S Houston Factory,"Richmond, TX",shipper,medium
2637,Amazon SMF3,56.52,56.52,A,1,25,93.3,5,42.1,US PL Sacramento Factory,"Stockton, CA",shipper,medium
2638,MAC Transportation Ltd,56.5,56.5,D,1,86,0,3,4.4,US PL Hawkins Factory,"Big Sandy, TX",shipper,low
2639,Burger Warehouse,56.49,56.49,C,1,55,37.3,5,17.9,US PL Hawkins Factory,"Tyler, TX",shipper,medium
2640,GDC Industrial Inc,56.47,56.47,C,1,61,26.7,5,14.9,US PL Hawkins Factory,"Tyler, TX",shipper,low
2641,Kane Logistics CHEP Pallets,56.42,56.42,C,1,57,33.3,5,16.8,US PL Zephyrhills Factory,"Lakeland, FL",3pl,medium
2642,Alpaca Warehouse,56.42,56.42,C,1,57,33.3,5,16.8,US PL High Springs Factory,"Gainesville, FL",shipper,medium
2643,SWorx Bottling Group,56.42,56.42,C,1,57,33.3,5,16.8,US PL Ontario Factory,"Colton, CA",shipper,medium
2644,Sugar Factory - Tampa Bay,56.4,56.4,B,1,50,46.7,5,20.9,US PL Zephyrhills Factory,"Tampa, FL",shipper,low
2645,Ralphs Grocery Distribution Center,56.38,56.38,C,1,55,37.3,5,18,US PL Ontario Factory,"Riverside, CA",shipper,medium
2646,Bartush Schnitzius Foods Company,56.35,56.35,A,1,42,100,1,25.7,US PL Dallas 2 Factory,"Lewisville, TX",shipper,medium
2647,J & R Davenport Trucking,56.33,56.33,C,1,82,26.7,1,5.8,US PL Kingfield Factory,"New Portland, ME",carrier,low
2648,Lakeland Fulfillment Center,56.31,56.31,C,1,57,33.3,5,16.9,US PL Zephyrhills Factory,"Lakeland, FL",3pl,medium
2649,Landmark Packaging Inc,56.3,56.3,C,1,64,20,5,13.3,US PL Denver Factory,"Aurora, CO",shipper,low
2650,Turner Industries Group,56.29,56.29,D,1,75,0,5,8.6,US PL Pasadena Factory,"Pasadena, TX",shipper,low
2651,Averitt,56.29,39.58,D,4,75,0,5,8.6,US PL Hawkins Factory,"Tyler, TX",carrier,low
2652,Work C&S/Winn-Dixie Distribution Center,56.28,56.28,C,1,55,37.3,5,18.1,US PL Zephyrhills Factory,"Plant City, FL",shipper,medium
2653,Big 5 Distribution Center,56.21,56.21,C,1,57,33.3,5,17,US PL Ontario Factory,"Riverside, CA",shipper,medium
2654,Lakeland Cold Storage,56.21,56.21,C,1,57,33.3,5,17,US PL Zephyrhills Factory,"Lakeland, FL",shipper,medium
2655,BareBones Furniture Distribution Warehouse,56.21,56.21,C,1,57,33.3,5,17,US PL Saratoga Spring Factory,"Queensbury, NY",shipper,medium
2656,Fresh Pop'd Popcorn Company Distribution Center,56.21,56.21,C,1,57,33.3,5,17,US PL Greenwood Indiana,"Indianapolis, IN",shipper,medium
2657,Hexsnacks,56.21,56.21,C,1,57,33.3,5,17,US PL Greenwood Indiana,"Indianapolis, IN",shipper,low
2658,Amazon Fulfilment Center SCK1,56.21,56.21,A,1,24,93.3,5,42.8,US PL Sacramento Factory,"Stockton, CA",shipper,medium
2659,Amazon MCO5,56.18,56.18,A,1,35,93.3,3,31.6,US PL Zephyrhills Factory,"Davenport, FL",shipper,medium
2660,Amazon MCO4,56.18,56.18,A,1,35,93.3,3,31.6,US PL Zephyrhills Factory,"Davenport, FL",shipper,medium
2661,Kllm Lancaster Yard,56.15,56.15,D,1,75,0,5,8.7,US PL Dallas 2 Factory,"Lancaster, TX",shipper,low
2662,Elco Precision Machining,56.15,56.15,D,1,75,0,5,8.7,US PL Poland Spring Factory,"Lewiston, ME",shipper,low
2663,Sherwin-Williams Florida Distribution Center,56.12,56.12,A,1,35,93.3,3,31.7,US PL Zephyrhills Factory,"Winter Haven, FL",shipper,high
2664,Amazon MCO9,56.12,56.12,A,1,35,93.3,3,31.7,US PL Zephyrhills Factory,"Davenport, FL",shipper,medium
2665,Dean Warehouse,56.1,53.85,C,2,57,33.3,5,17.1,US PL Ontario Factory,"San Bernardino, CA",shipper,medium
2666,"Rounders Logistics, LLC",56.1,56.1,C,1,57,33.3,5,17.1,US PL Zephyrhills Factory,"Lakeland, FL",3pl,medium
2667,Anita's Mexican Foods Corporation,56.1,56.1,C,1,57,33.3,5,17.1,US PL Ontario Factory,"San Bernardino, CA",shipper,low
2668,USPS North Texas Processing & Distribution Center,56.08,56.08,C,1,54,37.3,5,18.3,US PL Dallas 2 Factory,"Coppell, TX",shipper,medium
2669,SCK4 Amazon (IXD),56.03,56.03,A,1,24,93.3,5,43.2,US PL Sacramento Factory,"Stockton, CA",shipper,medium
2670,"Manchester Terminal, LLC.",56.02,56.02,D,1,75,0,5,8.8,US PL S Houston Factory,"Houston, TX",shipper,medium
2671,DFW Distribution,56,56,C,1,56,33.3,5,17.2,US PL Dallas 2 Factory,"Dallas, TX",shipper,medium
2672,Portabull Cold Storage,56,56,C,1,56,33.3,5,17.2,US PL S Houston Factory,"Houston, TX",shipper,medium
2673,"WebstaurantStore Distribution Center - Baytown, TX",56,56,C,1,56,33.3,5,17.2,US PL Pasadena Factory,"Baytown, TX",shipper,medium
2674,Sagamore Food Pantry - Food Distribution Center,56,56,C,1,56,33.3,5,17.2,US PL Hollis Factory,"Portland, ME",shipper,medium
2675,Lucky 7 Logistics LLC,56,56,C,1,56,33.3,5,17.2,US PL Dallas 2 Factory,"Dallas, TX",3pl,medium
2676,Box Truxx Courier-Delivery-Crossdock,56,56,C,1,56,33.3,5,17.2,US PL Greenwood Indiana,"Indianapolis, IN",shipper,low
2677,Dandee Foods,56,43.65,C,2,56,33.3,5,17.2,US PL Zephyrhills Factory,"Lakeland, FL",shipper,low
2678,El Capitan Foods,56,56,C,1,56,33.3,5,17.2,US PL Greenwood Indiana,"Indianapolis, IN",shipper,low
2679,Touchdown Logistics LLC,55.99,55.99,C,1,67,33.3,3,11.9,US PL Zephyrhills Factory,"Wesley Chapel, FL",3pl,medium
2680,Save-A-Lot Distribution Center,55.9,55.9,C,1,56,33.3,5,17.3,US PL Zephyrhills Factory,"Plant City, FL",shipper,medium
2681,Ashley Furniture Industries Manufacturing and Distribution Center,55.9,55.9,C,1,56,33.3,5,17.3,US PL Allentown NPL Factory,"Leesport, PA",shipper,medium
2682,Sysco Baraboo - Food Distributor & Restaurant Supplies,55.9,55.9,A,1,31,100,3,35.4,US PL Madison Factory,"Baraboo, WI",shipper,medium
2683,"PAM Transport Inc. Irving,TX Terminal",55.88,55.88,D,1,74,0,5,8.9,US PL Dallas 2 Factory,"Irving, TX",carrier,medium
2684,"AllTrans Terminal Companies, LLC",55.88,55.41,D,2,74,0,5,8.9,US PL S Houston Factory,"Houston, TX",shipper,medium
2685,AJJ 24hr Cross Docking,55.88,55.88,D,1,74,0,5,8.9,US PL Ontario Factory,"Fontana, CA",shipper,low
2686,Millard Refrigerated Services,55.88,55.88,D,1,74,0,5,8.9,US DC NFI - Breinigsville,"Allentown, PA 18104, USA",shipper,low
2687,Stoughton Logistics LLC,55.87,55.87,C,1,67,33.3,3,12,US PL Madison Factory,"Stoughton, WI",3pl,medium
2688,Dallas Manufacturing Co,55.81,55.81,C,1,60,26.7,5,15.5,US PL Dallas 2 Factory,"Dallas, TX",shipper,medium
2689,Flooring Warehouse,55.79,38.36,C,2,56,33.3,5,17.4,US PL Saratoga Spring Factory,"South Glens Falls, NY",shipper,medium
2690,Cross dock,55.79,26.08,C,9,56,33.3,5,16.4,US PL Dallas 2 Factory,"Fort Worth, TX",shipper,medium
2691,A&R LOGISTICS LLC,55.79,55.79,C,1,56,33.3,5,17.4,US PL Ontario Factory,"Colton, CA",3pl,medium
2692,Morehouse Foods Inc,55.79,55.79,C,1,56,33.3,5,17.4,US PL Ontario Factory,"City of Industry, CA",shipper,low
2693,Santa Barbara Freight Corp,55.79,55.79,C,1,56,33.3,5,17.4,US PL Dallas 2 Factory,"Carrollton, TX",shipper,low
2694,Dart Transit Company,55.75,55.75,D,1,74,0,5,9,US PL Dallas 2 Factory,"Lancaster, TX",shipper,low
2695,Best Overnite,55.75,55.75,D,1,74,0,5,9,US PL Sacramento Factory,"West Sacramento, CA",shipper,low
2696,DHE Dependable Highway Express Sacramento,55.75,55.75,D,1,74,0,5,9,US PL Sacramento Factory,"West Sacramento, CA",shipper,low
2697,FedEx Ground Ocala,55.7,55.7,A,1,19,100,5,49.1,US PL High Springs Factory,"Ocala, FL",parcel,medium
2698,Finch Paper Shipping Warehouse,55.69,55.69,C,1,56,33.3,5,17.5,US PL Saratoga Spring Factory,"Glens Falls, NY",shipper,medium
2699,Wasserstrom Allentown Distribution Center,55.69,55.69,C,1,56,33.3,5,17.5,US DC NFI - Breinigsville,"Bethlehem, PA",shipper,medium
2700,Edwards Warehouse Co,55.69,55.19,C,2,56,33.3,5,17.5,US PL Dallas 2 Factory,"Dallas, TX",shipper,medium
2701,Epic Bottling LLC,55.69,55.69,C,1,56,33.3,5,17.5,US PL Dallas 2 Factory,"Coppell, TX",shipper,medium
2702,Tampa Maid Foods Inc,55.69,55.69,C,1,56,33.3,5,17.5,US PL Zephyrhills Factory,"Lakeland, FL",shipper,low
2703,Marjon Specialty Foods Inc,55.69,55.69,C,1,56,33.3,5,17.5,US PL Zephyrhills Factory,"Plant City, FL",shipper,low
2704,Wolverine Distribution,55.62,55.62,C,1,67,33.3,3,12.2,US PL Cabazon Factory,"Beaumont, CA",shipper,medium
2705,"Terminal Frame & Collision, Inc",55.61,55.61,D,1,74,0,5,9.1,US PL Sacramento Factory,"West Sacramento, CA",shipper,medium
2706,QFS Transportation- Terminal 150,55.61,51.77,D,2,74,0,5,9.1,US PL S Houston Factory,"Houston, TX",shipper,medium
2707,Top Express LLC,55.61,55.61,D,1,74,0,5,9.1,US PL Sacramento Factory,"North Highlands, CA",shipper,low
2708,Domalgo Corporation,55.61,55.61,D,1,74,0,5,9.1,US DC NFI - Breinigsville,"Allentown, PA",shipper,low
2709,Millennium Manufacturing; A Bracalente Manufacturing Group Company,55.59,55.59,C,1,59,26.7,5,15.7,US DC NFI - Breinigsville,"Quakertown, PA",shipper,medium
2710,Accutek Packaging Machinery,55.59,55.59,C,1,59,26.7,5,15.7,US PL Dallas 2 Factory,"Irving, TX",shipper,low
2711,Evo Logistics,55.59,55.59,C,1,56,33.3,5,17.6,US PL Dallas 2 Factory,"Grapevine, TX",3pl,medium
2712,Mattress Firm Maine Warehouse,55.59,55.59,C,1,56,33.3,5,17.6,US PL Hollis Factory,"South Portland, ME",shipper,medium
2713,I-House Cold Storage,55.59,55.59,C,1,56,33.3,5,17.6,US PL Ontario Factory,"City of Industry, CA",shipper,medium
2714,DDC LOGISTICS INC,55.59,55.59,C,1,56,33.3,5,17.6,US PL Dallas 2 Factory,"Dallas, TX",3pl,medium
2715,GLCCB REYES Coca-Cola Bottling Company: Grand Rapids Sales Center,55.53,55.53,A,1,19,100,5,49.6,US PL Mecosta Factory,"Grand Rapids, MI",shipper,high
2716,Conagra Brands - Russellville,55.52,55.52,A,1,23,93.3,5,44.4,US PL Hot Springs Factory,"Russellville, AR",shipper,medium
2717,The Salvation Army - Lansing Distribution Center,55.49,39.57,C,4,55,33.3,5,17.7,US PL Saratoga Spring Factory,"Glens Falls, NY",shipper,medium
2718,Logistics Credit Repair LLC,55.49,55.49,C,1,55,33.3,5,17.7,US PL Zephyrhills Factory,"Plant City, FL",3pl,medium
2719,"Challenger Freight Systems, Inc.",55.49,55.49,C,1,55,33.3,5,17.7,US PL Dallas 2 Factory,"Grapevine, TX",shipper,low
2720,Aegle Nutrition,55.49,55.49,C,1,55,33.3,5,17.7,US PL Dallas 2 Factory,"Carrollton, TX",shipper,low
2721,Coca-Cola Vending,55.49,55.49,A,1,19,100,5,49.7,US PL Mecosta Factory,"Grand Rapids, MI",shipper,medium
2722,3P Industries,55.47,55.47,D,1,74,0,5,9.2,US PL Hawkins Factory,"Tyler, TX",shipper,low
2723,SPi Global,55.47,55.47,D,1,74,0,5,9.2,US PL Poland Spring Factory,"Lewiston, ME",shipper,low
2724,Rio Ranch Warehouse,55.4,55.4,C,1,53,37.3,5,19,US PL Ontario Factory,"San Bernardino, CA",shipper,medium
2725,Atwoods Distribution Center,55.39,55.39,C,1,55,33.3,5,17.8,US PL Hawkins Factory,"Tyler, TX",shipper,medium
2726,Xcel Fulfillment,55.39,55.39,C,1,55,33.3,5,17.8,US PL Dallas 2 Factory,"Grapevine, TX",3pl,medium
2727,Chiquita Fresh Distribution Center,55.39,55.39,C,1,55,33.3,5,17.8,US DC NFI - Breinigsville,"Bethlehem, PA",shipper,medium
2728,Sysco Grand Rapids - Food Distributor & Restaurant Supplies,55.35,55.35,A,1,19,100,5,50.1,US PL Mecosta Factory,"Grand Rapids, MI",shipper,medium
2729,West Side Transport - Indianapolis Indiana,55.34,55.34,D,1,73,0,5,9.3,US PL Greenwood Indiana,"Indianapolis, IN",carrier,low
2730,Express Refrigeration,55.34,55.34,D,1,73,0,5,9.3,US PL Sacramento Factory,"Sacramento, CA",shipper,low
2731,"HL Distribution, Grapevine",55.29,55.29,C,1,55,33.3,5,17.9,US PL Dallas 2 Factory,"Grapevine, TX",shipper,medium
2732,SUNGISTIX - Smart 3PL Fulfillment & Warehousing,55.29,55.29,C,1,55,33.3,5,17.9,US PL Ontario Factory,"Riverside, CA",3pl,medium
2733,Cold Storage Maintenance,55.29,55.29,C,1,55,33.3,5,17.9,US PL Dallas 2 Factory,"Forest Hill, TX",shipper,medium
2734,Mercury Cold Storage,55.29,55.29,C,1,55,33.3,5,17.9,US PL Zephyrhills Factory,"Dover, FL",shipper,medium
2735,Tampa Bay Foods Inc.,55.29,55.29,C,1,55,33.3,5,17.9,US PL Zephyrhills Factory,"Dover, FL",shipper,low
2736,Indiana Deli Provisions Inc,55.29,55.29,C,1,55,33.3,5,17.9,US PL Greenwood Indiana,"Indianapolis, IN",shipper,low
2737,Axium Packaging - PA Plant,55.27,55.27,C,1,59,26.7,5,16,US DC NFI - Breinigsville,"Bethlehem, PA",shipper,medium
2738,Trinity Oaks Tyler,55.26,55.26,D,1,62,20,5,14.2,US PL Hawkins Factory,"Tyler, TX",shipper,low
2739,Westrock Coffee Company - Roasting & Manufacturing,55.26,53.76,A,2,26,86.7,5,40.5,US PL Hot Springs 2 Factory,"North Little Rock, AR",shipper,high
2740,KSD Inc,55.25,55.25,D,1,84,0,3,5.2,US PL Cabazon Factory,"Banning, CA",shipper,low
2741,Transport Management Consultants,55.21,55.21,D,1,73,0,5,9.4,US PL S Houston Factory,"Houston, TX",carrier,low
2742,MS Warehousing,55.21,55.21,D,1,73,0,5,9.4,US PL S Houston Factory,"Houston, TX",3pl,low
2743,Sunrise MFG INC,55.21,55.21,D,1,73,0,5,9.4,US PL Sacramento Factory,"Gold River, CA",shipper,low
2744,Colden Corporation,55.21,55.21,D,1,73,0,5,9.4,US PL Saratoga Spring Factory,"Ballston Lake, NY",shipper,low
2745,Sherwin-Williams Manufacturing Plant,55.19,44.15,A,5,33,93.3,3,33.2,US PL Dallas 2 Factory,"Ennis, TX",shipper,high
2746,CJ LOGISTICS-BETLEHEM,55.18,55.18,C,1,55,33.3,5,18,US DC NFI - Breinigsville,"Bethlehem, PA",3pl,medium
2747,Logistics Team,55.18,55.18,C,1,55,33.3,5,18,US PL Dallas 2 Factory,"Dallas, TX",3pl,medium
2748,P + P Manufacturing,55.18,55.18,C,1,55,33.3,5,18,US PL Hollis Factory,"Portland, ME",shipper,medium
2749,Saint Mary's Church - Food Distribution Center,55.18,55.18,C,1,55,33.3,5,18,US PL Saratoga Spring Factory,"Glens Falls, NY",shipper,medium
2750,TIF Worldwide Logistics,55.18,55.18,C,1,55,33.3,5,18,US PL High Springs Factory,"Gainesville, FL",3pl,medium
2751,TNN Manufacturing Co Inc,55.16,55.16,C,1,58,26.7,5,16.1,US PL S Houston Factory,"Houston, TX",shipper,medium
2752,The Umbrella Factory Supermarket,55.15,55.15,C,1,64,37.3,3,13.6,US PL Poland Spring Factory,"Naples, ME",shipper,low
2753,Sun Prairie Cold Storage,55.14,55.14,C,1,66,33.3,3,12.6,US PL Madison Factory,"Sun Prairie, WI",shipper,medium
2754,Local Source Foods,55.14,55.14,C,1,66,33.3,3,12.6,US PL Madison Factory,"Sun Prairie, WI",shipper,low
2755,CDS Logistics Reading,55.08,55.08,C,1,55,33.3,5,18.1,US PL Allentown NPL Factory,"Reading, PA",3pl,medium
2756,Allagash Brewing Warehouse,55.08,55.08,C,1,55,33.3,5,18.1,US PL Hollis Factory,"Portland, ME",shipper,medium
2757,Distribution Services,55.08,39.17,C,7,55,33.3,5,12.1,US PL Saratoga Spring Factory,"Waterford, NY",shipper,medium
2758,Elite Sportswear Distribution Center,55.08,55.08,C,1,55,33.3,5,18.1,US PL Allentown NPL Factory,"Reading, PA",shipper,medium
2759,San Bernardino County Public Health Warehouse,55.08,55.08,C,1,55,33.3,5,18.1,US PL Ontario Factory,"San Bernardino, CA",shipper,medium
2760,Greg Beeche Logistics,55.08,55.08,C,1,55,33.3,5,18.1,US PL Saratoga Spring Factory,"Waterford, NY",3pl,medium
2761,"Mechanicville Area Community Services Center, Inc. - Food Distribution Center",55.02,55.02,C,1,65,33.3,3,12.7,US PL Saratoga Spring Factory,"Mechanicville, NY",shipper,medium
2762,HomeGoods Distribution Center,54.98,50.84,C,3,55,33.3,5,18.2,US PL S Houston Factory,"Houston, TX",shipper,medium
2763,Rooms To Go Distribution Center,54.98,54.98,C,1,55,33.3,5,18.2,US PL Zephyrhills Factory,"Lakeland, FL",shipper,medium
2764,EL PAISANO WAREHOUSE,54.98,54.98,C,1,55,33.3,5,18.2,US PL Greenwood Indiana,"Indianapolis, IN",shipper,medium
2765,LS Partners Logistics,54.98,54.98,C,1,55,33.3,5,18.2,US PL Ontario Factory,"San Bernardino, CA",3pl,medium
2766,"Hacienda Foods Distribution, Inc.",54.98,54.98,C,1,55,33.3,5,18.2,US PL Ontario Factory,"San Bernardino, CA",shipper,medium
2767,FREITTY Cross-Dock San Bernardino,54.98,54.98,C,1,55,33.3,5,18.2,US PL Ontario Factory,"San Bernardino, CA",shipper,low
2768,Consolidated Mills Inc,54.98,54.98,C,1,55,33.3,5,18.2,US PL S Houston Factory,"Houston, TX",shipper,low
2769,Savor Street Foods Inc,54.98,54.98,C,1,55,33.3,5,18.2,US PL Allentown NPL Factory,"Reading, PA",shipper,low
2770,Coastal Foods Inc,54.98,54.98,C,1,55,33.3,5,18.2,US PL S Houston Factory,"Houston, TX",shipper,low
2771,Colton Truck Terminal Garage,54.94,54.94,C,1,58,26.7,5,16.3,US PL Ontario Factory,"Colton, CA",shipper,medium
2772,Diodes Incorporated: Manufacturing South Portland FAB,54.94,54.94,C,1,58,26.7,5,16.3,US PL Hollis Factory,"South Portland, ME",shipper,medium
2773,"Cole Industrial, Powered by Lehman Pipe & Supply",54.94,54.94,C,1,58,26.7,5,16.3,US PL Zephyrhills Factory,"Plant City, FL",shipper,low
2774,Slices Concession,54.94,54.94,C,1,58,26.7,5,16.3,US PL High Springs Factory,"Gainesville, FL",shipper,low
2775,Hormel Foods,54.92,54.92,A,1,40,100,1,27.6,US PL Ontario Factory,"Irvine, CA",shipper,medium
2776,Stater Bros Distribution Center,54.91,54.91,C,1,52,37.3,5,19.5,US PL Ontario Factory,"San Bernardino, CA",shipper,medium
2777,The Kitchen Coop,54.9,54.9,C,1,65,33.3,3,12.8,US PL Denver Factory,"Broomfield, CO",shipper,low
2778,Steve Bay Ranch,54.9,54.9,C,1,65,33.3,3,12.8,US PL Hawkins Factory,"Tyler, TX",shipper,low
2779,AGILITY LOGISTICS WORLD WIDE,54.88,54.88,C,1,54,33.3,5,18.3,US PL Ontario Factory,"Riverside, CA",3pl,medium
2780,Reddy Ice,54.88,44.07,C,2,54,33.3,5,18.3,US PL Dallas 2 Factory,"Farmers Branch, TX",shipper,medium
2781,Day n Night Logistics,54.88,54.88,C,1,54,33.3,5,18.3,US PL Ontario Factory,"Riverside, CA",3pl,medium
2782,Warren-Hamilton ACEO - Food Distribution Center,54.88,54.88,C,1,54,33.3,5,18.3,US PL Saratoga Spring Factory,"Glens Falls, NY",shipper,medium
2783,Havertys Distribution Center,54.88,54.88,C,1,54,33.3,5,18.3,US PL Zephyrhills Factory,"Lakeland, FL",shipper,medium
2784,Landis Logistics,54.88,54.88,C,1,54,33.3,5,18.3,US PL Allentown NPL Factory,"Reading, PA",3pl,medium
2785,Plum Group Foods,54.88,54.88,C,1,54,33.3,5,18.3,US PL Dallas 2 Factory,"Dallas, TX",shipper,low
2786,Energy Freight Systems,54.88,54.88,C,1,54,33.3,5,18.3,US PL S Houston Factory,"Houston, TX",shipper,low
2787,Americold Logistics Russellville 324,54.85,54.85,A,1,23,90.7,5,44.1,US PL Hot Springs Factory,"Russellville, AR",3pl,high
2788,Kerry Plant City,54.84,54.84,C,1,58,26.7,5,16.4,US PL Zephyrhills Factory,"Plant City, FL",shipper,medium
2789,Portage Plastics Corporation,54.84,54.84,C,1,58,26.7,5,16.4,US PL Zephyrhills Factory,"Plant City, FL",shipper,low
2790,Smurfit Westrock Columbus Container Plant,54.83,54.83,A,1,36,86.7,3,30.6,US PL Greenwood Indiana,"Columbus, IN",shipper,high
2791,BTC Terminal,54.81,54.81,D,1,72,0,5,9.7,US PL Greenwood Indiana,"Indianapolis, IN",shipper,medium
2792,ReadySpaces,54.81,54.81,D,1,72,0,5,9.7,US PL S Houston Factory,"Houston, TX",shipper,low
2793,McKinley Paper & Packaging,54.81,54.81,C,1,61,20,5,14.6,US PL Dallas 2 Factory,"Lancaster, TX",shipper,low
2794,Bee Logistics LLC,54.78,54.78,C,1,65,33.3,3,12.9,US PL High Springs Factory,"Gainesville, FL",3pl,medium
2795,Floor & Decor Distribution Center,54.78,54.78,C,1,54,33.3,5,18.4,US PL Pasadena Factory,"Mont Belvieu, TX",shipper,medium
2796,Del Monte Houston Distribution Center,54.78,54.78,C,1,54,33.3,5,18.4,US PL S Houston Factory,"Houston, TX",shipper,medium
2797,Emser Tile Central Distribution Center,54.78,54.78,C,1,54,33.3,5,18.4,US PL S Houston Factory,"Houston, TX",shipper,medium
2798,Americold Logistics Russellville Elmira,54.76,54.76,A,1,23,90.7,5,44.3,US PL Hot Springs Factory,"Russellville, AR",3pl,high
2799,BGC - Brookshire Grocery Company Distribution Center,54.72,54.72,C,1,52,37.3,5,19.7,US PL Hawkins Factory,"Tyler, TX",shipper,medium
2800,"ASH Automated Packaging Systems, Inc.",54.69,54.69,C,1,61,20,5,14.7,US PL Dallas 2 Factory,"Dallas, TX",shipper,low
2801,Performance Team Cold Storage,54.69,54.69,C,1,54,33.3,5,18.5,US PL Pasadena Factory,"Baytown, TX",shipper,medium
2802,Napa Warehouse,54.69,41.9,C,2,54,33.3,5,18.5,US PL Hollis Factory,"Portland, ME",shipper,medium
2803,United Methodist Church of Queensbury - Food Distribution Center,54.69,54.69,C,1,54,33.3,5,18.5,US PL Saratoga Spring Factory,"Queensbury, NY",shipper,medium
2804,Cuatro Cinco Enterprises,54.67,54.67,D,1,72,0,5,9.8,US PL S Houston Factory,"Houston, TX",shipper,low
2805,"Tyson Processing Plant Monroe, N.C.",54.65,54.65,A,1,28,100,3,37.7,US PL McBee Factory,"Monroe, NC",shipper,high
2806,"Blue Triton Poland Spring: Hollis Center, ME",54.63,54.63,D,1,83,0,3,5.6,US PL Hollis Factory,"Hollis, ME",shipper,low
2807,"Stingray Logistics, Inc",54.63,54.63,B,1,52,77.3,1,19.8,US PL Zephyrhills Factory,"Lutz, FL",3pl,high
2808,Amazon Fulfillment Center SCK3,54.6,54.6,A,1,21,93.3,5,46.7,US PL Sacramento Factory,"Manteca, CA",3pl,high
2809,DGR8 Amazon,54.6,54.6,A,1,21,93.3,5,46.7,US PL Mecosta Factory,"Walker, MI",shipper,medium
2810,Mat Logistics,54.59,54.59,C,1,54,33.3,5,18.6,US PL Ontario Factory,"Riverside, CA",3pl,medium
2811,Giorgio's Beauty Supply Warehouse,54.59,47.02,C,3,54,33.3,5,18.6,US PL High Springs Factory,"Gainesville, FL",shipper,medium
2812,Legacy Logistics,54.59,43,C,2,54,33.3,5,18.6,US PL Allentown NPL Factory,"Reading, PA",3pl,medium
2813,Wal-Mart Warehouse,54.59,54.59,C,1,54,33.3,5,18.6,US PL Zephyrhills Factory,"Lakeland, FL",shipper,medium
2814,Palace Foods Inc,54.59,54.59,C,1,54,33.3,5,18.6,US PL Allentown NPL Factory,"Reading, PA",shipper,low
2815,DFL8 Amazon Distribution Center,54.59,54.59,A,1,32,93.3,3,34.2,US PL Zephyrhills Factory,"Groveland, FL",shipper,high
2816,Millcreek Baptist Church - Food Distribution Center,54.57,54.57,C,1,76,33.3,1,8.4,US PL Hot Springs 2 Factory,"Hot Springs, AR",shipper,medium
2817,ProTrans International Indianapolis Dock,54.54,54.54,D,1,72,0,5,9.9,US PL Greenwood Indiana,"Indianapolis, IN",shipper,low
2818,Capitol Warehousing Corporation,54.54,54.54,D,1,72,0,5,9.9,US PL Madison Factory,"Windsor, WI",3pl,low
2819,"Alcoa Storage Corona, CA.",54.54,54.54,D,1,72,0,5,9.9,US PL Ontario Factory,"Corona, CA",shipper,low
2820,Symbia Logistics,54.54,54.54,C,1,65,33.3,3,13.1,US PL Denver Factory,"Commerce City, CO",3pl,medium
2821,R.A.W. Industrial Supplies,54.52,54.52,C,1,57,26.7,5,16.7,US PL Zephyrhills Factory,"Plant City, FL",shipper,low
2822,Amazon HOU5 / HOU9,54.51,54.51,A,1,43,93.3,1,25.5,US PL S Houston Factory,"Katy, TX",shipper,medium
2823,Burlington Coat Factory Warehouse,54.49,52.78,C,2,54,33.3,5,18.7,US PL Ontario Factory,"San Bernardino, CA",shipper,medium
2824,Quaker Distribution Warehouse,54.49,54.49,C,1,54,33.3,5,18.7,US PL Zephyrhills Factory,"Lakeland, FL",shipper,medium
2825,Brilliant Fulfillment,54.49,54.49,C,1,54,33.3,5,18.7,US PL Dallas 2 Factory,"Grapevine, TX",3pl,medium
2826,Auto Parts Warehouse: Auto Salvage Yard,54.49,54.49,C,1,54,33.3,5,18.7,US PL Hawkins Factory,"Tyler, TX",shipper,medium
2827,Buy Low Flooring Warehouse,54.49,54.49,C,1,54,33.3,5,18.7,US PL Saratoga Spring Factory,"Queensbury, NY",shipper,medium
2828,Foodbuy Foodservice,54.49,54.49,C,1,54,33.3,5,18.7,US PL Zephyrhills Factory,"Temple Terrace, FL",shipper,medium
2829,Hayneedle Distribution Center,54.49,54.49,C,1,54,33.3,5,18.7,US PL Ontario Factory,"Riverside, CA",shipper,medium
2830,SPANGLISH FACTORY Peruvian & Puertorican fusion,54.49,54.49,C,1,54,33.3,5,18.7,US PL Greenwood Indiana,"Indianapolis, IN",shipper,low
2831,Electrical Controls of Maine,54.48,54.48,D,1,83,0,3,5.7,US PL Hollis Factory,"Lyman, ME",shipper,low
2832,McKinley Packaging,54.47,40.13,D,2,61,20,5,14.9,US PL Dallas 2 Factory,"Dallas, TX",shipper,low
2833,Dean Foods,54.43,54.43,A,1,17,100,5,52.9,US PL McBee Factory,"Charlotte, NC",shipper,medium
2834,Armor Products Manufacturing Inc.,54.42,54.42,C,1,57,26.7,5,16.8,US PL Zephyrhills Factory,"Plant City, FL",shipper,medium
2835,Viewpoint Manufacturing LLC,54.42,54.42,C,1,57,26.7,5,16.8,US PL S Houston Factory,"Houston, TX",shipper,medium
2836,Werner Indianapolis Terminal,54.41,54.41,D,1,72,0,5,10,US PL Greenwood Indiana,"Indianapolis, IN",carrier,medium
2837,Logistic Edge LLC,54.41,54.41,D,1,72,0,5,10,US PL Ontario Factory,"Corona, CA",shipper,low
2838,Shaker Logistics,54.39,54.39,C,1,53,33.3,5,18.8,US PL Saratoga Spring Factory,"Waterford, NY",3pl,medium
2839,Rice warehouse,54.39,54.39,C,1,53,33.3,5,18.8,US PL Zephyrhills Factory,"Plant City, FL",shipper,medium
2840,Hot Topic Distribution Center,54.39,54.39,C,1,53,33.3,5,18.8,US PL Ontario Factory,"Riverside, CA",shipper,medium
2841,MW Logistics,54.39,54.39,C,1,53,33.3,5,18.8,US PL Dallas 2 Factory,"Dallas, TX",3pl,medium
2842,UF Asset Management Surplus Warehouse,54.39,54.39,C,1,53,33.3,5,18.8,US PL High Springs Factory,"Gainesville, FL",shipper,medium
2843,High Mind Packaging,54.36,54.36,D,1,61,20,5,15,US PL Hollis Factory,"Westbrook, ME",shipper,low
2844,AVP1 Amazon Fulfillment Center,54.36,54.36,A,1,32,93.3,3,34.6,US PL Allentown Factory,"Hazle Township, PA",3pl,high
2845,Yuengling Tampa Brewing Warehouse,54.34,54.34,C,1,51,37.3,5,20.1,US PL Zephyrhills Factory,"Tampa, FL",shipper,medium
2846,Carpenter Technology Corp. Hartsville Operations,54.33,54.33,D,1,82,0,3,5.8,US PL McBee Factory,"McBee, SC",shipper,low
2847,SFL1/VFL1 - Amazon (GSF),54.33,54.33,A,1,21,93.3,5,47.4,US PL Zephyrhills Factory,"Orlando, FL",shipper,medium
2848,Windham Manufacturing Company,54.31,54.31,C,1,57,26.7,5,16.9,US PL Dallas 2 Factory,"Dallas, TX",shipper,medium
2849,American Tire Distributors,54.31,49.76,C,2,57,26.7,5,16.9,US PL Hollis Factory,"Portland, ME",shipper,low
2850,"National Distributors, Inc.",54.31,54.31,C,1,57,26.7,5,16.9,US PL Hollis Factory,"South Portland, ME",shipper,low
2851,West logistics,54.29,39.88,C,3,53,33.3,5,18.9,US PL Zephyrhills Factory,"Plant City, FL",3pl,medium
2852,BelGioioso Glenville Warehouse,54.29,54.29,C,1,53,33.3,5,18.9,US PL Saratoga Spring Factory,"Glenville, NY",shipper,medium
2853,Cavender's Distribution Center,54.29,54.29,C,1,53,33.3,5,18.9,US PL Hawkins Factory,"Tyler, TX",shipper,medium
2854,County Line Logistics Center,54.29,54.29,C,1,53,33.3,5,18.9,US PL Zephyrhills Factory,"Plant City, FL",3pl,medium
2855,Segue Distribution,54.29,54.29,C,1,53,33.3,5,18.9,US PL Hawkins Factory,"Tyler, TX",shipper,medium
2856,Kirby Risk Distribution Center,54.29,54.29,C,1,53,33.3,5,18.9,US PL Greenwood Indiana,"Indianapolis, IN",shipper,medium
2857,Gatorade Distribution Center,54.29,46.22,C,2,53,33.3,5,18.9,US PL Zephyrhills Factory,"Lakeland, FL",shipper,medium
2858,HIGH TECH LOGISTICS,54.29,54.29,C,1,53,33.3,5,18.9,US PL Ontario Factory,"Riverside, CA",3pl,medium
2859,K&G Express Logistics,54.29,54.29,C,1,53,33.3,5,18.9,US PL Zephyrhills Factory,"Lakeland, FL",3pl,medium
2860,Argyle Cheese Farmer,54.29,54.29,C,1,53,33.3,5,18.9,US PL Saratoga Spring Factory,"Hudson Falls, NY",shipper,low
2861,Seven Star Packaging & Industrial,54.21,54.21,C,1,57,26.7,5,17,US PL S Houston Factory,"Houston, TX",shipper,low
2862,Lakeside Losgitics,54.21,54.21,C,1,57,26.7,5,17,US PL Zephyrhills Factory,"Plant City, FL",shipper,low
2863,Trader Joes Warehouse,54.2,54.2,C,1,53,33.3,5,19,US PL Ontario Factory,"San Bernardino, CA",shipper,medium
2864,T.J. Maxx Distribution Center,54.2,54.2,C,1,53,33.3,5,19,US PL Zephyrhills Factory,"Lakeland, FL",shipper,medium
2865,suddenlink warehouse,54.2,54.2,C,1,53,33.3,5,19,US PL Hawkins Factory,"Tyler, TX",shipper,medium
2866,DCD Warehouse Company,54.2,54.2,C,1,53,33.3,5,19,US PL Hawkins Factory,"Tyler, TX",shipper,medium
2867,Reliable Warehouse LLC,54.2,54.2,C,1,53,33.3,5,19,US PL Saratoga Spring Factory,"Schenectady, NY",shipper,medium
2868,Well Above Bottling & Canning/careers,54.2,54.2,C,1,53,33.3,5,19,US PL Sacramento Factory,"Roseville, CA",shipper,medium
2869,Indy Bargain Warehouse,54.2,54.2,C,1,53,33.3,5,19,US PL Greenwood Indiana,"Indianapolis, IN",shipper,medium
2870,US Defense Logistics Agency,54.2,54.2,C,1,53,33.3,5,19,US PL Saratoga Spring Factory,"Scotia, NY",3pl,medium
2871,Tube Processing Corporation,54.15,54.15,D,1,71,0,5,10.2,US PL Greenwood Indiana,"Indianapolis, IN",shipper,medium
2872,IceBox Storage Rentals,54.15,54.15,D,1,71,0,5,10.2,US PL Sacramento Factory,"Sacramento, CA",shipper,low
2873,Steelsafe Storage,54.14,54.14,C,1,73,16,3,9.3,US PL Allentown NPL Factory,"Bally, PA",shipper,low
2874,Pacific Shipping & Trucking Co,54.11,54.11,C,1,67,26.7,3,11.8,US PL Denver Factory,"Henderson, CO",carrier,low
2875,Marine Sports Manufacturing,54.1,54.1,C,1,57,26.7,5,17.1,US PL Zephyrhills Factory,"Plant City, FL",shipper,medium
2876,EML Manufacturing LLC,54.1,54.1,C,1,57,26.7,5,17.1,US PL S Houston Factory,"Houston, TX",shipper,medium
2877,ARD Logistics‎,54.1,54.1,C,1,53,33.3,5,19.1,US PL Hawkins Factory,"Tyler, TX",3pl,medium
2878,Elite Office Logistics,54.1,54.1,C,1,53,33.3,5,19.1,US PL Zephyrhills Factory,"Lakeland, FL",3pl,medium
2879,LNC Logistics LLC,54.1,54.1,C,1,53,33.3,5,19.1,US PL S Houston Factory,"Houston, TX",3pl,medium
2880,Freight Solutions LLC,54.1,54.1,C,1,53,33.3,5,19.1,US PL S Houston Factory,"Houston, TX",shipper,low
2881,Truck Spot,54.1,54.1,C,1,53,33.3,5,19.1,US PL Zephyrhills Factory,"Lakeland, FL",shipper,low
2882,Great Lakes Coca-Cola,54.06,54.06,A,1,16,100,5,54.1,US PL Mecosta Factory,"Caledonia, MI",shipper,medium
2883,LIT1 Amazon guard shack,54.03,54.03,A,1,20,93.3,5,48.2,US PL Hot Springs 2 Factory,"Little Rock, AR",shipper,medium
2884,Challenge Manufacturing,54,29.23,C,6,56,26.7,5,17.2,US PL Dallas 2 Factory,"Irving, TX",shipper,medium
2885,The Costumer Rental Warehouse,54,54,C,1,53,33.3,5,19.2,US PL Saratoga Spring Factory,"Schenectady, NY",shipper,medium
2886,Birchwood Interiors Warehouse,53.99,53.99,C,1,80,33.3,0,6.7,US PL Kingfield Factory,"Carrabassett Valley, ME",shipper,medium
2887,Amazon HTP9,53.96,53.96,A,1,20,93.3,5,48.4,US PL High Springs Factory,"Ocala, FL",shipper,medium
2888,"Ocotillo Services | Receiving Warehouse",53.95,53.95,C,1,64,33.3,3,13.6,US PL Cabazon Factory,"Palm Springs, CA",shipper,medium
2889,TPA6 Amazon Fulfillment,53.92,53.92,A,1,20,93.3,5,48.5,US PL High Springs Factory,"Ocala, FL",3pl,high
2890,Very Good Manufacturing,53.9,53.9,C,1,56,26.7,5,17.3,US PL Dallas 2 Factory,"Fort Worth, TX",shipper,medium
2891,Bulk Manufacturing of Florida,53.9,53.9,C,1,56,26.7,5,17.3,US PL Zephyrhills Factory,"Plant City, FL",shipper,medium
2892,Plastipak Packaging Inc,53.9,53.9,C,1,56,26.7,5,17.3,US PL Zephyrhills Factory,"Plant City, FL",shipper,low
2893,Moreau Industrial Park,53.9,53.9,C,1,56,26.7,5,17.3,US PL Saratoga Spring Factory,"Glens Falls, NY 12803, USA",shipper,low
2894,24 HOUR CROSSDOCKING WAREHOUSE /LOCAL DELIVERY/RESTACK,53.9,53.9,C,1,53,33.3,5,19.3,US PL S Houston Factory,"Houston, TX",shipper,medium
2895,Freeway Logistics,53.9,53.9,C,1,53,33.3,5,19.3,US PL S Houston Factory,"Houston, TX",3pl,medium
2896,Southside Furniture Warehouse,53.9,53.9,C,1,53,33.3,5,19.3,US PL Hawkins Factory,"Tyler, TX",shipper,medium
2897,"Portland West, Inc. - Food Distribution Center",53.9,53.9,C,1,53,33.3,5,19.3,US PL Hollis Factory,"Portland, ME",shipper,medium
2898,Tyler Shelving Warehouse,53.9,53.9,C,1,53,33.3,5,19.3,US PL Hawkins Factory,"Tyler, TX",shipper,medium
2899,"Riverson Foods, Inc.",53.9,53.9,C,1,53,33.3,5,19.3,US PL Ontario Factory,"City of Industry, CA",shipper,low
2900,Wallport Transit Xpress,53.89,53.89,D,1,71,0,5,10.4,US PL Pasadena Factory,"La Porte, TX",shipper,low
2901,Amazon Distribution Center Ocala,53.88,53.88,A,1,20,93.3,5,48.6,US PL High Springs Factory,"Ocala, FL",shipper,high
2902,Stoughton Trucking Inc,53.87,53.87,C,1,67,26.7,3,12,US PL Madison Factory,"Stoughton, WI",carrier,low
2903,Secure Global Logistics,53.81,53.81,C,1,52,33.3,5,19.4,US PL S Houston Factory,"Houston, TX",3pl,medium
2904,Health System Services Distribution Center,53.81,53.81,C,1,52,33.3,5,19.4,US PL Saratoga Spring Factory,"Queensbury, NY",shipper,medium
2905,Welch Packaging - IndyCorr,53.79,53.79,C,1,56,26.7,5,17.4,US PL Greenwood Indiana,"Indianapolis, IN",shipper,low
2906,Ricky Rockets Fuel Center,53.79,53.79,C,1,50,37.3,5,20.7,US PL Dallas 2 Factory,"Garland, TX",shipper,low
2907,Logisticenter At Sourhport,53.76,53.76,D,1,70,0,5,10.5,US PL Sacramento Factory,"West Sacramento, CA",shipper,low
2908,Pemex Deer Park Support Center,53.76,53.76,D,1,70,0,5,10.5,US PL Pasadena Factory,"Deer Park, TX",shipper,low
2909,Regal Machine,53.76,53.76,D,1,70,0,5,10.5,US PL Hawkins Factory,"Tyler, TX",shipper,low
2910,DeCrescente Distributing Company Inc.,53.74,53.74,D,1,67,26.7,3,12.1,US PL Saratoga Spring Factory,"Mechanicville, NY",shipper,low
2911,"Hodge Transport, LLC",53.73,53.73,D,1,81,0,3,6.2,US PL Hollis Factory,"Buxton, ME",carrier,low
2912,Macpac Fulfillment LLC,53.72,53.72,C,1,63,33.3,3,13.8,US PL Denver Factory,"Broomfield, CO",3pl,medium
2913,Weather King Portable Buildings of Lakeland,53.72,53.72,D,1,62,16,5,14.5,US PL Zephyrhills Factory,"Lakeland, FL",shipper,low
2914,Burlington Distribution Center,53.71,52.48,C,2,52,33.3,5,19.5,US PL Ontario Factory,"Riverside, CA",shipper,medium
2915,Maine International Cold Storage Facility,53.71,53.71,C,1,52,33.3,5,19.5,US PL Hollis Factory,"Portland, ME",shipper,medium
2916,"Up Logistics, LLC",53.71,53.71,C,1,52,33.3,5,19.5,US PL Greenwood Indiana,"Indianapolis, IN",3pl,medium
2917,Industry Distribution Center,53.71,53.71,C,1,52,33.3,5,19.5,US PL Ontario Factory,"City of Industry, CA",shipper,medium
2918,Glen-Gery Mid-Atlantic Plant,53.69,53.69,C,1,56,26.7,5,17.5,US PL Allentown NPL Factory,"Shoemakersville, PA",shipper,medium
2919,Americold Logistics N Little Rock,53.68,53.68,A,1,21,90.7,5,47,US PL Hot Springs 2 Factory,"North Little Rock, AR",3pl,high
2920,HCS Dallas,53.63,53.63,D,1,70,0,5,10.6,US PL Dallas 2 Factory,"Lancaster, TX",shipper,low
2921,Emergent Cold,53.63,53.63,D,1,70,0,5,10.6,US PL Dallas 2 Factory,"Dallas, TX",shipper,low
2922,Wilson Logistics,53.62,53.62,C,1,52,33.3,5,19.6,US PL Dallas 2 Factory,"Dallas, TX",3pl,medium
2923,Tyler Consignment Warehouse,53.62,53.62,C,1,52,33.3,5,19.6,US PL Hawkins Factory,"Tyler, TX",shipper,medium
2924,Natural American Foods,53.62,53.62,C,1,52,33.3,5,19.6,US PL Ontario Factory,"San Bernardino, CA",shipper,low
2925,Maine Shellfish Co,53.61,53.61,C,1,63,33.3,3,13.9,US PL Hollis Factory,"Kennebunk, ME",shipper,low
2926,Craters & Freighters Northern Colorado,53.61,53.61,C,1,63,33.3,3,13.9,US PL Denver Factory,"Broomfield, CO",shipper,low
2927,Peninsula Steel,53.59,53.59,C,1,56,26.7,5,17.6,US PL Zephyrhills Factory,"Plant City, FL",shipper,low
2928,Tampa's Best Wash,53.55,53.55,C,1,48,41.3,5,22.3,US PL Zephyrhills Factory,"Tampa, FL",shipper,low
2929,International Marine Terminal,53.52,48.52,C,2,52,33.3,5,19.7,US PL Hollis Factory,"Portland, ME",shipper,medium
2930,"Miller Warehouse Houston, Texas",53.52,53.52,C,1,52,33.3,5,19.7,US PL S Houston Factory,"Houston, TX",shipper,medium
2931,Tiger Logistics,53.52,53.52,C,1,52,33.3,5,19.7,US PL Hawkins Factory,"Tyler, TX",3pl,medium
2932,"Preble Street, Inc. - Food Distribution Center",53.52,53.52,C,1,52,33.3,5,19.7,US PL Hollis Factory,"Portland, ME",shipper,medium
2933,O.B. Macaroni Company,53.52,53.52,C,1,52,33.3,5,19.7,US PL Dallas 2 Factory,"Fort Worth, TX",shipper,low
2934,Cold Summit Development,53.5,53.5,D,1,70,0,5,10.7,US PL Dallas 2 Factory,"Dallas, TX",shipper,low
2935,S & B Distributors,53.5,53.5,D,1,70,0,5,10.7,US PL Greenwood Indiana,"Indianapolis, IN",shipper,low
2936,Jessup Logistics,53.49,53.49,C,1,63,33.3,3,14,US PL Greenwood Indiana,"Mooresville, IN",3pl,medium
2937,Houseworks Warehouse,53.43,53.43,C,1,52,33.3,5,19.8,US PL Greenwood Indiana,"Indianapolis, IN",shipper,medium
2938,Sicm Food Program - Food Distribution Center,53.43,53.43,C,1,52,33.3,5,19.8,US PL Saratoga Spring Factory,"Schenectady, NY",shipper,medium
2939,Pool & Spa Warehouse of Gainesville,53.43,53.43,C,1,52,33.3,5,19.8,US PL High Springs Factory,"Gainesville, FL",shipper,medium
2940,McYoung Foods,53.43,53.43,C,1,52,33.3,5,19.8,US PL Greenwood Indiana,"Indianapolis, IN",shipper,low
2941,Midland Manufacturing Co,53.39,53.39,C,1,55,26.7,5,17.8,US PL Dallas 2 Factory,"Fort Worth, TX",shipper,medium
2942,Precision Manufacturing Company,53.39,53.39,C,1,55,26.7,5,17.8,US PL Sacramento Factory,"Roseville, CA",shipper,medium
2943,Global Freezer,53.39,53.39,C,1,55,26.7,5,17.8,US PL Zephyrhills Factory,"Plant City, FL",shipper,low
2944,Tyler Steel Company,53.38,53.38,D,1,61,16,5,14.8,US PL Hawkins Factory,"Tyler, TX",shipper,low
2945,Cheney Brothers Florence,53.38,53.38,A,1,31,70.7,5,34.9,US PL McBee Factory,"Florence, SC",shipper,medium
2946,Landstar System Inc.,53.37,53.37,D,1,70,0,5,10.8,US PL Dallas 2 Factory,"Fort Worth, TX",shipper,low
2947,"Sacramento Refrigeration, Inc.",53.37,53.37,D,1,70,0,5,10.8,US PL Sacramento Factory,"Sacramento, CA",shipper,low
2948,Total Logistics eCommerce Fulfillment Solutions,53.37,53.37,A,1,36,82.7,3,31,US PL Zephyrhills Factory,"Tampa, FL",3pl,high
2949,RC Willey Roseville Distribution Center,53.33,53.33,C,1,52,33.3,5,19.9,US PL Sacramento Factory,"Roseville, CA",shipper,medium
2950,3PL Fulfillment & Prep - FBA Prep & FBM,53.33,53.33,C,1,52,33.3,5,19.9,US PL Dallas 2 Factory,"Dallas, TX",3pl,medium
2951,Lightning Transport and Logistics,53.33,53.33,C,1,52,33.3,5,19.9,US PL Zephyrhills Factory,"Tampa, FL",carrier,medium
2952,Cart.com Dallas Fulfillment Center,53.33,53.33,C,1,52,33.3,5,19.9,US PL Dallas 2 Factory,"Garland, TX",3pl,medium
2953,"Logistics Depot, LLC",53.33,53.33,C,1,52,33.3,5,19.9,US PL Ontario Factory,"San Bernardino, CA",3pl,medium
2954,CMS Warehouse,53.33,53.33,C,1,52,33.3,5,19.9,US PL Saratoga Spring Factory,"Schenectady, NY",shipper,medium
2955,Brookshire's/Super 1 Foods Distribution Shipping/Receiving,53.33,53.33,C,1,52,33.3,5,19.9,US PL Hawkins Factory,"Tyler, TX",shipper,medium
2956,Countrywide Logistics,53.33,53.33,C,1,52,33.3,5,19.9,US PL Zephyrhills Factory,"Tampa, FL",3pl,medium
2957,Pro's Logistics,53.33,53.33,C,1,52,33.3,5,19.9,US PL Zephyrhills Factory,"Lakeland, FL",3pl,medium
2958,Cosmo's Superior Foods,53.33,53.33,C,1,52,33.3,5,19.9,US PL Greenwood Indiana,"Indianapolis, IN",shipper,low
2959,Working Food Community Center,53.33,53.33,C,1,52,33.3,5,19.9,US PL High Springs Factory,"Gainesville, FL",shipper,low
2960,Packaging Forest LLC,53.27,53.27,C,1,59,20,5,16,US PL Dallas 2 Factory,"Grapevine, TX",shipper,low
2961,American Airlines Cargo,53.27,40.37,D,2,59,20,5,16,US PL Dallas 2 Factory,"Irving, TX",shipper,low
2962,"WareSpace Centennial | Small Warehouse Space Rentals",53.26,53.26,C,1,62,33.3,3,14.2,US PL Denver Factory,"Englewood, CO",shipper,medium
2963,West Motor Freight Inc,53.26,53.26,C,1,62,33.3,3,14.2,US PL Allentown NPL Factory,"Boyertown, PA",shipper,low
2964,"Western Express, Inc.",53.24,53.24,D,1,70,0,5,10.9,US PL Ontario Factory,"Bloomington, CA",shipper,low
2965,PrepGet,53.24,53.24,D,1,70,0,5,10.9,US PL S Houston Factory,"Stafford, TX",shipper,low
2966,"Jay Bird Mfg. Co., Inc.",53.24,53.24,D,1,70,0,5,10.9,US DC Hot Springs (WHSE),"Malvern, AR",shipper,low
2967,"Texas Cartage Warehouse, Inc.",53.24,53.24,C,1,51,33.3,5,20,US PL Dallas 2 Factory,"Dallas, TX",carrier,medium
2968,Voltex Logistics,53.24,53.24,C,1,51,33.3,5,20,US PL Hollis Factory,"Portland, ME",3pl,medium
2969,University of Florida Meat Processing Center,53.24,53.24,C,1,51,33.3,5,20,US PL High Springs Factory,"Gainesville, FL",shipper,medium
2970,Dallas Parts Distribution Center,53.24,53.24,C,1,51,33.3,5,20,US PL Dallas 2 Factory,"Garland, TX",shipper,medium
2971,Plantgistix- Baytown,53.24,53.24,C,1,51,33.3,5,20,US PL Pasadena Factory,"Baytown, TX",shipper,medium
2972,Casco Village Church Food Pantry - Food Distribution Center,53.21,53.21,C,1,73,33.3,1,9.4,US PL Poland Spring Factory,"Casco, ME",shipper,medium
2973,Smurfit Westrock Hazleton Fold-Pak Plant,53.19,53.19,A,1,33,86.7,3,33.2,US PL Allentown Factory,"Hazleton, PA",shipper,high
2974,Rozell Sprayer Manufacturing Co,53.18,53.18,C,1,55,26.7,5,18,US PL Hawkins Factory,"Tyler, TX",shipper,medium
2975,RealCold,53.16,33.24,C,3,61,16,5,15,US PL Ontario Factory,"Colton, CA",shipper,low
2976,Hillco Specialties Inc,53.16,53.16,D,1,58,20,5,16.1,US PL Hollis Factory,"Windham, ME",shipper,low
2977,"HeLP Logistics, Inc.",53.15,53.15,C,1,62,33.3,3,14.3,US PL Greenwood Indiana,"New Palestine, IN",3pl,medium
2978,Naples CRC Food Pantry - Food Distribution Center,53.15,53.15,C,1,62,33.3,3,14.3,US PL Poland Spring Factory,"Naples, ME",shipper,medium
2979,LKQ Refinish Distribution Center,53.15,53.15,A,1,18,93.3,5,50.7,US PL Mecosta Factory,"Kentwood, MI",shipper,high
2980,WestPark Warehouses,53.14,53.14,C,1,51,33.3,5,20.1,US PL Hawkins Factory,"Tyler, TX",shipper,medium
2981,Save Rack Fulfillment,53.14,53.14,C,1,51,33.3,5,20.1,US PL Zephyrhills Factory,"Lakeland, FL",3pl,medium
2982,Bausch and Lomb Off-Site Warehouse,53.14,53.14,C,1,51,33.3,5,20.1,US PL Zephyrhills Factory,"Tampa, FL",shipper,medium
2983,"Nongshim America, Inc. - Texas Office",53.14,53.14,C,1,51,33.3,5,20.1,US PL Dallas 2 Factory,"Garland, TX",shipper,low
2984,XPO Global Logistics (XGL),53.14,53.14,A,1,17,96,5,53.2,US PL McBee Factory,"Charlotte, NC",carrier,high
2985,Norfolk Southern Allentown Terminal,53.12,53.12,D,1,69,0,5,11,US DC NFI - Breinigsville,"Allentown, PA",shipper,medium
2986,Express Packing Inc.,53.12,53.12,D,1,69,0,5,11,US PL Greenwood Indiana,"Indianapolis, IN",shipper,low
2987,C&S Wholesale Grocers,53.08,53.08,C,1,55,26.7,5,18.1,US PL Dallas 2 Factory,"Coppell, TX",shipper,low
2988,ALB1 Amazon Fulfillment Center,53.08,53.08,A,1,29,93.3,3,36.9,US PL Saratoga Spring Factory,"Castleton-On-Hudson, NY",3pl,high
2989,Warrior Logistics Group,53.05,53.05,C,1,51,33.3,5,20.2,US PL Dallas 2 Factory,"Coppell, TX",3pl,medium
2990,Perfume Warehouse,53.05,52.77,C,2,51,33.3,5,20.2,US PL S Houston Factory,"Houston, TX",shipper,medium
2991,HARBORSIDE LOGISTICS,53.05,53.05,C,1,51,33.3,5,20.2,US PL Hollis Factory,"Portland, ME",3pl,medium
2992,Roadside Oasis,53.05,49.18,C,4,51,33.3,5,15.5,US PL Ontario Factory,"Moreno Valley, CA",shipper,low
2993,Americold Logistics Jefferson,53.01,53.01,A,1,41,90.7,1,26.4,US PL Madison Factory,"Jefferson, WI",3pl,high
2994,"Central States Manufacturing, Inc.",52.99,52.99,D,1,76,26.7,1,8.1,US PL Dallas 2 Factory,"Cedar Hill, TX",shipper,medium
2995,Bamboo Bay Rum Company,52.99,52.99,D,1,69,0,5,11.1,US PL S Houston Factory,"Houston, TX",shipper,low
2996,INEOS,52.99,52.99,D,1,69,0,5,11.1,US PL Pasadena Factory,"La Porte, TX",shipper,low
2997,Con-Tech Manufacturing Inc,52.98,52.98,C,1,55,26.7,5,18.2,US PL Ontario Factory,"San Bernardino, CA",shipper,medium
2998,Spears manufacturing,52.98,43.47,C,2,55,26.7,5,18.2,US PL S Houston Factory,"Houston, TX",shipper,medium
2999,WALKER FURNITURE WAREHOUSE,52.96,52.96,C,1,51,33.3,5,20.3,US PL High Springs Factory,"Gainesville, FL 32608, USA",shipper,medium
3000,"Fusion Logistics Services, LLC",52.96,52.96,C,1,51,33.3,5,20.3,US PL Zephyrhills Factory,"Lakeland, FL",3pl,medium
3001,Olivia Storage & Crossdock,52.96,52.96,C,1,51,33.3,5,20.3,US PL Ontario Factory,"City of Industry, CA",shipper,low
3002,Fehrenbacher's Meats & Eats,52.96,52.96,C,1,51,33.3,5,20.3,US PL High Springs Factory,"Gainesville, FL",shipper,low
3003,KBW Supply,52.96,52.96,C,1,51,33.3,5,20.3,US PL Hawkins Factory,"Tyler, TX",shipper,low
3004,Ryder Warehouse,52.96,42.84,A,2,14,100,5,58,US PL High Springs Factory,"Jacksonville, FL",carrier,high
3005,Shop Smart,52.94,52.94,C,1,73,33.3,1,9.6,US PL High Springs Factory,"Fort White, FL",shipper,low
3006,"Rilco Manufacturing Company, Inc.",52.88,52.88,C,1,54,26.7,5,18.3,US PL S Houston Factory,"Houston, TX",shipper,medium
3007,Royal Manufacturing,52.88,52.88,C,1,54,26.7,5,18.3,US PL S Houston Factory,"Houston, TX",shipper,medium
3008,"Micarles, LLC",52.86,52.86,D,1,69,0,5,11.2,US PL S Houston Factory,"Houston, TX",shipper,low
3009,Tech Valley Flex Park,52.86,52.86,D,1,69,0,5,11.2,US PL Saratoga Spring Factory,"Round Lake, NY",shipper,low
3010,Selery Fulfillment,52.86,52.86,C,1,51,33.3,5,20.4,US PL Dallas 2 Factory,"Carrollton, TX",3pl,medium
3011,United Freight & Logistics,52.86,52.86,C,1,51,33.3,5,20.4,US PL S Houston Factory,"Humble, TX",3pl,medium
3012,Emerson cross-dock,52.86,52.86,C,1,51,33.3,5,20.4,US PL Dallas 2 Factory,"Fort Worth, TX",shipper,low
3013,FLS Dallas Warehouse,52.77,52.77,C,1,50,33.3,5,20.5,US PL Dallas 2 Factory,"Carrollton, TX",shipper,medium
3014,Cart.com Garland Fulfillment Center,52.77,52.77,C,1,50,33.3,5,20.5,US PL Dallas 2 Factory,"Garland, TX",3pl,medium
3015,Kaiser Foodline,52.77,52.77,C,1,50,33.3,5,20.5,US PL Dallas 2 Factory,"Garland, TX",shipper,low
3016,Ron's Market,52.77,52.77,C,1,50,33.3,5,20.5,US PL Kingfield Factory,"Farmington, ME",shipper,low
3017,Generations CryoVault,52.74,52.74,D,1,69,0,5,11.3,US PL Greenwood Indiana,"Indianapolis, IN",shipper,low
3018,HF&W,52.74,52.74,D,1,69,0,5,11.3,US PL Greenwood Indiana,"Indianapolis, IN",shipper,low
3019,Origin Materials,52.74,52.74,D,1,69,0,5,11.3,US PL Sacramento Factory,"West Sacramento, CA",shipper,low
3020,"Viking Cold Solutions, Inc.",52.74,52.74,D,1,69,0,5,11.3,US PL S Houston Factory,"Houston, TX",shipper,low
3021,Hartt Drop Yard,52.74,52.74,D,1,69,0,5,11.3,US PL Hollis Factory,"Saco, ME",shipper,low
3022,Warehouse Interiors,52.69,52.69,C,1,61,33.3,3,14.7,US PL Sacramento Factory,"Orangevale, CA",shipper,medium
3023,Ashley Furniture Distribution Center,52.68,45.76,C,4,50,33.3,5,20.6,US PL Ontario Factory,"Redlands, CA",shipper,medium
3024,Lincoln Distribution,52.68,52.68,C,1,50,33.3,5,20.6,US PL Zephyrhills Factory,"Tampa, FL",shipper,medium
3025,Kingz International Logistics,52.68,52.68,C,1,50,33.3,5,20.6,US PL Dallas 2 Factory,"Dallas, TX",3pl,medium
3026,CJ Foods Manufacturing Corp.,52.68,52.68,C,1,50,33.3,5,20.6,US PL Ontario Factory,"Fullerton, CA",shipper,medium
3027,"Alachua Glass and Logistics, LLC.",52.68,52.68,C,1,50,33.3,5,20.6,US PL High Springs Factory,"Gainesville, FL",3pl,medium
3028,National Call Centers and Logistics,52.68,52.68,C,1,50,33.3,5,20.6,US PL High Springs Factory,"Gainesville, FL",3pl,medium
3029,Liberty Manufacturing Group,52.66,52.66,A,1,19,90.7,5,49.8,US PL Allentown NPL Factory,"Pennsauken, NJ",shipper,high
3030,Harris Teeter Distribution Center,52.63,52.63,A,2,21,86.7,5,46.6,US PL McBee Factory,"Indian Trail, NC",shipper,high
3031,Coca-cola EQS,52.62,52.62,A,1,14,100,5,59.3,US PL McBee Factory,"Charlotte, NC",shipper,medium
3032,US Xpress Dallas Terminal,52.61,52.61,D,1,68,0,5,11.4,US PL Dallas 2 Factory,"Dallas, TX",shipper,medium
3033,Ellisville Mini Storage Inc,52.61,52.61,D,1,68,0,5,11.4,US PL High Springs Factory,"Lake City, FL",shipper,low
3034,Knight Transportation Houston Yard/PTL,52.61,52.61,D,1,68,0,5,11.4,US PL S Houston Factory,"Houston, TX",carrier,low
3035,Betta-A-Way Transportation,52.61,52.61,D,1,68,0,5,11.4,US DC NFI - Breinigsville,"Whitehall Township, PA",shipper,low
3036,IPS Packaging & Automation,52.59,52.59,C,1,54,26.7,5,18.6,US PL Zephyrhills Factory,"Plant City, FL",shipper,low
3037,"Thomas & Thomas Logistics, LLC",52.59,52.59,C,1,50,33.3,5,20.7,US PL Dallas 2 Factory,"Garland, TX",3pl,medium
3038,ATA Foods LLC,52.59,52.59,C,1,50,33.3,5,20.7,US PL Dallas 2 Factory,"Dallas, TX",shipper,low
3039,Goodyear Logistics Center- Operated by DHL,52.57,52.57,A,1,36,100,1,31,US PL Dallas 2 Factory,"Forney, TX",3pl,high
3040,King's Trading Post Blanchard,52.55,52.55,C,1,77,33.3,0,7.7,US PL Mecosta Factory,"Blanchard, MI",shipper,low
3041,AC Coffee Co,52.54,52.54,C,1,72,33.3,1,9.9,US PL High Springs Factory,"Fort White, FL",shipper,low
3042,SRS Houston LLC,52.49,52.49,D,1,68,0,5,11.5,US PL S Houston Factory,"Houston, TX",shipper,low
3043,Covenant Transport,52.49,52.49,D,1,68,0,5,11.5,US PL Greenwood Indiana,"Indianapolis, IN",carrier,low
3044,Bachmann Industries Inc.,52.49,52.49,D,1,68,0,5,11.5,US PL Poland Spring Factory,"New Gloucester, ME",shipper,low
3045,Plastipak Plant City,52.49,52.49,C,1,54,26.7,5,18.7,US PL Zephyrhills Factory,"Plant City, FL",shipper,medium
3046,Progressive Packaging,52.49,52.49,C,1,54,26.7,5,18.7,US PL Dallas 2 Factory,"Carrollton, TX",shipper,low
3047,Jillamy Packaging & Warehouse,52.49,52.49,C,1,50,33.3,5,20.8,US PL Ontario Factory,"Riverside, CA",shipper,medium
3048,Elevate Fulfillment - California,52.49,52.49,C,1,50,33.3,5,20.8,US PL Ontario Factory,"Riverside, CA",3pl,medium
3049,New York State Corps Collaboration - Food Distribution Center,52.49,52.49,C,1,50,33.3,5,20.8,US PL Saratoga Spring Factory,"Latham, NY",shipper,medium
3050,Precise Food Ingredients Inc,52.49,52.49,C,1,50,33.3,5,20.8,US PL Dallas 2 Factory,"Carrollton, TX",shipper,low
3051,"Kikkoman Foods, Inc.",52.47,52.47,C,1,61,33.3,3,14.9,US PL Sacramento Factory,"Folsom, CA",shipper,low
3052,South Atlantic Packaging,52.42,52.42,D,1,57,20,5,16.8,US PL Greenwood Indiana,"Indianapolis, IN",shipper,low
3053,"FreshOne Distribution Services, LLC",52.4,52.4,C,1,50,33.3,5,20.9,US PL Zephyrhills Factory,"Tampa, FL",3pl,medium
3054,MiniMaxi Warehouse,52.4,52.4,C,1,50,33.3,5,20.9,US PL High Springs Factory,"Gainesville, FL",shipper,medium
3055,"The Tire Warehouse of Gainesville, Inc",52.4,52.4,C,1,50,33.3,5,20.9,US PL High Springs Factory,"Gainesville, FL",shipper,medium
3056,Cook Portable Warehouses - Leonard Truck Outfitters,52.4,52.4,C,1,50,33.3,5,20.9,US PL High Springs Factory,"Gainesville, FL",shipper,medium
3057,Tigers USA Global Logistics,52.4,52.4,C,1,50,33.3,5,20.9,US PL Ontario Factory,"March Air Reserve Base, CA",3pl,medium
3058,Warehouse 71,52.4,52.4,C,1,50,33.3,5,20.9,US PL Saratoga Spring Factory,"Cohoes, NY",shipper,medium
3059,Butler Manufacturing,52.39,35.89,C,2,53,26.7,5,18.8,US PL Dallas 2 Factory,"Southlake, TX",shipper,medium
3060,Smurfit Westrock Conway Folding Carton Plant,52.37,52.37,A,1,21,86.7,5,47.3,US PL Hot Springs Factory,"Conway, AR",shipper,high
3061,"FMI, a Tex Tech Company",52.36,52.36,D,1,68,0,5,11.6,US PL Hollis Factory,"Biddeford, ME",shipper,low
3062,Gateway Global Solutions,52.36,52.36,D,1,68,0,5,11.6,US PL Poland Spring Factory,"Gray, ME",shipper,low
3063,Jimmy's Market,52.36,52.36,C,1,61,33.3,3,15,US PL Kingfield Factory,"Bingham, ME",shipper,low
3064,CVS Health Distribution Center,52.36,52.36,A,1,32,86.7,3,34.6,US PL Dallas 2 Factory,"Ennis, TX",shipper,high
3065,"Direct Connect Logistix, LLC",52.34,52.34,D,1,66,4,5,12.6,US PL Greenwood Indiana,"Indianapolis, IN",shipper,low
3066,WestRock Secondary Warehouse,52.33,52.33,A,1,21,86.7,5,47.4,US PL Hot Springs Factory,"Conway, AR",shipper,high
3067,Volkswagen parts distribution center,52.31,52.31,C,1,50,33.3,5,21,US PL Sacramento Factory,"Rocklin, CA",shipper,medium
3068,Trans Globe Warehousing and Cold Storage LLC,52.31,52.31,C,1,50,33.3,5,21,US PL Zephyrhills Factory,"Tampa, FL",3pl,medium
3069,Distribution,52.31,52.31,C,1,50,33.3,5,21,US PL S Houston Factory,"Houston, TX",shipper,medium
3070,Fortworth Warehouse,52.31,52.31,C,1,50,33.3,5,21,US PL Dallas 2 Factory,"Haltom City, TX",shipper,medium
3071,Elite Wheel Warehouse,52.31,52.31,C,1,50,33.3,5,21,US PL Zephyrhills Factory,"Tampa, FL",shipper,medium
3072,Meiborg 3PL Warehouse,52.31,52.31,C,1,50,33.3,5,21,US PL S Houston Factory,"Houston, TX",3pl,medium
3073,Jerue Logistics Solutions,52.31,52.31,C,1,50,33.3,5,21,US PL Zephyrhills Factory,"Lakeland, FL",3pl,medium
3074,GA Foods,52.31,52.31,C,1,50,33.3,5,21,US PL Zephyrhills Factory,"Tampa, FL",shipper,low
3075,FREITTY Cross-Dock Houston,52.31,52.31,C,1,50,33.3,5,21,US PL S Houston Factory,"Houston, TX",shipper,low
3076,Sun Manufacturing Co,52.29,52.29,C,1,53,26.7,5,18.9,US PL S Houston Factory,"Jersey Village, TX",shipper,medium
3077,3D Musketeers,52.26,52.26,D,1,79,0,3,7.2,US PL Zephyrhills Factory,"Wesley Chapel, FL",shipper,low
3078,Prep Prime,52.24,52.24,D,1,68,0,5,11.7,US PL S Houston Factory,"Stafford, TX",shipper,low
3079,Aspire XDock - Indianapolis,52.24,52.24,D,1,68,0,5,11.7,US PL Greenwood Indiana,"Indianapolis, IN",shipper,low
3080,Engineered Automation of Maine,52.24,52.24,D,1,68,0,5,11.7,US PL Hollis Factory,"Biddeford, ME",shipper,low
3081,"World Wide Gas Turbine Products, Inc.",52.24,52.24,D,1,68,0,5,11.7,US PL Saratoga Spring Factory,"Clifton Park, NY",shipper,low
3082,Amazon Fulfillment Center MCO1,52.24,52.24,A,1,17,93.3,5,53.5,US PL Zephyrhills Factory,"Orlando, FL",3pl,high
3083,Amazon GRR5,52.24,52.24,A,1,17,93.3,5,53.5,US PL Mecosta Factory,"Caledonia, MI",shipper,medium
3084,PT logistics,52.22,52.22,C,1,49,33.3,5,21.1,US PL Ontario Factory,"Redlands, CA",3pl,medium
3085,GOOD WAREHOUSE LLC,52.22,52.22,C,1,49,33.3,5,21.1,US PL Ontario Factory,"San Bernardino, CA",shipper,medium
3086,Quoc Viet Foods,52.22,52.22,C,1,49,33.3,5,21.1,US PL Ontario Factory,"Orange, CA",shipper,low
3087,Amazon RDG1 Fulfillment Center,52.22,52.22,A,1,44,93.3,0,24.6,US PL Allentown NPL Factory,"Hamburg, PA",3pl,high
3088,Boxtech Florida,52.2,52.2,C,1,53,26.7,5,19,US PL Zephyrhills Factory,"Plant City, FL",shipper,low
3089,The Hashery,52.14,52.14,C,1,60,33.3,3,15.2,US PL Poland Spring Factory,"Windham, ME",shipper,low
3090,Famous Tate Distribution Center,52.13,52.13,C,1,49,33.3,5,21.2,US PL Zephyrhills Factory,"Tampa, FL",shipper,medium
3091,Elite Fulfillment Solutions,52.13,52.13,C,1,49,33.3,5,21.2,US PL Dallas 2 Factory,"Garland, TX",3pl,medium
3092,Storage Rentals of America,52.12,50.92,D,2,78,0,3,7.3,US PL Pasadena Factory,"Bacliff, TX",shipper,low
3093,Rogue Industries,52.12,52.12,D,1,78,0,3,7.3,US PL Hollis Factory,"Standish, ME",shipper,low
3094,Amazon LIT2,52.12,52.12,A,1,17,93.3,5,53.9,US PL Hot Springs 2 Factory,"North Little Rock, AR",shipper,medium
3095,TAT Express Inc.,52.11,52.11,D,1,67,0,5,11.8,US PL Dallas 2 Factory,"Dallas, TX",shipper,low
3096,Southwest Cargo,52.11,52.11,D,1,67,0,5,11.8,US PL Dallas 2 Factory,"Dallas, TX",shipper,low
3097,Enercon Technologies,52.11,52.11,D,1,67,0,5,11.8,US PL Poland Spring Factory,"Gray, ME",shipper,low
3098,PTFE Industries,52.11,52.11,D,1,67,0,5,11.8,US PL S Houston Factory,"Houston, TX",shipper,low
3099,AER Manufacturing,52.1,52.1,C,1,53,26.7,5,19.1,US PL Dallas 2 Factory,"Addison, TX",shipper,medium
3100,Clay Distribution Center: Gordon Food Service,52.09,52.09,A,1,17,93.3,5,54,US PL Mecosta Factory,"Grand Rapids, MI",shipper,high
3101,Affordable Family Storage,52.04,52.04,C,1,58,37.3,3,16.4,US PL S Houston Factory,"Sugar Land, TX",shipper,low
3102,Harbor Freight Tools Distribution Center,52.04,52.04,C,1,49,33.3,5,21.3,US PL Ontario Factory,"Moreno Valley, CA",shipper,medium
3103,Watson Commerce Distribution Center,52.04,52.04,C,1,49,33.3,5,21.3,US PL Ontario Factory,"Redlands, CA",shipper,medium
3104,Fulfillment Center,52.04,32.06,C,3,49,33.3,5,21.3,US PL Dallas 2 Factory,"Flower Mound, TX",3pl,medium
3105,Keystone Food Products INC.,52.04,52.04,C,1,49,33.3,5,21.3,US DC NFI - Breinigsville,"Easton, PA",shipper,low
3106,Truck Diesel,52.04,52.04,C,1,49,33.3,5,21.3,US PL Zephyrhills Factory,"East Lake-Orient Park, FL 33619, USA",shipper,low
3107,Milcon Supply International,52.02,52.02,D,1,75,26.7,1,8.8,US PL Zephyrhills Factory,"Wesley Chapel, FL",shipper,low
3108,AJ Medical Manufacturing,52,52,C,1,53,26.7,5,19.2,US PL S Houston Factory,"Houston, TX",shipper,medium
3109,Gordon Food Service Freezer Warehouse,52,52,A,1,16,93.3,5,54.3,US PL Mecosta Factory,"Grand Rapids, MI",shipper,high
3110,Storage Depot,51.99,51.99,D,1,67,0,5,11.9,US PL S Houston Factory,"Houston, TX",shipper,medium
3111,Sterling Rope Co. Inc.,51.99,51.99,D,1,67,0,5,11.9,US PL Hollis Factory,"Biddeford, ME",shipper,low
3112,Landstar,51.98,51.98,D,1,78,0,3,7.4,US PL Poland Spring Factory,"New Gloucester, ME",shipper,low
3113,HD Supply FM Distribution Center,51.95,51.95,C,1,49,33.3,5,21.4,US PL Dallas 2 Factory,"Flower Mound, TX",shipper,medium
3114,Castle & Cooke Cold Storage,51.95,50.39,C,2,49,33.3,5,21.4,US PL Dallas 2 Factory,"Fort Worth, TX",shipper,medium
3115,JDI Distribution,51.95,51.95,C,1,49,33.3,5,21.4,US PL Ontario Factory,"Redlands, CA",shipper,medium
3116,Bakell,51.95,51.95,C,1,49,33.3,5,21.4,US PL Ontario Factory,"Redlands, CA",shipper,low
3117,O'Neal Manufacturing Services,51.9,51.9,C,1,53,26.7,5,19.3,US PL Greenwood Indiana,"Indianapolis, IN",shipper,medium
3118,Limington Variety,51.89,51.89,C,1,71,33.3,1,10.4,US PL Hollis Factory,"Limington, ME",shipper,low
3119,Texas Ice House,51.87,51.87,D,1,67,0,5,12,US PL Dallas 2 Factory,"Dallas, TX",shipper,low
3120,Saco Transportation Center,51.87,51.87,D,1,67,0,5,12,US PL Hollis Factory,"Saco, ME",shipper,low
3121,Mesa Cold Storage,51.86,51.86,C,1,49,33.3,5,21.5,US PL Ontario Factory,"Fullerton, CA",shipper,medium
3122,Metropolitan Ministries Logistics Warehouse,51.86,51.86,C,1,49,33.3,5,21.5,US PL Zephyrhills Factory,"Tampa, FL",3pl,medium
3123,Precision Logistics Unit B,51.86,51.86,C,1,49,33.3,5,21.5,US PL Ontario Factory,"Redlands, CA",3pl,medium
3124,Legacy Logistics Unlimited,51.86,51.86,C,1,49,33.3,5,21.5,US PL Cabazon Factory,"Moreno Valley, CA",3pl,medium
3125,JMeds - Tyler Distribution Center,51.86,51.86,C,1,49,33.3,5,21.5,US PL Hawkins Factory,"Tyler, TX",shipper,medium
3126,Sysco Jacksonville - Food Distributor & Restaurant Supplies,51.83,51.83,A,1,12,100,5,62.6,US PL High Springs Factory,"Jacksonville, FL",shipper,medium
3127,Goodman Food Products,51.81,51.81,C,1,60,33.3,3,15.5,US PL Dallas 2 Factory,"Mansfield, TX",shipper,low
3128,Micronics Filter Press Manufacturing Facility,51.78,51.78,B,1,38,73.3,3,29.2,US PL Hollis Factory,"Dover, NH",shipper,high
3129,A oil / rbx warehouse,51.77,51.77,C,1,49,33.3,5,21.6,US PL Zephyrhills Factory,"Tampa, FL",shipper,medium
3130,LMS Logistics Solutions,51.77,51.77,C,1,49,33.3,5,21.6,US PL Ontario Factory,"Redlands, CA",3pl,medium
3131,Lids Distribution Center,51.77,51.77,C,1,49,33.3,5,21.6,US PL Greenwood Indiana,"Indianapolis, IN",shipper,medium
3132,Brand Warehouse,51.77,51.77,C,1,49,33.3,5,21.6,US PL Sacramento Factory,"Rocklin, CA",shipper,medium
3133,SiVance Chemical Plant - Milliken & Company,51.77,51.77,C,1,49,33.3,5,21.6,US PL High Springs Factory,"Gainesville, FL",shipper,medium
3134,CR COMMERCIAL LLC CROSS DOCK,51.74,51.74,D,1,67,0,5,12.1,US PL Greenwood Indiana,"Indianapolis, IN",shipper,low
3135,Nefab Packaging,51.69,51.69,C,1,56,20,5,17.5,US PL Dallas 2 Factory,"Coppell, TX",shipper,low
3136,La-Z-Boy Distribution Center,51.68,43.06,C,2,49,33.3,5,21.7,US PL Zephyrhills Factory,"Lakeland, FL",shipper,medium
3137,Double Shield Logistics,51.68,51.68,C,1,49,33.3,5,21.7,US PL S Houston Factory,"Humble, TX",3pl,medium
3138,"IGPS Logistics, LLC",51.68,51.68,C,1,49,33.3,5,21.7,US PL Ontario Factory,"Moreno Valley, CA",3pl,medium
3139,Redlands BMW Parts Distribution Center,51.68,51.68,C,1,49,33.3,5,21.7,US PL Ontario Factory,"Redlands, CA",shipper,medium
3140,Foundation Logistics,51.68,51.68,C,1,49,33.3,5,21.7,US PL S Houston Factory,"Humble, TX",3pl,medium
3141,Maine Maple Products,51.68,51.68,C,1,49,33.3,5,21.7,US PL Kingfield Factory,"Madison, ME",shipper,low
3142,Los Matadores Foods,51.68,51.68,C,1,49,33.3,5,21.7,US PL Ontario Factory,"Redlands, CA",shipper,low
3143,Amazon DHO7,51.64,51.64,A,1,38,93.3,1,29.4,US PL S Houston Factory,"Katy, TX",shipper,medium
3144,Pack Edge Inc.,51.62,51.62,D,1,67,0,5,12.2,US PL Hollis Factory,"Saco, ME",shipper,low
3145,Bailey's Logistic Services,51.62,51.62,D,1,67,0,5,12.2,US PL Denver Factory,"Englewood, CO",shipper,low
3146,Box Truxx,51.62,51.62,D,1,67,0,5,12.2,US PL Greenwood Indiana,"Indianapolis, IN",shipper,low
3147,"Spencer Manufacturing, LLC",51.62,51.62,C,1,52,26.7,5,19.6,US PL S Houston Factory,"Houston, TX",shipper,medium
3148,MKM Distribution,51.59,51.59,C,1,48,33.3,5,21.8,US PL Greenwood Indiana,"Indianapolis, IN",shipper,medium
3149,Ben E. Keith Foods Dallas / Fort Worth Distribution Center,51.59,51.59,C,1,48,33.3,5,21.8,US PL Dallas 2 Factory,"Fort Worth, TX",shipper,medium
3150,Renfro Foods Inc.,51.59,51.59,C,1,48,33.3,5,21.8,US PL Dallas 2 Factory,"Fort Worth, TX",shipper,low
3151,Moran Shipping Agencies,51.55,51.55,D,1,77,0,3,7.7,US PL Pasadena Factory,"Dickinson, TX",shipper,low
3152,Vesta Manufacturing Plant 2,51.52,51.52,C,1,52,26.7,5,19.7,US PL Greenwood Indiana,"Indianapolis, IN",shipper,medium
3153,Freeman Manufacturing & Supply Company,51.52,51.52,C,1,52,26.7,5,19.7,US PL Dallas 2 Factory,"Fort Worth, TX",shipper,medium
3154,Neltec Manufacturing,51.52,51.52,C,1,52,26.7,5,19.7,US PL Ontario Factory,"San Bernardino, CA",shipper,medium
3155,Bunzl Warehouse,51.5,51.5,C,1,48,33.3,5,21.9,US PL Zephyrhills Factory,"Tampa, FL",shipper,medium
3156,"Stir Foods, LLC",51.5,51.5,C,1,48,33.3,5,21.9,US PL Ontario Factory,"Orange, CA",shipper,low
3157,Bally Plus Food Solutions,51.5,51.5,C,1,48,33.3,5,21.9,US PL Dallas 2 Factory,"Garland, TX",shipper,low
3158,Pink Panther Logistics,51.48,51.48,C,1,59,33.3,3,15.8,US PL Zephyrhills Factory,"Land O' Lakes, FL",3pl,medium
3159,UPS United Parcel Service Offices & Warehouse,51.44,51.44,A,1,23,100,3,44.6,US PL Hollis Factory,"Stratham, NH",parcel,high
3160,Origin Factory Store,51.43,51.43,C,1,52,26.7,5,19.8,US PL Kingfield Factory,"Farmington, ME",shipper,low
3161,Brother warehouse,51.42,51.42,C,1,48,33.3,5,22,US PL Ontario Factory,"Perris, CA",shipper,medium
3162,Bilinski Sausage Manufacturing Co,51.42,51.42,C,1,48,33.3,5,22,US PL Saratoga Spring Factory,"Cohoes, NY",shipper,medium
3163,Tampa Foods Factory Warehouse,51.42,51.42,C,1,48,33.3,5,22,US PL Zephyrhills Factory,"Tampa, FL",shipper,medium
3164,RCS Co of Tampa Inc,51.42,51.42,C,1,48,33.3,5,22,US PL Zephyrhills Factory,"Tampa, FL",shipper,low
3165,Refresco Beverages Truck Entrance,51.42,51.42,C,1,48,33.3,5,22,US PL Zephyrhills Factory,"Lakeland, FL",shipper,low
3166,Herman Packaging Co,51.39,51.39,D,1,55,20,5,17.8,US PL S Houston Factory,"Houston, TX",shipper,low
3167,New Life UPC Ministries-NLR - Food Distribution Center,51.37,51.37,C,1,59,33.3,3,15.9,US DC Hot Springs (WHSE),"Rockport, AR",shipper,medium
3168,Alpha Manufacturing Inc,51.33,51.33,C,1,52,26.7,5,19.9,US PL Dallas 2 Factory,"Fort Worth, TX",shipper,medium
3169,"WestMark Logistics, LLC",51.33,51.33,C,1,48,33.3,5,22.1,US PL Ontario Factory,"Redlands, CA",3pl,medium
3170,LifeScience Logistics,51.33,51.33,C,1,48,33.3,5,22.1,US PL Saratoga Spring Factory,"Amsterdam, NY",3pl,medium
3171,Utopia Fulfillment,51.33,51.33,C,1,48,33.3,5,22.1,US PL S Houston Factory,"Houston, TX",3pl,medium
3172,Sams Warehouse,51.33,51.33,C,1,48,33.3,5,22.1,US PL Ontario Factory,"Perris, CA",shipper,medium
3173,Maine Coast Storage,51.26,51.26,D,1,66,0,5,12.5,US PL Hollis Factory,"Saco, ME",shipper,low
3174,Novolex,51.26,51.26,D,1,66,0,5,12.5,US PL McBee Factory,"Hartsville, SC",shipper,low
3175,CCL Specialty Cartons,51.26,51.26,D,1,66,0,5,12.5,US PL Hawkins Factory,"Tyler, TX",shipper,low
3176,DAP Products Manufacturing Plant,51.24,23.63,C,3,51,26.7,5,20,US PL Dallas 2 Factory,"Dallas, TX",shipper,medium
3177,Distribution Unlimited Incorporated,51.24,51.24,C,1,48,33.3,5,22.2,US PL Saratoga Spring Factory,"Schenectady, NY",shipper,medium
3178,A Truck Express,51.21,51.21,C,1,73,26.7,1,9.4,US PL Dallas 2 Factory,"Cedar Hill, TX",shipper,low
3179,TRG Packaging and Display Solutions (formerly MaxPak),51.18,40.31,C,2,55,20,5,18,US PL Zephyrhills Factory,"Lakeland, FL",shipper,low
3180,CLT6 Amazon Fulfillment Center,51.17,51.17,A,1,15,93.3,5,57.2,US PL McBee Factory,"Pineville, NC",3pl,high
3181,Praxis Packaging,51.17,51.17,A,1,15,93.3,5,57.2,US PL Mecosta Factory,"Grand Rapids, MI",shipper,medium
3182,Irving Tissue Warehouse,51.15,51.15,C,1,48,33.3,5,22.3,US PL Saratoga Spring Factory,"Rotterdam, NY",shipper,medium
3183,Dr. Pepper Distribution,51.15,36.97,C,2,48,33.3,5,22.3,US PL Greenwood Indiana,"Indianapolis, IN",shipper,medium
3184,Rent the Runway Fulfillment Center,51.15,51.15,C,1,48,33.3,5,22.3,US PL Dallas 2 Factory,"Fort Worth, TX",3pl,medium
3185,TX099 Texas Crossdock,51.15,51.15,C,1,48,33.3,5,22.3,US PL Dallas 2 Factory,"Richardson, TX",shipper,low
3186,Circle U Foods,51.15,51.15,C,1,48,33.3,5,22.3,US PL Dallas 2 Factory,"Fort Worth, TX",shipper,low
3187,Metalcraft Industries Inc.,51.14,51.14,D,1,66,0,5,12.6,US PL Denver Factory,"Westminster, CO",shipper,low
3188,"Brea AMADA AMERICA, INC. (Brea Manufacturing Facility)",51.14,51.14,C,1,51,26.7,5,20.1,US PL Ontario Factory,"Brea, CA",shipper,medium
3189,Glades Ridge Dairy,51.12,51.12,C,1,69,33.3,1,11,US PL High Springs Factory,"Lake Butler, FL",shipper,low
3190,Dal-Tile Sunnyvale Distribution Center,51.07,51.07,C,1,47,33.3,5,22.4,US PL Dallas 2 Factory,"Sunnyvale, TX",shipper,medium
3191,Freshco Cold Storage,51.07,51.07,C,1,47,33.3,5,22.4,US PL Saratoga Spring Factory,"Green Island, NY",shipper,medium
3192,Heartland Food Products Group - Distribution Center,51.07,45.52,C,3,47,33.3,5,22.4,US PL Greenwood Indiana,"Indianapolis, IN",shipper,medium
3193,Tampa Bay Times Riverview Distribution Center,51.07,51.07,C,1,47,33.3,5,22.4,US PL Zephyrhills Factory,"Tampa, FL",shipper,medium
3194,Teddy's Logistics LLC.,51.07,51.07,C,1,47,33.3,5,22.4,US PL Zephyrhills Factory,"Tampa, FL",3pl,medium
3195,JTS Freight Forwarding,51.07,51.07,C,1,47,33.3,5,22.4,US PL Saratoga Spring Factory,"Amsterdam, NY",shipper,low
3196,MyForest Foods Co.,51.07,51.07,C,1,47,33.3,5,22.4,US PL Saratoga Spring Factory,"Green Island, NY",shipper,low
3197,Bridgford Foods Corporation,51.07,51.07,C,1,47,33.3,5,22.4,US PL Ontario Factory,"Anaheim, CA",shipper,low
3198,Worth Food Solutions,51.07,51.07,C,1,47,33.3,5,22.4,US PL Dallas 2 Factory,"Fort Worth, TX",shipper,low
3199,Roma of Indianapolis,51.07,51.07,C,1,47,33.3,5,22.4,US PL Greenwood Indiana,"Indianapolis, IN",shipper,low
3200,Pepsi Cola Bottling of Bennettsville,51.07,51.07,A,1,33,100,1,33.4,US PL McBee Factory,"Bennettsville, SC",shipper,high
3201,Wheel Trans Logistics,51.05,51.05,C,1,58,33.3,3,16.2,US PL Ontario Factory,"West Covina, CA",3pl,medium
3202,The Peach Cobbler Factory,51.05,51.05,C,1,58,33.3,3,16.2,US PL Zephyrhills Factory,"Land O' Lakes, FL",shipper,low
3203,Bradika Trucking,51.05,51.05,C,1,51,26.7,5,20.2,US PL Kingfield Factory,"Madison, ME",carrier,low
3204,DJT6 Truck Entrance,51.05,51.05,C,1,51,26.7,5,20.2,US PL Ontario Factory,"March Air Reserve Base, CA",shipper,low
3205,Coca-Cola Shipping and Receiving,51.05,51.05,A,1,11,100,5,66.2,US PL McBee Factory,"Charlotte, NC",shipper,medium
3206,"Coca-Cola Consolidated, Inc.",51.05,41.42,A,3,11,100,5,54.7,US PL McBee Factory,"Charlotte, NC",shipper,medium
3207,Truck & Autoxone llc,51.03,51.03,C,1,62,26.7,3,14.4,US PL Cabazon Factory,"San Jacinto, CA",shipper,low
3208,Outdoor Cover Warehouse,51.02,46.65,C,2,75,33.3,0,8.8,US PL Mecosta Factory,"Six Lakes, MI",shipper,medium
3209,Amspak Inc,51.02,51.02,D,1,65,0,5,12.7,US PL McBee Factory,"Hartsville, SC",shipper,low
3210,"JYC Enterprise, Inc.",51.02,51.02,D,1,65,0,5,12.7,US PL S Houston Factory,"Houston, TX",shipper,low
3211,"DYW Realty Investment, LLC",50.99,50.99,D,1,76,0,3,8.1,US PL Pasadena Factory,"Dickinson, TX",shipper,low
3212,Damn Good Jerky,50.99,50.99,C,1,69,33.3,1,11.1,US PL Saratoga Spring Factory,"Stillwater, NY",shipper,low
3213,Golub Warehouse,50.98,45.99,C,2,47,33.3,5,22.5,US PL Saratoga Spring Factory,"Schenectady, NY",shipper,medium
3214,ID Logistics,50.98,50.98,C,1,47,33.3,5,22.5,US PL Saratoga Spring Factory,"Schenectady, NY",3pl,medium
3215,Fulmont Community Action - Food Distribution Center,50.98,50.98,C,1,47,33.3,5,22.5,US PL Saratoga Spring Factory,"Amsterdam, NY",shipper,medium
3216,MV Houston CrossDock,50.98,50.98,C,1,47,33.3,5,22.5,US PL S Houston Factory,"Houston, TX",shipper,low
3217,Home Base Price Chopper,50.98,50.98,C,1,47,33.3,5,22.5,US PL Saratoga Spring Factory,"Rotterdam, NY",shipper,low
3218,TexasFood.com,50.98,50.98,C,1,47,33.3,5,22.5,US PL S Houston Factory,"Houston, TX",shipper,low
3219,Moyer Packing Co,50.98,50.98,C,1,47,33.3,5,22.5,US PL Allentown NPL Factory,"Souderton, PA",shipper,low
3220,Coca-Cola truck entrance,50.97,50.97,A,1,11,100,5,66.6,US PL McBee Factory,"Charlotte, NC",shipper,medium
3221,Infinity Industrial Controls,50.94,50.94,A,1,27,90.7,3,39.5,US PL Zephyrhills Factory,"Clearwater, FL",shipper,medium
3222,CCBCC Coca Cola,50.91,50.91,A,1,22,100,3,45.9,US PL McBee Factory,"Blythewood, SC",shipper,medium
3223,Hgh logistic,50.9,50.9,D,1,65,0,5,12.8,US PL Denver Factory,"Denver, CO",shipper,low
3224,Grand Storage,50.9,50.9,D,1,65,0,5,12.8,US PL Dallas 2 Factory,"Dallas, TX",shipper,low
3225,CROSS DOCK FONTANA,50.9,50.9,D,1,65,0,5,12.8,US PL Ontario Factory,"Bloomington, CA",shipper,low
3226,Wally’s Distribution - 3PL Warehousing & Logistics,50.89,49.86,C,2,47,33.3,5,22.6,US PL Ontario Factory,"Perris, CA",3pl,medium
3227,Floor and decor distribution center,50.89,50.89,C,1,47,33.3,5,22.6,US PL Ontario Factory,"Moreno Valley, CA",shipper,medium
3228,Hayneedle Fulfillment Center,50.89,50.89,C,1,47,33.3,5,22.6,US PL Greenwood Indiana,"Indianapolis, IN",3pl,medium
3229,Warehouse On Broadway,50.89,50.89,C,1,47,33.3,5,22.6,US PL Zephyrhills Factory,"Tampa, FL",shipper,medium
3230,AMEN Food Pantry - Food Distribution Center,50.89,50.89,C,1,47,33.3,5,22.6,US PL Saratoga Spring Factory,"Amsterdam, NY",shipper,medium
3231,Heartland Food Products Group- Utilities / RAM Team,50.89,50.89,C,1,47,33.3,5,22.6,US PL Greenwood Indiana,"Indianapolis, IN",shipper,low
3232,Nettles Beef Processing,50.84,50.84,C,1,58,33.3,3,16.4,US PL High Springs Factory,"Lake City, FL",shipper,medium
3233,Mount Calvary Missionary Baptist Church - Food Distribution Center,50.84,50.84,C,1,58,33.3,3,16.4,US PL McBee Factory,"Bishopville, SC",shipper,medium
3234,Lineage Logistics Jacksonville West,50.83,50.83,A,1,13,96,5,61.7,US PL High Springs Factory,"Jacksonville, FL",3pl,high
3235,F&D Distribution Center,50.81,50.81,C,1,47,33.3,5,22.7,US PL Ontario Factory,"Moreno Valley, CA",shipper,medium
3236,Aim Warehousing Fulfilment center/3pl store/logistics,50.81,50.81,C,1,47,33.3,5,22.7,US PL S Houston Factory,"Houston, TX",3pl,medium
3237,Chadwell Supply Distribution Center,50.81,50.81,C,1,47,33.3,5,22.7,US PL Zephyrhills Factory,"Tampa, FL",shipper,medium
3238,LX Hausys Warehouse & Showroom - FL,50.81,50.81,C,1,47,33.3,5,22.7,US PL Zephyrhills Factory,"Tampa, FL",shipper,medium
3239,Sunoco Logistics Partners LP,50.81,50.81,C,1,47,33.3,5,22.7,US PL Hawkins Factory,"Longview, TX",3pl,medium
3240,Arco Bulk Terminal,50.78,50.78,D,1,65,0,5,12.9,US PL Ontario Factory,"Bloomington, CA",shipper,medium
3241,O & D Manufacturing,50.77,50.77,C,1,50,26.7,5,20.5,US PL Hawkins Factory,"White Oak, TX",shipper,medium
3242,"VTech Manufacturing Company, Inc.",50.77,50.77,C,1,50,26.7,5,20.5,US PL S Houston Factory,"Houston, TX",shipper,medium
3243,Green Bay Packaging Inc - Fort Worth Division,50.77,32.44,C,5,50,26.7,5,20.5,US PL Ontario Factory,"Redlands, CA",shipper,low
3244,Tampa Bonded Warehouse,50.72,50.72,C,1,47,33.3,5,22.8,US PL Zephyrhills Factory,"Tampa, FL",shipper,medium
3245,San Manuel Warehouse,50.72,50.72,C,1,47,33.3,5,22.8,US PL Ontario Factory,"Highland, CA 92346, USA",shipper,medium
3246,Robbins Manufacturing Co,50.68,41.8,C,3,50,26.7,5,20.6,US PL Zephyrhills Factory,"Tampa, FL",shipper,medium
3247,Clemens Food Group,50.67,50.67,C,1,44,37.3,5,24.3,US PL Allentown NPL Factory,"Hatfield, PA",shipper,low
3248,Amazon DJX2,50.67,50.67,A,1,14,93.3,5,59.1,US PL High Springs Factory,"Jacksonville, FL",shipper,medium
3249,AGI Yard,50.66,50.66,D,1,65,0,5,13,US PL S Houston Factory,"Houston, TX",shipper,low
3250,Storage Warehouse,50.64,50.64,C,1,47,33.3,5,22.9,US PL Hawkins Factory,"Tyler, TX",shipper,medium
3251,Warehouse 1-7,50.64,50.64,C,1,47,33.3,5,22.9,US PL Greenwood Indiana,"Indianapolis, IN",shipper,medium
3252,Amazon FTW5,50.64,50.64,A,1,36,93.3,1,30.9,US PL Dallas 2 Factory,"Forney, TX",shipper,medium
3253,Great River Food,50.63,50.63,C,1,58,33.3,3,16.6,US PL Ontario Factory,"City of Industry, CA",shipper,low
3254,Burch Bottle & Packaging,50.59,50.59,C,1,54,20,5,18.6,US PL Saratoga Spring Factory,"Glens Falls, NY",shipper,low
3255,R & J Manufacturing Co,50.59,50.59,C,1,50,26.7,5,20.7,US PL High Springs Factory,"Gainesville, FL",shipper,medium
3256,Lynden Logistics - Lynden Transport,50.55,50.55,C,1,46,33.3,5,23,US PL S Houston Factory,"Houston, TX",carrier,medium
3257,SunFoods Production Plant,50.55,50.55,C,1,46,33.3,5,23,US PL Sacramento Factory,"Woodland, CA",shipper,medium
3258,"JSL Foods Inc, Texas",50.55,50.55,C,1,46,33.3,5,23,US PL S Houston Factory,"Humble, TX",shipper,low
3259,Fresh Country Fund Raising,50.55,50.55,C,1,46,33.3,5,23,US PL Hawkins Factory,"Longview, TX",shipper,low
3260,Coastal Food Group,50.55,50.55,C,1,46,33.3,5,23,US PL Zephyrhills Factory,"Tampa, FL",shipper,low
3261,Seaboard Marine,50.54,50.54,D,1,65,0,5,13.1,US PL Pasadena Factory,"Houston, TX",shipper,low
3262,FruitRipe Services,50.54,50.54,D,1,65,0,5,13.1,US PL Ontario Factory,"Riverside, CA",shipper,low
3263,C.R. England,50.54,50.54,D,1,65,0,5,13.1,US PL Ontario Factory,"Colton, CA",shipper,low
3264,Jacintoport International LLC,50.54,50.54,D,1,65,0,5,13.1,US PL Pasadena Factory,"Houston, TX",shipper,low
3265,Mid Maine Logistics,50.52,50.52,C,1,57,33.3,3,16.7,US PL Kingfield Factory,"Anson, ME",3pl,medium
3266,IUSP Amazon,50.51,50.51,A,1,41,93.3,0,26.8,US PL Ontario Factory,"Hesperia, CA",shipper,medium
3267,Siemens Manufacturing Plant,50.49,50.49,C,1,50,26.7,5,20.8,US PL Dallas 2 Factory,"Fort Worth, TX",shipper,medium
3268,Affordable Truck & Trailer Service,50.49,50.49,C,1,50,26.7,5,20.8,US PL High Springs Factory,"Gainesville, FL",shipper,low
3269,Concrete Exchange Central Florida Fulfillment Center,50.47,50.47,C,1,74,33.3,0,9.2,US PL Zephyrhills Factory,"Dade City, FL",3pl,medium
3270,Lansdale Warehouse Co. Inc.,50.47,49.02,C,3,46,33.3,5,23.1,US PL Allentown NPL Factory,"Souderton, PA",shipper,medium
3271,Allweather Wood LLC - Woodland Distribution Center,50.47,50.47,C,1,46,33.3,5,23.1,US PL Sacramento Factory,"Woodland, CA",shipper,medium
3272,CAE3 Amazon Fulfillment Center,50.47,50.47,A,1,14,93.3,5,59.9,US PL McBee Factory,"South Carolina 29172, USA",3pl,high
3273,Amazon CAE3 MOD,50.47,50.47,A,1,14,93.3,5,59.9,US PL McBee Factory,"West Columbia, SC",shipper,medium
3274,"BetaPrep Amazon FBA Prep Center Texas | 3PL E-commerce Order Fulfillment I Warehouse Storage",50.44,50.44,A,1,41,93.3,0,26.9,US PL S Houston Factory,"Rosenberg, TX",3pl,high
3275,Meijer Distribution Center,50.44,45.67,A,7,21,80,5,47.1,US PL Mecosta Factory,"Walker, MI",shipper,high
3276,Georgia-Pacific Warehouse,50.42,50.42,A,1,13,93.3,5,60.1,US PL High Springs Factory,"Jacksonville, FL",shipper,high
3277,Cascades Containerboard Packaging,50.39,50.39,C,1,53,20,5,18.8,US PL Saratoga Spring Factory,"Schenectady, NY",shipper,low
3278,Grand Appliance Indianapolis Warehouse - Not A Retail Store,50.38,50.38,C,1,46,33.3,5,23.2,US PL Greenwood Indiana,"Indianapolis, IN",shipper,medium
3279,7S Logistics Inc,50.38,50.38,C,1,46,33.3,5,23.2,US PL Hawkins Factory,"Longview, TX",3pl,medium
3280,Tampa Steak Company Distribution Center,50.38,50.38,C,1,46,33.3,5,23.2,US PL Zephyrhills Factory,"Tampa, FL",shipper,medium
3281,Surplus Warehouse,50.38,48.8,C,2,46,33.3,5,23.2,US PL Saratoga Spring Factory,"Watervliet, NY",shipper,medium
3282,Western Foods,50.38,50.38,C,1,46,33.3,5,23.2,US PL Sacramento Factory,"Woodland, CA",shipper,low
3283,Kasas Foods,50.38,50.38,C,1,46,33.3,5,23.2,US DC NFI - Breinigsville,"Easton, PA",shipper,low
3284,Blackhorse Logistics,50.36,50.36,C,1,68,33.3,1,11.6,US PL Hawkins Factory,"Gladewater, TX",3pl,medium
3285,YOS Bottling,50.34,50.34,C,1,73,33.3,0,9.3,US PL Zephyrhills Factory,"Dade City, FL",shipper,medium
3286,Cotton Growers Warehouse,50.31,50.31,C,1,57,33.3,3,16.9,US PL McBee Factory,"Bishopville, SC",shipper,medium
3287,Libbys R.O.S.E. - Food Distribution Center,50.31,50.31,C,1,57,33.3,3,16.9,US DC Hot Springs (WHSE),"Malvern, AR",shipper,medium
3288,Canyon Manufacturing Services Inc,50.31,50.31,C,1,50,26.7,5,21,US PL S Houston Factory,"Houston, TX",shipper,medium
3289,"SMF7 Amazon Vacaville, CA",50.31,50.31,A,1,35,93.3,1,31.4,US PL Sacramento Factory,"Vacaville, CA",shipper,medium
3290,Tyler Business Plaza,50.3,50.3,D,1,64,0,5,13.3,US PL Hawkins Factory,"Tyler, TX",shipper,low
3291,Integrated Flow Solutions LLC,50.3,50.3,D,1,64,0,5,13.3,US PL Hawkins Factory,"Tyler, TX",shipper,low
3292,Launchbox Flexible Warehouse Suites,50.3,50.3,C,1,46,33.3,5,23.3,US PL Saratoga Spring Factory,"Latham, NY",shipper,medium
3293,Freight Force IAH,50.3,50.3,C,1,46,33.3,5,23.3,US PL S Houston Factory,"Humble, TX",shipper,low
3294,ShipBob Bethlehem,50.29,50.29,D,1,55,16,5,17.7,US DC NFI - Breinigsville,"Bethlehem, PA",shipper,low
3295,Specialty Quality Packaging,50.29,50.29,C,1,53,20,5,18.9,US PL Saratoga Spring Factory,"Scotia, NY",shipper,low
3296,SJA1 (Amazon SSD),50.27,50.27,A,1,13,93.3,5,60.7,US PL High Springs Factory,"Jacksonville, FL",shipper,medium
3297,Bracalente Manufacturing Group,50.25,50.25,D,1,60,26.7,3,15.1,US DC NFI - Breinigsville,"Trumbauersville, PA",shipper,medium
3298,"Southern Packaging, LP",50.25,50.25,C,1,60,26.7,3,15.1,US PL Dallas 2 Factory,"Venus, TX",shipper,low
3299,Ultracold Storage Solutions LLC,50.21,50.21,C,1,57,33.3,3,17,US PL Ontario Factory,"Anaheim, CA",shipper,medium
3300,Palm River Center Distribution Center,50.21,50.21,C,1,46,33.3,5,23.4,US PL Zephyrhills Factory,"Tampa, FL",shipper,medium
3301,LIQUIDCAPSULE Manufacturing LLC,50.21,50.21,C,1,46,33.3,5,23.4,US PL Zephyrhills Factory,"Tampa, FL",shipper,medium
3302,LexJet Distribution Center,50.21,50.21,C,1,46,33.3,5,23.4,US PL Saratoga Spring Factory,"Watervliet, NY",shipper,medium
3303,Access Distribution Centre,50.21,50.21,C,1,46,33.3,5,23.4,US PL Zephyrhills Factory,"Tampa, FL",shipper,medium
3304,JMB Warehouse - West,50.21,50.21,C,1,46,33.3,5,23.4,US PL Hawkins Factory,"Longview, TX",shipper,medium
3305,American Fabric Filter,50.15,50.15,D,1,75,20,1,8.7,US PL Zephyrhills Factory,"Wesley Chapel, FL",shipper,low
3306,Hillsborough County Warehouse,50.13,50.13,C,1,46,33.3,5,23.5,US PL Zephyrhills Factory,"Tampa, FL",shipper,medium
3307,JMB Industrial Warehouse,50.13,50.13,C,1,46,33.3,5,23.5,US PL Hawkins Factory,"Longview, TX",shipper,medium
3308,Silo Bend Distribution Center,50.13,50.13,C,1,46,33.3,5,23.5,US PL Zephyrhills Factory,"Tampa, FL",shipper,medium
3309,UPS Freight Tampa,50.13,50.13,C,1,46,33.3,5,23.5,US PL Zephyrhills Factory,"Tampa, FL",shipper,low
3310,McGuckin Distribution Center,50.1,50.1,C,1,57,33.3,3,17.1,US PL Denver Factory,"Louisville, CO",shipper,medium
3311,Ardagh Metal Beverage USA Inc - Fairfield,50.1,38.12,C,2,57,33.3,3,17.1,US PL McBee Factory,"Bishopville, SC",shipper,low
3312,American Power Systems,50.07,50.07,C,1,64,20,3,13.5,US PL Denver Factory,"Centennial, CO",shipper,low
3313,Calumet-Royal Purple Distribution Center,50.04,50.04,C,1,46,33.3,5,23.6,US PL S Houston Factory,"Humble, TX",shipper,medium
3314,Packing Tape Logistics,50.04,50.04,C,1,46,33.3,5,23.6,US PL Ontario Factory,"Redlands, CA",3pl,medium
3315,Warehouse Space for Rent,50.04,50.04,C,1,46,33.3,5,23.6,US PL Saratoga Spring Factory,"Albany, NY",shipper,medium
3316,Colonielovecenter - Food Distribution Center,50.04,50.04,C,1,46,33.3,5,23.6,US PL Saratoga Spring Factory,"Colonie, NY",shipper,medium
3317,"Riverside County Travel Zone Center, Inc.",50.04,50.04,C,1,46,33.3,5,23.6,US PL Ontario Factory,"Perris, CA",shipper,low
3318,Amazon JAX5,50.03,50.03,A,1,13,93.3,5,61.7,US PL High Springs Factory,"Jacksonville, FL",shipper,medium
3319,Packaging Corporation of America GR,50.02,50.02,B,1,19,82.7,5,50.5,US PL Mecosta Factory,"Grand Rapids, MI",shipper,medium
3320,Warehouse Outlet,50,50,C,1,56,33.3,3,17.2,US DC NFI - Breinigsville,"Quakertown, PA",shipper,medium
3321,NewTrac Fulfillment Solutions,49.99,49.99,C,1,67,33.3,1,11.9,US PL Denver Factory,"Littleton, CO",3pl,medium
3322,Albert Logistics Inc,49.99,49.99,C,1,67,33.3,1,11.9,US PL High Springs Factory,"Newberry, FL",3pl,medium
3323,"Compa Logistics, Inc.",49.96,49.96,C,1,45,33.3,5,23.7,US PL Ontario Factory,"Redlands, CA",3pl,medium
3324,Express Logistics LLC,49.96,49.96,C,1,45,33.3,5,23.7,US PL Zephyrhills Factory,"Tampa, FL",3pl,medium
3325,Jewett & Noonan Transportation,49.95,49.95,D,1,64,0,5,13.6,US PL Hollis Factory,"Gorham, ME",shipper,low
3326,COOLTEC Body Storage,49.95,49.95,D,1,64,0,5,13.6,US PL Greenwood Indiana,"Indianapolis, IN",shipper,low
3327,"Grapette International, Inc.",49.92,49.92,D,1,60,26.7,3,15.4,US DC Hot Springs (WHSE),"Malvern, AR",shipper,low
3328,Tim Packaging,49.9,49.9,D,1,53,20,5,19.3,US PL Hawkins Factory,"Tyler, TX",shipper,low
3329,"Fox Box 3PL - Fulfillment Center | Cross Dock | Amazon 3PL | Prep Center | DTC",49.89,49.89,A,1,13,93.3,5,62.3,US PL McBee Factory,"Charlotte, NC",3pl,high
3330,Hft Distribution Center Nandina,49.88,49.88,C,1,45,33.3,5,23.8,US PL Ontario Factory,"Moreno Valley, CA",shipper,medium
3331,Albany Carpet Warehouse,49.88,49.88,C,1,45,33.3,5,23.8,US PL Saratoga Spring Factory,"Albany, NY",shipper,medium
3332,La Superior Foods Inc,49.88,49.88,C,1,45,33.3,5,23.8,US PL Dallas 2 Factory,"Fort Worth, TX",shipper,low
3333,Faith Manufacturing Co Inc,49.86,49.86,C,1,49,26.7,5,21.5,US PL S Houston Factory,"Humble, TX",shipper,medium
3334,Chewy Fulfillment Center MCO1,49.85,49.85,A,1,20,80,5,48.7,US PL High Springs Factory,"Ocala, FL",3pl,high
3335,"Tyler Corrugated Box, Inc.",49.81,49.81,D,1,52,20,5,19.4,US PL Hawkins Factory,"Tyler, TX",shipper,low
3336,ARO Foods,49.8,49.8,C,1,45,33.3,5,23.9,US PL S Houston Factory,"Houston, TX",shipper,low
3337,"NU VISTA FOODS GROUP, INC",49.8,49.8,C,1,45,33.3,5,23.9,US PL Zephyrhills Factory,"Tampa, FL",shipper,low
3338,Amazon Fulfillment Center HDC3,49.8,49.8,A,1,34,93.3,1,32.2,US PL Allentown NPL Factory,"Bethel, PA",3pl,high
3339,The Supply Co.,49.79,45.54,C,3,56,33.3,3,16,US PL Pasadena Factory,"Baytown, TX",shipper,medium
3340,Tech Packaging Hamburg,49.79,49.79,C,1,56,33.3,3,17.4,US PL Allentown NPL Factory,"Shoemakersville, PA",shipper,low
3341,Reading Truck Manufacturing Plant - Reading,49.77,49.77,C,1,49,26.7,5,21.6,US PL Allentown NPL Factory,"Reading, PA",shipper,medium
3342,David Powell Community Food Pantry - Food Distribution Center,49.74,49.74,C,1,67,33.3,1,12.1,US PL Hawkins Factory,"Lindale, TX",shipper,medium
3343,Ice Mountain Spring Water,49.74,49.74,C,1,65,37.3,1,13.1,US PL Mecosta Factory,"Stanwood, MI",shipper,low
3344,Preferred Freezer Services,49.72,49.72,D,1,63,0,5,13.8,US PL S Houston Factory,"Houston, TX",shipper,low
3345,"Hensley Industries, Inc",49.72,49.72,D,1,63,0,5,13.8,US PL Dallas 2 Factory,"Dallas, TX",shipper,low
3346,"Utex Industries, Inc.",49.72,49.72,D,1,63,0,5,13.8,US PL S Houston Factory,"Houston, TX",shipper,low
3347,Atlas Cold Storage,49.71,28.8,C,4,45,33.3,5,24,US PL Allentown NPL Factory,"Hatfield, PA",shipper,medium
3348,HenneCold Storage,49.71,49.71,C,1,45,33.3,5,24,US PL Zephyrhills Factory,"Tampa, FL",shipper,medium
3349,Ywca Of The Greater Capital Region - Food Distribution Center,49.71,49.71,C,1,45,33.3,5,24,US PL Saratoga Spring Factory,"Troy, NY",shipper,medium
3350,East Valley Foods,49.71,49.71,C,1,45,33.3,5,24,US DC NFI - Breinigsville,"Easton, PA",shipper,low
3351,Ben E. Keith Foods Mid-South Distribution Center,49.71,49.71,A,1,18,82.7,5,51.4,US PL Hot Springs 2 Factory,"North Little Rock, AR",shipper,high
3352,The Warehouse USA,49.69,49.69,C,1,56,33.3,3,17.5,US PL Dallas 2 Factory,"Fort Worth, TX",shipper,medium
3353,EnableTech Manufacturing,49.68,49.68,C,1,49,26.7,5,21.7,US PL S Houston Factory,"Houston, TX",shipper,medium
3354,Phillips Manufacturing,49.68,33.33,C,2,49,26.7,5,21.7,US PL Zephyrhills Factory,"Tampa, FL",shipper,medium
3355,ITS Logistics - Fort Worth Center,49.63,47.33,C,2,45,33.3,5,24.1,US PL Dallas 2 Factory,"Fort Worth, TX",3pl,medium
3356,Redlands unified school district warehouse,49.63,49.63,C,1,45,33.3,5,24.1,US PL Ontario Factory,"Redlands, CA",shipper,medium
3357,Tampa Liquidation Warehouse,49.63,49.63,C,1,45,33.3,5,24.1,US PL Zephyrhills Factory,"Tampa, FL",shipper,medium
3358,SEKO Logistics Albany,49.63,49.63,C,1,45,33.3,5,24.1,US PL Saratoga Spring Factory,"Colonie, NY",3pl,medium
3359,Pittman’sgamechickens,49.62,49.62,C,1,67,33.3,1,12.2,US PL Hawkins Factory,"Gilmer, TX",shipper,low
3360,Delta Cargo,49.61,29.32,D,5,63,0,5,13.9,US PL Dallas 2 Factory,"Dallas, TX",shipper,low
3361,United Cargo,49.61,49.61,D,1,63,0,5,13.9,US PL Dallas 2 Factory,"Dallas, TX",shipper,low
3362,S. Walter Packaging,49.59,49.59,C,1,56,33.3,3,17.6,US PL Allentown NPL Factory,"Shoemakersville, PA",shipper,low
3363,Tender Heifer Snack Co.,49.59,49.59,C,1,56,33.3,3,17.6,US PL Cabazon Factory,"Hemet, CA",shipper,low
3364,Kaiser Logistics Inc,49.57,49.57,B,1,40,82.7,1,27.8,US PL Madison Factory,"Milton, WI",3pl,high
3365,Dave Edward Siler,49.56,49.56,D,1,85,0,1,5,US PL Mecosta Factory,"Remus, MI",shipper,low
3366,Deckers Warehouse,49.55,49.55,C,1,45,33.3,5,24.2,US PL Ontario Factory,"Moreno Valley, CA",shipper,medium
3367,Airgas Distribution Center,49.55,49.55,C,1,45,33.3,5,24.2,US PL Saratoga Spring Factory,"Albany, NY",shipper,medium
3368,Tampa Distribution Center,49.55,48.5,C,2,45,33.3,5,24.2,US PL Zephyrhills Factory,"Tampa, FL 33605, USA",shipper,medium
3369,"Global Food Services, Inc",49.55,49.55,C,1,45,33.3,5,24.2,US PL Zephyrhills Factory,"Tampa, FL",shipper,medium
3370,DLT Logistics Inc,49.55,49.55,C,1,45,33.3,5,24.2,US PL Ontario Factory,"Moreno Valley, CA",3pl,medium
3371,Pulmuone Foods USA,49.55,49.55,C,1,45,33.3,5,24.2,US PL Ontario Factory,"Fullerton, CA",shipper,low
3372,Five Below Distribution Center (not a store),49.54,49.54,C,1,72,33.3,0,9.9,US PL Greenwood Indiana,"Indianapolis, IN",shipper,medium
3373,National Warehouse Logistics,49.54,49.54,C,1,72,33.3,0,9.9,US PL Mecosta Factory,"Lakeview, MI",3pl,medium
3374,Roundy’s/Kroger distribution center,49.51,49.51,A,1,43,86.7,0,25.5,US PL Madison Factory,"Mazomanie, WI",shipper,high
3375,Continental Warehouse,49.5,49.5,C,1,66,33.3,1,12.3,US PL Pasadena Factory,"Alvin, TX",shipper,medium
3376,JBE Inc,49.49,49.49,D,1,63,0,5,14,US PL McBee Factory,"Hartsville, SC",shipper,low
3377,Southern Maine Industries Corporation,49.49,49.49,D,1,63,0,5,14,US PL Hollis Factory,"Gorham, ME",shipper,low
3378,RBC Eastern Distribution Center,49.49,49.49,C,1,55,33.3,3,17.7,US PL McBee Factory,"Bishopville, SC",shipper,medium
3379,BOS3 - Amazon,49.45,49.45,A,1,12,93.3,5,64.3,US PL Hollis Factory,"North Andover, MA",shipper,medium
3380,Jaxport Refrigerated Services,49.41,49.41,A,1,10,96,5,68.5,US PL High Springs Factory,"Jacksonville, FL",shipper,medium
3381,Erc Community Warehouse,49.39,49.39,C,1,55,33.3,3,17.8,US PL Saratoga Spring Factory,"Melrose, NY",shipper,medium
3382,Kasco Manufacturing Co Inc,49.39,49.39,C,1,55,33.3,3,17.8,US PL Greenwood Indiana,"Shelbyville, IN",shipper,medium
3383,BlueGrace Logistics,49.39,49.39,C,1,44,33.3,5,24.4,US PL Zephyrhills Factory,"Riverview, FL",3pl,medium
3384,UCI Warehouses,49.39,49.39,C,1,44,33.3,5,24.4,US PL Saratoga Spring Factory,"Albany, NY",shipper,medium
3385,HGC Industries,49.38,49.38,D,1,63,0,5,14.1,US PL Greenwood Indiana,"Indianapolis, IN",shipper,low
3386,Amazon HOU3 guard shack,49.37,49.37,A,1,33,93.3,1,32.9,US PL S Houston Factory,"Brookshire, TX",shipper,medium
3387,Pen Manufacturing,49.33,49.33,C,1,48,26.7,5,22.1,US PL Ontario Factory,"Anaheim, CA",shipper,medium
3388,Nialti Manufacturing,49.33,49.33,C,1,48,26.7,5,22.1,US PL S Houston Factory,"Houston, TX",shipper,medium
3389,Global warehouse,49.3,49.3,C,1,44,33.3,5,24.5,US PL Ontario Factory,"Perris, CA",shipper,medium
3390,The Order Fulfillment Group Inc.,49.3,49.3,C,1,44,33.3,5,24.5,US PL Greenwood Indiana,"Zionsville, IN",3pl,medium
3391,Windham Human Services Commission - Food Distribution Center,49.29,49.29,C,1,55,33.3,3,17.9,US PL Hollis Factory,"Windham, ME",shipper,medium
3392,"XPress Cargo, Inc.",49.26,49.26,D,1,62,0,5,14.2,US PL Greenwood Indiana,"Indianapolis, IN",shipper,low
3393,Chambers Warehouse,49.26,49.26,A,1,11,93.3,5,65.2,US PL McBee Factory,"Charlotte, NC",shipper,high
3394,Dane Manufacturing,49.24,49.24,D,1,70,26.7,1,10.9,US PL Madison Factory,"Waunakee, WI",shipper,medium
3395,Frankston Packaging,49.24,35.12,C,2,51,20,5,20,US PL Hawkins Factory,"Tyler, TX",shipper,low
3396,Hauser Packaging Inc,49.24,49.24,D,1,51,20,5,20,US PL Hollis Factory,"Portland, ME",shipper,low
3397,Val's Basket Warehouse,49.22,49.22,C,1,44,33.3,5,24.6,US PL Zephyrhills Factory,"Tampa, FL",shipper,medium
3398,"6G Logistic Warehouse, E-Commerce Delivery Solution, Fulfillment, Shipping Center",49.22,49.22,C,1,44,33.3,5,24.6,US PL Ontario Factory,"Perris, CA",3pl,medium
3399,Inland Terminal,49.22,45.85,C,2,44,33.3,5,24.6,US PL Sacramento Factory,"Woodland, CA",shipper,medium
3400,Women of Purpose - Food Distribution Center,49.22,49.22,C,1,44,33.3,5,24.6,US PL McBee Factory,"Darlington, SC",shipper,medium
3401,Reynolds Consumer Products,49.21,49.21,D,1,73,0,3,9.4,US DC Hot Springs (WHSE),"Malvern, AR",shipper,low
3402,HTP2 Amazon,49.19,49.19,A,1,33,93.3,1,33.2,US PL Zephyrhills Factory,"Gibsonton, FL",shipper,medium
3403,L.L.Bean Order Fulfillment Center,49.18,49.18,C,1,55,33.3,3,18,US PL Poland Spring Factory,"Freeport, ME",3pl,medium
3404,Knauss Snack Food Co,49.18,49.18,C,1,55,33.3,3,18,US DC NFI - Breinigsville,"Quakertown, PA",shipper,low
3405,Maine Woods Manufacturing LLC,49.16,49.16,D,1,58,26.7,3,16.1,US PL Hollis Factory,"Kennebunk, ME",shipper,medium
3406,GAR Labs,49.15,49.15,D,1,62,0,5,14.3,US PL Ontario Factory,"Riverside, CA",shipper,low
3407,Chrysler,49.15,49.15,D,1,62,0,5,14.3,US PL Dallas 2 Factory,"Irving, TX",shipper,low
3408,Bluff Manufacturing Inc,49.15,49.15,C,1,48,26.7,5,22.3,US PL Dallas 2 Factory,"Fort Worth, TX",shipper,medium
3409,Warehouse & Office Space For Lease from The Anderson Group,49.14,49.14,C,1,44,33.3,5,24.7,US PL Saratoga Spring Factory,"Albany, NY",shipper,medium
3410,The Cookie Factory,49.14,49.14,C,1,44,33.3,5,24.7,US PL Saratoga Spring Factory,"Troy, NY",shipper,low
3411,The Naan Factory,49.14,49.14,C,1,44,33.3,5,24.7,US PL Saratoga Spring Factory,"Colonie, NY",shipper,low
3412,Temco Logistics 5224,49.11,49.11,A,1,11,93.3,5,65.9,US PL Kingfield Factory,"Bangor, ME",3pl,high
3413,Arcadia Manufacturing Group,49.07,49.07,C,1,47,26.7,5,22.4,US PL Saratoga Spring Factory,"Green Island, NY",shipper,medium
3414,"Engineering & Manufacturing Services, Inc (EMS3D)",49.07,49.07,C,1,47,26.7,5,22.4,US PL Zephyrhills Factory,"Tampa, FL",shipper,medium
3415,Amazon Fulfillment Center LAN2,49.07,49.07,A,1,11,93.3,5,66.1,US PL Mecosta Factory,"Lansing, MI",3pl,high
3416,DEMATIC PSP3 Crossdock Warehouse,49.06,49.06,C,1,44,33.3,5,24.8,US PL Ontario Factory,"Perris, CA",shipper,medium
3417,"N. K. Hurst Co., Inc.",49.06,49.06,C,1,44,33.3,5,24.8,US PL Greenwood Indiana,"Zionsville, IN",shipper,low
3418,Sysco West Coast Florida - Food Distributor & Restaurant Supplies,49.05,49.05,A,1,18,100,3,51,US PL Zephyrhills Factory,"Palmetto, FL",shipper,medium
3419,Bisson Moving & Storage,49.03,49.03,D,1,62,0,5,14.4,US PL Hollis Factory,"Westbrook, ME",shipper,low
3420,New York FBA Prep Center,49.03,49.03,D,1,62,0,5,14.4,US DC NFI - Breinigsville,"Northampton, PA",shipper,low
3421,Bisson Transportation,49.03,49.03,D,1,62,0,5,14.4,US PL Hollis Factory,"Westbrook, ME",shipper,low
3422,North Florida Custom Meats,49.02,49.02,C,1,65,33.3,1,12.7,US PL High Springs Factory,"Lake Butler, FL",shipper,low
3423,Automated Food Systems,48.98,48.98,C,1,55,33.3,3,18.2,US PL Dallas 2 Factory,"Waxahachie, TX",shipper,low
3424,GC Packaging,48.98,48.98,C,1,47,26.7,5,22.5,US PL Dallas 2 Factory,"Sunnyvale, TX",shipper,low
3425,NDCP / Dunkin' Donuts Distribution Warehouse,48.98,48.98,C,1,44,33.3,5,24.9,US PL Saratoga Spring Factory,"Albany, NY",shipper,medium
3426,MM Packaging Indianapolis,48.96,48.96,D,1,51,20,5,20.3,US PL Greenwood Indiana,"Indianapolis, IN",shipper,low
3427,JM Bozeman Enterprises Inc,48.94,48.94,D,1,73,0,3,9.6,US DC Hot Springs (WHSE),"Malvern, AR",shipper,low
3428,Amazon CLT4,48.93,48.93,A,1,11,93.3,5,66.8,US PL McBee Factory,"Charlotte, NC",shipper,medium
3429,BSP Trans Inc,48.92,32.81,D,2,62,0,5,14.5,US PL Hollis Factory,"Westbrook, ME",shipper,low
3430,"New Way Transport Inc , Cross Dock",48.92,48.92,D,1,62,0,5,14.5,US PL Ontario Factory,"Riverside, CA",carrier,low
3431,Mitchell's Specialty Meats and Bakery,48.9,48.9,C,1,65,33.3,1,12.8,US PL High Springs Factory,"Newberry, FL",shipper,low
3432,International Machinery Exchange,48.9,48.9,C,1,65,33.3,1,12.8,US PL Madison Factory,"Deerfield, WI",shipper,low
3433,Mini Split Warehouse Tampa,48.9,48.9,C,1,43,33.3,5,25,US PL Zephyrhills Factory,"Tampa, FL",shipper,medium
3434,Maine Grain Alliance,48.9,48.9,C,1,43,33.3,5,25,US PL Kingfield Factory,"Skowhegan, ME",shipper,low
3435,W D Collins Trucking,48.89,48.89,C,1,47,26.7,5,22.6,US PL Kingfield Factory,"Farmington, ME",carrier,low
3436,Grand Gourmet Foods & Gifts,48.88,48.88,C,1,54,33.3,3,18.3,US PL Poland Spring Factory,"Freeport, ME",shipper,low
3437,WMI1 Amazon,48.87,48.87,A,1,11,93.3,5,67.1,US PL Mecosta Factory,"Saginaw, MI",shipper,medium
3438,Perris Distribution Center,48.82,48.82,C,1,43,33.3,5,25.1,US PL Ontario Factory,"Perris, CA",shipper,medium
3439,First Perry Logistics,48.82,48.82,C,1,43,33.3,5,25.1,US PL Ontario Factory,"Perris, CA",3pl,medium
3440,Skowhegan Food Cupboard - Food Distribution Center,48.82,48.82,C,1,43,33.3,5,25.1,US PL Kingfield Factory,"Skowhegan, ME",shipper,medium
3441,One Trade Logistics,48.82,48.82,C,1,43,33.3,5,25.1,US PL Dallas 2 Factory,"Fort Worth, TX",3pl,medium
3442,North Atlantic Cargo Line LLC,48.81,48.81,D,1,61,0,5,14.6,US PL Hollis Factory,"Scarborough, ME",shipper,low
3443,Saunders Electronics,48.81,48.81,D,1,61,0,5,14.6,US PL Hollis Factory,"South Portland, ME",shipper,low
3444,L.L.Bean Davis Warehouse,48.78,48.78,C,1,54,33.3,3,18.4,US PL Poland Spring Factory,"Freeport, ME",shipper,medium
3445,Freeport Comm. Services - Food Distribution Center,48.78,48.78,C,1,54,33.3,3,18.4,US PL Poland Spring Factory,"Freeport, ME",shipper,medium
3446,Northstar Packaging Products & Shipping Supplies,48.77,48.77,C,1,50,20,5,20.5,US PL Zephyrhills Factory,"Lakeland, FL",shipper,low
3447,Home Depot Flatbed Distribution Center #5856,48.77,48.77,A,1,32,93.3,1,33.9,US PL Zephyrhills Factory,"Apollo Beach, FL",shipper,high
3448,Schreiber,48.77,48.77,A,1,16,82.7,5,54.4,US PL Mecosta Factory,"Grand Rapids, MI",shipper,medium
3449,The Hannaford Center Hampden Distribution Center,48.76,48.76,A,1,10,93.3,5,67.7,US PL Kingfield Factory,"Hampden, ME",shipper,high
3450,Tampa Warehouse and Transload,48.74,48.74,C,1,43,33.3,5,25.2,US PL Zephyrhills Factory,"Tampa, FL",shipper,medium
3451,Kellogg's Snacks,48.74,48.74,A,1,10,93.3,5,67.8,US PL McBee Factory,"Charlotte, NC",shipper,medium
3452,Valtir (Manufacturing Plant),48.72,48.72,C,1,47,26.7,5,22.8,US PL Dallas 2 Factory,"Fort Worth, TX",shipper,medium
3453,Amazon Distribution Center CLT,48.72,48.72,A,1,10,93.3,5,67.9,US PL McBee Factory,"Charlotte, NC",shipper,high
3454,Wastequip,48.69,48.69,D,1,61,0,5,14.7,US PL Hawkins Factory,"Tyler, TX",shipper,low
3455,"WareSpace North Richland Hills | Small Warehouse Space Rentals",48.69,48.69,C,1,54,33.3,3,18.5,US PL Dallas 2 Factory,"North Richland Hills, TX",shipper,medium
3456,Valor Chemicals,48.68,48.68,D,1,50,20,5,20.6,US PL Dallas 2 Factory,"Garland, TX",shipper,low
3457,Rev1 packaging,48.68,48.68,D,1,50,20,5,20.6,US PL Dallas 2 Factory,"Fort Worth, TX",shipper,low
3458,Warehouse Exchange,48.67,48.67,C,1,43,33.3,5,25.3,US PL Ontario Factory,"Perris, CA",shipper,medium
3459,Maineweststorage,48.63,48.63,D,1,83,0,1,5.6,US PL Kingfield Factory,"New Portland, ME",shipper,low
3460,Generac Janesville Distribution Center,48.63,48.63,B,1,34,70.7,3,32.8,US PL Madison Factory,"Janesville, WI",shipper,high
3461,CLT9 Amazon Sort Center,48.63,48.63,A,1,10,93.3,5,68.4,US PL McBee Factory,"Charlotte, NC",shipper,medium
3462,Beacon and Bridge Market,48.59,48.59,C,1,54,33.3,3,18.6,US PL Mecosta Factory,"Paris, MI",shipper,low
3463,Mast Landing Brewing Company - Freeport Taproom,48.59,48.59,C,1,54,33.3,3,18.6,US PL Poland Spring Factory,"Freeport, ME",shipper,low
3464,"Gifford's Dairy, Inc.",48.59,48.59,C,1,43,33.3,5,25.4,US PL Kingfield Factory,"Skowhegan, ME",shipper,low
3465,FreeUp Storage Tyler,48.58,48.58,D,1,61,0,5,14.8,US PL Hawkins Factory,"Tyler, TX",shipper,low
3466,"CRST The Transportation Solution, Inc.",48.58,48.58,D,1,61,0,5,14.8,US PL Dallas 2 Factory,"Hutchins, TX",shipper,low
3467,IDEXX Horizon Center,48.58,48.58,D,1,61,0,5,14.8,US PL Hollis Factory,"Scarborough, ME",shipper,low
3468,EPE USA - Riverside,48.58,48.58,D,1,61,0,5,14.8,US PL Ontario Factory,"Riverside, CA",shipper,low
3469,ODYSSEY MANUFACTURING Co,48.55,48.55,C,1,46,26.7,5,23,US PL Zephyrhills Factory,"Tampa, FL",shipper,medium
3470,The Factory Amsterdam,48.55,48.55,C,1,46,26.7,5,23,US PL Saratoga Spring Factory,"Latham, NY",shipper,low
3471,Pratt Industries cedar hill tx,48.54,48.54,D,1,72,20,1,9.9,US PL Dallas 2 Factory,"Cedar Hill, TX",shipper,low
3472,Raymond Food Pantry - Food Distribution Center,48.54,48.54,C,1,65,33.3,1,13.1,US PL Poland Spring Factory,"Raymond, ME",shipper,medium
3473,Agtec Distribution Center,48.54,48.54,C,1,65,33.3,1,13.1,US PL Kingfield Factory,"Phillips, ME 04966, USA",shipper,medium
3474,Craft-Bilt Manufacturing Company,48.47,48.47,C,1,46,26.7,5,23.1,US PL Allentown NPL Factory,"Souderton, PA",shipper,medium
3475,iDC Logistics - Perris CA.,48.43,48.43,C,1,43,33.3,5,25.6,US PL Cabazon Factory,"Perris, CA",3pl,medium
3476,"BCP Transportation Warehouse, Deerfield, WI 53531",48.42,48.42,C,1,64,33.3,1,13.2,US PL Madison Factory,"Deerfield, WI",shipper,medium
3477,Bishopville Truck & Auto Plaza,48.39,48.39,C,1,53,33.3,3,18.8,US PL McBee Factory,"Bishopville, SC",shipper,low
3478,Alessi Manufacturing,48.35,48.35,C,1,42,33.3,5,25.7,US PL Zephyrhills Factory,"Tampa, FL",shipper,medium
3479,Plantain Products Co,48.35,48.35,C,1,42,33.3,5,25.7,US PL Zephyrhills Factory,"Tampa, FL",shipper,medium
3480,XPO Logistics Columbia,48.33,48.33,A,1,19,96,3,49.6,US PL McBee Factory,"Columbia, SC",carrier,high
3481,Associated Packaging Inc.,48.31,48.31,C,1,50,20,5,21,US PL Dallas 2 Factory,"Mesquite, TX",shipper,low
3482,BHW Logistics,48.3,48.3,C,1,64,33.3,1,13.3,US PL High Springs Factory,"Newberry, FL",3pl,medium
3483,JAXPORT Blount Island Marine Terminal,48.3,48.3,A,1,8,96,5,75.1,US PL High Springs Factory,"Jacksonville, FL",shipper,high
3484,Amazon JAX2,48.28,48.28,A,1,10,93.3,5,70.3,US PL High Springs Factory,"Jacksonville, FL",shipper,medium
3485,Huck Finn Outlet and Distribution Center,48.27,48.27,C,1,42,33.3,5,25.8,US PL Saratoga Spring Factory,"Albany, NY",shipper,medium
3486,Nutrition Warehouse,48.27,37.49,C,2,42,33.3,5,25.8,US PL Zephyrhills Factory,"Tampa, FL",shipper,low
3487,Lanco Integrated,48.25,48.25,D,1,60,0,5,15.1,US PL Hollis Factory,"Westbrook, ME",shipper,low
3488,AWD Procurement & Prep Center,48.25,48.25,D,1,60,0,5,15.1,US PL Ontario Factory,"Riverside, CA",shipper,low
3489,M&M Manufacturing Company,48.21,48.21,C,1,46,26.7,5,23.4,US PL Dallas 2 Factory,"Fort Worth, TX",shipper,medium
3490,Meijer Roasting & Packaging,48.21,48.21,A,1,17,80,5,53.6,US PL Mecosta Factory,"Grandville, MI",shipper,medium
3491,WAXAHACHIE WAREHOUSE,48.2,48.2,C,1,53,33.3,3,19,US PL Dallas 2 Factory,"Waxahachie, TX",shipper,medium
3492,MINOR LOGISTICS LLC,48.2,48.2,C,1,42,33.3,5,25.9,US PL Zephyrhills Factory,"Tampa, FL",3pl,medium
3493,Bakerly Barn,48.2,48.2,C,1,42,33.3,5,25.9,US DC NFI - Breinigsville,"Easton, PA",shipper,low
3494,Contract Manufacturers Ltd,48.14,48.14,D,1,60,0,5,15.2,US PL Hawkins Factory,"Tyler, TX",shipper,low
3495,Freight+ Multi-Carrier Shipping Software,48.13,48.13,A,1,31,93.3,1,35,US PL Ontario Factory,"Wildomar, CA",shipper,medium
3496,Quality Logistics Solutions,48.12,48.12,C,1,42,33.3,5,26,US PL Zephyrhills Factory,"Tampa, FL",3pl,medium
3497,Amazon JAX7,48.12,48.12,A,1,9,93.3,5,71.2,US PL High Springs Factory,"Jacksonville, FL",shipper,medium
3498,Newaygo Co Dhs - Food Distribution Center,48.07,48.07,A,1,39,89.3,0,28.5,US PL Mecosta Factory,"White Cloud, MI",shipper,high
3499,Bootleggers Beverage Warehouse,48.06,48.06,C,1,51,37.3,3,20.4,US PL Poland Spring Factory,"Topsham, ME",shipper,medium
3500,Dow Chemical Co,48.06,48.06,A,1,13,86.7,5,61.6,US PL McBee Factory,"Charlotte, NC",shipper,medium
3501,Sherwin-Williams Distribution Center,48.06,48.06,A,1,9,93.3,5,71.6,US PL Mecosta Factory,"Holland, MI",shipper,high
3502,Pca Corrugated Products,48.04,48.04,C,1,49,20,5,21.3,US PL Dallas 2 Factory,"Garland, TX",shipper,low
3503,Doug Harris Trucking Inc,48.04,48.04,C,1,46,26.7,5,23.6,US PL Kingfield Factory,"Farmington Falls, ME",carrier,low
3504,Longview Warehouse & Storage,48.04,48.04,C,1,42,33.3,5,26.1,US PL Hawkins Factory,"Longview, TX",shipper,medium
3505,CTI Foods Soups Plant,48.04,48.04,C,1,42,33.3,5,26.1,US PL Dallas 2 Factory,"Saginaw, TX",shipper,medium
3506,AFC Logistics Inc,48.04,48.04,C,1,42,33.3,5,26.1,US PL Zephyrhills Factory,"Tampa, FL",3pl,medium
3507,B Happy Peanut Butter Llc,48.04,48.04,C,1,42,33.3,5,26.1,US PL Greenwood Indiana,"Zionsville, IN",shipper,low
3508,Marine Warehouse Aquarium,48.04,48.04,C,1,38,41.3,5,29.4,US PL Zephyrhills Factory,"Tampa, FL",shipper,medium
3509,DownEaster Manufacturing,48,48,D,1,56,26.7,3,17.2,US PL Poland Spring Factory,"Topsham, ME",shipper,medium
3510,USPS Processing and Distribution Center,47.97,47.97,C,1,42,33.3,5,26.2,US PL Zephyrhills Factory,"Tampa, FL",shipper,medium
3511,Flan Factory - Armature Works,47.97,47.97,C,1,42,33.3,5,26.2,US PL Zephyrhills Factory,"Tampa, FL",shipper,low
3512,Adventure In Food Trading Co,47.97,47.97,C,1,42,33.3,5,26.2,US PL Saratoga Spring Factory,"Menands, NY",shipper,low
3513,Cedar Port Terminal,47.92,47.92,D,1,60,0,5,15.4,US PL Pasadena Factory,"Baytown, TX",shipper,medium
3514,Value Added Resources,47.92,47.92,D,1,60,0,5,15.4,US PL Greenwood Indiana,"Indianapolis, IN",shipper,low
3515,"Carbonxt, Inc.",47.92,47.92,D,1,60,0,5,15.4,US PL High Springs Factory,"Gainesville, FL",shipper,low
3516,FTI Trucking,47.9,47.9,D,1,56,26.7,3,17.3,US PL Denver Factory,"Aurora, CO",carrier,low
3517,Tire Warehouse Tires and Service,47.9,47.9,C,1,53,33.3,3,19.3,US PL Poland Spring Factory,"Yarmouth, ME",shipper,medium
3518,Longview Logistics Team,47.89,47.89,C,1,42,33.3,5,26.3,US PL Hawkins Factory,"Longview, TX",3pl,medium
3519,H L Gage Sales Inc,47.89,47.89,C,1,42,33.3,5,26.3,US PL Saratoga Spring Factory,"Albany, NY",shipper,low
3520,PacMoore Process Technologies,47.84,47.84,C,1,63,33.3,1,13.7,US PL Greenwood Indiana,"Mooresville, IN",shipper,low
3521,Lone Star Packaging,47.81,47.81,D,1,60,20,3,15.5,US PL Dallas 2 Factory,"Mansfield, TX",shipper,low
3522,Bridge Terminal Transport,47.81,29.02,C,4,60,0,5,15.5,US PL Greenwood Indiana,"Indianapolis, IN",carrier,medium
3523,Dirigo Food Safety,47.81,47.81,C,1,52,33.3,3,19.4,US PL Poland Spring Factory,"Yarmouth, ME",shipper,low
3524,GT Precision Manufacturing Inc.,47.8,47.8,C,1,45,26.7,5,23.9,US PL Zephyrhills Factory,"Tampa, FL",shipper,medium
3525,"RWB Logistics, LLC",47.74,47.74,C,1,41,33.3,5,26.5,US PL Zephyrhills Factory,"Tampa, FL",3pl,medium
3526,Hotshot Logistics,47.74,47.74,C,1,41,33.3,5,26.5,US PL Hot Springs 2 Factory,"Benton, AR",3pl,medium
3527,Phoenix Logistics,47.74,47.74,C,1,41,33.3,5,26.5,US PL Hawkins Factory,"Longview, TX",3pl,medium
3528,Texas Quality Beverage,47.74,47.74,C,1,41,33.3,5,26.5,US PL Dallas 2 Factory,"Fort Worth, TX",shipper,low
3529,Group O Texas Cross Dock Facility,47.72,47.72,D,1,62,16,3,14.5,US PL Dallas 2 Factory,"Mansfield, TX",shipper,low
3530,"L&P Bisson & Sons, Inc.",47.71,47.71,C,1,52,33.3,3,19.5,US PL Poland Spring Factory,"Topsham, ME",shipper,low
3531,Hudson Candy Factory,47.71,47.71,C,1,45,26.7,5,24,US PL Saratoga Spring Factory,"Troy, NY",shipper,low
3532,Amazon DCK1,47.7,47.7,A,1,19,93.3,3,49.1,US PL Sacramento Factory,"Manteca, CA",shipper,medium
3533,All Steel - Fabrication Plant,47.69,47.69,D,1,56,26.7,3,17.5,US DC Hot Springs (WHSE),"Malvern, AR",shipper,medium
3534,Amazon DJX1 HJX8,47.68,47.68,A,1,9,93.3,5,73.9,US PL High Springs Factory,"Jacksonville, FL",shipper,medium
3535,DICK'S Warehouse Sale,47.66,47.66,C,1,41,33.3,5,26.6,US PL Saratoga Spring Factory,"Albany, NY",shipper,medium
3536,Tesla Energy Warehouse,47.66,47.66,C,1,41,33.3,5,26.6,US PL Zephyrhills Factory,"Tampa, FL",shipper,medium
3537,Bess Logistics,47.66,47.66,C,1,41,33.3,5,26.6,US PL McBee Factory,"Darlington, SC",3pl,medium
3538,ARS Prime Logistics,47.66,47.66,C,1,41,33.3,5,26.6,US PL Saratoga Spring Factory,"Albany, NY",3pl,medium
3539,IndoorMedia Distribution Center,47.62,47.62,C,1,52,33.3,3,19.6,US PL S Houston Factory,"Houston, TX",shipper,medium
3540,MBM LOGISTICS,47.61,47.61,C,1,68,33.3,0,11.4,US PL Madison Factory,"Oregon, WI",3pl,medium
3541,RDC USA Plant 6,47.59,47.59,D,1,56,26.7,3,17.6,US PL Greenwood Indiana,"Shelbyville, IN",shipper,medium
3542,Tampa Bay Times Distribution Center,47.59,47.59,C,1,41,33.3,5,26.7,US PL Zephyrhills Factory,"Tampa, FL",shipper,medium
3543,Cryo-Plant International LLC,47.55,47.55,C,1,45,26.7,5,24.2,US PL Allentown NPL Factory,"Hatfield, PA",shipper,medium
3544,Craft Manufacturing and Tooling,47.54,47.54,D,1,72,26.7,0,9.9,US DC Hot Springs (WHSE),"Hot Springs, AR",shipper,medium
3545,CWI Logistics,47.51,45.06,C,5,41,33.3,5,26.8,US PL Zephyrhills Factory,"Auburndale, FL",3pl,medium
3546,Myers Freight Inc,47.51,47.51,C,1,41,33.3,5,26.8,US PL Zephyrhills Factory,"Tampa, FL",shipper,low
3547,Tampa Port Authority Truck Scale,47.51,47.51,C,1,41,33.3,5,26.8,US PL Zephyrhills Factory,"Tampa, FL",shipper,low
3548,Better Brands Inc.,47.51,47.51,C,1,41,33.3,5,26.8,US PL Saratoga Spring Factory,"Albany, NY",shipper,low
3549,Genest Concrete: Landscape Masonry Supply & Genest Manufacturing,47.5,47.5,C,1,66,26.7,1,12.3,US PL Hollis Factory,"Sanford, ME",shipper,medium
3550,Hanchett Manufacturing,47.49,47.49,D,1,55,26.7,3,17.7,US PL Mecosta Factory,"Big Rapids, MI",shipper,medium
3551,California Cross Dock Inc.,47.48,47.48,D,1,59,0,5,15.8,US PL Ontario Factory,"Riverside, CA",shipper,low
3552,good2grow Bottling,47.44,46.93,C,2,41,33.3,5,26.9,US PL Zephyrhills Factory,"Auburndale, FL",shipper,medium
3553,Big Truck Logistics,47.44,47.44,C,1,41,33.3,5,26.9,US PL Zephyrhills Factory,"Tampa, FL",3pl,medium
3554,B & G Manufacturing Co Inc,47.39,47.39,C,1,44,26.7,5,24.4,US PL Allentown NPL Factory,"Hatfield, PA",shipper,medium
3555,Maine Wood Heat Company,47.39,47.39,C,1,44,26.7,5,24.4,US PL Kingfield Factory,"Skowhegan, ME",shipper,low
3556,Concord Coach Lines: Portland Transportation Center,47.38,47.38,D,1,55,8,5,18.2,US PL Hollis Factory,"Portland, ME",shipper,low
3557,Cold-Link Logistics,47.36,35.53,C,2,41,33.3,5,27,US PL Zephyrhills Factory,"Auburndale, FL",3pl,medium
3558,Barrett Distribution Center/ Prime Line Products,47.36,47.36,C,1,41,33.3,5,27,US PL Dallas 2 Factory,"Forney, TX",shipper,medium
3559,Warehouse Flooring & Design,47.36,47.36,C,1,41,33.3,5,27,US PL Zephyrhills Factory,"Auburndale, FL",shipper,medium
3560,National Parcel Logistics,47.36,47.36,C,1,41,33.3,5,27,US PL Zephyrhills Factory,"Tampa, FL",parcel,medium
3561,SEKO Logistics Tampa,47.36,47.36,C,1,41,33.3,5,27,US PL Zephyrhills Factory,"Tampa, FL",3pl,medium
3562,"J.C. FOOD DISTRIBUTORS, INC",47.36,47.36,C,1,41,33.3,5,27,US PL Zephyrhills Factory,"Tampa, FL",shipper,low
3563,Radiant Distribution Center,47.29,47.29,C,1,41,33.3,5,27.1,US PL Zephyrhills Factory,"Tampa, FL",shipper,medium
3564,3C DISTRIBUTION CENTER,47.29,47.29,C,1,41,33.3,5,27.1,US PL Hawkins Factory,"Longview, TX 75604, USA",shipper,medium
3565,"Airways Logistics Services, Inc.",47.29,47.29,C,1,41,33.3,5,27.1,US PL Hot Springs 2 Factory,"Benton, AR",3pl,medium
3566,Little Buck Processing,47.26,47.26,C,1,62,33.3,1,14.2,US PL Greenwood Indiana,"Mooresville, IN",shipper,medium
3567,JacksonFill Contract Manufacturing,47.24,47.24,A,1,9,90.7,5,71.7,US PL High Springs Factory,"Jacksonville, FL",shipper,high
3568,Warehouse Snyder’s Lance,47.21,47.21,C,1,40,33.3,5,27.2,US PL Zephyrhills Factory,"Riverview, FL",shipper,medium
3569,The Warehouse Off Edison,47.21,47.21,C,1,40,33.3,5,27.2,US PL Hot Springs 2 Factory,"Benton, AR",shipper,medium
3570,National Air Warehouse,47.21,47.21,C,1,40,33.3,5,27.2,US PL Zephyrhills Factory,"Tampa, FL",shipper,medium
3571,First Grade Food,47.21,47.21,C,1,40,33.3,5,27.2,US PL Zephyrhills Factory,"Tampa, FL",shipper,low
3572,Ramko Manufacturing Inc,47.18,47.18,D,1,55,26.7,3,18,US PL Cabazon Factory,"Hemet, CA",shipper,medium
3573,Generac- Warehouse 18 (AKA WHitehouse),47.17,47.17,B,1,42,70.7,1,26.2,US PL Madison Factory,"Jefferson, WI",shipper,high
3574,Seven Springs Water Company,47.14,47.14,D,1,80,0,1,6.6,US PL High Springs Factory,"High Springs, FL",shipper,low
3575,L & D Carey & Sons Trucking Co,47.14,47.14,C,1,66,26.7,1,12.6,US PL Mecosta Factory,"Morley, MI",carrier,low
3576,R M Palmer Co Warehouse,47.14,47.14,C,1,51,33.3,3,20.1,US PL Allentown NPL Factory,"Reading, PA",shipper,medium
3577,Fulfillment and Warehousing Service,47.14,47.14,C,1,40,33.3,5,27.3,US PL Zephyrhills Factory,"Tampa, FL",3pl,medium
3578,Coca-Cola Bottling Co biscoe,47.12,47.12,A,1,15,100,3,57.4,US PL McBee Factory,"Rock Hill, SC",shipper,high
3579,Publix warehouse,47.09,47.09,A,2,15,80,5,57.5,US PL High Springs Factory,"Jacksonville, FL",shipper,high
3580,Packaging Technology Group (PTG),47.07,47.07,C,1,47,20,5,22.4,US PL Dallas 2 Factory,"Fort Worth, TX",shipper,low
3581,Pinky D's,47.03,47.03,C,1,62,33.3,1,14.4,US PL Poland Spring Factory,"Lisbon Falls, ME",shipper,low
3582,Uniroyal Global Engineered Products Llc,46.99,46.99,D,1,69,0,3,11.1,US PL Madison Factory,"Stoughton, WI",shipper,low
3583,RASP Inc.,46.99,46.99,D,1,69,0,3,11.1,US PL Saratoga Spring Factory,"Gansevoort, NY",shipper,low
3584,Boscov's Warehouse,46.96,46.91,C,2,51,33.3,3,20.3,US PL Allentown NPL Factory,"Reading, PA",shipper,medium
3585,Casco Bay Lines,46.96,46.96,D,1,51,13.3,5,20.3,US PL Hollis Factory,"Portland, ME",shipper,low
3586,"California FBA Prep Center | E-commerce Fulfillment Center | 3PL Warehouse",46.92,46.92,C,1,40,33.3,5,27.6,US PL Ontario Factory,"Santa Fe Springs, CA",3pl,medium
3587,Beneficial Blends LLC,46.92,46.92,C,1,40,33.3,5,27.6,US PL Zephyrhills Factory,"Tampa, FL",shipper,low
3588,Creative Packaging Solutions (CPS),46.89,46.89,C,1,47,20,5,22.6,US PL Greenwood Indiana,"Indianapolis, IN",shipper,low
3589,Latitude Corporation,46.86,46.86,D,1,69,20,1,11.2,US PL Madison Factory,"Verona, WI",shipper,low
3590,Toyota Industries Group,46.84,46.84,D,1,58,0,5,16.4,US PL Dallas 2 Factory,"Irving, TX",shipper,low
3591,MADISON WAREHOUSE,46.77,46.77,C,1,40,33.3,5,27.8,US PL Ontario Factory,"Santa Fe Springs, CA",shipper,medium
3592,TJ Maxx Distribution Center,46.77,46.77,A,1,14,80,5,58.7,US PL McBee Factory,"Charlotte, NC",shipper,high
3593,"Midway Meat Processing, LLC",46.69,46.69,C,1,61,33.3,1,14.7,US PL High Springs Factory,"Lake Butler, FL",shipper,medium
3594,Atlantic Transport Systems,46.63,46.63,D,1,58,0,5,16.6,US PL Hollis Factory,"Westbrook, ME",carrier,low
3595,Environment One Corporation,46.63,46.63,D,1,58,0,5,16.6,US PL Saratoga Spring Factory,"Niskayuna, NY",shipper,low
3596,Allchem Industries Inc,46.63,46.63,D,1,58,0,5,16.6,US PL High Springs Factory,"Gainesville, FL",shipper,low
3597,Titan Cold Storage,46.63,46.63,C,1,39,33.3,5,28,US PL Zephyrhills Factory,"Tampa, FL",shipper,medium
3598,Port Logistics Refrigerated Services,46.63,46.63,C,1,39,33.3,5,28,US PL Zephyrhills Factory,"Tampa, FL",3pl,medium
3599,One Earth Natural Food Store,46.62,46.62,C,1,67,33.3,0,12.2,US PL Hollis Factory,"Shapleigh, ME",shipper,low
3600,Amazon JAX9 Sort Center,46.62,46.62,A,1,17,93.3,3,52.3,US PL High Springs Factory,"Jacksonville, FL",shipper,medium
3601,HP Fairfield,46.59,46.59,C,1,43,26.7,5,25.4,US PL Kingfield Factory,"Skowhegan, ME",shipper,low
3602,Albany Community Land Trust - Food Distribution Center,46.56,46.56,C,1,39,33.3,5,28.1,US PL Saratoga Spring Factory,"Albany, NY",shipper,medium
3603,Amazon (Ruskin FL) TPA1,46.5,46.5,A,1,28,93.3,1,38,US PL Zephyrhills Factory,"Ruskin, FL",shipper,medium
3604,DUKE AND G LLC,46.48,46.48,C,1,39,33.3,5,28.2,US PL Saratoga Spring Factory,"Albany, NY",shipper,low
3605,Amazon FC SCK6 (Big Bird),46.46,46.46,A,1,17,93.3,3,52.8,US PL Sacramento Factory,"Tracy, CA",shipper,medium
3606,Portland General Storage,46.42,46.42,D,1,57,0,5,16.8,US PL Hollis Factory,"Portland, ME",shipper,low
3607,Historic Albany Architectural Parts Warehouse,46.41,46.41,C,1,39,33.3,5,28.3,US PL Saratoga Spring Factory,"Albany, NY",shipper,medium
3608,Bassett Furniture @ The Warehouse at Huck Finn,46.41,46.41,C,1,39,33.3,5,28.3,US PL Saratoga Spring Factory,"Albany, NY",shipper,medium
3609,Mount Pleasant Salvation Army Food Pantry - Food Distribution Center,46.4,46.4,C,1,50,33.3,3,20.9,US PL Mecosta Factory,"Mt Pleasant, MI",shipper,medium
3610,Laughing Chicken Farm,46.38,46.38,C,1,66,33.3,0,12.4,US PL High Springs Factory,"Trenton, FL",shipper,low
3611,Amazon OAK4 Fulfillment Center,46.34,46.34,A,1,17,93.3,3,53.2,US PL Sacramento Factory,"Tracy, CA",3pl,high
3612,"Owens Corning warehouse ""logisticsone""",46.3,46.3,A,1,31,86.7,1,34.7,US PL Saratoga Spring Factory,"Feura Bush, NY",shipper,high
3613,"Zeppelin Systems USA -Polyolefin, Plastics and Chemical Plants Division",46.29,46.29,D,1,53,26.7,3,18.9,US PL S Houston Factory,"Houston, TX",shipper,medium
3614,US Foundry & Manufacturing,46.27,46.27,D,1,42,26.7,5,25.8,US PL Zephyrhills Factory,"Tampa, FL",shipper,medium
3615,Luce's Meats,46.26,46.26,C,1,66,33.3,0,12.5,US PL Kingfield Factory,"Embden, ME",shipper,low
3616,Rossi Truck Yard,46.26,46.26,C,1,66,33.3,0,12.5,US PL S Houston Factory,"Manvel, TX",shipper,low
3617,Crosswalk Community Outreach - Food Distribution Center,46.25,46.25,C,1,60,33.3,1,15.1,US PL Poland Spring Factory,"Naples, ME",shipper,medium
3618,Adirondack Kayak Warehouse,46.22,46.22,C,1,49,33.3,3,21.1,US PL Saratoga Spring Factory,"Amsterdam, NY",shipper,medium
3619,Capitol Food Company,46.2,46.2,C,1,39,33.3,5,28.6,US PL Ontario Factory,"Cerritos, CA",shipper,low
3620,US Brick Manufacturing Facility,46.19,46.19,C,1,64,26.7,1,13.4,US PL Greenwood Indiana,"Mooresville, IN",shipper,medium
3621,Stevens Drop Yard,46.1,46.1,D,1,57,0,5,17.1,US PL Zephyrhills Factory,"Lakeland, FL",shipper,low
3622,5210 Catron Drive Dallas,46.1,46.1,D,1,57,0,5,17.1,US PL Dallas 2 Factory,"Dallas, TX",shipper,low
3623,Southwest Packaging Solutions,46.04,46.04,C,1,46,20,5,23.6,US PL Dallas 2 Factory,"Fort Worth, TX",shipper,low
3624,Advanced Manufacturing Development,46.04,46.04,D,1,42,26.7,5,26.1,US PL S Houston Factory,"Houston, TX",shipper,medium
3625,South Atlantic Canners,46,46,D,1,56,20,3,17.2,US PL McBee Factory,"Bishopville, SC",shipper,low
3626,WSI,46,46,D,1,56,0,5,17.2,US PL Ontario Factory,"San Bernardino, CA",shipper,low
3627,Cedarstone Industry,46,46,D,1,56,0,5,17.2,US PL S Houston Factory,"Houston, TX",shipper,low
3628,Pure Laboratories,46,46,D,1,56,0,5,17.2,US PL High Springs Factory,"Gainesville, FL",shipper,low
3629,Daniel's Cold Storage,45.99,45.99,C,1,38,33.3,5,28.9,US PL Ontario Factory,"Pico Rivera, CA",shipper,medium
3630,Solitude Logistics Inc,45.99,45.99,C,1,38,33.3,5,28.9,US PL Hawkins Factory,"Longview, TX",3pl,medium
3631,TQB- Carolina Beverage,45.99,45.99,C,1,38,33.3,5,28.9,US PL Dallas 2 Factory,"Roanoke, TX",shipper,low
3632,Grampa's Garden,45.95,45.95,C,1,49,33.3,3,21.4,US PL Poland Spring Factory,"Brunswick, ME",shipper,low
3633,Dallas Mainfreight Transport,45.92,45.92,C,1,38,33.3,5,29,US PL Dallas 2 Factory,"Fort Worth, TX",carrier,low
3634,"Thurston and Peters Sugarhouse, LLC",45.9,45.9,C,1,65,33.3,0,12.8,US PL Hollis Factory,"West Newfield, ME",shipper,low
3635,Diamond State Trucking Inc,45.9,45.9,C,1,53,26.7,3,19.3,US DC Hot Springs (WHSE),"Malvern, AR",carrier,low
3636,Polyset,45.87,45.87,D,1,67,0,3,12,US PL Saratoga Spring Factory,"Mechanicville, NY",shipper,low
3637,Soshaul Logistics,45.86,45.86,C,1,49,33.3,3,21.5,US PL Mecosta Factory,"Mt Pleasant, MI",3pl,medium
3638,New York Wine & Liquor Warehouse,45.85,45.85,C,1,38,33.3,5,29.1,US PL Saratoga Spring Factory,"Rensselaer, NY",shipper,medium
3639,N.y.s. Department Of Social Services - Food Distribution Center,45.85,45.85,C,1,38,33.3,5,29.1,US PL Saratoga Spring Factory,"Albany, NY",shipper,medium
3640,QUANTUM ONE LOGISTICS LLC,45.78,45.78,C,1,38,33.3,5,29.2,US PL Saratoga Spring Factory,"Albany, NY",3pl,medium
3641,Buchanan Fabrication,45.74,45.74,D,1,69,26.7,0,11.3,US PL McBee Factory,"Mt Croghan, SC",shipper,low
3642,Allentown Refrigerated Terminals,45.74,45.74,D,1,67,0,3,12.1,US PL Allentown NPL Factory,"Boyertown, PA",shipper,medium
3643,Fraccaro Industries Inc,45.74,45.74,D,1,67,0,3,12.1,US PL Allentown NPL Factory,"Boyertown, PA",shipper,low
3644,Trinity Insitution - Food Distribution Center,45.64,45.64,C,1,38,33.3,5,29.4,US PL Saratoga Spring Factory,"Albany, NY",shipper,medium
3645,Greylock Storage,45.59,45.59,D,1,56,0,5,17.6,US PL Saratoga Spring Factory,"Glens Falls, NY",shipper,low
3646,Moto Transportation & Cross Dock,45.59,45.59,D,1,56,0,5,17.6,US PL Dallas 2 Factory,"Grapevine, TX",shipper,low
3647,"10-4 Global Logistics | Freight Transport",45.59,45.59,C,1,48,33.3,3,21.8,US PL Greenwood Indiana,"Indianapolis, IN",carrier,medium
3648,The Warehouse Church,45.59,45.59,C,1,48,33.3,3,21.8,US PL Zephyrhills Factory,"Valrico, FL",shipper,medium
3649,Oliventures Inc.,45.59,45.59,C,1,48,33.3,3,21.8,US PL Greenwood Indiana,"Indianapolis, IN",shipper,low
3650,Amazon DNH2,45.59,45.59,A,1,16,93.3,3,55.7,US PL Hollis Factory,"Hooksett, NH",shipper,medium
3651,Infinity Bottling,45.57,45.57,A,1,17,90.7,3,53.1,US PL Sacramento Factory,"American Canyon, CA",shipper,high
3652,Specialty Packaging Inc.,45.55,45.55,D,1,45,20,5,24.2,US PL Dallas 2 Factory,"Fort Worth, TX",shipper,low
3653,Paramont Manufacturing,45.51,45.51,D,1,41,26.7,5,26.8,US PL Dallas 2 Factory,"Fort Worth, TX",shipper,medium
3654,Total Truck Transport (TPA),45.51,45.51,C,1,41,26.7,5,26.8,US PL Zephyrhills Factory,"Tampa, FL",carrier,low
3655,Alvin Chemical Inc,45.5,45.5,D,1,66,20,1,12.3,US PL Pasadena Factory,"Alvin, TX",shipper,low
3656,Alummikon,45.5,45.5,D,1,66,0,3,12.3,US PL Poland Spring Factory,"Naples, ME",shipper,low
3657,Guitar Center Warehouse,45.5,45.5,C,1,48,33.3,3,21.9,US PL Greenwood Indiana,"Brownsburg, IN",shipper,medium
3658,North Monmouth Food Pantry - Food Distribution Center,45.5,45.5,C,1,48,33.3,3,21.9,US PL Poland Spring Factory,"North Monmouth, ME",shipper,medium
3659,Certified Foods Inc,45.5,45.5,C,1,48,33.3,3,21.9,US PL Sacramento Factory,"Woodland, CA",shipper,low
3660,Famois Freight,45.5,45.5,C,1,37,33.3,5,29.6,US PL Hawkins Factory,"Longview, TX",shipper,low
3661,Amazon Fulfillment VXO6,45.5,45.5,A,1,26,93.3,1,40,US PL Sacramento Factory,"Oakley, CA",3pl,high
3662,"Mt. Olive Manufacturing, Inc.",45.49,45.49,D,1,63,26.7,1,14,US PL Greenwood Indiana,"Mooresville, IN",shipper,medium
3663,Bridgestone Distribution Center,45.49,45.49,A,1,18,89.3,3,52.1,US PL High Springs Factory,"Jacksonville, FL",shipper,high
3664,United Vision Logistics,45.48,45.48,C,1,59,33.3,1,15.8,US PL Hawkins Factory,"Gladewater, TX",3pl,medium
3665,Superstar Storage,45.44,45.44,C,1,41,26.7,5,26.9,US PL Hawkins Factory,"Longview, TX",shipper,low
3666,Vital Eats,45.44,45.44,C,1,37,33.3,5,29.7,US PL Saratoga Spring Factory,"Albany, NY",shipper,low
3667,Citi Trends Distribution Center,45.42,45.42,C,1,48,33.3,3,22,US PL McBee Factory,"Darlington, SC",shipper,medium
3668,Santa Fe Warehouse,45.42,45.42,C,1,48,33.3,3,22,US PL Cabazon Factory,"Moreno Valley, CA",shipper,medium
3669,Amazon Fulfillment SCK8,45.4,45.4,A,1,26,93.3,1,40.2,US PL Sacramento Factory,"Oakley, CA",3pl,high
3670,Cross Dock & Warehousing - Supply Solutions America,45.39,45.39,D,1,55,0,5,17.8,US PL Dallas 2 Factory,"Coppell, TX",3pl,low
3671,KGP Cross Dock,45.39,45.39,D,1,55,0,5,17.8,US PL Dallas 2 Factory,"Coppell, TX",shipper,low
3672,Brooks Sports Inc. Distribution Center,45.37,45.37,C,1,37,33.3,5,29.8,US PL Greenwood Indiana,"Whitestown, IN",shipper,medium
3673,Daim Logistics,45.37,45.37,C,1,37,33.3,5,29.8,US PL Saratoga Spring Factory,"Fultonville, NY",3pl,medium
3674,Lakewood Manufacturing Co,45.36,45.36,D,1,68,26.7,0,11.6,US PL Denver Factory,"Morrison, CO",shipper,medium
3675,Suominen Bethune,45.33,45.33,D,1,82,0,0,5.8,US PL McBee Factory,"Bethune, SC",shipper,low
3676,SAB FULFILLMENT INC,45.33,45.33,C,1,48,33.3,3,22.1,US PL S Houston Factory,"Houston, TX",3pl,medium
3677,Sur La Table Warehouse,45.33,45.33,C,1,48,33.3,3,22.1,US PL Greenwood Indiana,"Brownsburg, IN",shipper,medium
3678,Belted Cow Company Warehouse Store,45.33,45.33,C,1,48,33.3,3,22.1,US PL Poland Spring Factory,"Cumberland Foreside, ME",shipper,medium
3679,Frontline Freight Inc,45.33,45.33,C,1,48,33.3,3,22.1,US PL Ontario Factory,"City of Industry, CA",shipper,low
3680,Marchaland Farms,45.3,45.3,C,1,64,33.3,0,13.3,US PL Saratoga Spring Factory,"Greenwich, NY",shipper,low
3681,M46 Auto Truck Plz,45.3,45.3,C,1,57,37.3,1,17.1,US PL Mecosta Factory,"Howard City, MI",shipper,low
3682,GNC Indianapolis Distribution Center,45.3,45.3,C,1,37,33.3,5,29.9,US PL Greenwood Indiana,"Whitestown, IN",shipper,medium
3683,M & M Industries,45.29,45.29,D,1,55,0,5,17.9,US PL Hollis Factory,"Portland, ME 04102, USA",shipper,low
3684,TMG Manufacturing,45.29,45.29,D,1,41,26.7,5,27.1,US PL Zephyrhills Factory,"Tampa, FL",shipper,medium
3685,"MILLER EXPRESS LOGISTICS, LLC",45.27,45.27,C,1,59,33.3,1,16,US PL Dallas 2 Factory,"Midlothian, TX 76065, USA",3pl,medium
3686,Loves,45.26,45.26,D,1,66,0,3,12.5,US PL Hawkins Factory,"Winona, TX",shipper,low
3687,Launch Automation,45.26,45.26,D,1,66,0,3,12.5,US PL Poland Spring Factory,"Raymond, ME",shipper,low
3688,"Acceptance Now (inside ABC Warehouse)⁸,",45.24,45.24,C,1,48,33.3,3,22.2,US PL Mecosta Factory,"Mt Pleasant, MI",shipper,medium
3689,Hirschbach,45.18,45.18,D,1,55,0,5,18,US PL Zephyrhills Factory,"Dover, FL",shipper,low
3690,Desert Empire Transfer & Storage,45.18,45.18,D,1,55,0,5,18,US PL Ontario Factory,"San Bernardino, CA",shipper,low
3691,"Aws, Inc.",45.18,45.18,D,1,55,0,5,18,US PL Hollis Factory,"South Portland, ME",shipper,low
3692,Boyle Warehouse,45.17,45.17,C,1,37,33.3,5,30.1,US PL McBee Factory,"Lugoff, SC",shipper,medium
3693,First Presbyterian Church - Food Distribution Center,45.17,45.17,C,1,37,33.3,5,30.1,US PL Saratoga Spring Factory,"Johnstown, NY",shipper,medium
3694,Americold Logistics Ft Smith Hwy 45,45.17,45.17,A,1,5,90.7,5,87.6,US PL Hot Springs Factory,"Fort Smith, AR",3pl,high
3695,Wolf's Mini Warehouses,45.16,45.16,C,1,58,33.3,1,16.1,US PL Madison Factory,"Cambridge, WI",shipper,medium
3696,"Sabattus Machine Works, Inc.",45.14,45.14,D,1,66,0,3,12.6,US PL Poland Spring Factory,"Sabattus, ME",shipper,low
3697,Regeneron Warehouse,45.1,45.1,C,1,37,33.3,5,30.2,US PL Saratoga Spring Factory,"Rensselaer, NY",shipper,medium
3698,No Problem Warehouse & Cross-Dock,45.07,45.07,C,1,47,33.3,3,22.4,US PL Ontario Factory,"City of Industry, CA",shipper,medium
3699,G&B Fulfillment,45.07,45.07,C,1,47,33.3,3,22.4,US PL Sacramento Factory,"Woodland, CA",3pl,medium
3700,J.H. Rose Logistics,45.07,32.38,C,2,47,33.3,3,22.4,US PL Zephyrhills Factory,"Valrico, FL",3pl,medium
3701,Sherwin-Williams Manufacturing Plant & Distribution Center,45.01,45.01,A,1,31,93.3,0,35.2,US PL Ontario Factory,"Victorville, CA",shipper,high
3702,Karisma Ford Logistics LLC.,44.97,44.97,C,1,36,33.3,5,30.4,US PL Hot Springs 2 Factory,"Bryant, AR",3pl,medium
3703,"Protective Packaging, Inc.",44.97,44.97,C,1,36,33.3,5,30.4,US PL McBee Factory,"Lugoff, SC",shipper,low
3704,Amazon Warehouse WNY4,44.96,44.96,A,1,31,93.3,0,35.3,US PL Saratoga Spring Factory,"Granville, NY",shipper,high
3705,Whalen's Horseradish Products,44.95,44.95,C,1,64,33.3,0,13.6,US PL Saratoga Spring Factory,"Galway, NY",shipper,low
3706,Ruts Ridge Farm,44.95,44.95,C,1,64,33.3,0,13.6,US PL Saratoga Spring Factory,"Greenwich, NY",shipper,low
3707,Blue Planet Alkaline Water,44.94,44.94,C,1,58,33.3,1,16.3,US PL Cabazon Factory,"Palm Springs, CA",shipper,low
3708,Tampa Port Truck Park,44.92,44.92,D,1,40,26.7,5,27.6,US PL Zephyrhills Factory,"Tampa, FL",shipper,low
3709,Smart Foods,44.9,44.9,C,1,36,33.3,5,30.5,US PL Ontario Factory,"Montebello, CA",shipper,low
3710,Ocean Spray Cranberries Inc,44.89,44.89,B,1,23,77.3,3,44,US PL Hawkins Factory,"Sulphur Springs, TX",shipper,medium
3711,"Ajax Paving Industries of Florida, LLC - Plant 6 (Tampa)",44.85,44.85,D,1,40,26.7,5,27.7,US PL Zephyrhills Factory,"Tampa, FL",shipper,medium
3712,"Southern Manufacturing Technologies, Inc.",44.85,44.85,D,1,40,26.7,5,27.7,US PL Zephyrhills Factory,"Tampa, FL",shipper,medium
3713,Plantation Shutter Warehouse,44.84,44.84,C,1,58,33.3,1,16.4,US PL Hawkins Factory,"Gilmer, TX",shipper,medium
3714,Sandhill Warehouse,44.83,44.83,C,1,36,33.3,5,30.6,US PL McBee Factory,"Lugoff, SC",shipper,medium
3715,Union Manufacturing Company,44.81,44.81,D,1,61,26.7,1,14.6,US PL Allentown NPL Factory,"Boyertown, PA",shipper,medium
3716,Fritz Industries,44.78,44.78,D,1,54,0,5,18.4,US PL Dallas 2 Factory,"Mesquite, TX",shipper,low
3717,Fedrigoni Special Papers North America Distribution Center,44.77,44.77,C,1,36,33.3,5,30.7,US PL Saratoga Spring Factory,"Albany, NY",shipper,medium
3718,Shovel and Spoon,44.72,44.72,C,1,63,33.3,0,13.8,US PL Hollis Factory,"Limington, ME",shipper,low
3719,Sprague Terminal,44.69,44.69,D,1,54,0,5,18.5,US PL Hollis Factory,"Portland, ME",shipper,medium
3720,KB Specialty Foods (Kroger Manufacturing),44.65,44.65,A,1,28,86.7,1,37.7,US PL Greenwood Indiana,"Greensburg, IN",shipper,high
3721,JVL1 Amazon Distribution Center,44.65,44.65,A,1,25,93.3,1,41.8,US PL Madison Factory,"Beloit, WI",shipper,high
3722,"Amazon Career Center - Beloit, WI",44.65,44.65,A,1,25,93.3,1,41.8,US PL Madison Factory,"Beloit, WI",shipper,medium
3723,Anointed Outreach Ministries - Food Distribution Center,44.64,44.64,C,1,47,33.3,3,22.9,US PL McBee Factory,"Darlington, SC",shipper,medium
3724,84 Lumber Truss Manufacturing Plant,44.63,44.63,D,1,39,26.7,5,28,US PL Zephyrhills Factory,"Winter Haven, FL",shipper,medium
3725,Acton Food Pantry - Food Distribution Center,44.61,44.61,C,1,63,33.3,0,13.9,US PL Hollis Factory,"Acton, ME",shipper,medium
3726,Merrill's Marine Terminal,44.59,44.59,D,1,54,0,5,18.6,US PL Hollis Factory,"Portland, ME",shipper,medium
3727,StorHouse-Nazareth Pike,44.59,44.59,D,1,54,0,5,18.6,US DC NFI - Breinigsville,"Bethlehem, PA",shipper,low
3728,Pregis Corp,44.59,44.59,D,1,54,0,5,18.6,US PL Saratoga Spring Factory,"Queensbury, NY",shipper,low
3729,Specialty Design & Manufacturing Co Inc,44.58,44.58,C,1,61,26.7,1,14.8,US PL Allentown NPL Factory,"Reading, PA",shipper,medium
3730,New Balance Shoe Manufacturing,44.58,44.58,D,1,61,26.7,1,14.8,US PL Poland Spring Factory,"Norway, ME",shipper,medium
3731,Propak Logistics,44.5,44.5,C,1,35,33.3,5,31.1,US PL Saratoga Spring Factory,"Johnstown, NY",3pl,medium
3732,Gulf Central Distribution Center,44.5,44.5,C,1,35,33.3,5,31.1,US PL Zephyrhills Factory,"Tampa, FL",shipper,medium
3733,BFS Services,44.49,44.49,D,1,54,0,5,18.7,US PL Dallas 2 Factory,"Carrollton, TX",shipper,low
3734,"InTek Logistics, Inc.",44.47,44.47,C,1,46,33.3,3,23.1,US PL Greenwood Indiana,"Indianapolis, IN",3pl,medium
3735,Family Dollar Distribution Center,44.4,44.4,A,1,17,86.7,3,53,US PL McBee Factory,"Matthews, NC",shipper,high
3736,Farmington Chipping Enterprise,44.39,44.39,D,1,53,0,5,18.8,US PL Kingfield Factory,"Farmington, ME",shipper,low
3737,Fisher Hill Community Baptist Church - Food Distribution Center,44.38,44.38,C,1,46,33.3,3,23.2,US PL McBee Factory,"Cheraw, SC",shipper,medium
3738,Pacific Beach Peanut Butter,44.38,44.38,C,1,46,33.3,3,23.2,US PL Greenwood Indiana,"Indianapolis, IN",shipper,low
3739,Leaning S Land and Cattle,44.3,44.3,C,1,46,33.3,3,23.3,US PL Hawkins Factory,"Van, TX",shipper,low
3740,Reyes Cocacola Bottling,44.25,44.25,C,1,35,33.3,5,31.5,US PL Ontario Factory,"Downey, CA",shipper,medium
3741,Amazon DDX6,44.24,44.24,A,1,30,93.3,0,36.6,US PL Dallas 2 Factory,"Prosper, TX",shipper,medium
3742,A-WAREHOUSE FURNITURE,44.21,44.21,C,1,57,33.3,1,17,US PL Pasadena Factory,"Baytown, TX",shipper,medium
3743,STS Packaging,44.2,36.45,D,2,53,20,3,19,US PL Greenwood Indiana,"Mooresville, IN",shipper,low
3744,Bunzl Maine,44.2,44.2,D,1,53,0,5,19,US PL Hollis Factory,"Portland, ME",shipper,low
3745,Stone Cold Solutions Inc,44.2,44.2,D,1,53,0,5,19,US PL Ontario Factory,"Anaheim, CA",shipper,low
3746,Lowe’s BDC #3368,44.19,44.19,D,1,64,0,3,13.4,US PL Denver Factory,"Commerce City, CO",shipper,low
3747,Pantera Logistics,44.18,44.18,C,1,35,33.3,5,31.6,US PL Cabazon Factory,"Murrieta, CA",3pl,medium
3748,George R Roberts Co & The Step Guys,44.15,44.15,D,1,75,0,1,8.7,US PL Hollis Factory,"Alfred, ME",shipper,low
3749,RJW Logistics - D01,44.13,44.13,C,1,46,33.3,3,23.5,US PL Dallas 2 Factory,"Mesquite, TX",3pl,medium
3750,Knight Transportation Truck Access,44.13,44.13,C,1,46,33.3,3,23.5,US PL S Houston Factory,"Katy, TX",carrier,low
3751,CITGO South Portland Terminal,44.1,44.1,D,1,53,0,5,19.1,US PL Hollis Factory,"South Portland, ME",shipper,medium
3752,FreeUp Storage Tyler Frankston Hwy,44.1,44.1,D,1,53,0,5,19.1,US PL Hawkins Factory,"Tyler, TX",shipper,low
3753,Turner Island LLC,44.1,44.1,D,1,53,0,5,19.1,US PL Hollis Factory,"South Portland, ME",shipper,low
3754,J & M Warehouse,44.06,44.06,C,1,35,33.3,5,31.8,US PL McBee Factory,"Florence, SC",shipper,medium
3755,Premio Foods Warehouse,44.04,44.04,C,1,46,33.3,3,23.6,US PL Zephyrhills Factory,"Brooksville, FL",shipper,medium
3756,Victory Baptist Church - Food Distribution Center,44.04,44.04,C,1,46,33.3,3,23.6,US DC Hot Springs (WHSE),"Benton, AR",shipper,medium
3757,ChargeUP 34,44.04,44.04,A,1,25,90.7,1,41.4,US PL Hawkins Factory,"Winfield, TX",shipper,medium
3758,Owens Corning Warehouse,44.02,44.02,A,1,5,86.7,5,87.1,US PL Hot Springs Factory,"Fort Smith, AR",shipper,high
3759,Mor Furniture for Less Warehouse,43.99,43.99,C,1,35,33.3,5,31.9,US PL Cabazon Factory,"Murrieta, CA",shipper,medium
3760,Mini-Maxi Warehouses,43.99,43.99,C,1,35,33.3,5,31.9,US PL McBee Factory,"Florence, SC",shipper,medium
3761,True Warehouse,43.99,43.99,C,1,35,33.3,5,31.9,US PL Hot Springs 2 Factory,"Bryant, AR",shipper,medium
3762,Soaring Eagle Warehouse,43.96,43.96,C,1,45,33.3,3,23.7,US PL Mecosta Factory,"Mt Pleasant, MI",shipper,medium
3763,Exodus Logistix,43.9,43.9,D,1,53,0,5,19.3,US PL Sacramento Factory,"Roseville, CA",shipper,low
3764,FGF Brands Inc.,43.88,43.88,C,1,45,33.3,3,23.8,US PL Greenwood Indiana,"Brownsburg, IN",shipper,low
3765,Razor Logistics,43.8,43.8,C,1,34,33.3,5,32.2,US PL Cabazon Factory,"Murrieta, CA",3pl,medium
3766,PTG Crossdocking Services,43.8,43.8,C,1,34,33.3,5,32.2,US PL Ontario Factory,"Commerce, CA",shipper,low
3767,UNFI Londonderry,43.79,43.79,A,1,14,90.7,3,59.4,US PL Hollis Factory,"Londonderry, NH",shipper,medium
3768,Sweet Logistics LLC,43.74,43.74,C,1,34,33.3,5,32.3,US PL Cabazon Factory,"Murrieta, CA",3pl,medium
3769,Ashley Furniture HomeStore Warehouse,43.71,38.39,C,2,45,33.3,3,24,US PL Dallas 2 Factory,"Mesquite, TX",shipper,medium
3770,Van Mini-Warehouse & Storage,43.71,43.71,C,1,45,33.3,3,24,US PL Hawkins Factory,"Van, TX",shipper,medium
3771,Katy Fulfillment Center,43.71,43.71,C,1,45,33.3,3,24,US PL S Houston Factory,"Katy, TX",3pl,medium
3772,DTW1 Amazon Fulfillment Center,43.7,43.7,A,1,1,93.3,5,131.1,US PL Mecosta Factory,"Romulus, MI",3pl,high
3773,Maple Lynn Logistics,43.69,43.69,C,1,56,33.3,1,17.5,US PL Hawkins Factory,"Gladewater, TX",3pl,medium
3774,Mr G's Foods,43.63,43.63,C,1,45,33.3,3,24.1,US PL Zephyrhills Factory,"Brooksville, FL",shipper,low
3775,Venezia Bulk Transport Inc. Evansville Terminal,43.61,43.61,D,1,63,0,3,13.9,US PL Allentown NPL Factory,"Fleetwood, PA",carrier,medium
3776,Santa Ana Packaging,43.59,43.59,D,1,41,20,5,26.7,US PL Ontario Factory,"La Mirada, CA",shipper,low
3777,Kohler Distribution Center,43.59,43.59,A,1,25,89.3,1,41.5,US DC Hot Springs (WHSE),"Sheridan, AR",shipper,high
3778,East Texas Warehouse and Storage,43.55,43.55,C,1,45,33.3,3,24.2,US PL Hawkins Factory,"Kilgore, TX",shipper,medium
3779,East Texas Business Park,43.55,43.55,C,1,45,33.3,3,24.2,US PL Hawkins Factory,"Kilgore, TX",shipper,low
3780,Outreach Family Fellowship - Food Distribution Center,43.55,43.55,C,1,34,33.3,5,32.6,US PL McBee Factory,"Florence, SC",shipper,medium
3781,Third Party Logistics,43.49,43.49,C,1,34,33.3,5,32.7,US PL McBee Factory,"Florence, SC",3pl,medium
3782,Velocity Truck Centers,43.49,43.49,C,1,34,33.3,5,32.7,US PL McBee Factory,"Florence, SC",shipper,low
3783,U-Stor Mor Inc Storage Pearland,43.47,43.47,D,1,74,0,1,9.2,US PL Pasadena Factory,"Pearland, TX",shipper,low
3784,Farm Country Cheese House,43.47,43.47,C,1,61,33.3,0,14.9,US PL Mecosta Factory,"Lakeview, MI",shipper,low
3785,RWC Distribution Center - Dallas,43.47,43.47,C,1,44,33.3,3,24.3,US PL Dallas 2 Factory,"Mesquite, TX",shipper,medium
3786,Darlington Snacks,43.47,43.47,C,1,44,33.3,3,24.3,US PL Greenwood Indiana,"Indianapolis, IN",shipper,low
3787,Florida Freezer,43.43,43.43,D,1,52,0,5,19.8,US PL Zephyrhills Factory,"Lakeland, FL",shipper,low
3788,Origin BJJ LLC,43.43,43.43,D,1,52,0,5,19.8,US PL Kingfield Factory,"Farmington, ME",shipper,low
3789,K C Logistics Co,43.43,43.43,C,1,34,33.3,5,32.8,US PL McBee Factory,"Florence, SC",3pl,medium
3790,"Nino's Trading - Discount Appliances & TVs, Little Rock Warehouse",43.4,43.4,C,1,26,46.7,5,40.2,US PL Hot Springs 2 Factory,"Little Rock, AR",shipper,medium
3791,CDS Cold,43.36,43.36,C,1,41,20,5,27,US PL Ontario Factory,"Santa Fe Springs, CA",shipper,low
3792,Georgia-Pacific Packaging,43.34,43.34,A,1,28,93.3,0,38.3,US PL Dallas 2 Factory,"Denton, TX",shipper,medium
3793,Tex Tech Industries Inc.,43.33,37.03,D,3,52,0,5,19.9,US PL Hollis Factory,"Portland, ME",shipper,low
3794,CAT Scale,43.31,36.74,C,3,33,33.3,5,21.9,US PL McBee Factory,"Florence, SC",shipper,low
3795,HEB E-Commerce Fulfillment Center,43.3,43.3,C,1,44,33.3,3,24.5,US PL S Houston Factory,"Katy, TX",3pl,medium
3796,Warehouse Wine & Liquor,43.3,43.3,C,1,44,33.3,3,24.5,US PL Zephyrhills Factory,"Spring Hill, FL",shipper,medium
3797,Western Logistics Inc - Specialized Furniture Carrier,43.26,43.26,A,1,11,93.3,3,65.2,US PL Mecosta Factory,"Zeeland, MI",3pl,high
3798,Storage Max,43.24,43.24,D,1,51,0,5,20,US PL Hawkins Factory,"Tyler, TX",shipper,low
3799,Beverage Industries,43.22,43.22,C,1,44,33.3,3,24.6,US PL McBee Factory,"Cheraw, SC",shipper,low
3800,Trimble Farms,43.21,43.21,D,1,73,0,1,9.4,US PL Hawkins Factory,"Big Sandy, TX",shipper,low
3801,Personal Mini Storage,43.14,43.14,D,1,51,0,5,20.1,US PL High Springs Factory,"Gainesville, FL",shipper,low
3802,STORAGE CENTER,43.14,43.14,D,1,51,0,5,20.1,US PL Hawkins Factory,"Tyler, TX",shipper,low
3803,Samantha Springs,43.14,43.14,C,1,44,33.3,3,24.7,US PL Dallas 2 Factory,"Keller, TX",shipper,low
3804,Hicks Brothers,43.12,43.12,D,1,78,0,0,7.3,US PL Hawkins Factory,"Lindale, TX",shipper,low
3805,Third Place Processing,43.07,43.07,D,1,73,0,1,9.5,US PL Allentown NPL Factory,"Bechtelsville, PA",shipper,medium
3806,Sunbelt Manufacturing Company.,43.05,43.05,C,1,58,26.7,1,16.2,US PL Hawkins Factory,"Gladewater, TX",shipper,medium
3807,Walmart Sam's Club Distribution Center,43.04,43.04,A,1,27,93.3,0,38.9,US PL Pasadena Factory,"Dayton, TX",shipper,high
3808,All Star Super Storage,43.03,34.75,D,2,58,8,3,16.6,US PL Cabazon Factory,"Hemet, CA",shipper,low
3809,Port of Tampa Container Terminal,42.99,42.99,D,1,40,20,5,27.5,US PL Zephyrhills Factory,"Tampa, FL",shipper,medium
3810,"Orgill, Inc. Distribution Center",42.98,42.98,C,1,44,33.3,3,24.9,US PL Hawkins Factory,"Kilgore, TX",shipper,medium
3811,J & S Manufacturing Co Inc,42.97,42.97,D,1,36,26.7,5,30.4,US PL Hot Springs 2 Factory,"Bryant, AR",shipper,medium
3812,Columbia Consolidated Warehouse,42.9,42.9,C,1,43,33.3,3,25,US PL High Springs Factory,"Lake City, FL",shipper,medium
3813,Darlington Packing Co,42.9,42.9,C,1,43,33.3,3,25,US PL McBee Factory,"Darlington, SC",shipper,low
3814,Seaboard Tampa Terminals,42.86,42.86,D,1,51,0,5,20.4,US PL Zephyrhills Factory,"Tampa, FL",shipper,medium
3815,West Farmington Grange Hall,42.86,42.86,D,1,51,0,5,20.4,US PL Kingfield Factory,"West Farmington, ME",shipper,low
3816,Roy's Wood Products Manufacturing Facility,42.83,42.83,D,1,36,26.7,5,30.6,US PL McBee Factory,"Lugoff, SC",shipper,medium
3817,"P & B Cold Storage, Georgia",42.82,42.82,A,1,7,100,3,80,US PL High Springs Factory,"Valdosta, GA",shipper,high
3818,Mount Elon Food Ministry - Food Distribution Center,42.81,42.81,C,1,60,33.3,0,15.5,US PL McBee Factory,"Hartsville, SC",shipper,medium
3819,Portland Cruise Terminal,42.77,42.77,D,1,50,0,5,20.5,US PL Hollis Factory,"Portland, ME",shipper,medium
3820,General Cold Storage,42.71,42.71,C,1,32,33.3,5,34,US PL Ontario Factory,"South Gate, CA",shipper,medium
3821,Carparts Distribution Center,42.71,31.94,C,2,32,33.3,5,34,US PL Kingfield Factory,"Fairfield, ME",shipper,medium
3822,Packing House District,42.7,42.7,D,1,46,8,5,23.3,US PL Ontario Factory,"Redlands, CA 92374, USA",shipper,low
3823,Maine Plywood USA,42.69,42.69,D,1,61,0,3,14.7,US PL Kingfield Factory,"Bingham, ME 04920, USA",shipper,low
3824,Shaw's Wells Distribution Center,42.69,42.69,C,1,54,33.3,1,18.5,US PL Hollis Factory,"Wells, ME",shipper,medium
3825,Exxon and Pilot,42.67,42.67,C,1,43,33.3,3,25.3,US PL Hawkins Factory,"Van, TX",shipper,low
3826,Quality Tire Warehouse,42.65,42.65,C,1,32,33.3,5,34.1,US PL McBee Factory,"Florence, SC",shipper,medium
3827,Sysco Central Florida - Food Distributor & Restaurant Supplies,42.65,42.65,A,1,23,100,0,44.1,US PL Zephyrhills Factory,"Ocoee, FL",shipper,medium
3828,Wayfair,42.65,42.65,A,1,18,80,3,52.2,US PL High Springs Factory,"Jacksonville, FL",shipper,medium
3829,Kito Crosby - Longview Plant,42.64,42.64,D,1,36,26.7,5,30.9,US PL Hawkins Factory,"Longview, TX",shipper,medium
3830,"NextGen Industrial Services, LLC",42.64,42.64,D,1,36,26.7,5,30.9,US PL Hawkins Factory,"Longview, TX",shipper,low
3831,Centerline Manufacturing,42.61,42.61,D,1,63,26.7,0,13.9,US PL Hawkins Factory,"Winnsboro, TX",shipper,medium
3832,"Refrigerated Food Systems, Inc.",42.59,42.59,C,1,43,33.3,3,25.4,US PL S Houston Factory,"Katy, TX",shipper,low
3833,Amazon Sort Center CLT5,42.59,42.59,A,1,10,93.3,3,68.6,US PL McBee Factory,"Concord, NC",shipper,medium
3834,Specialty Box & Packaging Co,42.56,42.56,D,1,39,20,5,28.1,US PL Saratoga Spring Factory,"Menands, NY",shipper,low
3835,Stone Bridge Iron & Steel,42.54,42.54,D,1,69,16,0,11.3,US PL Saratoga Spring Factory,"Gansevoort, NY",shipper,low
3836,California Cold Storage,42.53,42.53,C,1,32,33.3,5,34.3,US PL Ontario Factory,"Los Angeles, CA",shipper,medium
3837,GE Manufacturing Solutions,42.5,42.5,D,1,35,26.7,5,31.1,US PL Dallas 2 Factory,"Fort Worth, TX",shipper,medium
3838,Logistic Services,42.49,42.49,D,1,50,0,5,20.8,US PL Saratoga Spring Factory,"Schenectady, NY",shipper,low
3839,My Furniture Warehouse Alexander,42.47,42.47,C,1,32,33.3,5,34.4,US PL Hot Springs 2 Factory,"Bryant, AR",shipper,medium
3840,The Outdoor Warehouse,42.47,42.47,C,1,32,33.3,5,34.4,US PL Cabazon Factory,"Murrieta, CA",shipper,medium
3841,Coca Cola Distributor,42.47,42.47,A,1,6,100,3,82.9,US PL Mecosta Factory,"Traverse City, MI",shipper,medium
3842,STEMCO,42.44,42.44,D,1,35,26.7,5,31.2,US PL Hawkins Factory,"Longview, TX",shipper,low
3843,Rehrig Penn Logistics,42.43,42.43,C,1,43,33.3,3,25.6,US PL Saratoga Spring Factory,"Gloversville, NY",3pl,medium
3844,Life Made warehouse,42.43,42.43,C,1,43,33.3,3,25.6,US PL Kingfield Factory,"Wilton, ME",shipper,medium
3845,DHL Bow Distribution Center (Formerly EXEL),42.43,42.43,A,1,17,100,1,52.9,US PL Hollis Factory,"Bow, NH",shipper,high
3846,Azleway Boys' Ranch - Food Distribution Center,42.37,42.37,C,1,59,33.3,0,15.9,US PL Hawkins Factory,"Tyler, TX",shipper,medium
3847,EZ Safe Storage,42.31,42.31,D,1,50,0,5,21,US PL Saratoga Spring Factory,"Schenectady, NY",shipper,low
3848,Warehousing Etc,42.31,42.31,D,1,50,0,5,21,US PL Zephyrhills Factory,"Tampa, FL",3pl,low
3849,"Brentwood Industries, Inc.",42.31,42,D,2,50,0,5,21,US PL Allentown NPL Factory,"Reading, PA",shipper,low
3850,Bicycle Warehouse Temecula,42.3,42.3,C,1,31,33.3,5,34.7,US PL Cabazon Factory,"Temecula, CA",shipper,medium
3851,AMAZON SNC2 VNC2 WAREHOUSE,42.3,42.3,A,1,10,93.3,3,70.2,US PL McBee Factory,"Huntersville, NC",shipper,high
3852,Oasis Super Stop,42.29,42.29,C,1,53,33.3,1,18.9,US PL Hawkins Factory,"Lindale, TX",shipper,low
3853,.,42.25,42.25,D,1,60,0,3,15.1,US PL Dallas 2 Factory,"Mansfield, TX",shipper,low
3854,Upward Storage,42.25,42.25,D,1,60,0,3,15.1,US PL Kingfield Factory,"Bingham, ME",shipper,low
3855,Trans Network LLC,42.22,42.22,D,1,49,0,5,21.1,US PL Sacramento Factory,"Rocklin, CA",shipper,low
3856,Sunny Sky Products,42.22,42.22,D,1,49,0,5,21.1,US PL S Houston Factory,"Houston, TX",shipper,low
3857,NETC Warehouse,42.2,42.2,C,1,53,33.3,1,19,US PL Hollis Factory,"Wells, ME",shipper,medium
3858,Opportunities Inc. Warehouse,42.2,42.09,C,2,42,33.3,3,25.9,US PL Madison Factory,"Fort Atkinson, WI",3pl,medium
3859,"Challenge Manufacturing Northlake, TX",42.18,42.18,D,1,35,26.7,5,31.6,US PL Dallas 2 Factory,"Northlake, TX",shipper,medium
3860,Fleet Yards Inc./DAMCO DISTRIBUTION INC,42.18,42.18,C,1,31,33.3,5,34.9,US PL Ontario Factory,"South Gate, CA",shipper,medium
3861,Roar Logistics,42.18,42.18,C,1,31,33.3,5,34.9,US PL Cabazon Factory,"Murrieta, CA",3pl,medium
3862,Pepsi Beverage of North America/Ocala FL,42.18,42.18,A,1,17,100,1,53.7,US PL Zephyrhills Factory,"Ocala, FL",shipper,medium
3863,Columbus Warehouse & Cartage,42.16,42.14,C,2,58,33.3,0,16.1,US PL Greenwood Indiana,"Edinburgh, IN",carrier,medium
3864,Tt dunphy,42.14,42.14,D,1,60,0,3,15.2,US PL Kingfield Factory,"North Anson, ME",shipper,low
3865,T&T Storage,42.13,42.13,D,1,49,0,5,21.2,US PL Saratoga Spring Factory,"Cohoes, NY",shipper,low
3866,Plug Power,42.13,42.13,D,1,49,0,5,21.2,US PL Saratoga Spring Factory,"Latham, NY",shipper,low
3867,Florence Chapter Mnistries - Food Distribution Center,42.13,42.13,C,1,31,33.3,5,35,US PL McBee Factory,"Florence, SC",shipper,medium
3868,CLT3 Amazon Truck entrance,42.12,42.12,A,1,9,93.3,3,71.2,US PL McBee Factory,"Concord, NC",shipper,medium
3869,SPRING BROOK FARM and MARKET,42.1,42.1,C,1,53,33.3,1,19.1,US PL Poland Spring Factory,"Cumberland, ME",shipper,low
3870,BWT/ Dixie Offsite Warehouse,42.07,42.07,C,1,31,33.3,5,35.1,US PL McBee Factory,"Florence, SC",shipper,medium
3871,Hickory Springs Water Co Inc,42.07,42.07,C,1,31,33.3,5,35.1,US PL McBee Factory,"Florence, SC",shipper,low
3872,Progressive Produce Cold Storage,42.04,42.04,C,1,42,33.3,3,26.1,US PL Ontario Factory,"La Mirada, CA",shipper,medium
3873,Community Family Enrichment Center - Food Distribution Center,42.04,42.04,C,1,42,33.3,3,26.1,US DC Hot Springs (WHSE),"Arkadelphia, AR",shipper,medium
3874,Allentown Refrigerated,42.02,42.02,D,1,71,0,1,10.3,US PL Allentown NPL Factory,"East Greenville, PA",shipper,low
3875,Upshur County Shares - Food Distribution Center,42,42,C,1,53,33.3,1,19.2,US PL Hawkins Factory,"Gilmer, TX",shipper,medium
3876,At Home Distribution Center,41.97,41.97,C,1,42,33.3,3,26.2,US PL Dallas 2 Factory,"Plano, TX",shipper,medium
3877,DairyChem,41.97,41.97,C,1,42,33.3,3,26.2,US PL Greenwood Indiana,"Fishers, IN",shipper,low
3878,Ice Cold Storage Inc,41.96,41.96,C,1,31,33.3,5,35.3,US PL Ontario Factory,"Vernon, CA",shipper,medium
3879,TFG Little Rock,41.96,41.96,C,1,31,33.3,5,35.3,US PL Hot Springs 2 Factory,"Little Rock, AR",shipper,low
3880,U.S. Growers Cold Storage - Area 3,41.9,41.9,C,1,31,33.3,5,35.4,US PL Ontario Factory,"Vernon, CA",shipper,medium
3881,Gap Distribution Center,41.89,41.89,C,1,42,33.3,3,26.3,US PL Hawkins Factory,"Longview, TX",shipper,medium
3882,Divine Enterprises,41.86,41.86,D,1,49,0,5,21.5,US PL Sacramento Factory,"Rocklin, CA",shipper,low
3883,Ruiz Foods,41.84,41.84,C,1,31,33.3,5,35.5,US PL McBee Factory,"Florence, SC",shipper,low
3884,Lufkin Coca-Cola,41.82,41.82,A,1,5,100,3,89.1,US PL Hawkins Factory,"Lufkin, TX",shipper,medium
3885,The Man Cave Warehouse,41.81,41.81,C,1,41,33.3,3,26.4,US PL Zephyrhills Factory,"Odessa, FL",shipper,medium
3886,Painted Woods Wild Game Butcher and Meat Processing,41.81,41.81,C,1,41,33.3,3,26.4,US PL Hollis Factory,"Rochester, NH",shipper,medium
3887,Arkadelphia First United Methodist Church - Food Distribution Center,41.81,41.81,C,1,41,33.3,3,26.4,US DC Hot Springs (WHSE),"Arkadelphia, AR",shipper,medium
3888,US Growers Cold Storage Inc,41.79,41.44,C,2,31,33.3,5,35.6,US PL Ontario Factory,"Vernon, CA",shipper,medium
3889,Victory Logistics - Cold Storage & 3PL Fulfillment Services,41.79,41.79,C,1,31,33.3,5,35.6,US PL Cabazon Factory,"Temecula, CA",3pl,medium
3890,Lois G. McArn Food Bank- Food Distribution Center,41.74,41.74,C,1,41,33.3,3,26.5,US PL McBee Factory,"Cheraw, SC",shipper,medium
3891,Warehouse Furniture Showroom,41.74,41.74,C,1,41,33.3,3,26.5,US DC Hot Springs (WHSE),"Arkadelphia, AR",shipper,medium
3892,"Mineola Packing Company, Inc.",41.73,41.73,C,1,58,33.3,0,16.5,US PL Hawkins Factory,"Mineola, TX",shipper,low
3893,E-Town Cold Storage,41.71,41.71,C,1,52,33.3,1,19.5,US PL Madison Factory,"Edgerton, WI",shipper,medium
3894,Cross Dock Building Warehouse,41.71,41.71,C,1,52,33.3,1,19.5,US PL S Houston Factory,"Houston, TX",shipper,medium
3895,Easy Street Distribution Center,41.66,41.66,C,1,41,33.3,3,26.6,US PL Hollis Factory,"Somersworth, NH",shipper,medium
3896,Clark County Ecumerical Food Pantry - Food Distribution Center,41.66,41.66,C,1,41,33.3,3,26.6,US DC Hot Springs (WHSE),"Arkadelphia, AR",shipper,medium
3897,Mid Michigan Community Action Food Warehouse,41.66,41.66,C,1,41,33.3,3,26.6,US PL Mecosta Factory,"Clare, MI",shipper,medium
3898,Southern Star Foods,41.59,41.59,C,1,41,33.3,3,26.7,US PL Dallas 2 Factory,"Plano, TX",shipper,low
3899,Ideal Fulfillment - 3PL,41.57,41.57,C,1,30,33.3,5,36,US PL Cabazon Factory,"Temecula, CA",3pl,medium
3900,Duluth Trading Company Distribution Center,41.52,41.52,C,1,57,33.3,0,16.7,US PL Madison Factory,"Belleville, WI",shipper,medium
3901,Uniqlo Distribution Center,41.51,41.51,C,1,41,33.3,3,26.8,US DC NFI - Breinigsville,"Phillipsburg, NJ",shipper,medium
3902,Cart.com Terrell Fulfillment Center,41.46,41.46,C,1,30,33.3,5,36.2,US PL Dallas 2 Factory,"Terrell, TX",3pl,medium
3903,Wedekind Farms,41.42,41.42,C,1,57,33.3,0,16.8,US PL McBee Factory,"Chesterfield, SC",shipper,low
3904,"GMI Group | Texas, USA",41.42,41.42,D,1,48,0,5,22,US PL S Houston Factory,"Humble, TX",shipper,low
3905,Southwest Insulated Panels,41.42,41.42,D,1,48,0,5,22,US PL Hawkins Factory,"White Oak, TX",shipper,low
3906,JFK8 - Amazon Fulfillment Center,41.38,41.38,A,1,8,93.3,3,75.9,US DC NFI - Breinigsville,"Staten Island, NY",3pl,high
3907,Trent Cates Trucking Inc,41.36,41.36,C,1,61,26.7,0,15,US PL Kingfield Factory,"Solon, ME",carrier,low
3908,CalArk,41.35,36.41,C,2,30,33.3,5,36.2,US PL Hot Springs 2 Factory,"Little Rock, AR",shipper,medium
3909,Amazon Fulfillment Center DAS7,41.35,41.35,A,1,8,93.3,3,76.1,US PL Hollis Factory,"Salem, MA",3pl,high
3910,SWEN Cross-Docking / WAREHOUSE Philadelphia,41.33,41.33,C,1,52,33.3,1,19.9,US PL Allentown NPL Factory,"Stowe, PA",shipper,medium
3911,FreeUp Storage Tyler South Broadway,41.33,41.33,D,1,48,0,5,22.1,US PL Hawkins Factory,"Tyler, TX",shipper,low
3912,Pourter,41.32,41.32,A,1,26,90.7,0,40.8,US PL Mecosta Factory,"Grand Rapids, MI",shipper,medium
3913,Lighthouse Ministries - Food Distribution Center,41.29,41.29,C,1,41,33.3,3,27.1,US DC Hot Springs (WHSE),"Arkadelphia, AR",shipper,medium
3914,S & W Manufacturing,41.25,41.25,D,1,33,26.7,5,33.1,US PL McBee Factory,"Florence, SC",shipper,medium
3915,Packaging Company LLC,41.24,29.73,D,2,48,20,3,22.2,US PL S Houston Factory,"Katy, TX",shipper,low
3916,Amber Terminal Inc,41.24,41.24,D,1,48,0,5,22.2,US PL Dallas 2 Factory,"Fort Worth, TX",shipper,medium
3917,Dillard's Distribution Center,41.24,32.08,C,2,30,33.3,5,36.6,US PL Hot Springs 2 Factory,"Mabelvale, AR",shipper,medium
3918,Perrigo ACDC Warehouse,41.21,41.21,B,1,9,70.7,5,71.9,US PL Mecosta Factory,"Holland, MI 49423, USA",shipper,high
3919,On The Move Logistics llc,41.18,41.18,C,1,29,33.3,5,36.7,US PL McBee Factory,"Florence, SC",3pl,medium
3920,Melcher Logging Co Garage,41.16,41.16,D,1,58,0,3,16.1,US PL Kingfield Factory,"Moscow, ME",shipper,low
3921,PDQ America,41.15,41.15,D,1,48,0,5,22.3,US PL Hawkins Factory,"White Oak, TX",shipper,low
3922,DFL4 Amazon,41.15,41.15,A,1,18,93.3,1,50.7,US PL Zephyrhills Factory,"Orlando, FL",shipper,medium
3923,"Tailored Packaging, LLC",41.14,41.14,D,1,60,26.7,0,15.2,US PL Mecosta Factory,"Edmore, MI",shipper,low
3924,Yusen Logistics,41.14,41.14,C,1,40,33.3,3,27.3,US PL Saratoga Spring Factory,"Gloversville, NY",3pl,medium
3925,Southbay Cold Storage,41.13,41.13,C,1,29,33.3,5,36.8,US PL Ontario Factory,"Los Angeles, CA",shipper,medium
3926,Quality Drivers Logistics,41.13,41.13,C,1,29,33.3,5,36.8,US PL Hot Springs 2 Factory,"Little Rock, AR",3pl,medium
3927,"Lignetics Of Maine, LLC",41.12,41.12,D,1,69,0,1,11,US PL Kingfield Factory,"Strong, ME",shipper,low
3928,Sunrider Manufacturing LP,41.08,41.08,D,1,55,26.7,1,18.1,US PL Dallas 2 Factory,"Midlothian, TX",shipper,medium
3929,Blake Furniture Warehouse,41.07,41.07,C,1,40,33.3,3,27.4,US PL Hawkins Factory,"Longview, TX",shipper,medium
3930,"K&C Warehousing, Cross Docking, Lumper Services, Trucking",41.07,41.07,C,1,40,33.3,3,27.4,US PL Ontario Factory,"Santa Ana, CA",carrier,low
3931,Fast Trac Transportation - Terminal 57,41.05,41.05,D,1,58,0,3,16.2,US PL Dallas 2 Factory,"Fort Worth, TX",shipper,medium
3932,Los Angeles Cold Storage,41.02,41.02,C,1,29,33.3,5,37,US PL Ontario Factory,"Los Angeles, CA",shipper,medium
3933,Warehouse Beverages,41.02,41.02,C,1,29,33.3,5,37,US PL Dallas 2 Factory,"Terrell, TX",shipper,medium
3934,STC Warehouse,40.99,40.99,C,1,40,33.3,3,27.5,US DC NFI - Breinigsville,"Phillipsburg, NJ",shipper,medium
3935,Orange County Cold Services,40.98,40.98,D,1,47,0,5,22.5,US PL Ontario Factory,"Anaheim, CA",shipper,low
3936,"Emery's Meat & Produce, Waterville Maine",40.97,40.97,C,1,29,33.3,5,37.1,US PL Kingfield Factory,"Waterville, ME",shipper,low
3937,PCA City of Industry,40.94,40.94,D,1,58,0,3,16.3,US PL Ontario Factory,"City of Industry, CA",shipper,low
3938,King Steel Warehouse,40.92,40.92,C,1,29,33.3,5,37.2,US PL McBee Factory,"Florence, SC",shipper,medium
3939,"Universe Carrier Warehouse - Cross-docking, Fulfilment, Kitting, Delivery",40.9,40.9,A,1,7,93.3,3,79.4,US PL Madison Factory,"Huntley, IL",shipper,high
3940,S&D Receiving & Installation Warehouse,40.86,40.86,C,1,51,33.3,1,20.4,US PL Cabazon Factory,"Cathedral City, CA",shipper,medium
3941,Terra Green Packing,40.81,40.81,D,1,47,0,5,22.7,US PL Saratoga Spring Factory,"Green Island, NY",shipper,low
3942,Warehouse Unlimited,40.77,34.51,C,2,40,33.3,3,27.8,US PL Saratoga Spring Factory,"GUILDRLND CTR, NY",shipper,medium
3943,MiTek,40.72,40.72,D,1,47,0,5,22.8,US PL Zephyrhills Factory,"Tampa, FL",shipper,low
3944,Mb1 Logistics Inc,40.71,40.71,C,1,29,33.3,5,37.6,US PL Dallas 2 Factory,"Terrell, TX",3pl,medium
3945,New York Fulfillment,40.7,26.13,C,2,39,33.3,3,27.9,US PL Saratoga Spring Factory,"Altamont, NY",shipper,medium
3946,Village Green Foods Inc,40.7,40.7,C,1,39,33.3,3,27.9,US PL Ontario Factory,"Irvine, CA",shipper,low
3947,Glenn Logistics,40.65,40.65,C,1,28,33.3,5,37.7,US PL Hot Springs 2 Factory,"Little Rock, AR",3pl,medium
3948,Atlas Storage & Business Centers - Calimesa,40.63,40.63,D,1,58,0,3,16.6,US PL Cabazon Factory,"Calimesa, CA",shipper,low
3949,Kennebec Valley Organization - Food Distribution Center,40.6,40.6,C,1,28,33.3,5,37.8,US PL Kingfield Factory,"Waterville, ME",shipper,medium
3950,Alternative Manufacturing Inc.,40.59,40.59,D,1,43,26.7,3,25.4,US PL Poland Spring Factory,"Winthrop, ME",shipper,medium
3951,a Culture Factory,40.56,40.56,C,1,39,33.3,3,28.1,US PL Allentown NPL Factory,"Phoenixville, PA",shipper,low
3952,Sandell Transport,40.55,40.55,D,1,46,0,5,23,US PL Saratoga Spring Factory,"Schenectady, NY",carrier,low
3953,Felbro Food Products,40.55,31.56,C,2,28,33.3,5,37.9,US PL Ontario Factory,"Compton, CA",shipper,low
3954,Parts Warehouse,40.53,40.53,C,1,32,46.7,3,34.3,US PL Dallas 2 Factory,"Rockwall, TX",shipper,medium
3955,HPH Logistics,40.49,40.49,C,1,50,33.3,1,20.8,US PL Madison Factory,"Lake Mills, WI",3pl,medium
3956,Ase Logistics and Solutions LLC,40.45,40.45,C,1,28,33.3,5,38.1,US PL Hot Springs 2 Factory,"Little Rock, AR",3pl,medium
3957,Bouchers Deer Cutting,40.45,40.45,C,1,28,33.3,5,38.1,US PL Kingfield Factory,"Winslow, ME",shipper,low
3958,"Dixon Valve Distribution Center - Albany, NY",40.41,40.41,C,1,39,33.3,3,28.3,US PL Saratoga Spring Factory,"Gloversville, NY",shipper,medium
3959,The Gathering - Food Distribution Center,40.41,40.41,C,1,39,33.3,3,28.3,US PL Saratoga Spring Factory,"Gloversville, NY",shipper,medium
3960,CNC Logistics Corp.,40.4,40.4,C,1,50,33.3,1,20.9,US PL Saratoga Spring Factory,"Broadalbin, NY",3pl,medium
3961,ADI Global Distribution - Little Rock,40.39,40.39,C,1,28,33.3,5,38.2,US PL Hot Springs 2 Factory,"Little Rock, AR",shipper,medium
3962,Uncle Dean's Natural Market,40.39,40.39,C,1,28,33.3,5,38.2,US PL Kingfield Factory,"Waterville, ME",shipper,low
3963,Amazon Fulfillment Center SHV1,40.39,40.39,A,1,6,93.3,3,83.6,US PL Hawkins Factory,"Shreveport, LA",3pl,high
3964,Wood Pellet Warehouse,40.34,40.34,C,1,39,33.3,3,28.4,US PL Kingfield Factory,"Jay, ME",shipper,medium
3965,AHH-Warehouse,40.34,40.34,C,1,28,33.3,5,38.3,US PL Hot Springs 2 Factory,"Little Rock, AR",shipper,medium
3966,"Freight Connect Logistics, Llc",40.31,40.31,C,1,50,33.3,1,21,US PL Dallas 2 Factory,"Waxahachie, TX",3pl,medium
3967,National Packaging Products,40.31,40.31,D,1,35,20,5,31.4,US PL Ontario Factory,"Commerce, CA",shipper,low
3968,Solution413,40.3,40.3,D,1,46,0,5,23.3,US PL Dallas 2 Factory,"Richardson, TX",shipper,low
3969,GC Logistics,40.29,40.29,C,1,28,33.3,5,38.4,US PL Hot Springs 2 Factory,"Little Rock, AR",3pl,medium
3970,Unified Brands,40.24,40.24,D,1,68,0,1,11.7,US PL Mecosta Factory,"Weidman, MI",shipper,low
3971,ACY1 Amazon Fulfillment Center,40.24,40.24,A,1,17,93.3,1,53.5,US PL Allentown NPL Factory,"West Deptford, NJ",3pl,high
3972,ACY5 Amazon Fulfillment Center,40.18,40.18,A,1,17,93.3,1,53.7,US PL Allentown NPL Factory,"Logan Township, NJ",3pl,high
3973,Maine Crisp Company,40.14,40.14,C,1,28,33.3,5,38.7,US PL Kingfield Factory,"Winslow, ME",shipper,low
3974,Engineering Industries Inc,40.11,40.11,D,1,67,0,1,11.8,US PL Madison Factory,"Verona, WI",shipper,low
3975,TimberHP by GO Lab,40.1,40.1,D,1,57,0,3,17.1,US PL Kingfield Factory,"Madison, ME",shipper,low
3976,Trans Atlantic Air and Ocean Shipping USA,40.1,40.1,D,1,57,0,3,17.1,US PL Dallas 2 Factory,"Alvarado, TX",shipper,low
3977,Saint Matthew Baptist Church - Food Distribution Center,40.06,40.06,C,1,38,33.3,3,28.8,US PL McBee Factory,"Lugoff, SC",shipper,medium
3978,Trinity Industries Inc,40.04,36.47,D,2,46,0,5,23.6,US PL Hawkins Factory,"Longview, TX",shipper,low
3979,eWorld Fulfillment,40.04,40.04,C,1,27,33.3,5,38.9,US PL Zephyrhills Factory,"St. Petersburg, FL",3pl,medium
3980,Mix N Pack,40.04,40.04,C,1,27,33.3,5,38.9,US PL Hot Springs 2 Factory,"Little Rock, AR",shipper,low
3981,The Home Improvement Warehouse,40.04,40.04,C,1,25,37.3,5,41.4,US PL Zephyrhills Factory,"Pinellas Park, FL",shipper,medium
3982,Coastal Metal Fab,40,40,D,1,56,0,3,17.2,US PL Poland Spring Factory,"Topsham, ME",shipper,low
3983,111 Coldwater Storage,39.99,39.99,D,1,67,0,1,11.9,US PL Mecosta Factory,"Weidman, MI",shipper,low
3984,Specialty Machining Inc.,39.99,39.99,D,1,67,0,1,11.9,US PL High Springs Factory,"Newberry, FL",shipper,low
3985,AFS Logistics,39.99,39.99,C,1,27,33.3,5,39,US PL Hot Springs 2 Factory,"Little Rock, AR",3pl,medium
3986,AVP8 Amazon Fulfillment Center,39.97,39.97,A,1,16,93.3,1,54.4,US DC NFI - Breinigsville,"Pittston, PA",3pl,high
3987,Raybestos Powertrain - Manufacturing Plant,39.95,26.1,A,2,18,100,0,51.3,US PL Greenwood Indiana,"Crawfordsville, IN",shipper,high
3988,Arkansas Foodbank Network Inc - Food Distribution Center,39.94,39.94,C,1,27,33.3,5,39.1,US PL Hot Springs 2 Factory,"Little Rock, AR",shipper,medium
3989,Pulaski Heights UMC - Food Distribution Center,39.94,39.94,C,1,27,33.3,5,39.1,US PL Hot Springs 2 Factory,"Little Rock, AR",shipper,medium
3990,Treadstone Logistics LLC,39.92,39.92,C,1,38,33.3,3,29,US DC Hot Springs (WHSE),"Benton, AR",3pl,medium
3991,Freight Station,39.91,39.91,A,1,18,100,0,51.4,US PL Greenwood Indiana,"Crawfordsville, IN",shipper,medium
3992,Amazon Fulfillment Center TCY5 - employee parking,39.91,39.91,A,1,16,93.3,1,54.6,US PL Sacramento Factory,"Tracy, CA",3pl,high
3993,IKI Manufacturing Co,39.9,39.9,D,1,53,26.7,1,19.3,US PL Madison Factory,"Edgerton, WI",shipper,medium
3994,Stockton Cold Storage,39.89,39.89,C,1,27,33.3,5,39.2,US PL Sacramento Factory,"Stockton, CA",shipper,medium
3995,"Sober Living, Inc. - Food Distribution Center",39.89,39.89,C,1,27,33.3,5,39.2,US PL Hot Springs 2 Factory,"Little Rock, AR",shipper,medium
3996,Genpak LLC,39.88,39.88,D,1,45,0,5,23.8,US PL Hawkins Factory,"Longview, TX",shipper,low
3997,TCY5 Amazon,39.88,39.88,A,1,16,93.3,1,54.7,US PL Sacramento Factory,"Tracy, CA",shipper,medium
3998,Thunder Bay Foods,39.84,39.84,C,1,27,33.3,5,39.3,US PL Zephyrhills Factory,"Clearwater, FL",shipper,low
3999,Karma Innovation and Customization Center,39.8,39.8,D,1,45,0,5,23.9,US PL Ontario Factory,"Moreno Valley, CA",shipper,low
4000,Amazon Fulfilment TEB3,39.79,39.79,A,1,16,93.3,1,55,US PL Allentown NPL Factory,"Logan Township, NJ",shipper,medium
4001,"SMC Global Distribution Center (Pageland, SC)",39.77,39.77,C,1,49,33.3,1,21.6,US PL McBee Factory,"Pageland, SC",shipper,medium
4002,Pepsi Bottling Ventures,39.76,35.07,A,4,12,100,1,62.9,US PL McBee Factory,"Harrisburg, NC",shipper,high
4003,Steel River Manufacturing,39.74,39.74,D,1,41,26.7,3,26.5,US PL S Houston Factory,"Spring, TX",shipper,medium
4004,Ark-La-Miss Logistics Inc,39.74,39.74,C,1,27,33.3,5,39.5,US PL Hot Springs 2 Factory,"Maumelle, AR",3pl,medium
4005,Fantis Food of Florida Inc,39.74,39.74,C,1,27,33.3,5,39.5,US PL Zephyrhills Factory,"St. Petersburg, FL",shipper,low
4006,Applied Manufacturing,39.73,39.73,D,1,30,26.7,5,35.7,US PL Cabazon Factory,"Temecula, CA",shipper,medium
4007,Amazon SJC7,39.73,39.73,A,1,16,93.3,1,55.2,US PL Sacramento Factory,"Tracy, CA",shipper,medium
4008,Crossdock in Elk Grove Village,39.73,39.73,A,1,4,96,3,100.5,US PL Madison Factory,"Elk Grove Village, IL",shipper,medium
4009,"The Logistix Savant, LLC",39.71,39.71,D,1,45,0,5,24,US PL Saratoga Spring Factory,"Troy, NY",shipper,low
4010,MTN1 Amazon Fulfillment Center work,39.71,39.71,A,1,16,93.3,1,55.3,US PL Allentown NPL Factory,"Wilmington, DE",3pl,high
4011,Prime Time Cold Storage LLC,39.69,39.69,C,1,27,33.3,5,39.6,US PL Ontario Factory,"Carson, CA",shipper,medium
4012,"Hyder Logistics, LLC",39.69,39.69,C,1,27,33.3,5,39.6,US PL Dallas 2 Factory,"Terrell, TX",3pl,medium
4013,Greaney's Turkey Farm,39.68,39.68,C,1,49,33.3,1,21.7,US PL Kingfield Factory,"Mercer, ME",shipper,low
4014,FREITTY Cross-Dock Stockton,39.64,39.64,C,1,27,33.3,5,39.7,US PL Sacramento Factory,"Stockton, CA",shipper,low
4015,Columbia Containers & Storage,39.63,39.63,C,1,45,20,3,24.1,US PL High Springs Factory,"Lake City, FL",shipper,low
4016,Auger Michael,39.62,39.62,D,1,67,0,1,12.2,US PL Kingfield Factory,"Phillips, ME",shipper,low
4017,The Texas Slab Factory,39.59,39.59,D,1,41,26.7,3,26.7,US PL Dallas 2 Factory,"Plano, TX",shipper,low
4018,PinkBlush Maternity Fulfillment Center,39.57,39.57,C,1,37,33.3,3,29.5,US PL Greenwood Indiana,"Noblesville, IN",3pl,medium
4019,Rineco Chemical Industries Inc,39.55,39.55,D,1,45,20,3,24.2,US DC Hot Springs (WHSE),"Benton, AR",shipper,low
4020,DTL Terminal,39.55,39.55,D,1,45,0,5,24.2,US PL Sacramento Factory,"Woodland, CA",shipper,medium
4021,JMS Warehousing Co,39.55,39.55,D,1,45,0,5,24.2,US PL Saratoga Spring Factory,"Albany, NY",3pl,low
4022,Opus Packaging,39.55,34.84,D,2,34,20,5,32.6,US PL McBee Factory,"Florence, SC",shipper,low
4023,Baker Cold Storage,39.55,39.55,C,1,26,33.3,5,39.9,US PL Ontario Factory,"Long Beach, CA",shipper,medium
4024,BDP Industries Inc,39.5,39.5,D,1,66,0,1,12.3,US PL Saratoga Spring Factory,"Greenwich, NY",shipper,low
4025,Horizon Warehouse,39.5,39.5,C,1,48,33.3,1,21.9,US PL Madison Factory,"Lake Mills, WI",shipper,medium
4026,Hemlock Ridge Meat Processing,39.5,39.5,C,1,48,33.3,1,21.9,US PL Kingfield Factory,"New Sharon, ME",shipper,medium
4027,Hemlock Ridge Smokehouse,39.5,39.5,C,1,48,33.3,1,21.9,US PL Kingfield Factory,"New Sharon, ME",shipper,low
4028,TKS Cold Storage MFG & Construction,39.5,28.89,C,2,26,33.3,5,40,US PL Sacramento Factory,"Stockton, CA",shipper,medium
4029,Hope Outreach-New Beginnings - Food Distribution Center,39.49,39.49,C,1,54,33.3,0,18.7,US DC Hot Springs (WHSE),"Bismarck, AR",shipper,medium
4030,Georgia-Pacific Palatka Operations,39.48,39.48,A,1,15,93.3,1,56.1,US PL High Springs Factory,"Palatka, FL",shipper,medium
4031,Reliance Cold Storage,39.45,39.45,C,1,26,33.3,5,40.1,US PL Sacramento Factory,"Stockton, CA",shipper,medium
4032,Crossdock & Rework Service,39.45,39.45,C,1,26,33.3,5,40.1,US PL Sacramento Factory,"Stockton, CA",shipper,low
4033,Atlas Storage Centers Yucaipa,39.39,39.39,D,1,55,0,3,17.8,US PL Cabazon Factory,"Yucaipa, CA",shipper,low
4034,Nordic Cold Chain Solutions,39.39,39.39,D,1,44,0,5,24.4,US PL Allentown NPL Factory,"Hatfield, PA",shipper,low
4035,JM Eagle Co,39.39,39.39,D,1,44,0,5,24.4,US PL Ontario Factory,"Perris, CA",shipper,low
4036,Iglesia Apostolica - Food Distribution Center,39.35,39.35,C,1,26,33.3,5,40.3,US PL Hot Springs 2 Factory,"Little Rock, AR",shipper,medium
4037,RENOSY by Renters Warehouse Tampa,39.33,39.33,C,1,48,33.3,1,22.1,US PL Zephyrhills Factory,"Land O' Lakes, FL",shipper,medium
4038,Allen Greenhouses Mfg LLC,39.33,39.33,C,1,48,33.3,1,22.1,US DC Hot Springs (WHSE),"Benton, AR",shipper,low
4039,Pickup Truck Accessory Warehouse & Vortex Sprayliner,39.31,39.31,C,1,26,33.3,5,40.4,US PL Hot Springs 2 Factory,"Little Rock, AR",shipper,medium
4040,"Beme, Nova Container Freight Station",39.31,39.31,C,1,26,33.3,5,40.4,US PL Ontario Factory,"Carson, CA",shipper,low
4041,A-1 Creative Packaging Corporation Plant-4,39.3,39.3,A,1,26,82.7,0,40,US PL Madison Factory,"Palmyra, WI",shipper,high
4042,Pepsi Bottling Group Truck Entrance,39.28,39.28,A,1,11,100,1,65.1,US PL Sacramento Factory,"Modesto, CA",shipper,high
4043,Hershey's Annville Fulfillment Center,39.25,39.25,A,1,19,86.7,1,50.4,US PL Allentown NPL Factory,"Annville, PA",3pl,high
4044,Nu Leif Logistics,39.21,39.21,C,1,26,33.3,5,40.6,US PL Hot Springs 2 Factory,"Little Rock, AR",3pl,medium
4045,XEW6 Amazon Fulfillment Center,39.2,39.2,A,1,15,93.3,1,57.1,US DC NFI - Breinigsville,"Somerset, NJ",3pl,high
4046,"Aberdeen Coca-Cola Bottling Co., Inc.",39.18,39.18,A,1,11,100,1,65.6,US PL McBee Factory,"Aberdeen, NC",shipper,high
4047,Iray Logistics Inc,39.17,39.17,C,1,37,33.3,3,30.1,US PL Madison Factory,"Janesville, WI",3pl,medium
4048,Florida Pasta Company,39.16,39.16,C,1,26,33.3,5,40.7,US PL Zephyrhills Factory,"Clearwater, FL",shipper,low
4049,Central Maine Warehousing,39.14,39.14,D,1,44,0,5,24.7,US PL Kingfield Factory,"Skowhegan, ME",3pl,low
4050,Lowe's Regional Distribution Center,39.14,39.14,A,1,15,93.3,1,57.3,US PL Madison Factory,"Rockford, IL",shipper,high
4051,"Crossing Storage Services, Inc.",39.13,39.13,C,1,29,26.7,5,36.8,US PL Ontario Factory,"Los Angeles, CA",shipper,low
4052,Catch A Fire,39.12,39.12,C,1,26,33.3,5,40.8,US PL Zephyrhills Factory,"Clearwater, FL",shipper,low
4053,Condor Cold Storage,39.1,39.1,C,1,37,33.3,3,30.2,US PL Ontario Factory,"Costa Mesa, CA",shipper,medium
4054,Dillards Fulfillment Center,39.07,39.07,C,1,26,33.3,5,40.9,US PL Hot Springs 2 Factory,"Maumelle, AR",3pl,medium
4055,Carson Cold Storage & Packing,39.07,39.07,C,1,26,33.3,5,40.9,US PL Ontario Factory,"Carson, CA",shipper,medium
4056,North Force MFG,39.06,39.06,D,1,44,0,5,24.8,US PL Kingfield Factory,"Norridgewock, ME",shipper,low
4057,Mastercraft Inc.,38.98,38.98,D,1,44,0,5,24.9,US PL Kingfield Factory,"Skowhegan, ME",shipper,low
4058,Ace Hardware Corporate Warehouse,38.98,38.98,C,1,25,33.3,5,41.1,US PL Hot Springs 2 Factory,"Maumelle, AR",shipper,medium
4059,Tipton Mills Foods LLC,38.97,38.97,C,1,36,33.3,3,30.4,US PL Greenwood Indiana,"Columbus, IN",shipper,low
4060,Diamond Cross-Dock Services,38.93,38.93,C,1,25,33.3,5,41.2,US PL Sacramento Factory,"Stockton, CA",shipper,low
4061,Carolina Canners Inc,38.9,38.9,D,1,43,20,3,25,US PL McBee Factory,"Cheraw, SC",shipper,low
4062,Candor Expedite Inc.,38.9,38.9,D,1,43,20,3,25,US PL Dallas 2 Factory,"Plano, TX",shipper,low
4063,Acme Brick Co.,38.88,38.88,D,1,54,0,3,18.3,US DC Hot Springs (WHSE),"Malvern, AR",shipper,low
4064,"Cypress Cold Storage, LLC",38.88,29.78,C,3,25,33.3,5,41.3,US PL Hot Springs 2 Factory,"Maumelle, AR",shipper,medium
4065,AY Logistics Inc Crossdock and Warehouse,38.88,38.88,C,1,25,33.3,5,41.3,US PL McBee Factory,"Monroe, NC",3pl,medium
4066,DNK7 Amazon,38.85,38.85,A,1,14,93.3,1,58.4,US DC NFI - Breinigsville,"Middlesex, NJ",shipper,medium
4067,Huck Finn Home,38.81,38.81,D,1,39,8,5,28.3,US PL Saratoga Spring Factory,"Albany, NY",shipper,low
4068,Amazon Fulfillment Center DMH4,38.81,38.81,A,1,3,93.3,3,102.4,US PL Hollis Factory,"Canton, MA",3pl,high
4069,SHIPPING,38.78,38.78,D,1,65,0,1,12.9,US PL Mecosta Factory,"Stanwood, MI",shipper,low
4070,Great Bay Manufacturing,38.77,38.77,D,1,40,26.7,3,27.8,US PL Hollis Factory,"Rochester, NH",shipper,medium
4071,DuPont Salisbury Manufacturing Plant - ArmorWall Fire-Rated Structural Insulated Sheathing,38.76,38.76,B,1,7,86.7,3,80.5,US PL McBee Factory,"Salisbury, NC",shipper,high
4072,Global Warehousing,38.74,38.74,D,1,43,0,5,25.2,US PL Zephyrhills Factory,"Tampa, FL",3pl,low
4073,Ice Service Co,38.74,38.74,D,1,43,0,5,25.2,US PL McBee Factory,"Darlington, SC",shipper,low
4074,The Plumbing Warehouse,38.74,38.74,C,1,25,33.3,5,41.6,US PL Hot Springs 2 Factory,"Little Rock, AR",shipper,medium
4075,Arkansas Warehouse and Transfer,38.74,38.74,C,1,25,33.3,5,41.6,US PL Hot Springs 2 Factory,"Little Rock, AR",shipper,medium
4076,World Wide Packaging Logistics Inc,38.71,38.71,C,1,52,33.3,0,19.5,US PL Madison Factory,"Arlington, WI",3pl,medium
4077,Wakefield Food Pantry - Food Distribution Center,38.71,38.71,C,1,52,33.3,0,19.5,US PL Hollis Factory,"Sanbornville, NH",shipper,medium
4078,Arkansas Elite Warehouse,38.7,37.73,C,2,25,33.3,5,41.7,US PL Hot Springs 2 Factory,"Little Rock, AR",shipper,medium
4079,Tessiers Farm,38.67,38.67,D,1,43,0,5,25.3,US PL Kingfield Factory,"Skowhegan, ME",shipper,low
4080,Sandy River & Rangeley Lakes Rly Depot,38.66,38.66,D,1,65,0,1,13,US PL Kingfield Factory,"Phillips, ME",shipper,medium
4081,Abby Road Warehouse,38.61,38.61,C,1,25,33.3,5,41.9,US PL Hot Springs 2 Factory,"Little Rock, AR",shipper,medium
4082,Merrimack Manufacturing,38.59,38.59,D,1,56,26.7,0,17.6,US PL Poland Spring Factory,"Bridgton, ME",shipper,medium
4083,HUB Industrial Supply,38.59,38.59,C,1,50,26.7,1,20.7,US PL High Springs Factory,"Lake City, FL",shipper,low
4084,Signature Warehouse Solutions,38.56,38.56,C,1,25,33.3,5,42,US PL Hot Springs 2 Factory,"Little Rock, AR",shipper,medium
4085,Hodges Heavy Duty Truck Parts,38.56,38.56,C,1,25,33.3,5,42,US PL Hot Springs Factory,"Russellville, AR",shipper,low
4086,River City Cold Storage,38.52,38.52,C,1,25,33.3,5,42.1,US PL Hot Springs 2 Factory,"Little Rock, AR",shipper,medium
4087,East Harding Warehouse Facility,38.52,38.52,C,1,25,33.3,5,42.1,US PL Hot Springs 2 Factory,"Little Rock, AR",shipper,medium
4088,Signode,38.51,38.51,D,1,43,0,5,25.5,US PL Hot Springs 2 Factory,"Benton, AR",shipper,low
4089,Hazleton Logistics Park,38.5,38.5,C,1,35,33.3,3,31.1,US PL Allentown Factory,"McAdoo, PA",3pl,medium
4090,On Time Logistics,38.47,38.47,C,1,24,33.3,5,42.2,US PL Hot Springs 2 Factory,"Little Rock, AR",3pl,medium
4091,Colonial Springs Bottling Plant,38.44,38.44,C,1,35,33.3,3,31.2,US PL Allentown NPL Factory,"Phoenixville, PA",shipper,medium
4092,U Storage,38.43,38.43,D,1,43,0,5,25.6,US PL Hot Springs 2 Factory,"Benton, AR",shipper,low
4093,Saint Francis House-Little Rock Pantry - Food Distribution Center,38.43,38.43,C,1,24,33.3,5,42.3,US PL Hot Springs 2 Factory,"Little Rock, AR",shipper,medium
4094,Quality Living Center -,38.43,38.43,C,1,24,33.3,5,42.3,US PL Hot Springs 2 Factory,"Little Rock, AR",shipper,low
4095,"DMG MORI Manufacturing USA, Inc.",38.39,38.39,D,1,55,26.7,0,17.8,US PL Sacramento Factory,"Davis, CA",shipper,medium
4096,Peak Manufacturing Inc,38.39,38.39,D,1,55,26.7,0,17.8,US PL Sacramento Factory,"Galt, CA",shipper,medium
4097,AR Fireworks Warehouse,38.38,38.38,C,1,24,33.3,5,42.4,US PL Hot Springs 2 Factory,"Little Rock, AR",shipper,medium
4098,Morgan SuperStop,38.38,38.38,C,1,24,33.3,5,42.4,US PL Hot Springs 2 Factory,"North Little Rock, AR",shipper,low
4099,Little Rock Compassion Center - Food Distribution Center,38.34,38.34,C,1,24,33.3,5,42.5,US PL Hot Springs 2 Factory,"Little Rock, AR",shipper,medium
4100,Co Packing Express,38.34,38.34,C,1,24,33.3,5,42.5,US PL Zephyrhills Factory,"St. Petersburg, FL",shipper,low
4101,Rudd Manufacturing and Custom Welding,38.29,38.29,D,1,55,26.7,0,17.9,US PL Hawkins Factory,"Arp, TX",shipper,medium
4102,SI Group Inc,38.29,38.29,D,1,53,0,3,18.9,US PL Saratoga Spring Factory,"Rotterdam Junction, NY",shipper,low
4103,Semper Foods,38.29,38.29,C,1,24,33.3,5,42.6,US PL Zephyrhills Factory,"Seminole, FL",shipper,low
4104,Dirigo Fire,38.27,38.27,D,1,42,0,5,25.8,US PL Kingfield Factory,"Skowhegan, ME",shipper,low
4105,Amazon Flex Fulfillment Center EWR4,38.27,38.27,A,1,13,93.3,1,60.7,US DC NFI - Breinigsville,"Robbinsville Twp, NJ",3pl,high
4106,Pentagon Logistics Group LLC,38.21,38.21,C,1,24,33.3,5,42.8,US PL Hot Springs 2 Factory,"Little Rock, AR",3pl,medium
4107,Freight Ready,38.21,38.21,C,1,24,33.3,5,42.8,US PL Sacramento Factory,"Stockton, CA",shipper,low
4108,Gwynedd Manufacturing Inc,38.2,38.2,D,1,39,26.7,3,28.6,US PL Allentown NPL Factory,"North Wales, PA",shipper,medium
4109,SteelSafe Storage Pottstown,38.19,38.19,D,1,55,16,1,17.8,US PL Allentown NPL Factory,"Pottstown, PA",shipper,low
4110,KHS&S-Tampa Warehouse,38.18,38.18,C,1,35,33.3,3,31.6,US PL Zephyrhills Factory,"Tampa, FL",shipper,medium
4111,Warehouse Liquor Store and Bar,38.18,38.18,C,1,35,33.3,3,31.6,US PL Zephyrhills Factory,"Tampa, FL",shipper,medium
4112,Crossdock 24/7 Tampa,38.16,38.16,C,1,24,33.3,5,42.9,US PL Zephyrhills Factory,"Largo, FL",shipper,low
4113,Smurfit Westrock Mooresville Container Plant,38.16,38.16,B,1,6,86.7,3,85.7,US PL McBee Factory,"Mooresville, NC",shipper,high
4114,Leeds Food Pantry - Food Distribution Center,38.14,38.14,C,1,51,33.3,0,20.1,US PL Poland Spring Factory,"Leeds, ME",shipper,medium
4115,Full Metal Fab Automotive Services,38.14,38.14,D,1,28,26.7,5,38.7,US PL Kingfield Factory,"Winslow, ME",shipper,low
4116,Seaport Storage,38.12,38.12,D,1,42,0,5,26,US PL Zephyrhills Factory,"Tampa, FL",shipper,low
4117,Hope Ministry Alliance - Food Distribution Center,38.12,38.12,C,1,24,33.3,5,43,US PL Hot Springs 2 Factory,"North Little Rock, AR",shipper,medium
4118,DET3 Amazon Fulfillment Center,38.09,38.09,A,1,2,93.3,3,117.7,US PL Mecosta Factory,"Pontiac, MI",3pl,high
4119,ABC Logistics,38.07,38.07,C,1,24,33.3,5,43.1,US PL Hot Springs 2 Factory,"Little Rock, AR",3pl,medium
4120,Nacogdoches Coca-Cola,38.06,38.06,A,1,9,100,1,71.6,US PL Hawkins Factory,"Nacogdoches, TX",shipper,medium
4121,Magnum Truck Racks,38.04,38.04,C,1,27,26.7,5,38.9,US PL Kingfield Factory,"Waterville, ME",shipper,low
4122,Bona US - Distribution Center (DC2),38.03,38.03,C,1,24,33.3,5,43.2,US PL McBee Factory,"Monroe, NC",shipper,medium
4123,"Lippert Plant 115-A in Gloversville, NY",37.99,37.99,D,1,38,26.7,3,28.9,US PL Saratoga Spring Factory,"Gloversville, NY",shipper,medium
4124,Advanced Manufacturing Inc,37.99,33.67,D,2,27,26.7,5,39,US PL Zephyrhills Factory,"St. Petersburg, FL",shipper,medium
4125,Albany Nanotech Complex Zen Loading Dock,37.97,37.97,D,1,42,0,5,26.2,US PL Saratoga Spring Factory,"Albany, NY",shipper,low
4126,Orangeburg Coca-Cola Bottling Co.,37.97,37.97,A,1,9,100,1,72.1,US PL McBee Factory,"Orangeburg, SC",shipper,high
4127,Rural Community Action Ministry - Food Distribution Center,37.96,37.96,C,1,51,33.3,0,20.3,US PL Poland Spring Factory,"Leeds, ME",shipper,medium
4128,The Gazette Printing & Distribution Center,37.93,37.93,C,1,34,33.3,3,32,US PL Madison Factory,"Janesville, WI",shipper,medium
4129,New Life Warehouse,37.93,37.93,C,1,34,33.3,3,32,US PL Zephyrhills Factory,"Oldsmar, FL",shipper,medium
4130,Smurfit Westrock Greenville Folding Carton Plant,37.91,37.91,B,1,16,86.7,1,54.6,US PL Dallas 2 Factory,"Greenville, TX",shipper,high
4131,DET1 Amazon Fulfillment Center,37.91,37.91,A,1,2,93.3,3,123,US PL Mecosta Factory,"Livonia, MI",3pl,high
4132,Tipton & Hurst Warehouse,37.9,37.9,C,1,23,33.3,5,43.5,US PL Hot Springs 2 Factory,"Little Rock, AR",shipper,medium
4133,Phillip View Farm,37.86,37.86,C,1,51,33.3,0,20.4,US PL Poland Spring Factory,"Sebago, ME",shipper,low
4134,GSP Logistics Inc,37.82,37.82,C,1,23,33.3,5,43.7,US PL Hot Springs Factory,"Russellville, AR",3pl,medium
4135,Castillo Packaging,37.81,37.81,D,1,41,20,3,26.4,US PL Greenwood Indiana,"Columbus, IN",shipper,low
4136,Northwoods Pet Provisions,37.8,37.8,C,1,45,33.3,1,23.9,US PL Madison Factory,"Mazomanie, WI",shipper,low
4137,Warehouse Deli,37.8,37.8,C,1,34,33.3,3,32.2,US PL Zephyrhills Factory,"Oldsmar, FL",shipper,medium
4138,Essex Food Ingredients,37.8,37.8,C,1,34,33.3,3,32.2,US PL Allentown NPL Factory,"Frazer, PA",shipper,low
4139,Rev-Tech Manufacturing Solutions,37.79,37.79,D,1,27,26.7,5,39.4,US PL Zephyrhills Factory,"St. Petersburg, FL",shipper,medium
4140,Chewy Fullfillment Center AVP1,37.78,37.78,A,1,20,80,1,48.9,US PL Allentown Factory,"Wilkes-Barre, PA",shipper,medium
4141,Montcalm Dept Human Services - Food Distribution Center,37.77,37.77,C,1,50,33.3,0,20.5,US PL Mecosta Factory,"Stanton, MI",shipper,medium
4142,RFD1- Merch by Amazon,37.75,37.75,A,1,18,93.3,0,51.9,US PL Madison Factory,"Rockford, IL",shipper,medium
4143,All-Temp Storage,37.74,37.74,D,1,41,0,5,26.5,US PL Zephyrhills Factory,"Auburndale, FL",shipper,low
4144,Longview Texas,37.74,37.74,D,1,41,0,5,26.5,US PL Hawkins Factory,"Longview, TX",shipper,low
4145,Gene Haas Center,37.74,37.74,D,1,41,0,5,26.5,US PL Saratoga Spring Factory,"Troy, NY",shipper,low
4146,East Coast Warehouse & Fulfillment,37.74,37.74,C,1,34,33.3,3,32.3,US PL Allentown NPL Factory,"Exton, PA",3pl,medium
4147,Mom's Mini Warehouses,37.71,37.71,C,1,45,33.3,1,24,US PL Madison Factory,"Poynette, WI",shipper,medium
4148,The Rustic Warehouse,37.68,37.68,C,1,34,33.3,3,32.4,US PL Dallas 2 Factory,"Rockwall, TX",shipper,medium
4149,IPM Foods,37.68,37.68,C,1,34,33.3,3,32.4,US PL Madison Factory,"Janesville, WI",shipper,low
4150,Amazon Fulfillment Center DIA6,37.67,37.67,A,1,12,93.3,1,63.3,US PL Madison Factory,"Rockford, IL",3pl,high
4151,Bandit Industries Inc,37.61,37.61,D,1,68,0,0,11.4,US PL Mecosta Factory,"Remus, MI",shipper,low
4152,R-Cold,37.59,37.59,D,1,41,0,5,26.7,US PL Cabazon Factory,"Perris, CA",shipper,low
4153,Pine Tree Poultry,37.55,37.55,C,1,45,33.3,1,24.2,US PL Kingfield Factory,"New Sharon, ME",shipper,low
4154,Smurfit Westrock Fort Smith Sheet Plant,37.54,37.54,B,1,5,86.7,3,92.2,US PL Hot Springs Factory,"Fort Smith, AR",shipper,high
4155,"Hedrick Logistics Specialists, Inc.",37.52,37.52,C,1,23,33.3,5,44.4,US PL McBee Factory,"Monroe, NC",3pl,medium
4156,Mount Zion Baptist Church - Food Distribution Center,37.52,37.52,C,1,23,33.3,5,44.4,US PL Hot Springs 2 Factory,"Little Rock, AR",shipper,medium
4157,Blain Supply 6th Warehouse,37.49,37.49,C,1,34,33.3,3,32.7,US PL Madison Factory,"Janesville, WI",shipper,medium
4158,Maine Childrens Alliance - Food Distribution Center,37.49,37.49,C,1,34,33.3,3,32.7,US PL Poland Spring Factory,"Augusta, ME",shipper,medium
4159,Main Street Mission Warehouse,37.48,37.48,C,1,23,33.3,5,44.5,US PL Hot Springs Factory,"Russellville, AR",shipper,medium
4160,Mayfield Central Presbyterian Church - Food Distribution Center,37.47,37.47,C,1,44,33.3,1,24.3,US PL Saratoga Spring Factory,"Mayfield, NY",shipper,medium
4161,Eastern Propane & Oil Distribution Center,37.47,37.47,C,1,44,33.3,1,24.3,US PL Hollis Factory,"Rochester, NH",shipper,medium
4162,Penn Manufacturing Industries,37.44,37.44,D,1,37,26.7,3,29.7,US PL Allentown NPL Factory,"Montgomeryville, PA",shipper,medium
4163,Pactiv Evergreen Manufacturing Plant,37.42,37.42,B,1,17,82.7,1,52.3,US PL Dallas 2 Factory,"Corsicana, TX",shipper,high
4164,Central Baptist Church-Conway - Food Distribution Center,37.4,37.4,C,1,23,33.3,5,44.7,US PL Hot Springs Factory,"Conway, AR",shipper,medium
4165,Supreme Team Logistics,37.4,37.4,C,1,23,33.3,5,44.7,US PL Hot Springs 2 Factory,"Little Rock, AR 72206, USA",3pl,medium
4166,Lakeside Foods - Poynette Distribution Center,37.39,37.39,C,1,44,33.3,1,24.4,US PL Madison Factory,"Poynette, WI",shipper,medium
4167,Super Discount Warehouse,37.39,37.39,C,1,44,33.3,1,24.4,US PL Mecosta Factory,"Farwell, MI",shipper,medium
4168,Port Tampa Bay,37.36,37.36,D,1,41,0,5,27,US PL Zephyrhills Factory,"Tampa, FL",shipper,low
4169,Merchants Transfer & Warehouse Company,37.35,37.35,C,1,22,33.3,5,44.8,US PL Hot Springs 2 Factory,"Little Rock, AR",shipper,medium
4170,Saint John Baptist Church - Food Distribution Center,37.35,37.35,C,1,22,33.3,5,44.8,US PL Hot Springs 2 Factory,"Little Rock, AR",shipper,medium
4171,Source Logistics Inc,37.35,37.35,C,1,22,33.3,5,44.8,US PL Hot Springs Factory,"Russellville, AR",3pl,medium
4172,Joshen Paper & Packaging,37.35,37.35,C,1,22,33.3,5,44.8,US PL Hot Springs 2 Factory,"Little Rock, AR",shipper,low
4173,Kraft Foods,37.31,37.31,C,1,22,33.3,5,44.9,US PL Mecosta Factory,"Grand Rapids, MI",shipper,low
4174,"Arcadia Cold Storage | Fort Worth",37.3,37.3,C,1,44,33.3,1,24.5,US PL Dallas 2 Factory,"Burleson, TX",shipper,medium
4175,PE Manufacturing of FL,37.26,37.26,D,1,26,26.7,5,40.5,US PL Zephyrhills Factory,"Clearwater, FL",shipper,medium
4176,Bella Rosa Commerce Center Mini,37.24,37.24,C,1,30,20,5,36.6,US PL Hot Springs 2 Factory,"Little Rock, AR",shipper,low
4177,Warehouse Liquor Market,37.23,34.79,C,3,22,33.3,5,34.7,US PL Hot Springs 2 Factory,"Little Rock, AR",shipper,medium
4178,Transportation and Logistics Practice,37.23,37.23,C,1,22,33.3,5,45.1,US PL Hot Springs 2 Factory,"Little Rock, AR",3pl,medium
4179,SPR Distribution Center,37.19,37.19,C,1,33,33.3,3,33.2,US PL Dallas 2 Factory,"Rockwall, TX",shipper,medium
4180,PetSmart Distribution Center,37.19,36.58,C,2,33,33.3,3,33.2,US PL Dallas 2 Factory,"Ennis, TX",shipper,medium
4181,"American International Foods, Inc.",37.19,37.19,C,1,22,33.3,5,45.2,US PL Mecosta Factory,"Ada, MI",shipper,low
4182,Rainbow Ecommerce Fulfillment Center,37.15,37.15,C,1,22,33.3,5,45.3,US PL Allentown NPL Factory,"Philadelphia, PA",3pl,medium
4183,Adcom Worldwide TPA,37.14,37.14,D,1,40,0,5,27.3,US PL Zephyrhills Factory,"Tampa, FL",shipper,low
4184,DEP Garage/Warehouse,37.13,37.13,C,1,33,33.3,3,33.3,US PL Poland Spring Factory,"Augusta, ME",shipper,medium
4185,Philadelphia Distribution Center,37.11,37.11,C,1,22,33.3,5,45.4,US PL Allentown NPL Factory,"Philadelphia, PA",shipper,medium
4186,Kensington Food Company,37.11,37.11,C,1,22,33.3,5,45.4,US PL Allentown NPL Factory,"Philadelphia, PA",shipper,low
4187,Graphic Packaging International,37.05,34.65,B,4,6,82.7,3,70.2,US PL Hot Springs Factory,"Fort Smith, AR",shipper,medium
4188,LML logistics,37.04,37.04,C,1,49,33.3,0,21.3,US PL Hollis Factory,"North Berwick, ME",3pl,medium
4189,"Great Northern Docks, Inc.",37.03,37.03,D,1,62,0,1,14.4,US PL Poland Spring Factory,"Naples, ME",shipper,low
4190,"DIEL JERUE LOGISTICS, INC.",37.03,37.03,C,1,22,33.3,5,45.6,US PL High Springs Factory,"Ocala, FL",3pl,medium
4191,"RJS Logistics, LLC",37.03,37.03,C,1,22,33.3,5,45.6,US PL McBee Factory,"Monroe, NC",3pl,medium
4192,Custom Manufacturing & Engineering,37.02,37.02,D,1,25,26.7,5,41,US PL Zephyrhills Factory,"Pinellas Park, FL",shipper,medium
4193,Frugal MacDoogal Beverage Warehouse,37.01,37.01,C,1,15,46.7,5,57.8,US PL McBee Factory,"Fort Mill, SC",shipper,medium
4194,Marshalls Distribution Center,37,37,B,1,7,80,3,78.6,US PL Hollis Factory,"Woburn, MA",shipper,high
4195,Cellblock FCS,36.99,36.99,D,1,67,0,0,11.9,US PL Hollis Factory,"Standish, ME",shipper,low
4196,Southwest Airlines,36.99,36.99,D,1,40,0,5,27.5,US PL Zephyrhills Factory,"Tampa, FL",shipper,low
4197,Coating Place - Food Manufacturing,36.98,36.98,C,1,44,33.3,1,24.9,US PL Madison Factory,"Sauk City, WI",shipper,medium
4198,"Molex, LLC. LRC Plant",36.98,36.98,D,1,25,26.7,5,41.1,US PL Hot Springs 2 Factory,"Maumelle, AR",shipper,medium
4199,Logistics Terminals Inc,36.95,36.95,C,1,22,33.3,5,45.8,US PL Sacramento Factory,"French Camp, CA",3pl,medium
4200,Watershed - Food Distribution Center,36.95,36.95,C,1,22,33.3,5,45.8,US PL Hot Springs 2 Factory,"Little Rock, AR",shipper,medium
4201,Grace Manufacturing,36.93,36.93,D,1,25,26.7,5,41.2,US PL Hot Springs Factory,"Russellville, AR",shipper,medium
4202,Minute Maid Co./work,36.92,36.92,D,1,40,0,5,27.6,US PL Zephyrhills Factory,"Auburndale, FL",shipper,low
4203,A&A INTERMODAL TERMINAL,36.91,36.91,C,1,22,33.3,5,45.9,US PL Sacramento Factory,"French Camp, CA",carrier,medium
4204,E & J Logistics Llc,36.91,36.91,C,1,22,33.3,5,45.9,US PL Mecosta Factory,"Ada, MI",3pl,medium
4205,"Baker Manufacturing Company, LLC",36.9,36.9,D,1,53,26.7,0,19.3,US PL Madison Factory,"Evansville, WI",shipper,medium
4206,Warehouse One Antiques & Collectibles,36.9,36.9,C,1,19,37.3,5,49.1,US PL Mecosta Factory,"Grand Rapids, MI",shipper,medium
4207,Parts Warehouse Inc-Little Rock,36.87,36.87,C,1,22,33.3,5,46,US PL Hot Springs 2 Factory,"Little Rock, AR",shipper,medium
4208,Food Process Systems Inc,36.86,36.86,C,1,49,33.3,0,21.5,US PL Madison Factory,"Lodi, WI",shipper,low
4209,"UPS Freight Little Rock, AR Terminal",36.83,36.83,C,1,22,33.3,5,46.1,US PL Hot Springs 2 Factory,"Little Rock, AR",shipper,medium
4210,Family Farm & Home Distribution Center,36.79,36.79,C,1,21,33.3,5,46.2,US PL Mecosta Factory,"Walker, MI",shipper,medium
4211,Amway Warehouse,36.79,36.79,C,1,21,33.3,5,46.2,US PL Mecosta Factory,"Grand Rapids, MI",shipper,medium
4212,River City Ministries - Food Distribution Center,36.79,36.79,C,1,21,33.3,5,46.2,US PL Hot Springs 2 Factory,"North Little Rock, AR",shipper,medium
4213,Hill Logistics Inc Delivery,36.79,36.79,C,1,21,33.3,5,46.2,US PL Hot Springs 2 Factory,"Little Rock, AR",3pl,medium
4214,Warehouse-Pro 3rd Party Fulfillment Center 3PL,36.77,36.77,C,1,32,33.3,3,33.9,US PL Dallas 2 Factory,"Rockwall, TX",3pl,medium
4215,PEC Warehouse 1501A,36.75,36.75,C,1,21,33.3,5,46.3,US PL Hot Springs 2 Factory,"North Little Rock, AR",shipper,medium
4216,Vans Warehouse,36.75,36.75,C,1,21,33.3,5,46.3,US PL Mecosta Factory,"Grand Rapids, MI",shipper,medium
4217,Hearthside Foods H2,36.75,36.75,C,1,21,33.3,5,46.3,US PL Mecosta Factory,"Grand Rapids, MI",shipper,low
4218,Certainteed - Davis Warehouse,36.71,36.71,C,1,21,33.3,5,46.4,US PL Hot Springs 2 Factory,"Little Rock, AR",shipper,medium
4219,Wilkinson Logistics Llc,36.68,36.68,C,1,49,33.3,0,21.7,US PL High Springs Factory,"Lake City, FL",3pl,medium
4220,Konopelski Meats,36.67,36.67,C,1,43,33.3,1,25.3,US PL Allentown NPL Factory,"Sinking Spring, PA",shipper,low
4221,Corewell Health Distribution Center,36.67,35.58,C,2,21,33.3,5,46.5,US PL Mecosta Factory,"Walker, MI",shipper,medium
4222,Marino\WARE Manufacturing Facility and Headquarters,36.67,36.67,B,1,12,90.7,1,64.2,US DC NFI - Breinigsville,"South Plainfield, NJ",shipper,high
4223,Barrett Auto Logistics,36.65,36.65,C,1,32,33.3,3,34.1,US PL Kingfield Factory,"Rumford, ME",3pl,medium
4224,Martin Brower Distribution Center,36.63,29.08,C,3,21,33.3,5,34.2,US PL Hot Springs 2 Factory,"North Little Rock, AR",shipper,medium
4225,J&M Foods,36.63,35.99,C,2,21,33.3,5,46.6,US PL Hot Springs 2 Factory,"Little Rock, AR",shipper,medium
4226,MCT Logistics,36.6,36.6,C,1,21,33.3,5,46.7,US PL Hot Springs 2 Factory,"North Little Rock, AR",3pl,medium
4227,"Baking Company, LLC dba Savory Foods",36.6,36.6,C,1,21,33.3,5,46.7,US PL Mecosta Factory,"Grand Rapids, MI",shipper,low
4228,Safe Foods Corporation,36.6,36.6,C,1,21,33.3,5,46.7,US PL Hot Springs 2 Factory,"North Little Rock, AR",shipper,low
4229,CHG Logistics,36.59,36.59,C,1,48,33.3,0,21.8,US PL Saratoga Spring Factory,"Salem, NY",3pl,medium
4230,Factory Wheel Warehouse,36.59,36.59,C,1,32,33.3,3,34.2,US PL Saratoga Spring Factory,"East Greenbush, NY",shipper,medium
4231,All Of The Above Logistics & Storing LLC,36.56,36.56,C,1,21,33.3,5,46.8,US PL Hot Springs 2 Factory,"North Little Rock, AR",3pl,medium
4232,"Wing Lee Food Processing, LLC.",36.56,36.56,C,1,21,33.3,5,46.8,US PL Allentown NPL Factory,"Philadelphia, PA",shipper,medium
4233,Farrand Trucking,36.55,36.55,C,1,46,26.7,1,23,US PL Kingfield Factory,"Norridgewock, ME",carrier,low
4234,Barrie's House - Food Distribution Center,36.5,36.5,C,1,48,33.3,0,21.9,US PL Mecosta Factory,"Greenville, MI",shipper,medium
4235,Low-E Midsouth Distribution Center,36.48,36.48,C,1,21,33.3,5,47,US PL McBee Factory,"Indian Trail, NC",shipper,medium
4236,Egan Food Technologies,36.48,36.48,C,1,21,33.3,5,47,US PL Mecosta Factory,"Grand Rapids, MI",shipper,low
4237,Electronic Manufacturing Co.,36.44,36.44,D,1,35,26.7,3,31.2,US PL Zephyrhills Factory,"Tampa, FL",shipper,medium
4238,Keystone Michigan Distribution Center,36.43,36.43,C,1,43,33.3,1,25.6,US PL Mecosta Factory,"Greenville, MI",shipper,medium
4239,Zeppelin Systems USA-Food and Chemicals Processing Plants Division,36.43,36.43,D,1,43,33.3,1,25.6,US PL Zephyrhills Factory,"Odessa, FL",shipper,medium
4240,Grand Rapids Center For Ecumenism - Food Distribution Center,36.4,36.4,C,1,21,33.3,5,47.2,US PL Mecosta Factory,"Grand Rapids, MI",shipper,medium
4241,Sweetwater Logistics,36.4,36.4,C,1,21,33.3,5,47.2,US PL McBee Factory,"Indian Trail, NC",3pl,medium
4242,Amazon SWI1,36.39,36.39,A,1,15,93.3,0,56.4,US PL Madison Factory,"Pewaukee, WI",shipper,medium
4243,National DCP LLC/Dunkin Donuts Distribution Center,36.36,36.36,C,1,32,33.3,3,34.6,US PL Zephyrhills Factory,"Groveland, FL",shipper,medium
4244,"Niagra Bottling, LLC",36.36,36.36,C,1,32,33.3,3,34.6,US PL Zephyrhills Factory,"Groveland, FL",shipper,medium
4245,Koola Logistics,36.35,36.35,C,1,42,33.3,1,25.7,US PL Greenwood Indiana,"Carmel, IN",3pl,medium
4246,Cline Transport & Logistics,36.35,36.35,C,1,42,33.3,1,25.7,US PL Mecosta Factory,"Shepherd, MI",carrier,medium
4247,Amazon warehouse nacogdoches,36.35,36.35,A,1,10,93.3,1,69.9,US PL Hawkins Factory,"Nacogdoches, TX",shipper,high
4248,Davis warehouse,36.33,36.33,C,1,21,33.3,5,47.4,US PL Hot Springs 2 Factory,"North Little Rock, AR",shipper,medium
4249,Whiskey Warehouse,36.32,36.32,C,1,13,46.7,5,60.5,US PL McBee Factory,"Charlotte, NC",shipper,medium
4250,Automated Logistics Systems,36.29,36.29,C,1,21,33.3,5,47.5,US PL Mecosta Factory,"Grand Rapids, MI",3pl,medium
4251,Kent Quality Foods,36.25,34.23,C,2,20,33.3,5,47.6,US PL Mecosta Factory,"Grand Rapids, MI",shipper,low
4252,The Campbell Soup Company,36.25,36.25,A,1,15,93.3,0,56.9,US PL McBee Factory,"Maxton, NC",shipper,medium
4253,Behr Fulfillment Center,36.22,36.22,C,1,20,33.3,5,47.7,US PL Zephyrhills Factory,"Orlando, FL",3pl,medium
4254,California Concentrate Company,36.2,36.2,C,1,42,33.3,1,25.9,US PL Sacramento Factory,"Acampo, CA",shipper,low
4255,CoorsTek Benton,36.2,36.2,D,1,39,0,5,28.6,US PL Hot Springs 2 Factory,"Benton, AR",shipper,low
4256,Wrap Right Packaging,36.19,36.19,D,1,28,20,5,38.6,US PL Hot Springs 2 Factory,"Little Rock, AR",shipper,low
4257,TJ's Warehouse,36.18,36.18,C,1,20,33.3,5,47.8,US PL Mecosta Factory,"Grand Rapids, MI",shipper,medium
4258,Smurfit Westrock Winston-Salem Container Plant,36.15,36.15,B,1,2,86.7,3,116,US PL McBee Factory,"Winston-Salem, NC",shipper,high
4259,Big Rapids Ace Climate Control Storage,36.14,36.14,D,1,60,0,1,15.2,US PL Mecosta Factory,"Big Rapids, MI",shipper,low
4260,PGP International Inc,36.13,36.13,D,1,49,0,3,21.2,US PL Sacramento Factory,"Woodland, CA",shipper,low
4261,FDR Warehouse,36.12,36.12,C,1,42,33.3,1,26,US PL Sacramento Factory,"Lodi, CA",shipper,medium
4262,Elite Logistics Recruiting,36.12,36.12,D,1,42,33.3,1,26,US PL Hollis Factory,"Effingham, NH",3pl,medium
4263,JSP Manufacturing,36.12,36.12,D,1,24,26.7,5,43,US PL Zephyrhills Factory,"Pinellas Park, FL",shipper,medium
4264,"MI Prime Logistics, LLC",36.1,36.1,C,1,20,33.3,5,48,US PL Mecosta Factory,"Walker, MI",3pl,medium
4265,ZK Logistics LLC,36.1,36.1,C,1,20,33.3,5,48,US PL Hot Springs Factory,"Conway, AR",3pl,medium
4266,Oliver Packaging & Equipment Co,36.1,36.1,C,1,20,33.3,5,48,US PL Mecosta Factory,"Walker, MI",shipper,low
4267,Houston Mini Storage - Bear Creek,36.04,36.04,D,1,49,0,3,21.3,US PL S Houston Factory,"Houston, TX",shipper,low
4268,Big Rapids Products,36.03,36.03,D,1,60,0,1,15.3,US PL Mecosta Factory,"Big Rapids, MI",shipper,low
4269,Epic Industrial Warehouse (shipping and receiving),36.01,36.01,C,1,31,33.3,3,35.2,US PL Hawkins Factory,"Canton, TX",shipper,medium
4270,"Vine Line Logistics, Llc. (A Division of Van Eerden Trucking, Inc.)",35.99,35.99,C,1,20,33.3,5,48.3,US PL Mecosta Factory,"Grand Rapids, MI",carrier,medium
4271,Warehouse Optimizers Michigan,35.99,35.99,C,1,20,33.3,5,48.3,US PL Mecosta Factory,"Grand Rapids, MI",shipper,medium
4272,Natural Choice Foods,35.99,35.99,C,1,20,33.3,5,48.3,US PL Mecosta Factory,"Marne, MI",shipper,low
4273,"Badger Warehouse, LLC",35.97,27.27,C,2,42,33.3,1,26.2,US PL Madison Factory,"Fall River, WI",shipper,medium
4274,Seeds of Faith - Food Distribution Center,35.97,35.97,C,1,42,33.3,1,26.2,US PL Hollis Factory,"Rollinsford, NH",shipper,medium
4275,"Badger Logistics, Inc",35.97,35.97,D,1,42,33.3,1,26.2,US PL Madison Factory,"Fall River, WI",3pl,medium
4276,Sneaky Pete's Discount Warehouse LLC,35.96,35.96,C,1,31,33.3,3,35.3,US PL Madison Factory,"Baraboo, WI",shipper,medium
4277,Amazon Sort Center EWR5,35.96,35.96,A,1,9,93.3,1,72.2,US DC NFI - Breinigsville,"Avenel, NJ",shipper,medium
4278,Martin's Trailside Express,35.9,35.9,C,1,31,33.3,3,35.4,US PL Allentown NPL Factory,"East Earl, PA",shipper,low
4279,French Camp Truck Terminal,35.9,35.9,D,1,23,26.7,5,43.5,US PL Sacramento Factory,"French Camp, CA",shipper,medium
4280,W&A Distribution Warehouse,35.89,35.89,C,1,42,33.3,1,26.3,US PL Madison Factory,"Fort Atkinson, WI",shipper,medium
4281,Webster Wholesale Warehouse,35.89,35.89,C,1,42,33.3,1,26.3,US PL Zephyrhills Factory,"Webster, FL",shipper,medium
4282,Sgs Transport Logistics,35.89,35.89,C,1,42,33.3,1,26.3,US PL Cabazon Factory,"Menifee, CA",carrier,medium
4283,Herbalife Innovation & Manufacturing - Lake Forest,35.89,35.89,C,1,42,33.3,1,26.3,US PL Ontario Factory,"Lake Forest, CA",shipper,medium
4284,Unusual Machines Fulfillment Center,35.88,35.88,C,1,20,33.3,5,48.6,US PL Zephyrhills Factory,"Orlando, FL",3pl,medium
4285,Spice World Inc,35.88,35.88,C,1,20,33.3,5,48.6,US PL Zephyrhills Factory,"Orlando, FL",shipper,low
4286,"Prime Line Distributors Inc. | Orlando",35.88,35.88,C,1,20,33.3,5,48.6,US PL Zephyrhills Factory,"Orlando, FL",shipper,low
4287,Global Packaging,35.85,27.36,D,3,38,20,3,29.1,US PL Allentown NPL Factory,"Oaks, PA",shipper,low
4288,Hazle Park Cold Storage,35.84,35.84,C,1,31,33.3,3,35.5,US PL Allentown Factory,"Hazle Township, PA",shipper,medium
4289,God's Kitchen - Food Distribution Center,35.81,35.81,C,1,20,33.3,5,48.8,US PL Mecosta Factory,"Grand Rapids, MI",shipper,medium
4290,Mill Steel Company - Headquarters and Fulfillment Center,35.81,35.81,C,1,20,33.3,5,48.8,US PL Mecosta Factory,"Grand Rapids, MI",3pl,medium
4291,Silver Springs Bottled Water Company,35.81,35.81,C,1,20,33.3,5,48.8,US PL High Springs Factory,"Ocala, FL",shipper,low
4292,Champion Homes Manufacturing Facility,35.8,27.39,D,2,45,26.7,1,23.9,US PL Dallas 2 Factory,"Burleson, TX",shipper,medium
4293,Ryder Truck Terminal,35.8,35.8,A,1,11,100,0,67.5,US PL Greenwood Indiana,"Terre Haute, IN",carrier,high
4294,Badger State Cold Storage,35.79,35.79,C,1,31,33.3,3,35.6,US PL Madison Factory,"Monroe, WI",shipper,medium
4295,Swiss Colony Fulfillment,35.79,35.79,C,1,31,33.3,3,35.6,US PL Madison Factory,"Monroe, WI",3pl,medium
4296,Emmi Roth - Distribution Center,35.79,35.79,C,1,31,33.3,3,35.6,US PL Madison Factory,"Monroe, WI",shipper,medium
4297,DML8 Amazon,35.79,35.79,A,1,9,93.3,1,73.2,US PL Madison Factory,"Sturtevant, WI",shipper,medium
4298,KLD Logistics,35.78,35.78,C,1,20,33.3,5,48.9,US PL Mecosta Factory,"Grand Rapids, MI",3pl,medium
4299,Quirch Foods Orlando,35.78,35.78,C,1,20,33.3,5,48.9,US PL Zephyrhills Factory,"Orlando, FL",shipper,low
4300,Proficient Food Company,35.78,35.78,C,1,20,33.3,5,48.9,US PL Zephyrhills Factory,"Orlando, FL",shipper,low
4301,Sauk Prairie Mini Warehouse,35.74,35.74,C,1,41,33.3,1,26.5,US PL Madison Factory,"Prairie du Sac, WI",shipper,medium
4302,South Tyler Warehouse Storage,35.74,35.74,C,1,41,33.3,1,26.5,US PL Hawkins Factory,"Flint, TX",shipper,medium
4303,CWD Warehouse,35.73,35.73,C,1,30,33.3,3,35.7,US PL Madison Factory,"Baraboo, WI",shipper,medium
4304,Amazon DJX4,35.71,35.71,A,1,9,93.3,1,73.7,US PL High Springs Factory,"Jacksonville, FL",shipper,medium
4305,Dill Daddy Pickles,35.7,35.7,C,1,19,33.3,5,49.1,US PL Mecosta Factory,"Grand Rapids, MI",shipper,low
4306,Maple Leaf Farms Warehouse 5,35.68,35.68,C,1,30,33.3,3,35.8,US PL Madison Factory,"Monroe, WI 53566, USA",shipper,medium
4307,Quality Distribution,35.67,35.67,C,1,19,33.3,5,49.2,US PL Hot Springs 2 Factory,"Little Rock, AR",shipper,medium
4308,"CMB Logistics, LLC.",35.66,35.66,C,1,41,33.3,1,26.6,US PL Poland Spring Factory,"West Gardiner, ME",3pl,medium
4309,State Line Beverage Warehouse,35.65,35.65,C,1,15,41.3,5,56.9,US PL McBee Factory,"Fort Mill, SC",shipper,medium
4310,Group O Indiana Cross Dock Facility,35.64,35.64,D,1,38,0,5,29.4,US PL Greenwood Indiana,"Lebanon, IN",shipper,low
4311,Almatis Inc,35.64,35.64,D,1,38,0,5,29.4,US PL Hot Springs 2 Factory,"Benton, AR",shipper,low
4312,Peninsula Foodservice,35.63,35.63,C,1,19,33.3,5,49.3,US PL Zephyrhills Factory,"Orlando, FL",shipper,medium
4313,Applied Innovation Distribution Center,35.63,35.63,C,1,19,33.3,5,49.3,US PL Mecosta Factory,"Grand Rapids, MI",shipper,medium
4314,Crossdock 24/7 Orlando,35.63,35.63,C,1,19,33.3,5,49.3,US PL Zephyrhills Factory,"Orlando, FL",shipper,low
4315,Clearwater Manufacturing Co,35.62,35.62,D,1,34,26.7,3,32.5,US PL Zephyrhills Factory,"Oldsmar, FL",shipper,medium
4316,"Arcadia Cold Storage | Hazleton",35.62,35.62,C,1,30,33.3,3,35.9,US PL Allentown Factory,"Hazle Township, PA",shipper,medium
4317,Pacific International Cold Storage,35.62,35.62,C,1,30,33.3,3,35.9,US PL Ontario Factory,"Long Beach, CA",shipper,medium
4318,"Verst Logistics Warehouse Baraboo, WI- Sauk Avenue",35.62,35.62,C,1,30,33.3,3,35.9,US PL Madison Factory,"Baraboo, WI",3pl,medium
4319,Columbian Logistics Network – K1,35.6,35.17,C,6,19,33.3,5,49.4,US PL Mecosta Factory,"Grand Rapids, MI",3pl,medium
4320,PRIME FULFILLMENT NJ,35.6,35.6,C,1,19,33.3,5,49.4,US PL Allentown NPL Factory,"Pennsauken, NJ",3pl,medium
4321,Arc Force Manufacturing,35.59,35.59,D,1,50,26.7,0,20.7,US PL Hawkins Factory,"Quitman, TX",shipper,medium
4322,Slumberland Warehouse,35.57,35.57,C,1,30,33.3,3,36,US PL Madison Factory,"Baraboo, WI",shipper,medium
4323,C&E Logistics,35.56,35.56,C,1,19,33.3,5,49.5,US PL Mecosta Factory,"Grand Rapids, MI",3pl,medium
4324,Modern Heritage Meat Processing,35.56,35.56,C,1,19,33.3,5,49.5,US PL High Springs Factory,"Ocala, FL",shipper,medium
4325,Advanced Food Technologies,35.56,35.56,C,1,19,33.3,5,49.5,US PL Mecosta Factory,"Grand Rapids, MI",shipper,low
4326,Estate Sales Warehouse,35.53,32.78,C,2,19,33.3,5,49.6,US PL Mecosta Factory,"Grand Rapids, MI",shipper,medium
4327,Skippy Foods,35.53,35.53,C,1,19,33.3,5,49.6,US PL Hot Springs 2 Factory,"Little Rock, AR",shipper,low
4328,MCE1 amazon,35.53,35.53,A,1,8,93.3,1,74.9,US PL Sacramento Factory,"Turlock, CA",shipper,medium
4329,North Atlantic Naturals,35.5,35.5,D,1,48,0,3,21.9,US PL Poland Spring Factory,"Cumberland Foreside, ME",shipper,low
4330,Founders Brewing Company Warehouse,35.49,35.49,C,1,19,33.3,5,49.7,US PL Mecosta Factory,"Grand Rapids, MI",shipper,medium
4331,Central Warehouse,35.49,29.99,C,3,19,33.3,5,49.7,US PL Mecosta Factory,"Kentwood, MI",shipper,medium
4332,Festida Foods Ltd,35.49,35.49,C,1,19,33.3,5,49.7,US PL Mecosta Factory,"Grand Rapids, MI",shipper,low
4333,Big Barn Storage,35.48,35.48,D,1,59,0,1,15.8,US PL Madison Factory,"Evansville, WI",shipper,low
4334,Sheafe Warehouse,35.46,35.46,C,1,30,33.3,3,36.2,US PL Hollis Factory,"Portsmouth, NH",shipper,medium
4335,Exceptional Foods Inc,35.46,35.46,C,1,19,33.3,5,49.8,US PL Allentown NPL Factory,"Pennsauken, NJ",shipper,low
4336,Robert Mondavi Distribution Center,35.44,35.44,C,1,41,33.3,1,26.9,US PL Sacramento Factory,"Lodi, CA",shipper,medium
4337,Mueller Sports Medicine Warehouse,35.44,35.44,C,1,41,33.3,1,26.9,US PL Madison Factory,"Prairie du Sac, WI",shipper,medium
4338,ISC Manufacturing LLC.,35.44,35.44,C,1,41,33.3,1,26.9,US PL Dallas 2 Factory,"Burleson, TX",shipper,medium
4339,Castonguay Meats,35.44,35.44,C,1,41,33.3,1,26.9,US PL Poland Spring Factory,"Livermore, ME",shipper,low
4340,Advanced Fulfillment,35.42,35.42,C,1,19,33.3,5,49.9,US PL Mecosta Factory,"Grand Rapids, MI",3pl,medium
4341,"Pritchett Trucking, Inc.",35.4,35.4,C,1,50,26.7,0,20.9,US PL High Springs Factory,"Lake Butler, FL",carrier,low
4342,Sonoco Industrial Plastics – Chatham Plant,35.4,35.4,B,1,19,82.7,0,49.4,US PL Saratoga Spring Factory,"Chatham, NY",shipper,high
4343,Michelin Norwood Manufacturing,35.4,35.4,B,1,17,86.7,0,53,US PL McBee Factory,"Norwood, NC",shipper,high
4344,Huizen Furniture Warehouse,35.39,35.39,C,1,19,33.3,5,50,US PL Mecosta Factory,"Grand Rapids, MI",shipper,medium
4345,Value Warehouse Liquidation Grand Rapids,35.39,35.39,C,1,19,33.3,5,50,US PL Mecosta Factory,"Grand Rapids, MI",shipper,medium
4346,Freight X,35.39,35.39,C,1,19,33.3,5,50,US PL High Springs Factory,"Ocala, FL",shipper,low
4347,Cold Creek Processing,35.38,35.38,C,1,46,33.3,0,23.2,US PL Kingfield Factory,"Athens, ME",shipper,medium
4348,Forward Air,35.33,35.33,D,1,48,0,3,22.1,US PL McBee Factory,"Darlington, SC",shipper,low
4349,ShipBob Moreno Valley,35.33,35.33,D,1,48,0,3,22.1,US PL Cabazon Factory,"Moreno Valley, CA",shipper,low
4350,Coca - Cola,35.3,35.3,D,1,37,0,5,29.9,US PL Dallas 2 Factory,"Fort Worth, TX",shipper,low
4351,MKE5 Amazon Fulfillment Center,35.29,35.29,A,1,8,93.3,1,76.5,US PL Madison Factory,"Kenosha, WI",3pl,high
4352,Scentsy Distribution Center,35.28,35.28,C,1,19,33.3,5,50.3,US PL McBee Factory,"Rock Hill, SC",shipper,medium
4353,Hearthside Foods Solutions H5,35.28,35.28,C,1,19,33.3,5,50.3,US PL Mecosta Factory,"Kentwood, MI",shipper,low
4354,Ventra warehouse,35.25,35.25,C,1,19,33.3,5,50.4,US PL Mecosta Factory,"Kentwood, MI",shipper,medium
4355,Roskam Foods (M1),35.25,34.92,C,2,19,33.3,5,50.4,US PL Mecosta Factory,"Kentwood, MI",shipper,low
4356,OAK5 Amazon Sort Center,35.24,35.24,A,1,8,93.3,1,76.9,US PL Sacramento Factory,"Newark, CA",shipper,medium
4357,Fulfillment 9,35.22,35.22,C,1,19,33.3,5,50.5,US PL Zephyrhills Factory,"Orlando, FL",3pl,medium
4358,Cascade OT Warehouse,35.22,35.22,C,1,19,33.3,5,50.5,US PL Mecosta Factory,"Grand Rapids, MI",shipper,medium
4359,Monsma Marketing - Hearth Distribution Center,35.22,35.22,C,1,19,33.3,5,50.5,US PL Mecosta Factory,"Grand Rapids, MI",shipper,medium
4360,Nelson's Candies,35.21,35.21,C,1,46,33.3,0,23.4,US PL Kingfield Factory,"Cornville, ME",shipper,low
4361,Cypress Creek Warehouses,35.21,35.21,C,1,40,33.3,1,27.2,US PL Hawkins Factory,"Gilmer, TX",shipper,medium
4362,Tasty Factory,35.21,35.21,C,1,40,33.3,1,27.2,US PL Ontario Factory,"South El Monte, CA",shipper,low
4363,Frito Lay southeast regional warehouse,35.18,35.18,C,1,19,33.3,5,50.6,US PL High Springs Factory,"Ocala, FL",shipper,medium
4364,Wolf Mini Storage,35.16,35.16,D,1,58,0,1,16.1,US PL Madison Factory,"Cambridge, WI",shipper,low
4365,Darlington polymer processing,35.15,35.15,D,1,48,0,3,22.3,US PL McBee Factory,"Darlington, SC",shipper,medium
4366,Transform Warehouse Operations Ocala,35.15,35.11,C,2,18,33.3,5,50.7,US PL High Springs Factory,"Ocala, FL",shipper,medium
4367,Premier Lock Storage,35.1,35.1,D,1,37,0,5,30.2,US PL Hawkins Factory,"Longview, TX",shipper,low
4368,Hazleton Manufacturing Plant,35.07,35.07,C,1,33,26.7,3,33.4,US PL Allentown Factory,"Hazleton, PA",shipper,medium
4369,Graham Packaging,35.07,35.07,D,1,33,26.7,3,33.4,US PL Dallas 2 Factory,"Rockwall, TX",shipper,low
4370,"Lyco Manufacturing, Inc.",35.06,35.06,D,1,44,26.7,1,24.8,US PL Madison Factory,"Columbus, WI",shipper,medium
4371,"GRMI Logistics, LLC",35.05,35.05,C,1,18,33.3,5,51,US PL Mecosta Factory,"Kentwood, MI",3pl,medium
4372,BBMR Warehouse,35.04,35.04,C,1,46,33.3,0,23.6,US PL Cabazon Factory,"Big Bear Lake, CA",shipper,medium
4373,Conner Industries Inc,35.03,35.03,D,1,36,0,5,30.3,US PL McBee Factory,"Lugoff, SC",shipper,low
4374,Amazon Fulfillment Center RFD4,35,35,A,1,7,93.3,1,78.6,US PL Madison Factory,"Huntley, IL",3pl,high
4375,Kwik-Kut Manufacturing Co,34.99,34.99,A,1,13,93.3,0,61.9,US PL Saratoga Spring Factory,"Mohawk, NY",shipper,high
4376,Amazon Fulfillment Center RFD2,34.98,34.98,A,1,7,93.3,1,78.8,US PL Madison Factory,"Huntley, IL",3pl,high
4377,Safelock Storage Longview,34.97,34.97,D,1,36,0,5,30.4,US PL Hawkins Factory,"Longview, TX",shipper,low
4378,RXO Logistics,34.95,34.95,C,1,18,33.3,5,51.3,US PL Mecosta Factory,"Kentwood, MI",3pl,medium
4379,Split Rock Supply Chain Solutions,34.95,34.95,C,1,18,33.3,5,51.3,US PL Mecosta Factory,"Grand Rapids, MI",3pl,medium
4380,Pearson Foods Corporation,34.95,34.95,C,1,18,33.3,5,51.3,US PL Mecosta Factory,"Grand Rapids, MI",shipper,low
4381,Finchberry Distribution Center,34.92,34.92,D,1,40,33.3,1,27.6,US PL High Springs Factory,"Waldo, FL",shipper,medium
4382,Design Manufacturing LLC,34.91,34.91,C,1,22,26.7,5,45.9,US PL Mecosta Factory,"Grand Rapids, MI",shipper,medium
4383,GE Dixon Distribution Center,34.88,34.88,C,1,45,33.3,0,23.8,US PL Sacramento Factory,"Dixon, CA",shipper,medium
4384,Classic Transportation & Warehouse,34.88,34.88,C,1,18,33.3,5,51.5,US PL Mecosta Factory,"Grand Rapids, MI",shipper,medium
4385,CSX Transportation Bulk Storage Warehouse,34.88,34.88,C,1,18,33.3,5,51.5,US PL High Springs Factory,"Ocala, FL 34475, USA",shipper,medium
4386,PCA Warehouse North,34.88,34.88,C,1,18,33.3,5,51.5,US PL Mecosta Factory,"Grand Rapids, MI",shipper,medium
4387,"Paramount Transportation Logistics Services, LLC",34.88,34.88,C,1,18,33.3,5,51.5,US PL High Springs Factory,"Ocala, FL",3pl,medium
4388,PCA Warehouse South,34.85,34.85,C,1,18,33.3,5,51.6,US PL Mecosta Factory,"Grand Rapids, MI",shipper,medium
4389,Casco Bay Molding,34.84,34.84,D,1,63,0,0,13.7,US PL Hollis Factory,"Sanford, ME",shipper,low
4390,Royal Emerald Pharmaceuticals,34.84,34.84,D,1,58,0,1,16.4,US PL Cabazon Factory,"Desert Hot Springs, CA",shipper,low
4391,Office Outlet - WAREHOUSE ONLY,34.82,34.82,C,1,18,33.3,5,51.7,US PL Mecosta Factory,"Kentwood, MI",shipper,medium
4392,Now Delivery & Logistics,34.82,34.82,C,1,18,33.3,5,51.7,US PL Mecosta Factory,"Kentwood, MI",3pl,medium
4393,Signature Brands- Popcorn Factory,34.82,34.82,C,1,18,33.3,5,51.7,US PL High Springs Factory,"Ocala, FL",shipper,low
4394,"Nutra Food Ingredients, LLC",34.82,34.82,C,1,18,33.3,5,51.7,US PL Mecosta Factory,"Kentwood, MI",shipper,low
4395,O-G Packing & Cold Storage Co,34.81,34.81,C,1,29,33.3,3,37.4,US PL Sacramento Factory,"Stockton, CA",shipper,medium
4396,Carolina Bottle Manufacturer LLC,34.79,34.79,D,1,25,20,5,41.5,US PL McBee Factory,"Monroe, NC",shipper,low
4397,"Global Manufacturing, Inc.",34.79,34.79,D,1,21,26.7,5,46.2,US PL Hot Springs 2 Factory,"Little Rock, AR",shipper,medium
4398,Dyna-Tech Manufacturing,34.79,34.79,D,1,21,26.7,5,46.2,US PL McBee Factory,"Monroe, NC",shipper,medium
4399,Richland County DSS - Food Distribution Center,34.78,34.78,C,1,18,33.3,5,51.8,US PL McBee Factory,"Columbia, SC",shipper,medium
4400,Chewy Fulfillment Center DAY1,34.76,34.76,A,1,3,80,3,103.3,US PL Greenwood Indiana,"Vandalia, OH",3pl,high
4401,Virco Manufacturing - Plant 3,34.75,34.58,C,2,21,26.7,5,46.3,US PL Hot Springs Factory,"Conway, AR",shipper,medium
4402,Ally Logistics,34.75,34.75,C,1,18,33.3,5,51.9,US PL Mecosta Factory,"Grand Rapids, MI",3pl,medium
4403,"Lamb & Associates Packaging, Inc.",34.74,34.74,D,1,25,20,5,41.6,US PL Hot Springs 2 Factory,"Maumelle, AR",shipper,low
4404,Alliance Parts Warehouse,34.72,34.72,C,1,18,33.3,5,52,US PL Hot Springs 2 Factory,"North Little Rock, AR",shipper,medium
4405,FreeUp Storage I-20,34.7,34.7,D,1,36,0,5,30.8,US PL Hawkins Factory,"Longview, TX",shipper,low
4406,Dana Incorporated,34.7,34.7,D,1,36,0,5,30.8,US PL McBee Factory,"Lugoff, SC",shipper,low
4407,Regeneron Pharmaceuticals Inc,34.7,34.7,D,1,36,0,5,30.8,US PL Saratoga Spring Factory,"Rensselaer, NY",shipper,low
4408,Morrison Industrial Equipment - Central Parts Distribution Center,34.69,34.69,C,1,18,33.3,5,52.1,US PL Mecosta Factory,"Grand Rapids, MI",shipper,medium
4409,Kent Manufacturing Company,34.67,34.67,D,1,21,26.7,5,46.5,US PL Mecosta Factory,"Grand Rapids, MI",shipper,medium
4410,The Warrior Warehouse Training Institute,34.65,34.65,C,1,18,33.3,5,52.2,US PL McBee Factory,"Columbia, SC",shipper,medium
4411,Fidelity Manufacturing,34.65,34.65,C,1,18,33.3,5,52.2,US PL High Springs Factory,"Ocala, FL",shipper,medium
4412,Prestige Expedite,34.64,34.64,D,1,36,0,5,30.9,US PL Saratoga Spring Factory,"Glenmont, NY",shipper,low
4413,Exit 43 Quik Stop,34.63,34.63,C,1,45,33.3,0,24.1,US PL Poland Spring Factory,"Richmond, ME",shipper,low
4414,AJS Manufacturing,34.63,34.63,D,1,21,26.7,5,46.6,US PL Mecosta Factory,"Grand Rapids, MI",shipper,medium
4415,NorthStar Logistics,34.62,34.62,C,1,17,33.3,5,52.3,US PL Mecosta Factory,"Grand Rapids, MI",3pl,medium
4416,Berner Food & Beverage Distribution Center,34.6,34.6,A,1,12,93.3,0,63.6,US PL Madison Factory,"Rockford, IL",shipper,high
4417,Concord Coach Lines: Bus Terminal,34.59,34.59,D,1,32,26.7,3,34.2,US PL Poland Spring Factory,"Augusta, ME",shipper,medium
4418,Hank's Furniture Warehouse,34.59,34.59,C,1,17,33.3,5,52.4,US PL Hot Springs 2 Factory,"North Little Rock, AR",shipper,medium
4419,Blocker's Furniture Warehouse,34.53,34.53,C,1,17,33.3,5,52.6,US PL High Springs Factory,"Ocala, FL",shipper,medium
4420,Spartronics,34.52,34.52,D,1,57,0,1,16.7,US PL Zephyrhills Factory,"Brooksville, FL",shipper,low
4421,Three D Plastics,34.52,34.52,D,1,57,0,1,16.7,US PL Hawkins Factory,"Gladewater, TX",shipper,low
4422,Stream-Flo,34.5,34.5,D,1,35,0,5,31.1,US PL Hawkins Factory,"Longview, TX",shipper,low
4423,Atlas Copco Power Technique Warehouse - Rock Hill,34.49,34.49,C,1,17,33.3,5,52.7,US PL McBee Factory,"Rock Hill, SC",shipper,medium
4424,Prima Foods International Inc,34.49,34.49,C,1,17,33.3,5,52.7,US PL High Springs Factory,"Ocala, FL",shipper,low
4425,Exel - Energizer Distribution Center,34.46,34.46,C,1,17,33.3,5,52.8,US PL McBee Factory,"Rock Hill, SC",shipper,medium
4426,New Mission Logistics,34.46,34.46,C,1,17,33.3,5,52.8,US PL Mecosta Factory,"Kentwood, MI",3pl,medium
4427,Innovative Logistics Group,34.46,34.46,C,1,17,33.3,5,52.8,US PL McBee Factory,"Charlotte, NC",3pl,medium
4428,The Warehouse Club of Dunedin,34.45,34.45,C,1,28,33.3,3,38.1,US PL Zephyrhills Factory,"Dunedin, FL",shipper,medium
4429,"LSS Logistics, Inc.",34.43,34.43,C,1,17,33.3,5,52.9,US PL High Springs Factory,"Ocala, FL",3pl,medium
4430,Conway Manufacturing Group,34.4,34.4,D,1,21,26.7,5,47.2,US PL Hot Springs Factory,"Conway, AR",shipper,medium
4431,Distribution Direct,34.4,34.4,C,1,17,33.3,5,53,US PL McBee Factory,"Rock Hill, SC",shipper,medium
4432,Holland American Food Company,34.4,34.4,C,1,17,33.3,5,53,US PL Mecosta Factory,"Wyoming, MI",shipper,low
4433,Phoenix Food LLC,34.39,34.39,C,1,28,33.3,3,38.2,US PL Hawkins Factory,"Canton, TX",shipper,low
4434,Advanced Food Products LLC,34.39,34.39,C,1,28,33.3,3,38.2,US PL Allentown NPL Factory,"New Holland, PA",shipper,low
4435,First Alliance Logistics Management,34.37,34.37,C,1,17,33.3,5,53.1,US PL McBee Factory,"Charlotte, NC",3pl,medium
4436,Zausner Foods Corporation,34.34,34.34,C,1,28,33.3,3,38.3,US PL Allentown NPL Factory,"New Holland, PA",shipper,low
4437,L&M Distribution Center,34.31,34.31,C,1,17,33.3,5,53.3,US PL McBee Factory,"Rock Hill, SC",shipper,medium
4438,S & L Mart,34.29,34.29,C,1,28,33.3,3,38.4,US PL Hot Springs Factory,"Oppelo, AR",shipper,low
4439,Truckomat of N. Little Rock,34.28,34.28,C,1,17,33.3,5,53.4,US PL Hot Springs 2 Factory,"North Little Rock, AR",shipper,low
4440,Community Caregivers - Food Distribution Center,34.27,34.27,C,1,39,33.3,1,28.5,US PL Saratoga Spring Factory,"Altamont, NY 12009, USA",shipper,medium
4441,DOS Lumper Service,34.25,34.25,D,1,35,0,5,31.5,US PL Ontario Factory,"Downey, CA",shipper,low
4442,"Index Packaging, Inc.",34.24,34.24,D,1,51,20,0,20,US PL Hollis Factory,"Milton, NH",shipper,low
4443,"All American Pet Manufacturing, LLC",34.24,34.24,C,1,28,33.3,3,38.5,US PL Allentown NPL Factory,"New Holland, PA",shipper,medium
4444,Saint Mark Pentecostal Church - Food Distribution Center,34.22,34.22,C,1,44,33.3,0,24.6,US PL McBee Factory,"Lamar, SC",shipper,medium
4445,Bath Area Food Bank - Food Distribution Center,34.2,34.2,C,1,39,33.3,1,28.6,US PL Poland Spring Factory,"Bath, ME",shipper,medium
4446,City of Rock Hill Warehouse,34.18,34.18,C,1,17,33.3,5,53.7,US PL McBee Factory,"Rock Hill, SC 29732, USA",shipper,medium
4447,Reid Transportation Llc,34.15,34.15,D,1,62,0,0,14.3,US PL McBee Factory,"Jefferson, SC",shipper,low
4448,Caldwell Presbyterian Church - Food Distribution Center,34.14,34.14,C,1,44,33.3,0,24.7,US PL Saratoga Spring Factory,"Lake George, NY",shipper,medium
4449,Curran Logistics LLC,34.14,34.14,C,1,28,33.3,3,38.7,US PL Hollis Factory,"Portsmouth, NH",3pl,medium
4450,Z & N / Warehousing and Cross docking,34.13,34.13,D,1,46,0,3,23.5,US PL Ontario Factory,"Baldwin Park, CA",3pl,low
4451,Management Services Distribution Center,34.13,34.13,D,1,38,33.3,1,28.7,US PL High Springs Factory,"Starke, FL",shipper,medium
4452,Meridian Foods,34.13,34.13,A,1,11,93.3,0,65.8,US PL Greenwood Indiana,"Eaton, IN",shipper,medium
4453,Eastern Warehouse & Transfer LLC,34.09,34.09,C,1,27,33.3,3,38.8,US PL McBee Factory,"Monroe, NC",shipper,medium
4454,Seacoast Logistics Inc.,34.09,34.09,C,1,27,33.3,3,38.8,US PL Hollis Factory,"Portsmouth, NH",3pl,medium
4455,"American Specialty Food Mfg, LLC",34.09,34.09,C,1,27,33.3,3,38.8,US PL Allentown NPL Factory,"New Holland, PA",shipper,low
4456,Hershey Foods West Distribution,34.09,34.09,A,1,15,86.7,0,57.5,US PL Allentown NPL Factory,"Hershey, PA",shipper,high
4457,Knob Creek Bottling Plant,34.08,34.08,A,1,2,100,1,117.8,US PL Greenwood Indiana,"Shepherdsville, KY",shipper,high
4458,Sugar River Cold Storage,34.06,34.06,C,1,44,33.3,0,24.8,US PL Madison Factory,"Monticello, WI",shipper,medium
4459,Hoosick Area Church Association - Food Distribution Center,34.06,34.06,C,1,44,33.3,0,24.8,US PL Saratoga Spring Factory,"Hoosick Falls, NY",shipper,medium
4460,HALO Brands LLC,34.06,34.06,C,1,16,33.3,5,54.1,US PL McBee Factory,"Charlotte, NC",shipper,low
4461,Dish Warehouse Canton Texas,34.04,34.04,C,1,27,33.3,3,38.9,US PL Hawkins Factory,"Canton, TX",shipper,medium
4462,Vista Manufacturing,34.03,34.03,C,1,20,26.7,5,48.2,US PL Mecosta Factory,"Grand Rapids, MI",shipper,medium
4463,Lowes distribution center,34,33.11,C,2,16,33.3,5,54.3,US PL Hot Springs 2 Factory,"North Little Rock, AR",shipper,medium
4464,Jordan's Warehouse Division,33.98,33.98,C,1,44,33.3,0,24.9,US PL Hawkins Factory,"Ben Wheeler, TX",shipper,medium
4465,Nass family Logistics and Transportation LLC,33.97,33.97,C,1,16,33.3,5,54.4,US PL Mecosta Factory,"Wyoming, MI",3pl,medium
4466,Tifton Coca-Cola Bottling Company UNITED,33.96,33.96,A,1,2,100,1,121.6,US PL High Springs Factory,"Tifton, GA",shipper,high
4467,Fob Warehousing & Logistics,33.94,33.94,C,1,27,33.3,3,39.1,US PL McBee Factory,"Monroe, NC",3pl,medium
4468,Packing Supply Moving Boxes Inc,33.92,33.92,D,1,62,0,0,14.5,US PL Saratoga Spring Factory,"Corinth, NY",shipper,low
4469,Hengst of North America Distribution Center,33.9,33.9,C,1,43,33.3,0,25,US PL McBee Factory,"Camden, SC",shipper,medium
4470,Bay Logistics,33.9,32.11,C,4,14,37.3,5,51.9,US PL Mecosta Factory,"Spring Lake, MI",3pl,medium
4471,BL Bio Lab,33.89,33.89,C,1,27,33.3,3,39.2,US PL Zephyrhills Factory,"Clearwater, FL",shipper,low
4472,Little & Co Inc,33.88,33.88,D,1,45,0,3,23.8,US PL Zephyrhills Factory,"Lakeland, FL",shipper,low
4473,32 Cold,33.87,33.87,D,1,34,0,5,32.1,US PL Ontario Factory,"Commerce, CA",shipper,low
4474,KAP Logistics Inc,33.82,33.82,D,1,43,33.3,0,25.1,US PL Madison Factory,"Monticello, WI",3pl,medium
4475,Petro Fuel Island,33.82,29.02,C,2,16,33.3,5,53.6,US PL McBee Factory,"Columbia, SC",shipper,low
4476,Schwend Inc,33.81,33.81,D,1,61,0,0,14.6,US PL Zephyrhills Factory,"Dade City, FL",shipper,low
4477,Spectra Fulfillment Center,33.79,33.79,C,1,16,33.3,5,55,US PL McBee Factory,"Columbia, SC",3pl,medium
4478,Northern Logistics,33.78,32.19,C,2,38,33.3,1,29.2,US PL Mecosta Factory,"Clare, MI",3pl,medium
4479,RB's Meats,33.78,33.78,C,1,38,33.3,1,29.2,US PL Poland Spring Factory,"Livermore, ME",shipper,low
4480,ARNOLD TRUSS MANUFACTURING LLC,33.78,33.78,D,1,20,26.7,5,48.9,US PL High Springs Factory,"Ocala, FL",shipper,medium
4481,Load Time Logistics Auto Transport,33.74,33.74,C,1,43,33.3,0,25.2,US PL Hollis Factory,"Farmington, NH",carrier,medium
4482,Chief Packaging Co,33.74,33.74,D,1,34,20,3,32.3,US PL Zephyrhills Factory,"Oldsmar, FL",shipper,low
4483,Grand River Aseptic Manufacturing,33.74,32.98,D,2,20,26.7,5,49,US PL Mecosta Factory,"Grand Rapids, MI",shipper,medium
4484,BJ’s Jacksonville Distribution Center,33.72,33.72,C,1,14,37.3,5,59.7,US PL High Springs Factory,"Jacksonville, FL",shipper,medium
4485,On Your Way Distribution Center,33.71,33.71,C,1,16,33.3,5,55.3,US PL Mecosta Factory,"Muskegon, MI",shipper,medium
4486,NEHDS Logistics,33.69,33.69,C,1,27,33.3,3,39.6,US PL Hollis Factory,"Portsmouth, NH",3pl,medium
4487,Johnson's Fastener Warehouse,33.69,33.69,C,1,27,33.3,3,39.6,US PL Hollis Factory,"Portsmouth, NH",shipper,medium
4488,AMAZON DEN4,33.63,33.63,A,1,10,93.3,0,68.4,US PL Denver Factory,"Colorado Springs, CO",shipper,medium
4489,ANGELS ROAD,33.62,33.62,D,1,34,0,5,32.5,US PL Ontario Factory,"Commerce, CA",shipper,low
4490,Giant Warehouse,33.62,33.62,C,1,16,33.3,5,55.6,US PL McBee Factory,"Columbia, SC",shipper,medium
4491,Cal-Maine Foods Inc,33.59,33.59,C,1,43,33.3,0,25.4,US PL Hawkins Factory,"Pittsburg, TX",shipper,low
4492,Amazon Distribution Center Colorado Springs,33.59,33.59,A,1,10,93.3,0,68.6,US PL Denver Factory,"Colorado Springs, CO",shipper,high
4493,The Gaming Warehouse,33.56,33.56,C,1,16,33.3,5,55.8,US PL Mecosta Factory,"Grandville, MI",shipper,medium
4494,SoCal Bottling,33.5,33.5,D,1,37,33.3,1,29.6,US PL Ontario Factory,"Laguna Hills, CA",shipper,medium
4495,world 6 logistics,33.5,31.87,C,2,37,33.3,1,29.6,US PL McBee Factory,"Timmonsville, SC",3pl,medium
4496,ORGANOLEAF manufacturing and white label,33.49,33.49,D,1,19,26.7,5,49.7,US PL Zephyrhills Factory,"Orlando, FL",shipper,medium
4497,Amazon Fulfillment Center DAB2,33.48,33.48,A,1,5,93.3,1,93,US PL Zephyrhills Factory,"Daytona Beach, FL",3pl,high
4498,R.M.Tate’s,33.47,33.47,D,1,44,0,3,24.3,US PL Poland Spring Factory,"Brunswick, ME",shipper,low
4499,2 Gen Manufacturing,33.46,33.46,D,1,19,26.7,5,49.8,US PL Mecosta Factory,"Grand Rapids, MI",shipper,medium
4500,Rainbow Natural Group Food Manufacturing Packaging Services,33.45,33.45,C,1,26,33.3,3,40.1,US PL Ontario Factory,"Los Angeles, CA",shipper,medium
4501,Amish Oak Warehouse LLC,33.45,33.45,C,1,15,33.3,5,56.2,US PL Mecosta Factory,"Jenison, MI",shipper,medium
4502,US Post Office Distribution Center,33.45,32.35,C,2,13,37.3,5,60.8,US PL High Springs Factory,"Jacksonville, FL",shipper,medium
4503,Leedy Manufacturing Co Inc,33.42,33.42,D,1,19,26.7,5,49.9,US PL Mecosta Factory,"Grand Rapids, MI",shipper,medium
4504,Carpet Discount Warehouse,33.42,33.42,C,1,15,33.3,5,56.3,US PL McBee Factory,"Charlotte, NC",shipper,medium
4505,Daniels Manufacturing Corporation,33.39,33.39,D,1,19,26.7,5,50,US PL Zephyrhills Factory,"Orlando, FL",shipper,medium
4506,Christ is the King - Food Distribution Center,33.37,33.37,C,1,37,33.3,1,29.8,US PL McBee Factory,"Timmonsville, SC",shipper,medium
4507,Leahy Transportation LLC,33.37,33.37,C,1,33,20,3,32.9,US PL Hawkins Factory,"Canton, TX",shipper,low
4508,Buck Mason Fulfillment Center,33.35,33.35,C,1,42,33.3,0,25.7,US PL Dallas 2 Factory,"The Colony, TX",3pl,medium
4509,First AOG-Morrilton - Food Distribution Center,33.35,33.35,C,1,26,33.3,3,40.3,US PL Hot Springs Factory,"Morrilton, AR",shipper,medium
4510,Warehouse Dist Co.,33.31,33.31,C,1,26,33.3,3,40.4,US PL Hot Springs Factory,"Morrilton, AR",shipper,medium
4511,Northern Logistics Worldwide,33.31,33.31,C,1,15,33.3,5,56.7,US PL Mecosta Factory,"Grand Rapids, MI",3pl,medium
4512,"PAR Logistics, LLC",33.31,33.31,C,1,15,33.3,5,56.7,US PL Mecosta Factory,"Grand Rapids, MI",3pl,medium
4513,LGX Dock,33.3,33.3,D,1,44,0,3,24.5,US PL Zephyrhills Factory,"Lakeland, FL",shipper,low
4514,Brunswick Cares Community Food Pantry - Food Distribution Center,33.27,33.27,C,1,42,33.3,0,25.8,US PL Saratoga Spring Factory,"Troy, NY",shipper,medium
4515,Desert Logistics,33.27,33.27,D,1,42,33.3,0,25.8,US PL Cabazon Factory,"Yucca Valley, CA",3pl,medium
4516,Blackbird Packaging Solutions,33.27,33.27,D,1,22,20,5,45,US PL Hot Springs 2 Factory,"Little Rock, AR",shipper,low
4517,Delivert Logistics LLC,33.25,33.25,C,1,15,33.3,5,56.9,US PL Mecosta Factory,"Byron Center, MI",3pl,medium
4518,Amazon Fulfillment Center CMH3,33.25,33.25,A,1,4,93.3,1,95.9,US PL Greenwood Indiana,"Monroe, OH",3pl,high
4519,Friends United - Food Distribution Center,33.23,33.23,C,1,37,33.3,1,30,US PL McBee Factory,"Timmonsville, SC",shipper,medium
4520,Mungo Farms Meat Co. - Mungo's Deer Processing,33.2,33.2,C,1,42,33.3,0,25.9,US PL McBee Factory,"Heath Springs, SC",shipper,medium
4521,Carolina Foods,33.2,32.51,C,3,15,33.3,5,57.1,US PL McBee Factory,"Pineville, NC",shipper,low
4522,"Specialty Delivery & Logistics, Inc.",33.12,33.12,C,1,15,33.3,5,57.4,US PL McBee Factory,"Fort Mill, SC",3pl,medium
4523,SpartanNash Distribution Center,33.12,28.37,C,3,15,33.3,5,57.4,US PL Mecosta Factory,"Byron Center, MI",shipper,medium
4524,Boss Logistics LLC,33.12,33.12,C,1,15,33.3,5,57.4,US PL McBee Factory,"Charlotte, NC",3pl,medium
4525,Pioneer Cold Logistic Services,33.11,33.11,A,1,5,90.7,1,88.2,US PL Saratoga Spring Factory,"Chicopee, MA",shipper,medium
4526,Lightning Manufacturing Group,33.08,33.08,D,1,18,26.7,5,50.9,US PL Mecosta Factory,"Grand Rapids, MI",shipper,medium
4527,axium foods warehouse,33.07,33.07,C,1,26,33.3,3,40.9,US PL Madison Factory,"Beloit, WI",shipper,medium
4528,Forms & Fulfillment Services Inc.,33.04,33.04,C,1,42,33.3,0,26.1,US PL Mecosta Factory,"Gowen, MI",3pl,medium
4529,Macys Distribution Center,33.03,33.03,C,1,36,33.3,1,30.3,US PL S Houston Factory,"Tomball, TX",shipper,medium
4530,BDL4 Amazon Fulfillment Center,33.03,33.03,A,1,4,93.3,1,99,US PL Saratoga Spring Factory,"Windsor, CT",3pl,high
4531,Hospitality Logistics International,33.01,33.01,C,1,15,33.3,5,57.8,US PL McBee Factory,"Charlotte, NC",3pl,medium
4532,MKE2 Amazon Center,33.01,33.01,A,1,9,93.3,0,71.9,US PL Madison Factory,"Oak Creek, WI",shipper,medium
4533,Spencer's Warehouse,32.98,32.98,C,1,15,33.3,5,57.9,US PL McBee Factory,"Charlotte, NC",shipper,medium
4534,Caribbean Logistics LLC,32.98,32.98,C,1,15,33.3,5,57.9,US PL McBee Factory,"Pineville, NC",3pl,medium
4535,SpartanNash Chill Warehouse Turnstile,32.98,32.98,C,1,15,33.3,5,57.9,US PL Mecosta Factory,"Byron Center, MI",shipper,medium
4536,"C-H-E Integrity Logistics, LLC",32.97,32.97,D,1,36,33.3,1,30.4,US PL Hawkins Factory,"Pittsburg, TX",3pl,medium
4537,"Michaels Distribution Center Jacksonville, FL",32.96,32.96,C,1,14,33.3,5,58,US PL High Springs Factory,"Jacksonville, FL",shipper,medium
4538,Dayton Freight- Grand Rapids,32.96,32.96,C,1,14,33.3,5,58,US PL Mecosta Factory,"Byron Center, MI",shipper,low
4539,DCA1 Amazon Fulfillment Center,32.96,32.96,A,1,4,93.3,1,100,US PL Allentown NPL Factory,"Edgemere, MD",3pl,high
4540,Western Massachusetts Food Processing Center,32.94,32.94,B,1,10,90.7,0,67.8,US PL Saratoga Spring Factory,"Greenfield, MA",shipper,high
4541,Southeast Logistics,32.89,32.89,C,1,42,33.3,0,26.3,US DC Hot Springs (WHSE),"Amity, AR",3pl,medium
4542,Amazon Fulfillment Center LUK2,32.87,32.87,A,1,3,93.3,1,101.4,US PL Greenwood Indiana,"Vandalia, OH",3pl,high
4543,"E-ONE Inc. Production Plant 4, Aerial",32.85,32.85,D,1,18,26.7,5,51.6,US PL High Springs Factory,"Ocala, FL",shipper,medium
4544,Paradigm Plus – Distribution Center,32.85,32.85,C,1,14,33.3,5,58.4,US PL Mecosta Factory,"Hudsonville, MI",shipper,medium
4545,Distribution Technology Warehouse #8,32.83,32.83,C,1,14,33.3,5,58.5,US PL McBee Factory,"Charlotte, NC",shipper,medium
4546,Highland Industries,32.82,32.82,D,1,43,0,3,25.1,US PL McBee Factory,"Cheraw, SC",shipper,low
4547,Amazon BOS5,32.82,32.82,A,1,3,93.3,1,102.2,US PL Hollis Factory,"Stoughton, MA",shipper,medium
4548,Possum Trail Processing,32.81,32.81,C,1,41,33.3,0,26.4,US PL High Springs Factory,"Chiefland, FL",shipper,medium
4549,Amphora Nutritional Manufacturing,32.81,32.81,D,1,41,33.3,0,26.4,US PL Hawkins Factory,"Quitman, TX",shipper,medium
4550,"Pendu Manufacturing, LLC",32.81,32.81,D,1,29,26.7,3,37.4,US PL Allentown NPL Factory,"New Holland, PA",shipper,medium
4551,On Your Way Storage,32.78,32.78,D,1,54,0,1,18.4,US PL Mecosta Factory,"Howard City, MI",shipper,low
4552,OAK3 Amazon Fulfillment Center,32.78,32.78,A,1,9,93.3,0,73.3,US PL Sacramento Factory,"Patterson, CA",3pl,high
4553,Truly Good Foods,32.77,32.77,C,1,14,33.3,5,58.7,US PL McBee Factory,"Charlotte, NC",shipper,low
4554,"Gemini Logistics of North Florida/ Gemini Logistics / Gemini Warehouse, Inc.",32.75,32.75,C,1,14,33.3,5,58.8,US PL High Springs Factory,"Jacksonville, FL",3pl,medium
4555,Logistics Pointe Distribution Center,32.75,32.75,C,1,14,33.3,5,58.8,US PL McBee Factory,"Charlotte, NC",3pl,medium
4556,MCO2 Amazon,32.73,32.73,A,1,9,93.3,0,73.6,US PL Zephyrhills Factory,"Deltona, FL",shipper,medium
4557,Ocala Manufacturing Co Shop,32.72,32.72,D,1,18,26.7,5,52,US PL High Springs Factory,"Ocala, FL",shipper,medium
4558,Carolinas Crossdock 3PL LLC,32.72,32.72,C,1,14,33.3,5,58.9,US PL McBee Factory,"Charlotte, NC",3pl,low
4559,Chewy Fulfillment Center MDT1,32.72,32.72,A,1,10,80,1,67.9,US PL Allentown NPL Factory,"Lewisberry, PA",3pl,high
4560,"Lone Star Packaging Solutions, LLC.",32.71,32.71,D,1,32,20,3,34,US PL Dallas 2 Factory,"Ennis, TX",shipper,low
4561,Yo Mama's Foods,32.7,32.7,C,1,25,33.3,3,41.7,US PL Zephyrhills Factory,"Clearwater, FL",shipper,low
4562,Samaritan Purse warehouse,32.7,32.7,C,1,14,33.3,5,59,US PL McBee Factory,"Charlotte, NC",shipper,medium
4563,Tesla Manufacturing - Grand Rapids,32.69,32.69,D,1,18,26.7,5,52.1,US PL Mecosta Factory,"Grand Rapids, MI",shipper,medium
4564,MCO2 Amazon FC Truck Entrance,32.65,32.65,A,1,8,93.3,0,74.1,US PL Zephyrhills Factory,"Deltona, FL",shipper,medium
4565,Dixfield Food Pantry - Food Distribution Center,32.64,32.64,C,1,36,33.3,1,30.9,US PL Kingfield Factory,"Dixfield, ME",shipper,medium
4566,Big Sky Fulfillment,32.64,32.64,C,1,14,33.3,5,59.2,US PL McBee Factory,"Charlotte, NC",3pl,medium
4567,Atlantic Sweetener Inc,32.64,32.64,C,1,14,33.3,5,59.2,US PL McBee Factory,"Charlotte, NC",shipper,low
4568,Easy Foods Inc Kissimmee,32.61,32.61,C,1,25,33.3,3,41.9,US PL Zephyrhills Factory,"Kissimmee, FL",shipper,low
4569,Global Food Concepts Inc,32.61,32.61,C,1,25,33.3,3,41.9,US PL Zephyrhills Factory,"Kissimmee, FL",shipper,low
4570,Cabinet Warehouse Plus,32.57,32.57,C,1,36,33.3,1,31,US PL Zephyrhills Factory,"Hudson, FL",shipper,medium
4571,GM CROSSDOCK #939,32.57,32.57,C,1,14,33.3,5,59.5,US PL McBee Factory,"Charlotte, NC",shipper,low
4572,"Sunny Morning Foods, an Honor Foods Company",32.56,32.56,C,1,25,33.3,3,42,US PL Zephyrhills Factory,"Kissimmee, FL",shipper,low
4573,Ashlynn's Gourmet,32.56,32.56,C,1,25,33.3,3,42,US PL Zephyrhills Factory,"Clearwater, FL",shipper,low
4574,Alta supply and packaging,32.56,32.56,C,1,21,20,5,46.8,US PL Hot Springs 2 Factory,"North Little Rock, AR",shipper,low
4575,Advantage Logistics inc,32.54,32.54,C,1,14,33.3,5,59.6,US PL McBee Factory,"Lexington, SC",3pl,medium
4576,AJS Discount Warehouse,32.54,32.54,C,1,14,33.3,5,59.6,US PL McBee Factory,"Charlotte, NC",shipper,medium
4577,Amazon GSP1,32.53,32.53,A,1,3,93.3,1,107.5,US PL McBee Factory,"Spartanburg, SC",shipper,medium
4578,MG Foods,32.52,32.52,C,1,14,33.3,5,59.7,US PL McBee Factory,"Charlotte, NC",shipper,low
4579,Cherchies Specialty Foods,32.5,32.5,C,1,35,33.3,1,31.1,US PL Allentown NPL Factory,"Chester Springs, PA",shipper,low
4580,Ontrak Logistics,32.49,32.49,C,1,14,33.3,5,59.8,US PL McBee Factory,"Charlotte, NC",3pl,medium
4581,Talsma Furniture Warehouse,32.47,32.47,C,1,14,33.3,5,59.9,US PL Mecosta Factory,"Hudsonville, MI",shipper,medium
4582,PHL7 - Amazon Fulfillment Center,32.45,32.45,A,1,8,93.3,0,75.4,US PL Allentown NPL Factory,"Middletown, DE",3pl,high
4583,Carolina Renovation Warehouse,32.44,32.44,C,1,14,33.3,5,60,US PL McBee Factory,"Charlotte, NC",shipper,medium
4584,"Promesa Logistics, LLC",32.44,32.44,C,1,14,33.3,5,60,US PL Mecosta Factory,"Hudsonville, MI",3pl,medium
4585,MDT4 Amazon Fulfillment Center,32.44,32.44,A,1,8,93.3,0,75.5,US PL Allentown NPL Factory,"York, PA",3pl,high
4586,Crown Cork & Seal Co Inc,32.43,32.43,D,1,43,0,3,25.6,US PL McBee Factory,"Cheraw, SC",shipper,low
4587,Mercy Ships International Support Center,32.39,32.39,D,1,53,0,1,18.8,US PL Hawkins Factory,"Lindale, TX",shipper,low
4588,UTI Intregrated Logistics,32.39,32.39,C,1,13,33.3,5,60.2,US PL McBee Factory,"West Columbia, SC",3pl,medium
4589,CBI Warehouse,32.39,32.39,C,1,13,33.3,5,60.2,US PL McBee Factory,"Charlotte, NC",shipper,medium
4590,Scenic Road Manufacturing,32.38,32.38,C,1,35,33.3,1,31.3,US PL Allentown NPL Factory,"Denver, PA",shipper,medium
4591,MCD Logistics LLC,32.38,32.38,D,1,35,33.3,1,31.3,US PL Madison Factory,"Janesville, WI",3pl,medium
4592,TNT SUPPLEMENTS,32.38,32.38,C,1,24,33.3,3,42.4,US PL Zephyrhills Factory,"Leesburg, FL",shipper,low
4593,Stonewall Kitchen York Company Store,32.37,32.37,C,1,36,41.3,0,30.4,US PL Hollis Factory,"York, ME",shipper,low
4594,W Ludwig Manufacturing Inc,32.37,32.37,D,1,17,26.7,5,53.1,US PL Zephyrhills Factory,"Orlando, FL",shipper,medium
4595,B Robert's Foods,32.37,32.37,C,1,13,33.3,5,60.3,US PL McBee Factory,"Charlotte, NC",shipper,low
4596,Prep Partners Group,32.35,32.35,D,1,42,0,3,25.7,US PL Hollis Factory,"Rochester, NH",shipper,low
4597,C&K Plastics Pennsylvania,32.35,32.35,D,1,42,0,3,25.7,US DC NFI - Breinigsville,"Easton, PA",shipper,low
4598,Irwin Seating Distribution Center,32.34,32.34,C,1,13,33.3,5,60.4,US PL Mecosta Factory,"Spring Lake, MI",shipper,medium
4599,Proper Beverage Co.,32.34,32.34,C,1,13,33.3,5,60.4,US PL Mecosta Factory,"Hudsonville, MI",shipper,low
4600,Brown West Logistics,32.3,32.3,C,1,13,33.3,5,60.6,US PL McBee Factory,"Charlotte, NC",3pl,medium
4601,Commonwealth Logistics Center,32.3,32.3,C,1,13,33.3,5,60.6,US PL High Springs Factory,"Jacksonville, FL",3pl,medium
4602,Les Blankenship Logistics,32.29,32.29,C,1,24,33.3,3,42.6,US PL Hawkins Factory,"Mt Vernon, TX",3pl,medium
4603,Griffin Industries Inc,32.27,32.27,C,1,13,33.3,5,60.7,US PL High Springs Factory,"Jacksonville, FL 32210, USA",shipper,low
4604,Northbay Logistics Center,32.25,32.25,C,1,35,33.3,1,31.5,US PL Sacramento Factory,"Vacaville, CA 95688, USA",3pl,medium
4605,Nutramax Warehouse,32.25,32.25,D,1,35,33.3,1,31.5,US PL McBee Factory,"Lancaster, SC",shipper,medium
4606,Butterfield Foods LLC,32.25,32.25,C,1,35,33.3,1,31.5,US PL Greenwood Indiana,"Noblesville, IN",shipper,low
4607,Verdure Sciences,32.25,32.25,C,1,35,33.3,1,31.5,US PL Greenwood Indiana,"Noblesville, IN",shipper,low
4608,Network Distribution Center,32.25,32.25,C,1,13,33.3,5,60.8,US PL High Springs Factory,"Jacksonville, FL",shipper,medium
4609,"CNH- New Holland Agriculture, New Holland Construction Manufacturing Plant, Offices, R&D",32.24,32.24,D,1,28,26.7,3,38.5,US PL Allentown NPL Factory,"New Holland, PA",shipper,medium
4610,Magellan Transport Logistics,32.19,32.19,C,1,11,37.3,5,66.5,US PL High Springs Factory,"Jacksonville, FL",carrier,medium
4611,Sea Freight Logistics,32.18,32.18,C,1,13,33.3,5,61.1,US PL High Springs Factory,"Jacksonville, FL 32219, USA",3pl,medium
4612,"Queen Logistics, LLC",32.15,32.15,C,1,13,33.3,5,61.2,US PL McBee Factory,"Charlotte, NC",3pl,medium
4613,Excellence Logistics LLC,32.15,32.15,C,1,13,33.3,5,61.2,US PL McBee Factory,"Charlotte, NC",3pl,medium
4614,Hickory Foods Inc,32.15,31.79,C,2,13,33.3,5,61.2,US PL High Springs Factory,"Jacksonville, FL",shipper,low
4615,Hope Warehouse LLP,32.14,32.14,C,1,40,33.3,0,27.3,US PL Greenwood Indiana,"Hope, IN",shipper,medium
4616,Worldpac Charlotte Warehouse,32.13,32.13,C,1,13,33.3,5,61.3,US PL McBee Factory,"Charlotte, NC",shipper,medium
4617,BWF. Fire Wood Warehouse,32.12,32.12,C,1,35,33.3,1,31.7,US PL Dallas 2 Factory,"Ennis, TX",shipper,medium
4618,Gateway Manufacturing Agricultural & Commercial Equipment,32.12,32.12,C,1,35,33.3,1,31.7,US PL Mecosta Factory,"Clare, MI",shipper,medium
4619,Salvation Army Corps Community Center Office- Alma - Food Distribution Center,32.12,32.12,C,1,35,33.3,1,31.7,US PL Mecosta Factory,"Alma, MI",shipper,medium
4620,Premier Protective Packaging,32.1,32.1,D,1,20,20,5,48,US PL Mecosta Factory,"Grand Rapids, MI",shipper,low
4621,Charlotte Bonded Warehouse,32.1,32.1,C,1,13,33.3,5,61.4,US PL McBee Factory,"Charlotte, NC",shipper,medium
4622,Bravo Foods,32.08,32.08,C,1,13,33.3,5,61.5,US PL High Springs Factory,"Jacksonville, FL",shipper,low
4623,Annette's Attic Warehouse,32.07,32.07,C,1,40,33.3,0,27.4,US PL High Springs Factory,"Old Town, FL",shipper,medium
4624,The Warehouse Social Club operated by the Military Fire Police Support Association,32.07,32.07,C,1,24,33.3,3,43.1,US PL Zephyrhills Factory,"Leesburg, FL",shipper,medium
4625,Precision Packaging Inc,32.07,32.07,D,1,20,20,5,48.1,US PL Hot Springs 2 Factory,"North Little Rock, AR",shipper,low
4626,Wagner Logistics,32.06,25.6,C,2,13,33.3,5,61.6,US PL High Springs Factory,"Jacksonville, FL",3pl,medium
4627,Coastal International Logistics,32.06,32.06,C,1,13,33.3,5,61.6,US PL High Springs Factory,"Jacksonville, FL",3pl,medium
4628,American Red Cross Warehouse,32.06,32.06,C,1,13,33.3,5,61.6,US PL McBee Factory,"Charlotte, NC",shipper,medium
4629,Dash Courier and Logistics,32.06,32.06,C,1,13,33.3,5,61.6,US PL McBee Factory,"Charlotte, NC",3pl,medium
4630,Lance,32.06,32.06,C,1,13,33.3,5,61.6,US PL McBee Factory,"Charlotte, NC",shipper,low
4631,CAIF - Concentrated Active Ingredients and Flavors,32.06,32.06,C,1,13,33.3,5,61.6,US PL McBee Factory,"West Columbia, SC",shipper,low
4632,BGF Industries Inc,32.04,32.04,D,1,42,0,3,26.1,US PL McBee Factory,"Cheraw, SC",shipper,low
4633,Frito-Lay Liberty,32.04,32.04,A,1,4,100,0,98.8,US DC NFI - Breinigsville,"Liberty, NY",shipper,medium
4634,Big Reds,32.03,32.03,C,1,24,33.3,3,43.2,US PL Kingfield Factory,"Newport, ME",shipper,low
4635,Red Oak Logistics,32.03,32.03,C,1,13,33.3,5,61.7,US PL High Springs Factory,"Jacksonville, FL",3pl,medium
4636,Wasserstrom Jacksonville Distribution Center,32.03,32.03,C,1,13,33.3,5,61.7,US PL High Springs Factory,"Jacksonville, FL",shipper,medium
4637,Johnstone Supply Distribution Center,32.03,32.03,C,1,13,33.3,5,61.7,US PL High Springs Factory,"Jacksonville, FL",shipper,medium
4638,SI Fulfillment Solutions,32.03,32.03,C,1,13,33.3,5,61.7,US PL McBee Factory,"Charlotte, NC",3pl,medium
4639,Transport Arthur Cuming Inc,32.03,32.03,A,1,7,93.3,0,78.4,US PL Kingfield Factory,"Cookshire-Eaton, QC",carrier,medium
4640,Fastenal Canada Fulfillment Center,32.02,30.51,A,4,6,96,0,85.1,US PL Kingfield Factory,"Saint-Georges, QC",3pl,high
4641,Ship My Deal,32.01,32.01,D,1,31,0,5,35.2,US PL Cabazon Factory,"Temecula, CA",shipper,low
4642,Custom Commodities,32,32,D,1,53,0,1,19.2,US PL Hawkins Factory,"Gilmer, TX",shipper,low
4643,Smokey’s egg factory,31.99,31.99,C,1,40,33.3,0,27.5,US PL Saratoga Spring Factory,"Fort Ann, NY",shipper,low
4644,Stonewall Kitchen Dover Distribution Center,31.99,31.99,C,1,35,33.3,1,31.9,US PL Hollis Factory,"Dover, NH",shipper,medium
4645,Sports Warehouse,31.99,31.99,C,1,35,33.3,1,31.9,US PL Cabazon Factory,"La Quinta, CA",shipper,medium
4646,Winn dixie warehouse/ C&S Wholesale Groceries,31.99,31.99,C,1,13,33.3,5,61.9,US PL High Springs Factory,"Jacksonville, FL",shipper,medium
4647,Dominant Express 24/7 Cross Dock and Warehouse,31.99,31.99,C,1,13,33.3,5,61.9,US PL McBee Factory,"Charlotte, NC",shipper,medium
4648,Amazon RDU9 Fulfillment Center,31.97,31.97,A,1,2,93.3,1,121.1,US PL McBee Factory,"Mebane, NC",3pl,high
4649,Vistapak Industries Inc,31.94,31.94,C,1,24,33.3,3,43.4,US PL Zephyrhills Factory,"Leesburg, FL",shipper,low
4650,Metropolitan Warehouse and Delivery,31.94,31.94,C,1,13,33.3,5,62.1,US PL High Springs Factory,"Jacksonville, FL",shipper,medium
4651,Saturiwa Trading Co.,31.94,31.94,C,1,13,33.3,5,62.1,US PL High Springs Factory,"Jacksonville, FL",shipper,low
4652,Kraft Heinz-Newberry,31.94,31.94,A,1,7,93.3,0,79.1,US PL McBee Factory,"Newberry, SC",shipper,medium
4653,Fisher Barton Specialty Products / Blades Warehouse,31.93,31.93,C,1,34,33.3,1,32,US PL Madison Factory,"Watertown, WI",shipper,medium
4654,Hotel Liquidation Warehouse,31.93,29.76,C,2,34,33.3,1,32,US PL Zephyrhills Factory,"Hudson, FL",shipper,medium
4655,Fisher Barton Distribution Center,31.93,31.93,D,1,34,33.3,1,32,US PL Madison Factory,"Watertown, WI",shipper,medium
4656,Crossdock 24/7 Jacksonville,31.92,31.92,C,1,13,33.3,5,62.2,US PL High Springs Factory,"Jacksonville, FL",shipper,low
4657,Amazon DTW8,31.91,31.91,A,1,2,93.3,1,122.9,US PL Mecosta Factory,"Plymouth, MI",shipper,medium
4658,Fabian Transportation Inc,31.9,31.9,D,1,31,0,5,35.4,US PL Kingfield Factory,"Oakland, ME",shipper,low
4659,National Furniture Warehouse,31.89,31.89,C,1,13,33.3,5,62.3,US PL High Springs Factory,"Jacksonville, FL",shipper,medium
4660,CLT Freight Brokers LLC,31.89,31.89,C,1,13,33.3,5,62.3,US PL McBee Factory,"Charlotte, NC",shipper,low
4661,"BDL3 Amazon, North Haven",31.88,31.88,A,1,2,93.3,1,124.1,US PL Saratoga Spring Factory,"North Haven, CT",shipper,medium
4662,Crane Worldwide Logistics - Charlotte,31.87,31.87,C,1,12,33.3,5,62.4,US PL McBee Factory,"Charlotte, NC",3pl,medium
4663,Nationwide Mattress and Furniture Warehouse,31.87,31.87,C,1,12,33.3,5,62.4,US PL High Springs Factory,"Jacksonville, FL",shipper,medium
4664,DDT9 Amazon,31.86,31.86,A,1,2,93.3,1,124.9,US PL Mecosta Factory,"Canton Township, MI",shipper,medium
4665,Fort Ann Super Stop,31.85,31.85,C,1,40,33.3,0,27.7,US PL Saratoga Spring Factory,"Fort Ann, NY",shipper,low
4666,"Sensenig Manufacturing, LLC",31.85,31.85,D,1,38,26.7,1,29.1,US PL Allentown NPL Factory,"Bernville, PA",shipper,medium
4667,Drummond warehouse,31.85,31.85,C,1,12,33.3,5,62.5,US PL High Springs Factory,"Jacksonville, FL",shipper,medium
4668,Amazon ORD2 - Fulfillment Center,31.84,31.84,A,1,2,93.3,1,125.3,US PL Madison Factory,"Channahon, IL",3pl,high
4669,We Pack Warehousing & Distribution,31.82,31.82,C,1,23,33.3,3,43.7,US PL Hawkins Factory,"Sulphur Springs, TX",3pl,medium
4670,Amazon Cross-Dock Facility - MDW2,31.82,30.67,A,2,1,93.3,1,107.8,US PL Madison Factory,"Joliet, IL",shipper,medium
4671,Volkswagen Distribution Center,31.8,31.8,C,1,12,33.3,5,62.7,US PL High Springs Factory,"Jacksonville, FL",shipper,medium
4672,BMW Regional Distribution Center,31.8,31.8,C,1,12,33.3,5,62.7,US PL High Springs Factory,"Jacksonville, FL",shipper,medium
4673,Young's Premium Foods,31.8,31.8,C,1,12,33.3,5,62.7,US PL McBee Factory,"Charlotte, NC",shipper,low
4674,Williams Brothers Trucking - Starke Terminal,31.78,31.78,C,1,38,26.7,1,29.2,US PL High Springs Factory,"Starke, FL",carrier,medium
4675,Warehouse 242,31.78,31.78,C,1,12,33.3,5,62.8,US PL McBee Factory,"Charlotte, NC",shipper,medium
4676,"Dedicated Logistics, Inc.",31.74,31.74,D,1,34,33.3,1,32.3,US PL Ontario Factory,"Lake Elsinore, CA",3pl,medium
4677,Freightz Tansportation Inc,31.74,31.74,C,1,34,33.3,1,32.3,US PL Zephyrhills Factory,"Port Richey, FL",shipper,low
4678,Truck Gate Aurora Dairy,31.74,31.74,C,1,34,33.3,1,32.3,US PL Denver Factory,"Platteville, CO",shipper,low
4679,The International Community Warehouse,31.74,31.74,C,1,12,33.3,5,63,US PL McBee Factory,"Charlotte, NC",shipper,medium
4680,Pastina Kitchen LLC,31.74,31.74,C,1,12,33.3,5,63,US PL High Springs Factory,"Jacksonville, FL",shipper,low
4681,"Philadelphia Warehousing|Warehouse America",31.73,31.73,C,1,23,33.3,3,43.9,US PL Allentown NPL Factory,"Philadelphia, PA",3pl,medium
4682,Perfection Foods,31.73,31.73,C,1,23,33.3,3,43.9,US PL Allentown NPL Factory,"Philadelphia, PA",shipper,low
4683,Flavor West MFG LLC,31.7,31.7,C,1,39,33.3,0,27.9,US PL Ontario Factory,"Lake Elsinore, CA",shipper,low
4684,Cold Ass Trailers,31.68,31.68,D,1,30,0,5,35.8,US PL Cabazon Factory,"Temecula, CA",shipper,low
4685,Amazon Fulfillment Center ORD5,31.68,31.68,A,1,1,93.3,1,131.8,US PL Madison Factory,"Matteson, IL",3pl,high
4686,Amazon DET6,31.68,31.68,A,1,1,93.3,1,131.9,US PL Mecosta Factory,"Detroit, MI",shipper,medium
4687,"Cole's Secure Storage, LLC",31.66,31.66,D,1,41,0,3,26.6,US DC Hot Springs (WHSE),"Arkadelphia, AR",shipper,low
4688,Galloway Manufacturing Solutions,31.65,31.65,D,1,16,26.7,5,55.5,US PL McBee Factory,"Columbia, SC",shipper,medium
4689,"Dal-Bac Manufacturing Company, Inc. An ISO 9001:2015 Certified company",31.64,31.64,D,1,38,26.7,1,29.4,US PL Dallas 2 Factory,"Forney, TX",shipper,medium
4690,Diamond Logistics,31.62,31.62,C,1,34,33.3,1,32.5,US PL Zephyrhills Factory,"Port Richey, FL",3pl,medium
4691,Esbenshades Denver Fulfillment Center #1,31.55,31.55,C,1,34,33.3,1,32.6,US PL Allentown NPL Factory,"Denver, PA",3pl,medium
4692,Amazon Returns Center CVG2,31.55,31.55,A,1,6,93.3,0,82.2,US PL Greenwood Indiana,"Hebron, KY",shipper,medium
4693,Amazon Fulfillment Center MDW7,31.55,31.55,A,1,1,93.3,1,137.9,US PL Madison Factory,"Monee, IL",3pl,high
4694,Azure Water Co.,31.52,31.52,C,1,23,33.3,3,44.4,US PL Zephyrhills Factory,"Leesburg, FL",shipper,low
4695,Storage Plus of Longview (Main),31.51,31.51,D,1,41,0,3,26.8,US PL Hawkins Factory,"Longview, TX",shipper,low
4696,MM Packaging Charlotte,31.51,31.51,C,1,15,26.7,5,56,US PL McBee Factory,"Pineville, NC",shipper,low
4697,The Sausage Warehouse,31.49,31.49,C,1,34,33.3,1,32.7,US PL Hawkins Factory,"Pittsburg, TX",shipper,medium
4698,Recon Wear - Warehouse,31.48,31.48,C,1,23,33.3,3,44.5,US PL McBee Factory,"Blythewood, SC",shipper,medium
4699,Warehouse Distributors USA LLC,31.41,31.41,D,1,39,33.3,0,28.3,US PL McBee Factory,"Lancaster, SC",shipper,medium
4700,Bonded Logistics,31.39,31.39,C,1,12,33.3,5,64.6,US PL McBee Factory,"Charlotte, NC",3pl,medium
4701,"ELE Logistics, Inc.",31.39,31.39,C,1,12,33.3,5,64.6,US PL McBee Factory,"Charlotte, NC",3pl,medium
4702,Dysart's Service Center,31.39,31.39,C,1,12,33.3,5,64.6,US PL Kingfield Factory,"Hermon, ME",shipper,low
4703,Creek View Manufacturing LLC,31.37,31.37,C,1,33,33.3,1,32.9,US PL Allentown NPL Factory,"East Earl, PA",shipper,medium
4704,Orion Fulfillment Center,31.35,31.35,C,1,22,33.3,3,44.8,US PL Zephyrhills Factory,"Kissimmee, FL",3pl,medium
4705,Bullard Crossing Warehouse,31.34,31.34,C,1,39,33.3,0,28.4,US PL Hawkins Factory,"Bullard, TX",shipper,medium
4706,ARP Warehouse,31.31,31.31,C,1,22,33.3,3,44.9,US PL McBee Factory,"Blythewood, SC",shipper,medium
4707,Filcon,31.29,31.29,D,1,41,0,3,27.1,US PL Mecosta Factory,"Clare, MI",shipper,low
4708,Nutty Scoopz,31.28,31.28,C,1,11,33.3,5,65.1,US PL High Springs Factory,"Jacksonville, FL",shipper,low
4709,Comfort Foods Inc,31.28,31.28,C,1,11,33.3,5,65.1,US PL Hollis Factory,"North Andover, MA",shipper,low
4710,Crowley Liner & Logistics,31.26,31.26,C,1,11,33.3,5,65.2,US PL High Springs Factory,"Jacksonville, FL",3pl,medium
4711,FBMFulfillment.com Warehouse and Fulfillment Center ANNEX,31.26,31.26,C,1,11,33.3,5,65.2,US PL High Springs Factory,"Jacksonville, FL",3pl,medium
4712,Barry Food Sales,31.25,31.25,C,1,33,33.3,1,33.1,US PL Allentown NPL Factory,"Blue Bell, PA",shipper,low
4713,Arkansas Packaging,31.25,31.25,D,1,19,20,5,50.4,US PL Hot Springs 2 Factory,"North Little Rock, AR",shipper,low
4714,FREZ-n-STOR Terrell,31.24,31.24,D,1,30,0,5,36.6,US PL Dallas 2 Factory,"Terrell, TX",shipper,low
4715,"A & R Warehouse Equipment, Inc.",31.24,31.24,C,1,11,33.3,5,65.3,US PL High Springs Factory,"Jacksonville, FL",shipper,medium
4716,Gentex Corporation Distribution Center,31.24,31.24,C,1,11,33.3,5,65.3,US PL Mecosta Factory,"Zeeland, MI",shipper,medium
4717,The Pickle Factory,31.24,31.24,C,1,11,33.3,5,65.3,US PL High Springs Factory,"Jacksonville, FL",shipper,low
4718,Independent Beverage Company - Lawton,31.24,31.17,C,4,11,33.3,5,65.3,US PL McBee Factory,"Charlotte, NC",shipper,low
4719,Joe's Furniture Warehouse,31.23,31.23,C,1,22,33.3,3,45.1,US PL Kingfield Factory,"Newport, ME",shipper,medium
4720,Patterson Logistics Services,31.23,31.23,C,1,22,33.3,3,45.1,US PL McBee Factory,"Blythewood, SC",3pl,medium
4721,Crowley logistics,31.22,31.22,C,1,11,33.3,5,65.4,US PL High Springs Factory,"Jacksonville, FL",3pl,medium
4722,Crowley Fresh,31.22,31.22,C,1,11,33.3,5,65.4,US PL High Springs Factory,"Jacksonville, FL",shipper,low
4723,Mount Pleasant AME Church - Food Distribution Center,31.2,31.2,C,1,39,33.3,0,28.6,US PL McBee Factory,"Lynchburg, SC",shipper,medium
4724,Forestry logistics,31.2,31.2,D,1,39,33.3,0,28.6,US PL Hot Springs Factory,"Ola, AR",3pl,medium
4725,Freight Central,31.2,31.2,C,1,11,33.3,5,65.5,US PL Kingfield Factory,"Bangor, ME",shipper,low
4726,Belk Distribution Center,31.19,31.15,C,2,22,33.3,3,45.2,US PL McBee Factory,"Blythewood, SC",shipper,medium
4727,Paradise Food Trucks,31.19,31.19,C,1,22,33.3,3,45.2,US PL Zephyrhills Factory,"Kissimmee, FL",shipper,low
4728,Durham Coca-Cola Bottling Co,31.19,31.19,A,1,2,100,0,115.1,US PL McBee Factory,"Apex, NC",shipper,high
4729,Preferred Truck Service Center,31.14,31.14,C,1,15,26.7,5,57.3,US PL Mecosta Factory,"Byron Center, MI",shipper,low
4730,Brent Raymond Cross Dock,31.13,31.13,D,1,29,0,5,36.8,US PL Ontario Factory,"Los Angeles, CA",shipper,low
4731,Lularoe Warehouse,31.11,31.11,C,1,22,33.3,3,45.4,US PL McBee Factory,"Blythewood, SC",shipper,medium
4732,CS Manufacturing Inc.,31.1,31.1,D,1,37,26.7,1,30.2,US PL Mecosta Factory,"Cedar Springs, MI",shipper,medium
4733,Moon Express Inc 24/7 Warehouse and Cross-dock,31.09,31.09,C,1,11,33.3,5,66,US PL McBee Factory,"Charlotte, NC",shipper,medium
4734,WeShareSpace Warehouse,31.09,31.09,C,1,11,33.3,5,66,US PL High Springs Factory,"Jacksonville, FL",shipper,medium
4735,Sunshine International Foods,31.09,31.09,C,1,11,33.3,5,66,US PL Hollis Factory,"Methuen, MA",shipper,low
4736,Warehouse Location,31.07,31.07,C,1,33,33.3,1,33.4,US PL Mecosta Factory,"St. Louis, MI",shipper,medium
4737,Green's Beverage Warehouse,31.06,31.06,C,1,15,46.7,3,57.6,US PL McBee Factory,"Columbia, SC",shipper,medium
4738,Cook Mfg,31.05,31.05,D,1,51,0,1,20.2,US PL Mecosta Factory,"Paris, MI",shipper,low
4739,Logistics Worldwide,31.05,31.05,C,1,11,33.3,5,66.2,US PL High Springs Factory,"Jacksonville, FL",3pl,medium
4740,Trucking Warehousing Cross-Docking,31.05,31.05,C,1,11,33.3,5,66.2,US PL McBee Factory,"Charlotte, NC",carrier,low
4741,Cross Dock Services Warehouse,31.03,31.03,C,1,11,33.3,5,66.3,US PL High Springs Factory,"Jacksonville, FL",shipper,medium
4742,Cold Stream Storage,31.02,31.02,A,1,7,90.7,0,80,US PL Kingfield Factory,"West Enfield, ME",shipper,medium
4743,Smurfit Westrock Claremont Folding Carton Plant,31.02,31.02,B,1,4,86.7,1,99.1,US PL McBee Factory,"Claremont, NC",shipper,high
4744,Naples Packing Co.,31.01,31.01,C,1,33,33.3,1,33.5,US PL Poland Spring Factory,"Mexico, ME",shipper,low
4745,Sanmina Corporation,31.01,31.01,D,1,15,26.7,5,57.8,US PL McBee Factory,"Fort Mill, SC",shipper,low
4746,Jacksonville Fulfillment Center,31.01,31.01,C,1,11,33.3,5,66.4,US PL High Springs Factory,"Jacksonville, FL",3pl,medium
4747,Ola United Methodist Church - Food Distribution Center,30.99,30.99,C,1,38,33.3,0,28.9,US PL Hot Springs Factory,"Ola, AR",shipper,medium
4748,Walkabout Logistics LLC,30.99,30.99,D,1,38,33.3,0,28.9,US PL Dallas 2 Factory,"Heath, TX",3pl,medium
4749,Union Terminal Warehouse,30.99,30.99,C,1,11,33.3,5,66.5,US PL High Springs Factory,"Jacksonville, FL",shipper,medium
4750,Sparrow Lansing Warehouse,30.97,30.97,C,1,11,33.3,5,66.6,US PL Mecosta Factory,"Lansing, MI",shipper,medium
4751,MANCO LOGISTICS CORP,30.97,30.97,C,1,11,33.3,5,66.6,US PL High Springs Factory,"Jacksonville, FL",3pl,medium
4752,Square One Transport & Logistics,30.97,30.97,C,1,11,33.3,5,66.6,US PL Mecosta Factory,"Lansing, MI",carrier,medium
4753,Bafs Inc.,30.97,30.97,C,1,11,33.3,5,66.6,US PL Kingfield Factory,"Bangor, ME",shipper,low
4754,Lowe’s Pro Distribution Center,30.95,30.95,C,1,11,33.3,5,66.7,US PL McBee Factory,"Charlotte, NC",shipper,medium
4755,Ups Freight Jacksonville Fl,30.95,30.95,C,1,11,33.3,5,66.7,US PL High Springs Factory,"Jacksonville, FL",shipper,low
4756,Duke's Canton,30.93,30.93,C,1,25,46.7,1,41.2,US PL Hawkins Factory,"Canton, TX",shipper,low
4757,Skyway Foods,30.92,30.92,C,1,38,33.3,0,29,US PL Denver Factory,"Longmont, CO",shipper,low
4758,Amazon MDW8,30.92,30.92,A,1,5,93.3,0,88.1,US PL Madison Factory,"Waukegan, IL",shipper,medium
4759,Sirois Food Products Inc,30.91,30.91,C,1,11,33.3,5,66.9,US PL Hollis Factory,"Lawrence, MA",shipper,low
4760,Smurfit Westrock Conover Folding Carton Plant,30.91,30.91,B,1,3,86.7,1,100.8,US PL McBee Factory,"Conover, NC",shipper,high
4761,"Denver Cold Storage, Inc. - Warehouse 4",30.89,28.22,C,2,33,33.3,1,33.7,US PL Allentown NPL Factory,"Denver, PA",shipper,medium
4762,Corporate Traffic Logistics,30.89,30.89,C,1,11,33.3,5,67,US PL High Springs Factory,"Jacksonville, FL",3pl,medium
4763,Medtronic Distribution Center - Jacksonville Campus,30.89,30.89,C,1,11,33.3,5,67,US PL High Springs Factory,"Jacksonville, FL",shipper,medium
4764,Health and Beauty Manufacturing,30.87,30.87,C,1,22,33.3,3,46,US PL Zephyrhills Factory,"St. Petersburg, FL",shipper,medium
4765,GM Central Distribution Center,30.87,30.87,C,1,11,33.3,5,67.1,US PL Mecosta Factory,"Lansing, MI",shipper,medium
4766,MegaCorp Logistics,30.86,30.86,C,1,11,33.3,5,67.2,US PL High Springs Factory,"Jacksonville, FL",3pl,medium
4767,Schulze Family Processing,30.85,30.85,C,1,38,33.3,0,29.1,US PL High Springs Factory,"Wellborn, FL",shipper,medium
4768,Center Manufacturing,30.85,30.85,D,1,14,26.7,5,58.4,US PL Mecosta Factory,"Byron Center, MI",shipper,medium
4769,Augusta Coca-Cola Bottling Co,30.85,30.85,A,1,2,100,0,125.1,US PL McBee Factory,"Augusta, GA",shipper,high
4770,Laney & Duke Logistics,30.84,30.84,C,1,11,33.3,5,67.3,US PL High Springs Factory,"Jacksonville, FL",3pl,medium
4771,Florida Fulfillment Center,30.84,30.84,C,1,11,33.3,5,67.3,US PL High Springs Factory,"Jacksonville, FL",3pl,medium
4772,Artisan Chef Manufacturing Co.,30.84,30.84,C,1,11,33.3,5,67.3,US PL Hollis Factory,"Lawrence, MA",shipper,medium
4773,Capital Logistics Group,30.84,30.84,C,1,11,33.3,5,67.3,US PL High Springs Factory,"Jacksonville, FL",3pl,medium
4774,Vanguard Manufacturing,30.83,30.83,D,1,36,26.7,1,30.6,US PL High Springs Factory,"Williston, FL",shipper,medium
4775,The Beverage Warehouse,30.83,29.13,C,2,32,33.3,1,33.8,US PL McBee Factory,"Lancaster, SC",shipper,medium
4776,Newcold Advanced Cold Storage Logistics,30.82,30.82,C,1,30,37.3,1,35.9,US PL Greenwood Indiana,"Lebanon, IN",3pl,medium
4777,Crossdock in Jacksonville,30.82,30.82,C,1,11,33.3,5,67.4,US PL High Springs Factory,"Jacksonville, FL",shipper,low
4778,"Butterbeans,greens, and wings llc",30.82,30.82,C,1,11,33.3,5,67.4,US PL High Springs Factory,"Jacksonville, FL",shipper,low
4779,FreeUp Storage Terrell,30.81,30.81,D,1,29,0,5,37.4,US PL Dallas 2 Factory,"Terrell, TX",shipper,low
4780,Gary Containers,30.8,30.8,D,1,45,20,0,23.9,US PL Zephyrhills Factory,"Spring Hill, FL",shipper,low
4781,Hartsfield Warehouse,30.76,30.76,C,1,10,33.3,5,67.7,US PL McBee Factory,"Charlotte, NC",shipper,medium
4782,JD Logistics Worldwide LLC,30.76,30.76,C,1,10,33.3,5,67.7,US PL McBee Factory,"Charlotte, NC",3pl,medium
4783,Horse & Kennel Warehouse,30.76,30.76,C,1,10,33.3,5,67.7,US PL High Springs Factory,"Jacksonville, FL",shipper,medium
4784,"Silver Creek Manufacturing, Inc.",30.75,30.75,D,1,14,26.7,5,58.8,US PL Mecosta Factory,"Norton Shores, MI",shipper,medium
4785,Westco Manufacturing & Associates,30.75,30.75,D,1,14,26.7,5,58.8,US PL McBee Factory,"West Columbia, SC",shipper,medium
4786,Snap-On Tools Distribution Center,30.71,30.71,C,1,38,33.3,0,29.3,US PL Allentown NPL Factory,"Robesonia, PA",shipper,medium
4787,Scarlet Cord Food Pantry - Food Distribution Center,30.71,30.71,C,1,38,33.3,0,29.3,US DC Hot Springs (WHSE),"Amity, AR",shipper,medium
4788,Origin USA,30.7,30.7,D,1,39,0,3,27.9,US PL Kingfield Factory,"Jay, ME",shipper,low
4789,Denton Industrial Park,30.7,30.7,C,1,36,26.7,1,30.8,US PL Zephyrhills Factory,"Hudson, FL",shipper,low
4790,"J-MAX Transportation & Logistics, Inc",30.7,30.7,C,1,10,33.3,5,68,US PL Mecosta Factory,"Zeeland, MI",3pl,medium
4791,Special Distribution Services Inc,30.7,30.7,C,1,10,33.3,5,68,US PL McBee Factory,"Charlotte, NC",3pl,medium
4792,Mondelēz International Factory DSD,30.67,30.67,D,1,14,26.7,5,59.1,US PL McBee Factory,"West Columbia, SC",shipper,low
4793,Request Foods-Quincy Street Plant,30.66,30.66,C,1,10,33.3,5,68.2,US PL Mecosta Factory,"Holland, MI",shipper,medium
4794,Request Foods-Greenly Street Plant,30.64,30.64,C,1,10,33.3,5,68.3,US PL Mecosta Factory,"Holland, MI",shipper,medium
4795,3 Lions Logistics,30.63,30.63,C,1,10,33.3,5,68.4,US PL Hollis Factory,"Andover, MA",3pl,medium
4796,Madrona Specialty Foods Llc,30.61,30.61,C,1,10,33.3,5,68.5,US PL McBee Factory,"Charlotte, NC",shipper,low
4797,Charles B Davis Co,30.6,30.6,D,1,28,0,5,37.8,US PL Kingfield Factory,"Waterville, ME",shipper,low
4798,Herman Miller Midwest Distribution Center MWC,30.59,30.59,C,1,10,33.3,5,68.6,US PL Mecosta Factory,"Holland, MI",shipper,medium
4799,Request Foods,30.59,30.59,C,1,10,33.3,5,68.6,US PL Mecosta Factory,"Holland, MI",shipper,low
4800,Furniture and Mattress Warehouse,30.55,30.55,C,1,10,33.3,5,68.8,US PL Mecosta Factory,"Holland, MI",shipper,medium
4801,"Rosa Food Products Co., Inc.",30.52,30.52,C,1,21,33.3,3,46.9,US PL Allentown NPL Factory,"Philadelphia, PA",shipper,low
4802,Mike Land Warehouse,30.5,30.5,C,1,37,33.3,0,29.6,US PL Hawkins Factory,"Grand Saline, TX",shipper,medium
4803,MagicFrost,30.5,30.5,C,1,37,33.3,0,29.6,US PL High Springs Factory,"Williston, FL",shipper,low
4804,Community Quik Stop,30.47,30.47,C,1,32,33.3,1,34.4,US PL Poland Spring Factory,"Rumford, ME",shipper,low
4805,Orion Cordage,30.45,30.45,D,1,28,0,5,38.1,US PL Kingfield Factory,"Winslow, ME",shipper,low
4806,"Gulf Coast Industrial, LLC",30.44,30.44,D,1,41,26.7,0,26.9,US PL Zephyrhills Factory,"Mulberry, FL",shipper,low
4807,The Warehouse Flat Rate Flea Market,30.42,30.42,C,1,32,33.3,1,34.5,US PL Madison Factory,"Beaver Dam, WI",shipper,medium
4808,"Royal Technologies, Quincy 1 Plant",30.42,30.29,D,2,13,26.7,5,60.1,US PL Mecosta Factory,"Hudsonville, MI",shipper,medium
4809,Peninsular Warehouse Co,30.39,30.39,C,1,10,33.3,5,69.7,US PL High Springs Factory,"Jacksonville, FL",shipper,medium
4810,"Arcadia Cold Storage | Jacksonville",30.39,30.39,C,1,10,33.3,5,69.7,US PL High Springs Factory,"Jacksonville, FL",shipper,medium
4811,Ulta Distribution Center,30.39,30.39,C,1,10,33.3,5,69.7,US PL High Springs Factory,"Jacksonville, FL",shipper,medium
4812,United Bonded Warehouse,30.37,30.37,C,1,37,33.3,0,29.8,US PL McBee Factory,"Lynchburg, SC",shipper,medium
4813,FreezPak Logistics,30.37,30.37,C,1,10,33.3,5,69.8,US PL High Springs Factory,"Jacksonville, FL",3pl,medium
4814,New Holland Brewing Company Warehouse,30.35,30.35,C,1,10,33.3,5,69.9,US PL Mecosta Factory,"Holland, MI",shipper,medium
4815,"Imeson Distribution Center, Inc.",30.35,30.35,C,1,10,33.3,5,69.9,US PL High Springs Factory,"Jacksonville, FL",shipper,medium
4816,"Imeson Center, Peninsular Warehouse",30.33,30.33,C,1,10,33.3,5,70,US PL High Springs Factory,"Jacksonville, FL",shipper,medium
4817,Magnablend Inc,30.31,30.31,D,1,50,0,1,21,US PL Dallas 2 Factory,"Waxahachie, TX",shipper,low
4818,"Venus Fashion, Inc. Warehouse",30.26,30.26,C,1,10,33.3,5,70.4,US PL High Springs Factory,"Jacksonville, FL",shipper,medium
4819,Honda of South Carolina Manufacturing,30.25,30.25,D,1,35,26.7,1,31.5,US PL McBee Factory,"Timmonsville, SC",shipper,medium
4820,Warehouse 6 Events,30.23,30.23,C,1,10,33.3,5,70.6,US PL Mecosta Factory,"Holland, MI",shipper,medium
4821,"Epic Logistics, LLC",30.23,30.23,C,1,10,33.3,5,70.6,US PL High Springs Factory,"Jacksonville, FL",3pl,medium
4822,Barnhardt Manufacturing Co,30.22,30.22,D,1,13,26.7,5,60.9,US PL McBee Factory,"Charlotte, NC",shipper,medium
4823,Weaver Manufacturing Co,30.21,30.21,D,1,40,26.7,0,27.2,US PL Dallas 2 Factory,"Flower Mound, TX",shipper,medium
4824,Appliance Warehouse & Furniture,30.21,30.21,C,1,18,37.3,3,51.1,US PL Hollis Factory,"Seabrook, NH",shipper,medium
4825,Sherwin-Williams Wheeling Manufacturing Plant,30.21,30.21,A,1,4,93.3,0,96.4,US PL Madison Factory,"Wheeling, IL",shipper,high
4826,DC Storage & RV Services,30.2,30.2,C,1,13,26.7,5,61,US PL Mecosta Factory,"Hudsonville, MI",shipper,low
4827,Sub Zero Southeast Distribution Warehouse,30.18,30.18,C,1,9,33.3,5,70.9,US PL High Springs Factory,"Jacksonville, FL",shipper,medium
4828,Caine Warehouse,30.17,30.17,C,1,37,33.3,0,30.1,US PL Madison Factory,"Reeseville, WI",shipper,medium
4829,Mainstreet Manufacturing LLC.,30.14,30.14,D,1,40,26.7,0,27.3,US PL Allentown Factory,"Tamaqua, PA",shipper,medium
4830,Margo Garden Products,30.14,30.14,C,1,9,33.3,5,71.1,US PL High Springs Factory,"Jacksonville, FL",shipper,low
4831,Concord Baptist Church - Food Distribution Center,30.13,30.13,C,1,31,33.3,1,35,US PL McBee Factory,"Lugoff, SC",shipper,medium
4832,Aqua Gulf,30.12,30.12,C,1,9,33.3,5,71.2,US PL High Springs Factory,"Jacksonville, FL",shipper,low
4833,Sunoco Logistics Belmont Terminal,30.1,30.1,C,1,20,33.3,3,48,US PL Allentown NPL Factory,"Philadelphia, PA",3pl,medium
4834,Haggerty Logistics Inc. (Terminal 4),30.09,30.09,C,1,9,33.3,5,71.4,US PL Mecosta Factory,"Holland, MI",3pl,medium
4835,Custom Made Meals,30.07,30.07,C,1,9,33.3,5,71.5,US PL High Springs Factory,"Jacksonville, FL",shipper,low
4836,Pinnacle Express,30.04,30.04,D,1,27,0,5,38.9,US PL Hot Springs 2 Factory,"Little Rock, AR",shipper,low
4837,Coach Distribution Center,30.04,30.04,C,1,9,33.3,5,71.7,US PL High Springs Factory,"Jacksonville, FL",shipper,medium
4838,Trans-Matic Holland Distribution Center,30.04,30.04,C,1,9,33.3,5,71.7,US PL Mecosta Factory,"Holland, MI",shipper,medium
4839,Wally's custom meat processing,30.03,30.03,C,1,36,33.3,0,30.3,US PL High Springs Factory,"Chiefland, FL",shipper,medium
4840,Arena Cheese Cold Storage,30.03,30.03,D,1,36,33.3,0,30.3,US PL Madison Factory,"Arena, WI",shipper,medium
4841,BDL2Amazon Fulfillment Center,30.01,30.01,A,1,4,93.3,0,99.3,US PL Saratoga Spring Factory,"Windsor, CT",3pl,high
4842,DCB4 Amazon Fulfillment Center Norwood,30,30,A,1,4,93.3,0,99.4,US PL Hollis Factory,"Norwood, MA",3pl,high
4843,"Warehouse Products, LLC",29.99,29.99,C,1,9,33.3,5,72,US PL High Springs Factory,"Jacksonville, FL",shipper,medium
4844,Bacardi Bottling Corporation-Jacksonville,29.99,29.99,C,1,9,33.3,5,72,US PL High Springs Factory,"Jacksonville, FL",shipper,medium
4845,Ups Jacksonville hub truck entrance.,29.96,29.96,C,1,13,26.7,5,62,US PL High Springs Factory,"Jacksonville, FL",shipper,low
4846,Hudsonville Ice Cream Warehouse,29.96,29.96,C,1,9,33.3,5,72.2,US PL Mecosta Factory,"Holland, MI",shipper,medium
4847,RepcoLite Distribution Center,29.96,29.96,C,1,9,33.3,5,72.2,US PL Mecosta Factory,"Holland, MI",shipper,medium
4848,"Apache Logistics, Inc.",29.94,29.94,C,1,9,33.3,5,72.3,US PL Mecosta Factory,"Holland, MI",3pl,medium
4849,Expresica,29.92,29.92,D,1,38,0,3,29,US PL Ontario Factory,"Santa Ana, CA",shipper,low
4850,Howard Foods Inc,29.92,29.92,C,1,9,33.3,5,72.4,US PL Hollis Factory,"Danvers, MA",shipper,low
4851,Wunderlich-Malec,29.89,29.89,D,1,27,0,5,39.2,US PL Kingfield Factory,"Winslow, ME",shipper,low
4852,Americold Logistics Gaffney,29.89,29.89,A,1,5,90.7,0,90.5,US PL McBee Factory,"Gaffney, SC",3pl,high
4853,JAX Logistics LLC,29.87,29.87,C,1,9,33.3,5,72.7,US PL High Springs Factory,"Jacksonville, FL",3pl,medium
4854,"Miwon Specialty Chemical USA, INC.",29.85,29.85,D,1,16,20,5,54.8,US PL McBee Factory,"Columbia, SC",shipper,low
4855,EMI Construction Products Distribution Center,29.84,29.84,C,1,9,33.3,5,72.9,US PL Mecosta Factory,"Holland, MI",shipper,medium
4856,Lading Logistics,29.83,29.83,D,1,36,33.3,0,30.6,US PL Dallas 2 Factory,"Plano, TX",3pl,medium
4857,DiLuigi Foods,29.81,29.81,C,1,9,33.3,5,73.1,US PL Hollis Factory,"Danvers, MA",shipper,low
4858,Elevation Foods,29.81,29.81,C,1,9,33.3,5,73.1,US PL Hollis Factory,"Danvers, MA",shipper,low
4859,Universal Truck Service and Cross Dock,29.8,29.8,C,1,12,26.7,5,62.7,US PL McBee Factory,"Charlotte, NC",shipper,low
4860,Alcom LLC,29.79,29.79,D,1,27,0,5,39.4,US PL Kingfield Factory,"Winslow, ME",shipper,low
4861,Hamilton Eggs,29.79,29.79,C,1,9,33.3,5,73.2,US PL Mecosta Factory,"Holland, MI",shipper,low
4862,RLS Logistics- Delanco,29.78,29.78,C,1,20,33.3,3,48.9,US PL Allentown NPL Factory,"Delanco, NJ",3pl,medium
4863,Golfers' Warehouse,29.71,29.71,C,1,9,33.3,5,73.7,US PL Hollis Factory,"Danvers, MA",shipper,medium
4864,Mighty T's Logistics - Agency of D&L Transport,29.7,29.7,D,1,36,33.3,0,30.8,US PL Hawkins Factory,"Selman City, TX",carrier,medium
4865,When Pigs Fly Breads Factory,29.7,29.7,C,1,36,33.3,0,30.8,US PL Hollis Factory,"York, ME",shipper,low
4866,"Hilton, Eddie",29.69,29.69,D,1,54,0,0,18.5,US PL McBee Factory,"Cassatt, SC",shipper,low
4867,Amazon Fulfillment Center TLH2,29.69,29.69,A,1,3,93.3,0,104.5,US PL High Springs Factory,"Tallahassee, FL",3pl,high
4868,Petro Ocala 323,29.68,29.68,C,1,30,33.3,1,35.8,US PL High Springs Factory,"Reddick, FL",shipper,low
4869,Gavin Orchards Warehouse,29.67,29.67,C,1,19,33.3,3,49.2,US PL Mecosta Factory,"Coopersville, MI",shipper,medium
4870,"24 HOUR Houston | TRUCK PARKING | CROSS DOCKING and TRANSLOADING",29.64,29.64,C,1,36,33.3,0,30.9,US PL S Houston Factory,"Huffman, TX",shipper,low
4871,SemiDock,29.64,29.64,D,1,27,0,5,39.7,US PL Sacramento Factory,"Stockton, CA",shipper,low
4872,Cold-Link Logistics Holland,29.64,29.64,C,1,8,33.3,5,74.2,US PL Mecosta Factory,"Holland, MI",3pl,medium
4873,Dutch Valley Food Distributors,29.62,29.62,C,1,30,33.3,1,35.9,US PL Allentown NPL Factory,"Myerstown, PA",shipper,low
4874,Dutch Valley Food Development,29.62,29.62,C,1,30,33.3,1,35.9,US PL Allentown NPL Factory,"Myerstown, PA",shipper,low
4875,GE,29.61,25.28,C,2,8,33.3,5,66.7,US PL High Springs Factory,"Jacksonville, FL",shipper,medium
4876,United States Postal Service - Middlesex Essex Processing and Distribution Center,29.61,29.61,C,1,8,33.3,5,74.4,US PL Hollis Factory,"North Reading, MA",shipper,medium
4877,Amazon SWF2,29.6,29.6,A,1,3,93.3,0,106.2,US PL Saratoga Spring Factory,"Hopewell Junction, NY",shipper,medium
4878,Pacific Container Terminal,29.59,29.59,D,1,27,20,3,39.8,US PL Ontario Factory,"Long Beach, CA",shipper,medium
4879,Mission Bottling,29.57,20.26,C,3,36,33.3,0,31,US PL Cabazon Factory,"Temecula, CA",shipper,medium
4880,New Caney Beverage,29.57,29.57,D,1,30,33.3,1,36,US PL S Houston Factory,"New Caney, TX",shipper,low
4881,Bacardi Distribution Center,29.51,29.51,C,1,8,33.3,5,75,US PL High Springs Factory,"Jacksonville, FL",shipper,medium
4882,Gildan Distribution Center Jacksonville,29.5,29.5,C,1,8,33.3,5,75.1,US PL High Springs Factory,"Jacksonville, FL",shipper,medium
4883,JBF Warehouse & Crossdock Logistics,29.49,29.49,C,1,19,33.3,3,49.7,US PL Sacramento Factory,"Lathrop, CA",3pl,medium
4884,Elgin Mini Warehouses,29.46,29.46,C,1,30,33.3,1,36.2,US PL McBee Factory,"Elgin, SC",shipper,medium
4885,A & L Logistics LLC,29.46,29.46,C,1,30,33.3,1,36.2,US PL McBee Factory,"Marshville, NC",3pl,medium
4886,Philly Cold Storage,29.46,29.46,C,1,19,33.3,3,49.8,US PL Allentown NPL Factory,"Philadelphia, PA",shipper,medium
4887,U.S COLD STORAGE,29.4,29.4,D,1,30,33.3,1,36.3,US PL McBee Factory,"Wingate, NC",shipper,medium
4888,G C Evans Sales & Manufacturing Co,29.4,29.4,D,1,23,26.7,3,44.7,US PL Hot Springs 2 Factory,"Little Rock, AR",shipper,medium
4889,Industrial Manufacturing Services,29.37,29.37,D,1,33,26.7,1,32.9,US PL McBee Factory,"Lancaster, SC",shipper,medium
4890,Amazon Bellingham,29.36,29.36,A,1,2,93.3,0,111,US PL Hollis Factory,"Bellingham, MA",shipper,medium
4891,Uptown cross-docking,29.35,29.35,C,1,19,33.3,3,50.1,US PL Sacramento Factory,"Manteca, CA",shipper,low
4892,State Farm Distribution Center,29.32,29.32,C,1,19,33.3,3,50.2,US PL McBee Factory,"Rock Hill, SC",shipper,medium
4893,"Impact Imaging Group, LLC",29.29,29.29,D,1,53,0,0,18.9,US PL McBee Factory,"Hartsville, SC",shipper,low
4894,Arkansas Storage Centers,29.26,28.25,D,2,26,0,5,40.5,US PL Hot Springs 2 Factory,"North Little Rock, AR",shipper,low
4895,Vintage Warehouse,29.25,29.25,C,1,35,33.3,0,31.5,US PL Zephyrhills Factory,"Bartow, FL",shipper,medium
4896,Positran Manufacturing Inc,29.25,29.25,D,1,33,26.7,1,33.1,US PL Allentown NPL Factory,"Norristown, PA",shipper,medium
4897,Alphia Pet Food Manufacturing,29.24,29.24,D,1,30,33.3,1,36.6,US PL Hawkins Factory,"Pittsburg, TX",shipper,medium
4898,GSO1 Amazon Fulfillment Center,29.24,29.24,A,1,2,93.3,0,113.8,US PL McBee Factory,"Kernersville, NC",3pl,high
4899,Sulta Manufacturing Co,29.23,29.23,D,1,22,26.7,3,45.1,US PL Hawkins Factory,"Sulphur Springs, TX",shipper,medium
4900,J&H Family Stores - Coopersville 160,29.22,29.22,C,1,19,33.3,3,50.5,US PL Mecosta Factory,"Coopersville, MI",shipper,low
4901,Cypress Truck Lines Inc,29.19,29.19,C,1,33,26.7,1,33.2,US PL Zephyrhills Factory,"Tampa, FL",shipper,low
4902,G-M Wood Products Warehouse,29.18,29.18,C,1,35,33.3,0,31.6,US PL Mecosta Factory,"Newaygo, MI",shipper,medium
4903,Quality Life Science Logistics & Transportation,29.18,29.18,D,1,19,33.3,3,50.6,US PL Mecosta Factory,"Coopersville, MI",3pl,medium
4904,Amazon Fulfillment Center FWA6,29.15,29.15,A,1,2,93.3,0,116,US PL Greenwood Indiana,"Fort Wayne, IN",3pl,high
4905,Imperative Logistics,29.11,29.11,C,1,18,33.3,3,50.8,US PL McBee Factory,"Columbia, SC",3pl,medium
4906,Amazon Fulfillment Center DB09,29.09,29.09,A,1,2,93.3,0,117.7,US PL Hollis Factory,"Middleborough, MA",3pl,high
4907,FreightRun - Compare Freight Carrier Rates & Get Your Quote,29.05,29.05,A,1,2,93.3,0,118.7,US PL Saratoga Spring Factory,"Danbury, CT",shipper,medium
4908,Lean Box,29.04,29.04,C,1,7,33.3,5,78.3,US PL Hollis Factory,"Wilmington, MA",shipper,low
4909,Amazon Sort Center - MDW5,29.04,29.04,A,1,2,93.3,0,118.9,US PL Madison Factory,"Crest Hill, IL",shipper,medium
4910,Stuffed Foods LLC,29.03,29.03,C,1,7,33.3,5,78.4,US PL Hollis Factory,"Wilmington, MA",shipper,low
4911,Amazon Fulfillment Center MLI1,29.03,29.03,A,1,2,93.3,0,119.4,US PL Madison Factory,"Davenport, IA",3pl,high
4912,Sunrise XDock: Warehousing and Crossdock,29.01,29.01,C,1,18,33.3,3,51.1,US PL Allentown NPL Factory,"Beverly, NJ",3pl,low
4913,Prime Inc,28.92,25.76,C,2,29,33.3,1,26.7,US PL Hollis Factory,"Lee, NH",shipper,medium
4914,Bin To Bottle,28.91,28.91,C,1,18,33.3,3,51.4,US PL Sacramento Factory,"Napa, CA",shipper,low
4915,Sacoma International,28.9,28.9,D,1,53,0,0,19.3,US PL Greenwood Indiana,"Edinburgh, IN",shipper,low
4916,Martin Transport Terminal,28.89,28.89,D,1,47,0,1,22.6,US PL Pasadena Factory,"Baytown, TX",carrier,medium
4917,"NewRoads Distribution, LLC",28.86,28.86,C,1,29,33.3,1,37.3,US PL Hollis Factory,"Lee, NH",shipper,medium
4918,Zoom Logistics,28.85,28.85,C,1,18,33.3,3,51.6,US PL Hollis Factory,"Newburyport, MA",3pl,medium
4919,Teleios Manufacturing,28.84,28.84,D,1,11,26.7,5,67.3,US PL High Springs Factory,"Jacksonville, FL",shipper,medium
4920,RTD Logistics,28.81,28.81,C,1,7,33.3,5,80.1,US PL Hollis Factory,"Woburn, MA",3pl,medium
4921,SNC3 Amazon Fulfillment Center Warehouse,28.79,28.79,A,1,1,93.3,0,127.4,US PL McBee Factory,"Durham, NC",3pl,high
4922,Cooney Manufacturing,28.77,28.77,D,1,32,26.7,1,33.9,US PL Allentown NPL Factory,"Plymouth Meeting, PA",shipper,medium
4923,Henderson Manufacturing,28.77,28.77,D,1,32,26.7,1,33.9,US PL Hawkins Factory,"Pittsburg, TX",shipper,medium
4924,Cmh Manufacturing,28.75,28.75,D,1,21,26.7,3,46.3,US PL Hawkins Factory,"Sulphur Springs, TX",shipper,medium
4925,Hollingsworth FULFILLMENT CENTER,28.75,28.75,C,1,18,33.3,3,51.9,US PL Sacramento Factory,"Tracy, CA 95304, USA",3pl,medium
4926,Top It Off Bottling Facility,28.75,28.75,C,1,18,33.3,3,51.9,US PL Sacramento Factory,"Napa, CA",shipper,medium
4927,Tracy Truck & Auto Stop,28.75,28.75,C,1,18,33.3,3,51.9,US PL Sacramento Factory,"Tracy, CA",shipper,low
4928,Amazon Fulfillment Center BOS7,28.75,28.75,A,1,1,93.3,0,128.7,US PL Hollis Factory,"Fall River, MA",3pl,high
4929,Amazon Robotics Fulfillment Center (ILM1),28.75,28.75,A,1,1,93.3,0,128.7,US PL McBee Factory,"Wilmington, NC",3pl,high
4930,Templeton Manufacturing Solutions,28.72,28.72,D,1,10,26.7,5,67.9,US PL High Springs Factory,"Jacksonville, FL",shipper,medium
4931,Truenorth Community Services - Food Distribution Center,28.71,28.71,D,1,29,33.3,1,37.6,US PL Mecosta Factory,"Fremont, MI",shipper,medium
4932,"Phoenix Direct, Inc.",28.7,28.7,D,1,25,0,5,41.7,US PL Hot Springs 2 Factory,"Little Rock, AR",shipper,low
4933,Riverstone Logistics,28.69,28.69,D,1,18,33.3,3,52.1,US PL McBee Factory,"Charlotte, NC",3pl,medium
4934,Amazon Fulfillment Center SBN1,28.68,28.68,A,1,1,93.3,0,132,US PL Mecosta Factory,"Bristol, IN",3pl,high
4935,Prestige Bottling Company,28.65,28.65,C,1,18,33.3,3,52.2,US PL Sacramento Factory,"Napa, CA",shipper,medium
4936,"Palmetto Logistics, LLC.",28.65,28.65,D,1,18,33.3,3,52.2,US PL McBee Factory,"Matthews, NC",3pl,medium
4937,Cianbro Constructors -Module Manufacturing Facility,28.64,28.64,D,1,10,26.7,5,68.3,US PL Kingfield Factory,"Brewer, ME",shipper,medium
4938,Gerber Fremont Distribution Center,28.6,28.6,D,1,28,33.3,1,37.8,US PL Mecosta Factory,"Fremont, MI",shipper,medium
4939,Gerber Products Co,28.6,28.6,C,1,28,33.3,1,37.8,US PL Mecosta Factory,"Fremont, MI",shipper,low
4940,Industry West Warehouse,28.59,28.59,C,1,17,33.3,3,52.4,US PL High Springs Factory,"Jacksonville, FL",shipper,medium
4941,Canyon Lake Storage,28.57,28.57,D,1,36,20,1,31,US PL Ontario Factory,"Canyon Lake, CA",shipper,low
4942,Honda Manufacturing of Indiana,28.53,28.53,D,1,32,26.7,1,34.3,US PL Greenwood Indiana,"Greensburg, IN",shipper,medium
4943,John Olson Advanced Manufacturing Center,28.53,28.53,D,1,32,26.7,1,34.3,US PL Hollis Factory,"Durham, NH",shipper,medium
4944,Chief Buildings Manufacturing Plant - SC,28.53,28.53,D,1,32,26.7,1,34.3,US PL McBee Factory,"Lancaster, SC",shipper,medium
4945,The Cosmetics Warehouse Store,28.5,28.5,C,1,28,33.3,1,38,US PL Hollis Factory,"North Conway, NH",shipper,medium
4946,"Troy Industrial Solutions, Maine Fabrication Facility",28.48,28.48,D,1,10,26.7,5,69.2,US PL Kingfield Factory,"Brewer, ME",shipper,low
4947,Indiana Auto Plant (IAP) Gate C,28.47,28.47,D,1,32,26.7,1,34.4,US PL Greenwood Indiana,"Greensburg, IN",shipper,medium
4948,"Spinning Wheels Express | Warehousing, Logistics & Distribution Services",28.46,28.46,C,1,17,33.3,3,52.8,US PL Hollis Factory,"Amesbury, MA",3pl,medium
4949,Snyder's of Hanover,28.46,28.46,C,1,17,33.3,3,52.8,US PL McBee Factory,"Columbia, SC",shipper,low
4950,ABW Warehouse Truck Gate,28.43,28.43,C,1,17,33.3,3,52.9,US PL McBee Factory,"Columbia, SC",shipper,medium
4951,Custom Packaging Innovations,28.42,28.42,D,1,13,20,5,60.1,US PL Mecosta Factory,"Hudsonville, MI",shipper,low
4952,Anchor Bay Packaging,28.41,19,B,2,1,82.7,1,134.9,US PL Mecosta Factory,"New Baltimore, MI",shipper,medium
4953,Lehigh Valley Railroad Freight Station,28.39,28.39,D,1,28,33.3,1,38.2,US DC NFI - Breinigsville,"Clinton, NJ",shipper,low
4954,"Innovative Manufacturing Solutions, LLC",28.37,28.37,D,1,10,26.7,5,69.8,US PL High Springs Factory,"Jacksonville, FL",shipper,medium
4955,"Linic Freight 3PL Logistics & Warehouse | Charlotte",28.34,28.34,C,1,17,33.3,3,53.2,US PL McBee Factory,"Matthews, NC",3pl,medium
4956,Plant-42 Contract Bottling and Manufacturing,28.34,28.34,D,1,17,33.3,3,53.2,US PL Zephyrhills Factory,"Palmetto, FL",shipper,medium
4957,Seviroli,28.34,28.34,C,1,17,33.3,3,53.2,US PL Allentown NPL Factory,"Bellmawr, NJ",shipper,low
4958,Montgomery County Food Pantry - Food Distribution Center,28.31,28.31,C,1,33,33.3,0,33,US PL Hot Springs Factory,"Mt Ida, AR",shipper,medium
4959,The Event Warehouse Company Too,28.31,28.31,C,1,17,33.3,3,53.3,US PL High Springs Factory,"Silver Springs, FL",shipper,medium
4960,Silver Springs Vintage Warehouse,28.31,28.31,C,1,17,33.3,3,53.3,US PL High Springs Factory,"Silver Springs, FL",shipper,medium
4961,Hass Manufacturing Co,28.3,28.3,D,1,37,26.7,0,29.9,US PL Saratoga Spring Factory,"Averill Park, NY",shipper,medium
4962,"R H Reny Inc, Distribution Center",28.29,28.29,D,1,28,33.3,1,38.4,US PL Poland Spring Factory,"Newcastle, ME",shipper,medium
4963,Good Food Made Simple,28.29,28.29,A,1,4,86.7,0,95.3,US PL Hollis Factory,"Wellesley, MA",shipper,medium
4964,Amcan Beverages Inc,28.28,28.28,D,1,17,33.3,3,53.4,US PL Sacramento Factory,"American Canyon, CA",shipper,low
4965,Clearwater Packaging Inc,28.25,28.25,D,1,24,20,3,42.7,US PL Zephyrhills Factory,"Clearwater, FL",shipper,low
4966,Warehouse 151,28.19,28.19,D,1,28,33.3,1,38.6,US PL Madison Factory,"Beaver Dam, WI",shipper,medium
4967,Palmetto Canning Company,28.15,28.15,C,1,17,33.3,3,53.8,US PL Zephyrhills Factory,"Palmetto, FL",shipper,low
4968,YOW3 - Amazon Fulfilment Centre,28.13,28.13,A,1,0,93.3,0,181.4,US PL Saratoga Spring Factory,"Barrhaven, ON",shipper,medium
4969,"Roberts Trucking, Inc",28.1,28.1,C,1,37,26.7,0,30.2,US PL High Springs Factory,"Williston, FL",carrier,low
4970,Tracy Cold Storage,28.09,28.09,C,1,17,33.3,3,54,US PL Sacramento Factory,"Tracy, CA",shipper,medium
4971,"Best Logistics Group, Charlotte",28.09,28.09,D,1,17,33.3,3,54,US PL McBee Factory,"Charlotte, NC",3pl,medium
4972,Reets Bayside Marina Inc.,28.04,28.04,D,1,46,0,1,23.6,US PL Saratoga Spring Factory,"Mayfield, NY",shipper,low
4973,"MPH Logistics, LLC",28.04,28.04,D,1,27,33.3,1,38.9,US PL Mecosta Factory,"Fremont, MI",3pl,medium
4974,Busy Bee,28.02,28.02,C,1,25,46.7,0,41,US PL High Springs Factory,"Live Oak, FL",shipper,low
4975,Woodman's Warehouse,27.99,27.99,D,1,27,33.3,1,39,US PL Madison Factory,"Beloit, WI",shipper,medium
4976,NRD ENT 24/7 CROSSDOCK & WAREHOUSE,27.97,27.97,C,1,16,33.3,3,54.4,US PL Allentown NPL Factory,"Bellmawr, NJ",shipper,medium
4977,FARM Food Processing Accelerator,27.97,27.97,D,1,16,33.3,3,54.4,US PL Mecosta Factory,"Muskegon, MI",shipper,medium
4978,La Fama Foods Inc,27.95,27.95,C,1,33,33.3,0,33.6,US PL Hawkins Factory,"Ore City, TX",shipper,low
4979,Global Principles Logistics,27.91,27.91,D,1,16,33.3,3,54.6,US PL McBee Factory,"Charlotte, NC",3pl,medium
4980,Riverview Products Inc.,27.9,27.9,D,1,31,26.7,1,35.4,US PL Mecosta Factory,"Rockford, MI",shipper,low
4981,Sheridan Schools Warehouse and Support Services,27.89,27.89,C,1,27,33.3,1,39.2,US DC Hot Springs (WHSE),"Sheridan, AR",shipper,medium
4982,H&H Products Company Headquarters,27.85,27.85,C,1,16,33.3,3,54.8,US PL Zephyrhills Factory,"Maitland, FL",shipper,low
4983,DieSand Manufacturing,27.84,27.84,D,1,31,26.7,1,35.5,US PL Mecosta Factory,"Rockford, MI",shipper,medium
4984,Rig Runner's Inc.,27.8,27.8,D,1,45,0,1,23.9,US PL Hawkins Factory,"Kilgore, TX",shipper,low
4985,"Spectrum Custom Molds & Manufacturing, Inc.",27.78,27.78,D,1,20,26.7,3,48.9,US PL Zephyrhills Factory,"Palmetto, FL",shipper,medium
4986,Arkansas Warehouse Inc,27.78,27.78,C,1,5,33.3,5,89.5,US PL Hot Springs Factory,"Fort Smith, AR",shipper,medium
4987,The Storage Place LLC,27.77,27.77,D,1,50,0,0,20.5,US PL High Springs Factory,"Branford, FL",shipper,low
4988,Thick & Thin Warehouse,27.71,27.71,C,1,32,33.3,0,34,US PL Dallas 2 Factory,"Fort Worth, TX",shipper,medium
4989,"Atlantic Logistics LLC Keystone Heights, FL",27.71,27.71,D,1,32,33.3,0,34,US PL High Springs Factory,"Keystone Heights, FL",3pl,medium
4990,RJ Hanlon Manufacturing Plant and Customer Service,27.64,27.64,D,1,36,26.7,0,30.9,US PL Greenwood Indiana,"Westfield, IN",shipper,medium
4991,Beaver Dam Cold Storage North,27.64,27.64,C,1,27,33.3,1,39.7,US PL Madison Factory,"Beaver Dam, WI",shipper,medium
4992,Florida's Natural Growers,27.63,27.63,C,1,24,37.3,1,42.3,US PL Zephyrhills Factory,"Lake Wales, FL",shipper,low
4993,The Underground Vault Used Furniture Warehouse,27.62,27.62,C,1,16,33.3,3,55.6,US PL Hollis Factory,"Hooksett, NH",shipper,medium
4994,Sopakco Processing - Main Plant & Employee HR,27.59,27.59,C,1,32,33.3,0,34.2,US PL McBee Factory,"Bennettsville, SC",shipper,medium
4995,Mad Will's Food Company,27.59,27.59,C,1,32,33.3,0,34.2,US PL Sacramento Factory,"Auburn, CA",shipper,low
4996,Skjodt-Barrett Contract Manufacturing,27.57,27.57,D,1,30,26.7,1,36,US PL Greenwood Indiana,"Lebanon, IN",shipper,medium
4997,Phoenix Industries,27.55,27.55,D,1,34,0,3,32.6,US PL Zephyrhills Factory,"Winter Haven, FL",shipper,low
4998,SJ LOGISTICS NEW WAREHOUSE,27.55,27.55,C,1,26,33.3,1,39.9,US PL Hollis Factory,"Lee, NH",3pl,medium
4999,"RV Cold Storage, LLC.",27.53,27.53,C,1,32,33.3,0,34.3,US PL Madison Factory,"Arena, WI",shipper,medium
5000,Warnke Warehouse,27.52,27.52,C,1,5,33.3,5,92.5,US PL Hot Springs Factory,"Fort Smith, AR",shipper,medium
5001,IEM JAX 1 Plant,27.51,27.51,D,1,8,26.7,5,75,US PL High Springs Factory,"Jacksonville, FL",shipper,medium
5002,Texas Quality Logistics LLC,27.42,27.42,C,1,32,33.3,0,34.5,US PL Dallas 2 Factory,"Kaufman, TX",3pl,medium
5003,CORE X PREMIER,27.39,27.39,D,1,44,0,1,24.4,US PL Dallas 2 Factory,"Burleson, TX",shipper,low
5004,Portage Cold Storage,27.36,27.36,C,1,32,33.3,0,34.6,US PL Madison Factory,"Portage, WI",shipper,medium
5005,Beall's Distribution Center,27.35,27.35,D,1,26,33.3,1,40.3,US PL Hawkins Factory,"Jacksonville, TX",shipper,medium
5006,Smurfit Westrock Warwick Folding Carton Plant,27.33,27.33,B,1,2,86.7,0,111.7,US PL Kingfield Factory,"Warwick, QC",shipper,high
5007,"M&P Manufacturing Usa, Inc.",27.31,27.31,D,1,35,26.7,0,31.4,US PL Zephyrhills Factory,"Brooksville, FL",shipper,medium
5008,DalDen Corporation,27.3,27.3,D,1,44,0,1,24.5,US PL Dallas 2 Factory,"Southlake, TX",shipper,low
5009,East Texas Logistics Inc,27.3,27.3,C,1,31,33.3,0,34.7,US PL Hawkins Factory,"Yantis, TX",3pl,medium
5010,TDA Manufacturing,27.3,27.3,C,1,31,33.3,0,34.7,US PL Dallas 2 Factory,"Italy, TX",shipper,medium
5011,Fort Clark Baptist Church - Food Distribution Center,27.3,27.3,D,1,31,33.3,0,34.7,US PL McBee Factory,"Elgin, SC",shipper,medium
5012,The Christmas Loft Warehouse,27.26,27.26,C,1,26,33.3,1,40.5,US PL Poland Spring Factory,"Intervale, NH",shipper,medium
5013,Chewy Fulfillment Center CLT1,27.26,27.26,A,1,6,80,0,84.8,US PL McBee Factory,"Salisbury, NC",3pl,high
5014,"Fox Logistics, Inc.",27.24,27.24,D,1,31,33.3,0,34.8,US PL High Springs Factory,"Lawtey, FL",3pl,medium
5015,Blenheim Ginger Ale Bottling Plant,27.18,27.18,D,1,31,33.3,0,34.9,US PL McBee Factory,"Blenheim, SC",shipper,medium
5016,Conant Acres,27.13,27.13,D,1,38,20,0,28.7,US PL Poland Spring Factory,"Canton, ME",shipper,low
5017,Moriroku Technology North America - Anderson Plant,27.13,27.13,D,1,29,26.7,1,36.8,US PL Greenwood Indiana,"Anderson, IN",shipper,medium
5018,Absolute Storage of Conway John Mason,27.11,27.11,D,1,22,0,5,45.4,US PL Hot Springs Factory,"Conway, AR",shipper,low
5019,Riveridge Packing LLC,27.07,27.07,C,1,26,33.3,1,40.9,US PL Mecosta Factory,"Sparta, MI",shipper,low
5020,Priefert Manufacturing,27.02,27.02,C,1,25,33.3,1,41,US PL Hawkins Factory,"Mt Pleasant, TX",shipper,medium
5021,Pittsfield Beef,27.02,27.02,C,1,25,33.3,1,41,US PL Kingfield Factory,"Detroit, ME",shipper,low
5022,Republic Refrigeration,26.99,26.99,D,1,22,0,5,45.7,US PL McBee Factory,"Monroe, NC",shipper,low
5023,Priefert Logistics Transportation,26.93,26.93,C,1,25,33.3,1,41.2,US PL Hawkins Factory,"Mt Pleasant, TX",3pl,medium
5024,Domtar Paper,26.92,26.92,D,1,38,20,0,29,US PL McBee Factory,"Bennettsville, SC",shipper,low
5025,Melling Products Corporation,26.9,26.9,D,1,43,0,1,25,US PL Mecosta Factory,"Farwell, MI",shipper,low
5026,Peerless Manufacturing Company,26.86,26.86,D,1,29,26.7,1,37.3,US PL Dallas 2 Factory,"Denton, TX",shipper,medium
5027,FREITTY Cross-Dock Chicago O'Hare,26.86,26.86,C,1,3,33.3,5,101.6,US PL Madison Factory,"Wood Dale, IL",shipper,low
5028,AKIN crossdock,26.85,26.85,C,1,3,33.3,5,101.8,US PL Madison Factory,"Bensenville, IL",shipper,low
5029,"WaterCo Springs, LLC",26.84,26.84,C,1,31,33.3,0,35.5,US PL Allentown Factory,"Ringtown, PA",shipper,low
5030,MTX Logistics LLC,26.8,26.8,D,1,14,33.3,3,58.6,US PL Hollis Factory,"Manchester, NH",3pl,medium
5031,Genuine Local,26.79,26.79,C,1,25,33.3,1,41.5,US PL Hollis Factory,"Laconia, NH",shipper,low
5032,Pontiac Foods Inc,26.79,26.79,D,1,25,33.3,1,41.5,US PL McBee Factory,"Elgin, SC",shipper,low
5033,O'Connor Distributing,26.79,26.79,D,1,21,0,5,46.2,US PL Hot Springs 2 Factory,"Little Rock, AR",shipper,low
5034,Reber Truck Terminal,26.78,26.78,C,1,18,26.7,3,51.8,US DC NFI - Breinigsville,"Morrisville, PA",shipper,medium
5035,ND Paper Rumford Division,26.77,26.77,D,1,32,20,1,33.9,US PL Kingfield Factory,"Rumford, ME",shipper,low
5036,DPC WAREHOUSING,26.75,26.75,D,1,21,0,5,46.3,US PL Hot Springs 2 Factory,"Little Rock, AR",3pl,low
5037,Jones Logistic Services LLC,26.75,26.75,D,1,21,0,5,46.3,US PL Mecosta Factory,"Grand Rapids, MI",shipper,low
5038,Slush Factory,26.74,26.74,C,1,25,33.3,1,41.6,US PL Poland Spring Factory,"Intervale, NH 03845, USA",shipper,low
5039,"JCI Jones Chemicals, Inc",26.72,26.72,D,1,10,20,5,67.9,US PL High Springs Factory,"Jacksonville, FL",shipper,low
5040,Oshkosh Cold Storage,26.72,26.41,B,2,7,76,0,79.2,US PL Madison Factory,"Oshkosh, WI",shipper,high
5041,Cox Logistics,26.7,26.7,C,1,25,33.3,1,41.7,US PL Hawkins Factory,"Lone Star, TX",3pl,medium
5042,Team Freight Logistics LLC,26.7,26.7,C,1,14,33.3,3,59,US PL Mecosta Factory,"Muskegon, MI",3pl,medium
5043,Stellar Energy Manufacturing,26.69,26.69,D,1,18,26.7,3,52.1,US PL High Springs Factory,"Jacksonville, FL",shipper,medium
5044,Cone Storage Solutions,26.68,26.68,D,1,49,0,0,21.7,US PL Saratoga Spring Factory,"Eagle Bridge, NY",shipper,low
5045,FreightCenter,26.68,26.68,C,1,30,33.3,0,35.8,US PL Zephyrhills Factory,"Palm Harbor, FL",shipper,low
5046,Southwest Cold Storage,26.65,26.65,C,1,25,33.3,1,41.8,US PL Dallas 2 Factory,"Denton, TX",shipper,medium
5047,Conner Bottling Works,26.65,26.65,D,1,25,33.3,1,41.8,US PL Hollis Factory,"Newfields, NH",shipper,medium
5048,Mid America Pet Food,26.65,26.65,C,1,25,33.3,1,41.8,US PL Hawkins Factory,"Mt Pleasant, TX",shipper,low
5049,Relative Foods,26.64,26.64,C,1,14,33.3,3,59.2,US PL Mecosta Factory,"Spring Lake, MI",shipper,low
5050,Prime Source Foods,26.62,26.62,C,1,14,33.3,3,59.3,US PL Hollis Factory,"Londonderry, NH",shipper,low
5051,Big Crossdock in Chicago,26.62,26.62,C,1,3,33.3,5,105.7,US PL Madison Factory,"Franklin Park, IL",shipper,low
5052,The Home Beautiful Warehouse,26.61,26.61,C,1,25,33.3,1,41.9,US PL Hollis Factory,"Laconia, NH",shipper,medium
5053,Machining Innovations Inc.,26.59,26.59,D,1,32,0,3,34.2,US PL Kingfield Factory,"Oakland, ME",shipper,low
5054,Grand Central Station Truck and Auto Plaza,26.56,26.56,C,1,25,33.3,1,42,US PL McBee Factory,"Blackstock, SC",shipper,low
5055,Grand Central I-77,26.56,26.56,C,1,25,33.3,1,42,US PL McBee Factory,"Winnsboro, SC",shipper,low
5056,"AAM Metal Forming | Columbus Manufacturing Facility",26.55,26.55,D,1,34,26.7,0,32.6,US PL Greenwood Indiana,"Columbus, IN",shipper,medium
5057,US Courier & Logistics,26.51,26.51,C,1,30,33.3,0,36.1,US PL Hawkins Factory,"Henderson, TX",3pl,medium
5058,"Diamond Pet Food-Rushville, IN",26.51,26.51,D,1,30,33.3,0,36.1,US PL Greenwood Indiana,"Rushville, IN",shipper,low
5059,ProKnee Corp. Manufacturing Facility,26.5,26.5,D,1,28,26.7,1,38,US PL Poland Spring Factory,"Whitefield, ME",shipper,medium
5060,Ridgeview Industries Inc,26.48,26.48,D,1,21,0,5,47,US PL Mecosta Factory,"Walker, MI",shipper,low
5061,Cloverleaf Cold Storage,26.47,17.39,C,3,24,33.3,1,42.2,US PL McBee Factory,"Sumter, SC",shipper,medium
5062,TP Food Group North America,26.47,26.47,D,1,24,33.3,1,42.2,US PL Allentown NPL Factory,"Bala Cynwyd, PA",shipper,low
5063,Hodge Distribution & Logistics,26.43,26.43,C,1,24,33.3,1,42.3,US PL McBee Factory,"Sumter, SC",3pl,medium
5064,Old Brick Furniture NH Warehouse Distribution Center,26.43,26.43,C,1,24,33.3,1,42.3,US PL Hollis Factory,"Laconia, NH",shipper,medium
5065,"AMID Logistics, LLC",26.43,26.43,D,1,24,33.3,1,42.3,US PL Allentown NPL Factory,"Philadelphia, PA",3pl,medium
5066,Indian River Transport,26.4,26.4,D,1,21,0,5,47.2,US PL Allentown NPL Factory,"Bensalem, PA",carrier,low
5067,Insight Logistic Management,26.4,26.4,D,1,21,0,5,47.2,US PL Hot Springs Factory,"Conway, AR",shipper,low
5068,Londonderry Freezer Warehouse,26.39,26.39,C,1,13,33.3,3,60.2,US PL Hollis Factory,"Londonderry, NH",shipper,medium
5069,Viper Logistics Inc.,26.39,26.39,C,1,13,33.3,3,60.2,US PL Hollis Factory,"Goffstown, NH",3pl,medium
5070,Rare Woods USA LLC,26.35,26.35,D,1,34,16,1,32.6,US PL Kingfield Factory,"Mexico, ME",shipper,low
5071,Pegas Logistics LLC,26.29,26.29,D,1,30,33.3,0,36.5,US PL Dallas 2 Factory,"McKinney, TX",3pl,medium
5072,Glen Warehouse,26.29,26.29,C,1,24,33.3,1,42.6,US PL Poland Spring Factory,"Glen, NH",shipper,medium
5073,Jordan Manufacturing Company,26.25,26.25,D,1,33,26.7,0,33.1,US PL Mecosta Factory,"Belding, MI",shipper,medium
5074,Atkins Prepared Foods LLC,26.25,26.25,C,1,24,33.3,1,42.7,US PL Hot Springs Factory,"Atkins, AR",shipper,low
5075,Tioga Marine Terminal,26.25,26.25,D,1,20,0,5,47.6,US PL Allentown NPL Factory,"Philadelphia, PA",shipper,medium
5076,morgan composting marion warehouse,26.24,26.24,C,1,30,33.3,0,36.6,US PL Mecosta Factory,"Marion, MI",shipper,medium
5077,M & M Logistics Inc,26.21,26.21,C,1,24,33.3,1,42.8,US PL Hot Springs Factory,"Atkins, AR",3pl,medium
5078,Highland Plastics Inc,26.2,26.2,D,1,42,0,1,25.9,US PL Mecosta Factory,"Shepherd, MI",shipper,low
5079,The Ware House,26.18,26.18,D,1,31,0,3,34.9,US PL Madison Factory,"Monroe, WI",shipper,low
5080,Union Pacific Railroad - North Little Rock Terminal,26.18,26.18,D,1,20,0,5,47.8,US PL Hot Springs 2 Factory,"North Little Rock, AR",shipper,medium
5081,Lynch M Logistics,26.16,26.16,C,1,24,33.3,1,42.9,US PL Hot Springs Factory,"Atkins, AR",3pl,medium
5082,Central Cold,26.14,26.14,D,1,20,0,5,47.9,US PL Hot Springs Factory,"Conway, AR",shipper,low
5083,Shaws Supermarket Distribution Center,26.13,26.13,C,1,11,37.3,3,66.8,US PL Hollis Factory,"Methuen, MA",shipper,medium
5084,Lifetime Storage,26.12,26.12,D,1,42,0,1,26,US PL Poland Spring Factory,"West Gardiner, ME",shipper,low
5085,Classic Transportation & Warehousing,26.1,24.16,D,2,20,0,5,48,US PL Mecosta Factory,"Walker, MI",3pl,low
5086,"Demanko HLC Logistics, Inc.",26.1,26.1,D,1,13,33.3,3,61.4,US PL Hollis Factory,"Londonderry, NH",3pl,medium
5087,20th MDG Warehouse,26.08,26.08,C,1,29,33.3,0,36.9,US PL McBee Factory,"Sumter, SC",shipper,medium
5088,Mega Food International Inc.,26.08,26.08,C,1,29,33.3,0,36.9,US DC NFI - Breinigsville,"Ivyland, PA",shipper,low
5089,Roland Crisis Closet - Food Distribution Center,26.02,26.02,C,1,29,33.3,0,37,US PL Hot Springs Factory,"Roland, AR",shipper,medium
5090,Illinois Central Freight Station,26.02,24.09,D,2,29,33.3,0,37,US PL Greenwood Indiana,"Bloomington, IN",shipper,low
5091,UPS Northeast Logistics Center,26.01,26.01,C,1,13,33.3,3,61.8,US PL Hollis Factory,"Londonderry, NH",3pl,medium
5092,Herring Brothers Meats Retail Store,25.99,25.99,C,1,24,33.3,1,43.3,US PL Kingfield Factory,"Guilford, ME",shipper,low
5093,M Diversified Logistics LLC,25.97,25.97,C,1,29,33.3,0,37.1,US PL Hawkins Factory,"Como, TX",3pl,medium
5094,Create-A-Pack Foods Inc,25.97,25.97,C,1,29,33.3,0,37.1,US PL Madison Factory,"Ixonia, WI",shipper,low
5095,GrowthSpoke,25.96,25.96,D,1,20,0,5,48.4,US PL Mecosta Factory,"Grand Rapids, MI",shipper,low
5096,Cedar’s Mediterranean Foods,25.94,25.94,C,1,13,33.3,3,62.1,US PL Hollis Factory,"Ward Hill, MA",shipper,low
5097,Twig’s Home And Lighting Warehouse,25.92,25.92,C,1,29,33.3,0,37.2,US PL Hawkins Factory,"Emory, TX",shipper,medium
5098,"Country Clear, Inc.",25.92,25.92,C,1,13,33.3,3,62.2,US PL McBee Factory,"Gaston, SC",shipper,low
5099,Cedars Warehouse,25.89,25.89,C,1,13,33.3,3,62.3,US PL Hollis Factory,"Haverhill, MA",shipper,medium
5100,Regco Corporation,25.89,25.89,C,1,13,33.3,3,62.3,US PL Hollis Factory,"Haverhill, MA",shipper,low
5101,"AAM Powertrain | Fort Smith Manufacturing Facility",25.87,25.87,D,1,5,26.7,5,88.6,US PL Hot Springs Factory,"Fort Smith, AR",shipper,medium
5102,SQM Warehouse,25.86,25.86,C,1,29,33.3,0,37.3,US PL High Springs Factory,"Kingsley Lake, FL",shipper,medium
5103,FSG warehouse,25.86,25.86,C,1,29,33.3,0,37.3,US PL High Springs Factory,"Starke, FL",shipper,medium
5104,Primestar cross dock service and storage,25.85,25.85,D,1,20,0,5,48.7,US PL Allentown NPL Factory,"Cinnaminson, NJ",shipper,low
5105,Peckham Watertown Warehouse Building B,25.85,25.85,C,1,12,33.3,3,62.5,US PL Mecosta Factory,"Lansing, MI",shipper,medium
5106,Rheem Air Headquarters and Manufacturing Facility,25.85,25.85,D,1,5,26.7,5,88.8,US PL Hot Springs Factory,"Fort Smith, AR",shipper,medium
5107,Ruud Manufacturing Co,25.85,25.85,D,1,5,26.7,5,88.8,US PL Hot Springs Factory,"Fort Smith, AR",shipper,medium
5108,Peckham Watertown Warehouse Building A,25.83,25.83,C,1,12,33.3,3,62.6,US PL Mecosta Factory,"Lansing, MI",shipper,medium
5109,Atlantic Logistics LLC,25.83,25.83,D,1,12,33.3,3,62.6,US PL High Springs Factory,"Jacksonville, FL",3pl,medium
5110,HMS Mfg. Co.,25.81,25.81,D,1,20,0,5,48.8,US PL Hot Springs 2 Factory,"Little Rock, AR",shipper,low
5111,"Hytrol Conveyor Company, Inc. - Fort Smith Production Facility",25.76,25.76,D,1,5,26.7,5,89.8,US PL Hot Springs Factory,"Fort Smith, AR",shipper,low
5112,Ameripack Foods LLC,25.69,25.69,C,1,23,33.3,1,44,US PL Hawkins Factory,"Hughes Springs, TX",shipper,low
5113,Commercial Freight Services,25.69,25.69,C,1,1,33.3,5,131.5,US PL Mecosta Factory,"Romulus, MI",shipper,low
5114,"S&F Foods, Inc.",25.68,25.68,C,1,1,33.3,5,131.8,US PL Mecosta Factory,"Romulus, MI",shipper,low
5115,Metro City Crossdock,25.68,25.68,C,1,1,33.3,5,131.9,US PL Mecosta Factory,"Romulus, MI",shipper,low
5116,Great Lakes Crossdock- Metro Detroit,25.65,25.65,C,1,1,33.3,5,133.2,US PL Mecosta Factory,"Romulus, MI",shipper,low
5117,"Spectrum Industries, Inc.",25.63,25.63,D,1,19,0,5,49.3,US PL Mecosta Factory,"Grand Rapids, MI",shipper,low
5118,Hickory Springs Manufacturing Co,25.63,19.15,D,2,5,26.7,5,91.2,US PL Hot Springs Factory,"Fort Smith, AR",shipper,medium
5119,DeVivo Parts Distribution Center,25.6,25.6,C,1,23,33.3,1,44.2,US PL Hollis Factory,"Epping, NH",shipper,medium
5120,Greatway Crossdock warehouse,25.6,25.6,C,1,1,33.3,5,135.5,US PL Mecosta Factory,"Taylor, MI",shipper,medium
5121,Hardwood Products Co,25.55,25.55,D,1,26,26.7,1,39.9,US PL Kingfield Factory,"Guilford, ME",shipper,low
5122,Roundy's Supermarkets Distribution Warehouse,25.52,25.52,C,1,24,41.3,0,43,US PL Madison Factory,"Oconomowoc, WI",shipper,medium
5123,Kennebec Storage,25.51,25.16,D,2,30,0,3,36.1,US PL Poland Spring Factory,"Augusta, ME",shipper,low
5124,Antique Warehouse Inc,25.49,25.49,C,1,12,33.3,3,64.1,US PL Mecosta Factory,"Saginaw, MI",shipper,medium
5125,NS Thoroughbred Bulk Transfer Terminal,25.46,24.07,D,2,19,0,5,49.8,US PL Mecosta Factory,"Grand Rapids, MI",shipper,medium
5126,Maine Industrial P & R Corp,25.45,25.45,D,1,26,26.7,1,40.1,US PL Poland Spring Factory,"Newcastle, ME",shipper,low
5127,The WareHouse St. Pete,25.44,25.44,D,1,23,33.3,1,44.6,US PL Zephyrhills Factory,"St. Petersburg, FL",shipper,medium
5128,MTW Industries,25.36,25.36,D,1,41,0,1,27,US PL Mecosta Factory,"Clare, MI",shipper,low
5129,"DMX Logistics, LLC.",25.35,25.35,D,1,22,33.3,1,44.8,US PL Hollis Factory,"Exeter, NH",3pl,medium
5130,"Chewy Fulfillment Center, RNO1",25.35,25.35,A,1,2,80,0,111.2,US PL Sacramento Factory,"Reno, NV",3pl,high
5131,SSA Logistic Services Inc,25.32,25.32,D,1,19,0,5,50.2,US PL Hot Springs 2 Factory,"Little Rock, AR",shipper,low
5132,Trans-Overseas Corporation,25.32,25.32,D,1,19,0,5,50.2,US PL Mecosta Factory,"Grand Rapids, MI",shipper,low
5133,Agile Cold Storage,25.29,25.29,C,1,28,33.3,0,38.4,US PL Dallas 2 Factory,"Kaufman, TX",shipper,medium
5134,Tavo Packaging,25.28,25.28,D,1,19,20,3,50.3,US DC NFI - Breinigsville,"Fairless Hills, PA",shipper,low
5135,Woodstock Farms Manufacturing,25.22,25.22,C,1,11,33.3,3,65.4,US DC NFI - Breinigsville,"Edison, NJ",shipper,medium
5136,Scale House Green Bay Packing,25.18,25.18,D,1,29,0,3,36.7,US PL Hot Springs Factory,"Perry, AR",shipper,low
5137,Florida Gulf Packaging Inc.,25.18,25.18,D,1,19,20,3,50.6,US PL Zephyrhills Factory,"Palmetto, FL",shipper,low
5138,Michigan Natural Storage,25.18,15.71,D,3,19,0,5,50.6,US PL Mecosta Factory,"Grand Rapids, MI",shipper,low
5139,Thoroughbred Fulfillment LLC,25.18,25.18,D,1,11,33.3,3,65.6,US PL Mecosta Factory,"Zeeland, MI",3pl,medium
5140,Qmc Logistics Llc,25.09,25.09,C,1,27,33.3,0,38.8,US PL McBee Factory,"Olanta, SC",3pl,medium
5141,International Cargo Terminals,25.08,19.15,D,2,29,0,3,36.9,US PL Ontario Factory,"Long Beach, CA",shipper,medium
5142,HWRT Terminal,25.08,25.08,D,1,18,0,5,50.9,US PL Hot Springs 2 Factory,"North Little Rock, AR",shipper,medium
5143,Orion Manufacturing LLC,25.07,25.07,D,1,26,26.7,1,40.9,US PL Mecosta Factory,"Ionia, MI",shipper,medium
5144,PAM Transport Inc. North Little Rock Terminal,25.05,25.05,D,1,18,0,5,51,US PL Hot Springs 2 Factory,"North Little Rock, AR",carrier,medium
5145,Cupery & De Young Friesland Warehouse,25.04,25.04,C,1,27,33.3,0,38.9,US PL Madison Factory,"Friesland, WI",shipper,medium
5146,Correction Warehouse,25.03,25.03,D,1,22,33.3,1,45.6,US PL Hot Springs 2 Factory,"Little Rock, AR",shipper,medium
5147,Dayton Freight-Saginaw,25.01,25.01,C,1,11,33.3,3,66.4,US PL Mecosta Factory,"Saginaw, MI",shipper,low
5148,F&B Distributors,25.01,25.01,C,1,11,33.3,3,66.4,US PL Hollis Factory,"Methuen, MA",shipper,low
5149,Market Basket Distribution Center,25.01,25.01,C,1,9,37.3,3,73.1,US PL Hollis Factory,"Andover, MA",shipper,medium
5150,American Food Tech Group,24.99,24.99,C,1,27,33.3,0,39,US PL Ontario Factory,"Glendale, CA",shipper,low
5151,Sac Manufacturing Inc,24.96,24.96,D,1,31,26.7,0,35.3,US PL Hawkins Factory,"Longview, TX",shipper,medium
5152,Inontime,24.88,24.88,D,1,18,0,5,51.5,US PL Mecosta Factory,"Kentwood, MI",shipper,low
5153,The Spice Factory USA,24.86,24.86,C,1,11,33.3,3,67.2,US PL High Springs Factory,"Jacksonville, FL",shipper,low
5154,Phoenix Manufacturing,24.84,24.84,D,1,31,26.7,0,35.5,US PL Dallas 2 Factory,"Lucas, TX",shipper,medium
5155,Feather River Cold Storage,24.84,24.84,C,1,27,33.3,0,39.3,US PL Sacramento Factory,"Olivehurst, CA",shipper,medium
5156,Omni Warehouse,24.84,24.84,C,1,11,33.3,3,67.3,US PL Mecosta Factory,"Saginaw, MI",shipper,medium
5157,Ascent Global Logistics,24.83,17.58,D,2,22,33.3,1,46.1,US PL Hollis Factory,"Hampton, NH",3pl,medium
5158,Packaging Corporation of America Pearl Full-Line Plant,24.83,24.83,B,1,0,82.7,0,228.2,US DC Hot Springs (WHSE),"Pearl, MS",shipper,high
5159,"The Downtown Warehouse, Concord, NC",24.8,24.8,D,1,11,33.3,3,67.5,US PL McBee Factory,"Concord, NC",shipper,medium
5160,Westminster Teak Furniture - Distribution Center,24.79,24.79,C,1,27,33.3,0,39.4,US PL High Springs Factory,"Live Oak, FL",shipper,medium
5161,Food Forge,24.79,24.79,D,1,27,33.3,0,39.4,US PL Poland Spring Factory,"Whitefield, ME",shipper,low
5162,HTS Trucking Logistics Freight Management,24.78,24.78,C,1,11,33.3,3,67.6,US PL High Springs Factory,"Jacksonville, FL",carrier,medium
5163,Ashley Distribution Center,24.78,24.78,C,1,11,33.3,3,67.6,US PL High Springs Factory,"Jacksonville, FL",shipper,medium
5164,Pickett Trucking & Logistics,24.78,24.78,D,1,11,33.3,3,67.6,US PL High Springs Factory,"Jacksonville, FL",carrier,medium
5165,Cool Tech Cold Storage & Refrigeration Solutions,24.75,24.75,C,1,21,33.3,1,46.3,US PL S Houston Factory,"Conroe, TX",shipper,medium
5166,Go Logistics USA,24.72,24.72,D,1,10,33.3,3,67.9,US PL High Springs Factory,"Jacksonville, FL",3pl,medium
5167,Treehouse Foods,24.71,17.74,C,2,21,33.3,1,46.4,US PL Allentown NPL Factory,"Lancaster, PA",shipper,low
5168,Shaw Industries - Irmo Plant,24.7,24.7,D,1,14,26.7,3,59,US PL McBee Factory,"Columbia, SC",shipper,medium
5169,Rubix Foods,24.68,24.68,C,1,10,33.3,3,68.1,US PL High Springs Factory,"Jacksonville, FL",shipper,low
5170,Cross Dock with Optima,24.65,24.65,C,1,3,26.7,5,105.2,US PL Madison Factory,"Elmhurst, IL",shipper,low
5171,Ivan Smith Furniture - Distribution Center,24.64,24.64,C,1,27,33.3,0,39.7,US PL Hawkins Factory,"Emory, TX",shipper,medium
5172,Freight Right Global Logistics,24.64,24.64,D,1,27,33.3,0,39.7,US PL Ontario Factory,"La Crescenta-Montrose, CA",3pl,medium
5173,Quick in and out services,24.64,24.64,C,1,3,26.7,5,105.3,US PL Madison Factory,"Elmhurst, IL",shipper,low
5174,"Ambix Manufacturing, Inc.",24.62,24.62,D,1,30,26.7,0,35.9,US PL Hollis Factory,"Albany, NH",shipper,medium
5175,"Elite Logistix, LLC",24.62,24.62,D,1,17,0,5,52.3,US PL McBee Factory,"Rock Hill, SC",shipper,low
5176,Harrell Industries,24.62,24.62,D,1,17,0,5,52.3,US PL McBee Factory,"Rock Hill, SC",shipper,low
5177,Stronghaven Containers Co,24.59,24.59,D,1,17,20,3,52.4,US PL McBee Factory,"Matthews, NC",shipper,low
5178,Gourmet Specialty Foods,24.55,24.55,C,1,10,33.3,3,68.8,US PL Hollis Factory,"North Andover, MA",shipper,low
5179,Prime Beverage Group,24.48,24.48,C,1,10,33.3,3,69.2,US PL McBee Factory,"Concord, NC",shipper,low
5180,Classic Graphics Fulfillment Center,24.46,24.46,C,1,10,33.3,3,69.3,US PL McBee Factory,"Concord, NC",3pl,medium
5181,Active Manufacturing Co,24.44,24.44,D,1,14,26.7,3,60,US PL Mecosta Factory,"Spring Lake, MI",shipper,medium
5182,Matcor Automotive (Michigan) Inc.,24.43,24.43,D,1,24,26.7,1,42.3,US PL Mecosta Factory,"Ionia, MI",shipper,low
5183,"Davis Express, Inc",24.41,24.41,D,1,39,0,1,28.3,US PL High Springs Factory,"Starke, FL",shipper,low
5184,Forest Tower Food Mart,24.4,24.4,C,1,26,33.3,0,40.2,US DC Hot Springs (WHSE),"Hensley, AR",shipper,low
5185,Packaging Personified,24.34,24.34,D,1,28,20,1,38.3,US PL Mecosta Factory,"Sparta, MI",shipper,low
5186,World Wine Bottles & Packaging,24.34,24.34,D,1,17,20,3,53.2,US PL Sacramento Factory,"American Canyon, CA",shipper,low
5187,CROSS-DOCKING SWEN WAREHOUSE Inc,24.33,24.33,C,1,21,33.3,1,47.4,US DC NFI - Breinigsville,"Fairless Hills, PA",shipper,medium
5188,MeloVRK Cross-Docking,24.33,24.33,C,1,21,33.3,1,47.4,US DC NFI - Breinigsville,"Fairless Hills, PA",shipper,low
5189,All American Cold Storage,24.25,24.25,C,1,20,33.3,1,47.6,US PL Denver Factory,"Greeley, CO",shipper,medium
5190,SPX FLOW,24.24,24.24,D,1,17,0,5,53.5,US PL High Springs Factory,"Ocala, FL",shipper,low
5191,Casa Foods,24.16,24.16,C,1,9,33.3,3,71,US PL Hollis Factory,"Middleton, MA",shipper,low
5192,Earthy Krunchy,24.14,24.14,C,1,9,33.3,3,71.1,US PL Hollis Factory,"Middleton, MA",shipper,low
5193,Ithaca Manufacturing Corp,24.13,24.13,D,1,29,26.7,0,36.8,US PL Mecosta Factory,"Ithaca, MI",shipper,medium
5194,St. Pete Paper & Packaging,24.09,24.09,D,1,17,20,3,54,US PL Zephyrhills Factory,"Palmetto, FL",shipper,low
5195,Prestige Storage - Jenison,24.09,19.2,D,11,17,0,5,37.2,US PL Mecosta Factory,"Muskegon, MI",shipper,low
5196,Ada Logistics Corporation,24.07,24.07,D,1,26,33.3,0,40.9,US PL Mecosta Factory,"Ada, MI",3pl,medium
5197,McClancy Foods & Flavors,24.07,24.07,C,1,20,33.3,1,48.1,US PL McBee Factory,"Fort Mill, SC",shipper,low
5198,W-Industries,24.06,24.06,D,1,38,0,1,28.8,US PL S Houston Factory,"Spring, TX",shipper,low
5199,"Premier Choice Logistics, Inc.",24.03,24.03,D,1,20,33.3,1,48.2,US PL Hawkins Factory,"Marshall, TX",3pl,medium
5200,Emergent Manufacturing Systems,24.02,24.02,D,1,29,26.7,0,37,US PL Hawkins Factory,"Frankston, TX",shipper,medium
5201,Goddess Food Factory,24.02,24.02,C,1,9,33.3,3,71.8,US PL High Springs Factory,"Jacksonville, FL",shipper,low
5202,Big Beverages Contract Manufacturing LLC,23.99,23.99,D,1,9,33.3,3,72,US PL McBee Factory,"Huntersville, NC",shipper,medium
5203,Gourmet Blending,23.94,23.94,C,1,9,33.3,3,72.3,US PL High Springs Factory,"Jacksonville, FL",shipper,low
5204,American Standard Manufacturing,23.92,23.92,D,1,29,26.7,0,37.2,US PL Saratoga Spring Factory,"Central Bridge, NY",shipper,medium
5205,Peterson Chemical Technology,23.92,23.92,D,1,5,20,5,88.1,US PL Hot Springs Factory,"Fort Smith, AR",shipper,low
5206,A Plus Warehouse,23.89,23.89,D,1,9,33.3,3,72.6,US PL Hollis Factory,"Beverly, MA",shipper,medium
5207,Safetime Crossdock,23.87,23.87,C,1,9,33.3,3,72.7,US PL Sacramento Factory,"Hayward, CA",shipper,low
5208,PalletOne Inc,23.85,23.85,D,1,38,0,1,29.1,US PL Poland Spring Factory,"Livermore Falls, ME",shipper,low
5209,CMC Logistics,23.81,23.81,D,1,20,33.3,1,48.8,US PL High Springs Factory,"Jacksonville, FL 32234, USA",3pl,medium
5210,Demoulas Super Markets Warehouse,23.79,23.79,C,1,9,33.3,3,73.2,US PL Hollis Factory,"Tewksbury, MA",shipper,medium
5211,"Toy Locker, LLC",23.78,23.78,D,1,38,0,1,29.2,US PL Hollis Factory,"Ossipee, NH",shipper,low
5212,"Precise Manufacturing, Inc.",23.76,23.76,D,1,29,26.7,0,37.5,US PL Mecosta Factory,"Casnovia, MI",shipper,medium
5213,Roses Brands Manufacturing,23.74,23.74,C,1,25,33.3,0,41.6,US PL Saratoga Spring Factory,"Canajoharie, NY",shipper,medium
5214,Double Circle C Logistics LLC,23.7,23.7,D,1,25,33.3,0,41.7,US PL Mecosta Factory,"Sanford, MI",3pl,medium
5215,Rakuten Super Logistics Fulfillment Center,23.7,23.7,C,1,19,33.3,1,49.1,US PL Allentown Factory,"Ashley, PA",3pl,medium
5216,PGI Foods,23.65,23.65,C,1,8,33.3,3,74.1,US PL Hollis Factory,"Lowell, MA",shipper,low
5217,Thrive Market Fulfillment Center,23.56,21.35,C,2,19,33.3,1,49.5,US PL Allentown Factory,"Ashley, PA",3pl,medium
5218,Cadillac Cold Storage,23.56,23.56,C,1,19,33.3,1,49.5,US PL Mecosta Factory,"Cadillac, MI",shipper,medium
5219,Warehouse 208,23.56,23.56,D,1,19,33.3,1,49.5,US PL Hawkins Factory,"Marshall, TX",shipper,medium
5220,Superior Cold Storage,23.53,23.53,C,1,8,33.3,3,74.9,US DC NFI - Breinigsville,"Elizabeth, NJ",shipper,medium
5221,Transport Logistics LLC,23.52,23.52,C,1,25,33.3,0,42.1,US PL McBee Factory,"Waxhaw, NC",carrier,medium
5222,Nortera Foods Lebanon Facility,23.52,23.52,C,1,25,33.3,0,42.1,US PL Allentown NPL Factory,"Lebanon, PA",shipper,low
5223,Hahn Packaging Inc,23.51,23.51,D,1,5,20,5,92.6,US PL Hot Springs Factory,"Fort Smith, AR",shipper,low
5224,RTS Packaging,23.47,23.47,D,1,32,20,0,34.4,US DC NFI - Breinigsville,"Frenchtown, NJ",shipper,low
5225,Fred's Foods Inc.,23.47,23.47,C,1,24,33.3,0,42.2,US PL Sacramento Factory,"Fairfield, CA",shipper,low
5226,J&H Auto & Truck Repair AKA Best-Quick Stop,23.47,23.47,C,1,8,33.3,3,75.3,US PL Hollis Factory,"Peabody, MA",shipper,low
5227,Velocity Manufacturing Inc,23.4,23.4,D,1,23,26.7,1,44.7,US PL Hollis Factory,"Exeter, NH",shipper,medium
5228,Cold River Marine,23.37,23.37,D,1,37,0,1,29.8,US PL Hollis Factory,"Center Ossipee, NH",shipper,low
5229,High Liner Foods Distribution Center,23.35,23.35,C,1,8,33.3,3,76.1,US PL Hollis Factory,"Peabody, MA",shipper,medium
5230,We Pack Logistics,23.34,22.53,C,2,24,33.3,0,42.5,US PL McBee Factory,"Rockingham, NC",3pl,medium
5231,North Country Cold Storage,23.32,23.32,C,1,19,33.3,1,50.2,US PL Poland Spring Factory,"Berlin, NH",shipper,medium
5232,Liberty Crossdock,23.31,23.31,C,1,8,33.3,3,76.4,US DC NFI - Breinigsville,"Elizabeth, NJ",shipper,low
5233,Stone Plastics & Manufacturing,23.3,23.3,D,1,11,26.7,3,65,US PL Mecosta Factory,"Zeeland, MI",shipper,medium
5234,PTI Logistics,23.25,23.25,D,1,24,33.3,0,42.7,US PL Mecosta Factory,"Ravenna, MI",3pl,medium
5235,KEEP CALM TRANSPORT & LOGISTICS LLC,23.25,23.25,D,1,19,33.3,1,50.4,US PL High Springs Factory,"Orange Park, FL",carrier,medium
5236,Gulf States Cold Storage,23.2,23.2,C,1,8,33.3,3,77.2,US PL Hawkins Factory,"Shreveport, LA",shipper,medium
5237,Calumet Packaging – Distribution Center,23.2,23.2,D,1,8,33.3,3,77.2,US PL Hawkins Factory,"Shreveport, LA",shipper,medium
5238,Sherman's Distribution Center,23.16,23.16,C,1,24,33.3,0,42.9,US PL Poland Spring Factory,"Nobleboro, ME",shipper,medium
5239,TA,23.16,23.16,C,1,24,33.3,0,42.9,US PL Hot Springs Factory,"Atkins, AR",shipper,low
5240,TA Express,23.16,23.16,C,1,24,33.3,0,42.9,US PL Hot Springs Factory,"Blackwell, AR",shipper,low
5241,Tropicana.,23.14,23.14,D,1,15,20,3,57.3,US PL Zephyrhills Factory,"Bradenton, FL",shipper,low
5242,Grand Rapids Transport,23.12,23.12,D,1,15,0,5,57.4,US PL Mecosta Factory,"Jenison, MI",carrier,low
5243,3-PXL Cross Dock • 3PL Warehouse • FBA Prep • Cold & Dry Storage,23.08,23.08,D,1,18,33.3,1,50.9,US DC NFI - Breinigsville,"Trenton, NJ",3pl,medium
5244,Navarro Pecan Co Inc,23.08,23.08,C,1,18,33.3,1,50.9,US PL Dallas 2 Factory,"Corsicana, TX",shipper,low
5245,MWC (Delivery and Pickup),23.08,23.05,C,2,18,33.3,1,50.9,US PL Mecosta Factory,"St Johns, MI",shipper,low
5246,Taylor Company,23.07,23.07,C,1,24,33.3,0,43.1,US PL Madison Factory,"Rockton, IL",shipper,low
5247,Trinity Manufacturing Inc,23.07,23.07,D,1,22,26.7,1,45.5,US PL McBee Factory,"Hamlet, NC",shipper,medium
5248,Eckert Cold Storage Co,23.05,23.05,C,1,18,33.3,1,51,US PL Sacramento Factory,"Manteca, CA",shipper,medium
5249,Newport Industrial Fabrication,23.03,23.03,D,1,22,26.7,1,45.6,US PL Kingfield Factory,"Newport, ME",shipper,low
5250,Timber & Tread Logistics LLC,22.98,22.98,C,1,18,33.3,1,51.2,US PL Poland Spring Factory,"Berlin, NH",3pl,medium
5251,Blair Logistics - Valdosta Terminal,22.98,22.98,C,1,7,33.3,3,78.8,US PL High Springs Factory,"Valdosta, GA",3pl,medium
5252,Jutt & Sons Crossdock,22.91,22.91,D,1,18,33.3,1,51.4,US DC NFI - Breinigsville,"Hamilton Township, NJ",shipper,low
5253,Kayem Foods Inc.,22.9,22.9,C,1,7,33.3,3,79.4,US PL Hollis Factory,"Woburn, MA",shipper,low
5254,Matador Passion Yerba Mate Tea Manufacturing Company,22.89,22.89,D,1,11,26.7,3,67,US PL McBee Factory,"Concord, NC",shipper,medium
5255,FREITTY Cross-Dock Huntley,22.89,22.89,D,1,7,33.3,3,79.5,US PL Madison Factory,"Huntley, IL",shipper,low
5256,Altitude Cold Storage,22.88,22.88,C,1,18,33.3,1,51.5,US PL Denver Factory,"Greeley, CO",shipper,medium
5257,Stox Warehouse,22.88,22.88,C,1,18,33.3,1,51.5,US PL Mecosta Factory,"Midland, MI",shipper,medium
5258,Northeast Logistics,22.88,22.88,D,1,18,33.3,1,51.5,US PL Hollis Factory,"Allenstown, NH",3pl,medium
5259,Fulfillment America Inc,22.85,22.85,D,1,7,33.3,3,79.8,US PL Hollis Factory,"Billerica, MA",3pl,medium
5260,TasteGood,22.83,22.83,D,1,36,0,1,30.6,US PL High Springs Factory,"Starke, FL",shipper,low
5261,WB Warehouse,22.82,22.82,C,1,23,33.3,0,43.7,US PL Madison Factory,"Horicon, WI",shipper,medium
5262,Outsource Logistics Warehouse,22.82,22.82,C,1,7,33.3,3,80,US PL High Springs Factory,"Valdosta, GA",3pl,medium
5263,Dunham Logistics,22.82,22.82,D,1,7,33.3,3,80,US PL Hollis Factory,"Billerica, MA",3pl,medium
5264,Warehouse Rentals of Georgia,22.81,22.81,C,1,7,33.3,3,80.1,US PL High Springs Factory,"Valdosta, GA",shipper,medium
5265,DC Norris North America,22.77,22.77,C,1,7,33.3,3,80.4,US PL Mecosta Factory,"Traverse City, MI",shipper,low
5266,Inland Cross dock & Warehouse,22.75,22.75,C,1,18,33.3,1,51.9,US PL Zephyrhills Factory,"Orlando, FL",shipper,medium
5267,The Anderson-DuBose Company,22.75,22.75,D,1,14,0,5,58.8,US PL High Springs Factory,"Jacksonville, FL",shipper,low
5268,Qual Pac,22.75,22.75,D,1,14,0,5,58.8,US PL McBee Factory,"Charlotte, NC",shipper,low
5269,True Value Distribution Center,22.72,20.39,C,2,18,33.3,1,52,US PL Dallas 2 Factory,"Corsicana, TX",shipper,medium
5270,Averitt Express,22.72,22.72,D,1,14,0,5,58.9,US PL McBee Factory,"Charlotte, NC",carrier,low
5271,North Arrow ABA- Cedar Springs,22.7,22.7,D,1,36,0,1,30.8,US PL Mecosta Factory,"Cedar Springs, MI",shipper,low
5272,UPS Worldwide Express Freight Center,22.69,22.69,D,1,23,33.3,0,44,US PL Zephyrhills Factory,"Ocoee, FL",shipper,low
5273,Envision Cold Storage,22.6,20.59,C,2,7,33.3,3,68.7,US PL Mecosta Factory,"Traverse City, MI",shipper,medium
5274,"Chambers Warehousing & Storage, Inc.",22.59,22.59,D,1,14,0,5,59.4,US PL McBee Factory,"Charlotte, NC",3pl,low
5275,Rexnord Industries LLC,22.57,22.57,D,1,36,0,1,31,US PL Poland Spring Factory,"Arrowsic, ME",shipper,low
5276,ITC Michigan St. Johns Warehouse,22.56,22.56,C,1,17,33.3,1,52.5,US PL Mecosta Factory,"St Johns, MI",shipper,medium
5277,Founders Club Shipping Fulfillment Center,22.52,22.52,C,1,23,33.3,0,44.4,US PL Denver Factory,"Monument, CO",3pl,medium
5278,Acme Southern Inc.,22.49,22.49,D,1,14,0,5,59.8,US PL McBee Factory,"Charlotte, NC",shipper,low
5279,Power eCommerce Solutions - FBA Prep & 3PL Warehouse - Cold Storage,22.48,22.48,D,1,6,33.3,3,82.8,US PL Madison Factory,"Elgin, IL",3pl,medium
5280,CORE X HUTT,22.47,22.47,D,1,14,0,5,59.9,US PL Mecosta Factory,"Hudsonville, MI",shipper,low
5281,Fulfillment and Shipping - B&H Photo - Warehouse and Shipping Center,22.46,22.46,C,1,17,33.3,1,52.8,US DC NFI - Breinigsville,"Florence, NJ",3pl,medium
5282,HAMMERLEDS® - US Fulfillment Center,22.46,22.46,C,1,6,33.3,3,83,US PL Mecosta Factory,"Traverse City, MI",3pl,medium
5283,eFulfillment Service,22.45,22.45,C,1,6,33.3,3,83.1,US PL Mecosta Factory,"Traverse City, MI",shipper,medium
5284,Celina Ice & Cold Storage Co.,22.44,22.44,C,1,23,33.3,0,44.6,US PL Dallas 2 Factory,"Celina, TX 75009, USA",shipper,medium
5285,"Celgard, LLC - Concord Manufacturing Facility",22.44,22.44,D,1,10,26.7,3,69.4,US PL McBee Factory,"Concord, NC",shipper,medium
5286,GAF Warehouse,22.43,22.43,C,1,17,33.3,1,52.9,US PL McBee Factory,"Chester, SC",shipper,medium
5287,Waco Bottling - Otis,22.42,22.42,D,1,6,33.3,3,83.3,US PL Dallas 2 Factory,"Woodway, TX",shipper,medium
5288,Podmore Manufacturing Inc.,22.4,22.4,D,1,26,26.7,0,40.2,US PL Hollis Factory,"Pittsfield, NH",shipper,medium
5289,Grand Traverse Sauce Company,22.39,22.39,C,1,6,33.3,3,83.6,US PL Mecosta Factory,"Traverse City, MI",shipper,low
5290,Pacific Terminal Services Company,22.34,22.21,D,2,24,0,3,42.5,US PL Ontario Factory,"San Pedro, CA",shipper,medium
5291,Willow Cold Storage,22.31,22.31,C,1,22,33.3,0,44.9,US PL Mecosta Factory,"Walkerville, MI",shipper,medium
5292,Roadrunner cold storage,22.31,22.31,C,1,22,33.3,0,44.9,US PL Cabazon Factory,"Thermal, CA",shipper,medium
5293,Polaris Connectors,22.29,22.29,D,1,41,0,0,27.1,US PL Zephyrhills Factory,"Odessa, FL",shipper,low
5294,Stingray Manufacturing Llc,22.29,22.29,D,1,21,26.7,1,47.5,US PL Hollis Factory,"Brentwood, NH",shipper,medium
5295,S&L Cold Storage,22.28,22.28,C,1,17,33.3,1,53.4,US PL Allentown NPL Factory,"Mickleton, NJ",shipper,medium
5296,FAYAT Distribution Center,22.27,22.27,C,1,22,33.3,0,45,US PL McBee Factory,"Ridgeway, SC",shipper,medium
5297,Poulin Cultivation & Processing,22.27,22.27,C,1,22,33.3,0,45,US PL Poland Spring Factory,"Jefferson, ME",shipper,medium
5298,Arbre Farms,22.27,22.27,C,1,22,33.3,0,45,US PL Mecosta Factory,"Walkerville, MI",shipper,low
5299,"Pax Industries, Inc.",22.27,22.27,D,1,13,0,5,60.7,US PL McBee Factory,"Charlotte, NC",shipper,low
5300,Store Supply Warehouse,22.27,22.27,C,1,6,33.3,3,84.7,US PL Hawkins Factory,"Shreveport, LA",shipper,medium
5301,APM Maersk,22.25,22.25,D,1,24,0,3,42.7,US PL Ontario Factory,"San Pedro, CA",shipper,low
5302,TMC Transportation,22.25,22.25,D,1,13,0,5,60.8,US PL McBee Factory,"Gaston, SC",shipper,low
5303,The Leavitt Corporation,22.25,22.25,C,1,6,33.3,3,84.9,US PL Hollis Factory,"Everett, MA",shipper,low
5304,"A.S.K. Foods, Inc.",22.24,22.24,C,1,17,33.3,1,53.5,US PL Allentown NPL Factory,"Palmyra, PA",shipper,low
5305,Gruenewald Manufacturing Co,22.23,22.23,D,1,10,26.7,3,70.6,US PL Hollis Factory,"Danvers, MA",shipper,medium
5306,GMCCA Michigan Cross-Dock,22.21,22.21,C,1,6,33.3,3,85.2,US PL Mecosta Factory,"Flint, MI",shipper,low
5307,Eagle Air Freight and Eagle Life Science,22.21,22.21,C,1,6,33.3,3,85.2,US PL Hollis Factory,"Chelsea, MA",shipper,low
5308,Milk and Honey Farms Meat Processing,22.19,22.19,C,1,22,33.3,0,45.2,US PL High Springs Factory,"Maxville, FL",shipper,medium
5309,Carolina Beverage Group LLC,22.19,20.31,C,3,6,33.3,3,81.8,US PL McBee Factory,"Mooresville, NC",shipper,low
5310,Sam's Ecommerce Fulfillment Center 6298,22.18,22.18,D,1,17,33.3,1,53.7,US PL Allentown NPL Factory,"Swedesboro, NJ",3pl,medium
5311,Elevate Logistics,22.18,22.18,D,1,17,33.3,1,53.7,US PL McBee Factory,"Mint Hill, NC",3pl,medium
5312,NUVU FUELS Ionia,22.16,22.16,C,1,20,37.3,0,48.4,US PL Mecosta Factory,"Ionia, MI",shipper,low
5313,OFE FULFILLMENT,22.15,22.15,C,1,6,33.3,3,85.8,US PL McBee Factory,"Mooresville, NC",3pl,medium
5314,Urban Garden Storage,22.1,22.1,D,1,13,0,5,61.4,US PL McBee Factory,"Charlotte, NC",shipper,low
5315,Heated & Cooled Storage,22.1,22.1,D,1,13,0,5,61.4,US PL McBee Factory,"Charlotte, NC",shipper,low
5316,"Dreamline Logistics LLC | Car Shipping",22.1,22.1,C,1,6,33.3,3,86.3,US PL Hollis Factory,"Cambridge, MA",3pl,medium
5317,Communications & Distribution Center,22.08,22.08,C,1,6,33.3,3,86.5,US PL Mecosta Factory,"Flint, MI",shipper,medium
5318,Columbia Packing,22.07,22.07,D,1,40,0,0,27.4,US PL Hawkins Factory,"Como, TX",shipper,low
5319,Manfredi Cold Storage of Pedricktown,22.06,22.06,C,1,16,33.3,1,54.1,US PL Allentown NPL Factory,"Pedricktown, NJ",shipper,medium
5320,Cork Industries,22.06,22.06,D,1,13,0,5,61.6,US PL High Springs Factory,"Jacksonville, FL",shipper,low
5321,"Warehouse XI - Boston Event Space,",22.03,22.03,D,1,6,33.3,3,87,US PL Hollis Factory,"Somerville, MA",shipper,medium
5322,Domins Horseradish,22.01,22.01,C,1,5,33.3,3,87.2,US PL Saratoga Spring Factory,"Chicopee, MA",shipper,low
5323,Warehouse Restaurant & Gallery,22,22,C,1,12,41.3,1,63.6,US PL Denver Factory,"Colorado Springs, CO",shipper,medium
5324,Central Florida Freezer,21.99,21.99,D,1,24,0,3,43.3,US PL Zephyrhills Factory,"Leesburg, FL",shipper,low
5325,Global Logistics Plus,21.99,21.99,D,1,22,33.3,0,45.7,US PL High Springs Factory,"Middleburg, FL",3pl,medium
5326,Double R Brand Foods LLC - Lufkin Manufacturing Headquarters,21.98,21.98,C,1,5,33.3,3,87.5,US PL Hawkins Factory,"Lufkin, TX",shipper,medium
5327,Brookshire Brothers Distribution Center Warehouse,21.94,21.94,C,1,5,33.3,3,87.9,US PL Hawkins Factory,"Lufkin, TX",shipper,medium
5328,G10 Fulfillment HQ,21.91,21.91,D,1,22,33.3,0,45.9,US PL Madison Factory,"Delavan, WI",3pl,medium
5329,Gator Overstock Warehouse,21.91,21.91,C,1,16,33.3,1,54.6,US PL Dallas 2 Factory,"Greenville, TX",shipper,medium
5330,Hans-Mill Corp,21.89,21.89,D,1,13,0,5,62.3,US PL High Springs Factory,"Jacksonville, FL",shipper,low
5331,Fast and Forward Prep Center,21.87,21.87,D,1,34,0,1,32.1,US PL Zephyrhills Factory,"New Port Richey, FL",shipper,low
5332,Menards Iron Ridge Distribution Center,21.87,21.87,C,1,22,33.3,0,46,US PL Madison Factory,"Iron Ridge, WI",shipper,medium
5333,GS Logistics and Cross-dock,21.81,21.81,C,1,5,33.3,3,89.2,US PL Mecosta Factory,"Burton, MI",3pl,medium
5334,United Cold Storage,21.79,19.47,C,2,21,33.3,0,46.2,US PL Denver Factory,"Loveland, CO",shipper,medium
5335,Nor-Am Cold Storage,21.79,21.79,C,1,21,33.3,0,46.2,US PL Madison Factory,"Reedsburg, WI",shipper,medium
5336,Lufthansa Cargo,21.76,21.76,D,1,12,0,5,62.9,US PL McBee Factory,"Charlotte, NC",shipper,low
5337,Rancourt Logistics LLC,21.75,21.75,D,1,21,33.3,0,46.3,US PL Kingfield Factory,"Jackman, ME",3pl,medium
5338,Hawk Manufacturing Inc.,21.74,21.74,D,1,20,26.7,1,49,US PL McBee Factory,"Fort Mill, SC",shipper,medium
5339,Southeastern packaging,21.74,21.74,D,1,12,20,3,63,US PL McBee Factory,"Concord, NC",shipper,low
5340,K2 Scientific,21.74,21.74,D,1,12,0,5,63,US PL McBee Factory,"Charlotte, NC",shipper,low
5341,Evergreen Shipping,21.73,21.73,D,1,23,0,3,43.9,US PL Ontario Factory,"San Pedro, CA",shipper,low
5342,Feel Better Foods,21.71,21.71,C,1,16,33.3,1,55.3,US PL High Springs Factory,"Palatka, FL",shipper,low
5343,Recyclers cross dock,21.69,21.69,D,1,23,0,3,44,US PL Zephyrhills Factory,"Leesburg, FL",shipper,low
5344,Food Processing Equipment Co,21.68,21.68,D,1,5,33.3,3,90.6,US PL Mecosta Factory,"Kalamazoo, MI",shipper,medium
5345,M L Renfro Packing Plant,21.64,21.64,C,1,5,33.3,3,91.1,US PL Hawkins Factory,"Lufkin, TX",shipper,medium
5346,Warehouse World,21.6,21.6,C,1,21,33.3,0,46.7,US PL Madison Factory,"Wisconsin Dells, WI",shipper,medium
5347,Collins Manufacturing,21.6,21.6,D,1,19,26.7,1,49.4,US PL Zephyrhills Factory,"Apopka, FL",shipper,medium
5348,American National Logistics,21.56,21.56,D,1,21,33.3,0,46.8,US PL Dallas 2 Factory,"Caddo Mills, TX",3pl,medium
5349,Five Pillars Butchery,21.56,21.56,C,1,21,33.3,0,46.8,US PL Kingfield Factory,"Unity, ME",shipper,low
5350,Seaonus,21.51,21.51,D,1,12,0,5,64,US PL High Springs Factory,"Jacksonville, FL",shipper,low
5351,Bangor Hermon Railyard Storage,21.49,21.49,D,1,12,0,5,64.1,US PL Kingfield Factory,"Hermon, ME",shipper,low
5352,Qantas Freight,21.48,21.48,D,1,21,33.3,0,47,US PL Ontario Factory,"Los Angeles, CA",shipper,low
5353,Emerald Crossdock,21.46,21.46,C,1,4,33.3,3,93.2,US PL Mecosta Factory,"Kalamazoo, MI",shipper,low
5354,U.S. LUMBER - Jacksonville Distribution Center,21.45,21.45,C,1,15,33.3,1,56.2,US PL High Springs Factory,"Green Cove Springs, FL",shipper,medium
5355,Hawthorne Foods,21.45,21.45,D,1,15,33.3,1,56.2,US PL Saratoga Spring Factory,"Hudson, NY",shipper,low
5356,Retro Warehouse,21.42,21.42,C,1,15,33.3,1,56.3,US PL Hollis Factory,"Newbury, MA",shipper,medium
5357,The Attic Ocala Warehouse,21.42,21.42,C,1,15,33.3,1,56.3,US PL High Springs Factory,"Ocala, FL",shipper,medium
5358,J Jill Group Distribution Center,21.4,21.4,D,1,21,33.3,0,47.2,US PL Hollis Factory,"Tilton, NH",shipper,medium
5359,PRIME Cross Docking Orlando,21.35,21.35,D,1,22,0,3,44.8,US PL Zephyrhills Factory,"Kissimmee, FL",shipper,low
5360,The Warehouse Hudson NY,21.31,21.31,C,1,15,33.3,1,56.7,US PL Saratoga Spring Factory,"Hudson, NY",shipper,medium
5361,The Antique Warehouse Hudson NY,21.31,21.31,C,1,15,33.3,1,56.7,US PL Saratoga Spring Factory,"Hudson, NY",shipper,medium
5362,Ensoil Distribution Center of Florida,21.29,21.29,D,1,21,33.3,0,47.5,US PL High Springs Factory,"Jasper, FL",shipper,medium
5363,NonStop Crossdock,21.28,21.28,C,1,15,33.3,1,56.8,US DC NFI - Breinigsville,"Somerset, NJ",shipper,low
5364,Boughton Cold Storage,21.22,21.22,C,1,20,33.3,0,47.7,US DC Hot Springs (WHSE),"Prescott, AR",shipper,medium
5365,Port Redwing,21.19,21.19,D,1,33,0,1,33.2,US PL Zephyrhills Factory,"Gibsonton, FL",shipper,low
5366,JMS Express Crossdock and Warehouse,21.12,21.12,C,1,15,33.3,1,57.4,US DC NFI - Breinigsville,"Hamilton Township, NJ",shipper,medium
5367,GK Foods Inc.,21.09,21.09,C,1,15,33.3,1,57.5,US PL Cabazon Factory,"San Marcos, CA",shipper,low
5368,ANCORP,21.07,21.07,D,1,33,0,1,33.4,US PL High Springs Factory,"Williston, FL",shipper,low
5369,"Pharmacy-Lite Prescription Packaging - Winnsboro, SC Manufacturing Plant and Distribution Center",20.99,20.99,D,1,20,33.3,0,48.3,US PL McBee Factory,"Winnsboro, SC",shipper,medium
5370,NC Ports - Charlotte Inland Port (NCSPA),20.97,20.97,D,1,11,0,5,66.6,US PL McBee Factory,"Charlotte, NC",shipper,low
5371,Delta Logistics,20.96,20.96,C,1,14,33.3,1,58,US PL Dallas 2 Factory,"Greenville, TX",3pl,medium
5372,Rustic Roots Warehouse,20.9,20.9,C,1,14,33.3,1,58.2,US PL McBee Factory,"Rock Hill, SC",shipper,medium
5373,Franklin Southern,20.86,20.86,D,1,11,0,5,67.2,US PL High Springs Factory,"Jacksonville, FL",shipper,low
5374,MFPA,20.84,20.84,D,1,11,0,5,67.3,US PL Mecosta Factory,"Lansing, MI",shipper,low
5375,Sears Logistics Services,20.81,20.81,D,1,20,33.3,0,48.8,US PL Hollis Factory,"Kingston, NH",3pl,medium
5376,La Tortilla factory,20.8,20.8,C,1,14,33.3,1,58.6,US PL Cabazon Factory,"Vista, CA",shipper,low
5377,Constantia Blythewood LLC,20.79,20.79,D,1,21,0,3,46.2,US PL McBee Factory,"Blythewood, SC",shipper,low
5378,Allied Truss Texas-Jacksonville Manufacturing Plant,20.77,20.77,D,1,23,26.7,0,43.8,US PL Hawkins Factory,"Jacksonville, TX",shipper,medium
5379,Culinary Specialties,20.77,20.77,C,1,14,33.3,1,58.7,US PL Cabazon Factory,"San Marcos, CA",shipper,low
5380,Carolina Cross Dock,20.76,20.76,D,1,10,0,5,67.7,US PL McBee Factory,"Charlotte, NC",shipper,low
5381,Trisco Foods,20.75,20.75,C,1,14,33.3,1,58.8,US PL Denver Factory,"Colorado Springs, CO",shipper,low
5382,M & S Logistics Inc,20.7,20.7,C,1,19,33.3,0,49.1,US PL Hollis Factory,"Candia, NH",3pl,medium
5383,Boston Freight Terminals LLC,20.69,20.69,C,1,3,33.3,3,104.4,US PL Hollis Factory,"Stoughton, MA",shipper,medium
5384,Red Gold Elwood Facility,20.67,20.67,C,1,19,33.3,0,49.2,US PL Greenwood Indiana,"Elwood, IN",shipper,low
5385,Artisan Logistics Inc,20.67,20.67,C,1,14,33.3,1,59.1,US PL McBee Factory,"Irmo, SC",3pl,medium
5386,Warehouse Outlet of Texas,20.63,20.63,C,1,19,33.3,0,49.3,US PL Dallas 2 Factory,"Hillsboro, TX",shipper,medium
5387,Beverage & Smoke Warehouse,20.63,20.63,C,1,19,33.3,0,49.3,US PL Saratoga Spring Factory,"West Coxsackie, NY",shipper,medium
5388,Crowley Liner Services - Terminal,20.57,20.57,D,1,10,0,5,68.7,US PL High Springs Factory,"Jacksonville, FL",shipper,medium
5389,United Global Express Cross Dock & Fulfillment,20.56,20.56,C,1,19,33.3,0,49.5,US DC NFI - Breinigsville,"Branchburg, NJ",3pl,medium
5390,Kreider Foods Inc.,20.56,20.56,C,1,19,33.3,0,49.5,US PL Allentown NPL Factory,"Lancaster, PA",shipper,low
5391,B & W Cold Storage,20.54,20.54,C,1,14,33.3,1,59.6,US PL Zephyrhills Factory,"Bradenton, FL",shipper,medium
5392,"CJ TMI Manufacturing America, LLC.",20.54,20.54,C,1,14,33.3,1,59.6,US DC NFI - Breinigsville,"Robbinsville Twp, NJ",shipper,medium
5393,"TOG Manufacturing Co., Inc.",20.52,20.52,D,1,23,26.7,0,44.4,US PL Saratoga Spring Factory,"North Adams, MA",shipper,medium
5394,TNT Fireworks Distribution Warehouse,20.52,20.52,C,1,14,33.3,1,59.7,US PL High Springs Factory,"Ocala, FL",shipper,medium
5395,"Snyder Packaging, Inc.",20.5,20.5,D,1,10,20,3,69.1,US PL McBee Factory,"Concord, NC",shipper,low
5396,Fresh Creative Foods,20.49,20.49,C,1,14,33.3,1,59.8,US PL Cabazon Factory,"Vista, CA",shipper,low
5397,"Woody's International Engineering & Manufacturing, Inc.",20.48,20.48,D,1,23,26.7,0,44.5,US PL Mecosta Factory,"Hope, MI",shipper,medium
5398,Pandia Press Fulfillment Center,20.46,20.46,C,1,19,33.3,0,49.8,US PL Zephyrhills Factory,"Mt Dora, FL",3pl,medium
5399,Fulfillment CO,20.44,20.44,D,1,14,33.3,1,60,US PL Denver Factory,"Colorado Springs, CO",3pl,medium
5400,Greencore USA,20.44,20.44,C,1,14,33.3,1,60,US PL Hollis Factory,"Newbury, MA",shipper,low
5401,Ernest's Truck Shop,20.32,20.32,C,1,19,33.3,0,50.2,US PL Hot Springs Factory,"Dover, AR",shipper,low
5402,MapleSyrupFromCanada,20.32,20.32,C,1,19,33.3,0,50.2,US PL Kingfield Factory,"Frontenac, QC",shipper,low
5403,TW Garner Food Company,20.29,20.23,C,2,2,33.3,3,112.5,US PL McBee Factory,"Winston-Salem, NC",shipper,low
5404,Dayton Freight- Detroit,20.25,20.25,C,1,2,33.3,3,113.6,US PL Mecosta Factory,"Waterford Township, MI",shipper,low
5405,Aisin Plant 2,20.23,20.23,D,1,22,26.7,0,45.1,US PL Greenwood Indiana,"Seymour, IN",shipper,medium
5406,FreeUp Storage Ocala,20.22,20.22,D,1,20,0,3,47.7,US PL High Springs Factory,"Anthony, FL",shipper,low
5407,Lomo Cold Storage,20.22,20.22,C,1,19,33.3,0,50.5,US PL Sacramento Factory,"Live Oak, CA",shipper,medium
5408,symplr : Manufacturing and Fulfillment Center,20.22,20.22,D,1,13,33.3,1,60.9,US PL Madison Factory,"Jackson, WI",3pl,medium
5409,Crossdock Warehouse in Bolingbrook,20.2,20.2,C,1,2,33.3,3,114.7,US PL Madison Factory,"Bolingbrook, IL",shipper,medium
5410,Crossdock Romeoville,20.18,20.18,C,1,2,33.3,3,115.2,US PL Madison Factory,"Romeoville, IL",shipper,low
5411,USCCA & Delta Defense Fulfillment Center,20.15,20.15,D,1,13,33.3,1,61.2,US PL Madison Factory,"Jackson, WI",3pl,medium
5412,Majestic Terminal Services,20.14,20.14,D,1,9,0,5,71.1,US PL High Springs Factory,"Jacksonville, FL",shipper,medium
5413,ARKK Food Company,20.12,20.12,C,1,2,33.3,3,116.8,US PL Mecosta Factory,"Bloomfield Township, MI",shipper,low
5414,Running Board Warehouse,20.11,20.11,C,1,18,33.3,0,50.8,US PL Zephyrhills Factory,"Hernando, FL",shipper,medium
5415,Chicago Crossdock,20.11,20.11,C,1,2,33.3,3,117.1,US PL Madison Factory,"Summit, IL",shipper,low
5416,Palestine Cold Storage,20.1,20.1,C,1,13,33.3,1,61.4,US PL Hawkins Factory,"Palestine, TX",shipper,medium
5417,Swift Crossdock,20.05,20.05,C,1,2,33.3,3,118.8,US PL Madison Factory,"Bedford Park, IL",carrier,low
5418,logistec terminals,20.03,20.03,D,1,20,0,3,48.2,US PL Zephyrhills Factory,"Palmetto, FL",shipper,medium
5419,Kraft Packaging Factory,20.03,20.03,D,1,16,26.7,1,54.2,US PL Allentown NPL Factory,"Wilmington, DE",shipper,low
5420,"Transfast Logistics, Inc",20.03,20.03,D,1,13,33.3,1,61.7,US PL Mecosta Factory,"Grand Ledge, MI",3pl,medium
5421,Cold Storage 2 GO! by Sea Box,19.95,19.95,D,1,18,33.3,0,51.3,US DC NFI - Breinigsville,"Hillsborough Township, NJ",shipper,medium
5422,Super Pufft Warehouse,19.94,19.94,C,1,13,33.3,1,62.1,US PL High Springs Factory,"Perry, FL",shipper,medium
5423,Holland Terminal,19.92,19.92,D,1,9,0,5,72.4,US PL Mecosta Factory,"Holland, MI",shipper,medium
5424,Innovative Machining Solutions,19.9,19.9,D,1,36,0,0,30.5,US PL Kingfield Factory,"Vienna, ME",shipper,low
5425,Hope Agri Products Inc,19.89,19.89,C,1,13,33.3,1,62.3,US DC Hot Springs (WHSE),"Hope, AR",shipper,low
5426,AJG Packaging,19.88,19.88,D,1,25,20,0,41.3,US DC NFI - Breinigsville,"Flemington, NJ",shipper,low
5427,Sylvamo Eastover Mill,19.87,19.87,D,1,22,26.7,0,46,US PL McBee Factory,"Eastover, SC",shipper,low
5428,Ryan Mobile Bottling,19.85,19.85,C,1,18,33.3,0,51.6,US PL Sacramento Factory,"Napa, CA",shipper,medium
5429,Asset Logistics Inc,19.85,19.85,C,1,18,33.3,0,51.6,US PL High Springs Factory,"Middleburg, FL",3pl,medium
5430,"KC Cross-Dock , Warehouse",19.84,19.84,C,1,2,33.3,3,125.4,US PL Mecosta Factory,"Livonia, MI",shipper,medium
5431,Icon warehouse Laurinburg,19.82,19.82,C,1,18,33.3,0,51.7,US PL McBee Factory,"Laurinburg, NC",shipper,medium
5432,Gattefossé Manufacturing,19.82,19.82,D,1,5,26.7,3,89.1,US PL Hawkins Factory,"Lufkin, TX",shipper,medium
5433,Dow Auburn Manufacturing,19.79,19.79,D,1,16,26.7,1,55,US PL Mecosta Factory,"Auburn, MI",shipper,medium
5434,Absolute Manufacturing,19.79,19.79,D,1,16,26.7,1,55,US PL Hollis Factory,"Hooksett, NH",shipper,medium
5435,CRRC MA Manufacturing Facility,19.78,19.78,D,1,5,26.7,3,89.6,US PL Saratoga Spring Factory,"Springfield, MA",shipper,medium
5436,Tampico Bottling Company,19.74,19.74,C,1,12,33.3,1,63,US PL Hawkins Factory,"Palestine, TX",shipper,medium
5437,"VMS - Fulfillment, Assembly and Warehousing",19.72,19.72,C,1,18,33.3,0,52,US PL Saratoga Spring Factory,"West Rutland, VT",3pl,medium
5438,Cascades Moulded Pulp Inc,19.7,19.7,D,1,25,20,0,41.7,US PL McBee Factory,"Rockingham, NC",shipper,low
5439,Trailer Bridge Inc,19.7,19.69,D,2,9,0,5,73.8,US PL High Springs Factory,"Jacksonville, FL",shipper,low
5440,"Jose Santiago, Inc.",19.68,19.68,D,1,9,0,5,73.9,US PL High Springs Factory,"Jacksonville, FL",shipper,low
5441,Fulex E-Commerce Fulfillment Warehouse,19.68,19.68,C,1,1,33.3,3,131.8,US PL Mecosta Factory,"Warren, MI",3pl,medium
5442,First Coast Terminals,19.67,19.67,D,1,8,0,5,74,US PL High Springs Factory,"Jacksonville, FL",shipper,medium
5443,"FlexCold - Jacksonville, FL",19.67,19.66,D,2,8,0,5,74,US PL High Springs Factory,"Jacksonville, FL",shipper,low
5444,"AAM Metal Forming | North Vernon Manufacturing Facility",19.63,19.63,D,1,21,26.7,0,46.6,US PL Greenwood Indiana,"North Vernon, IN",shipper,medium
5445,FBG Logistics,19.62,19.62,D,1,17,33.3,0,52.3,US PL Hollis Factory,"Franklin, NH",3pl,medium
5446,Midwest Freight Systems Corp,19.6,19.6,D,1,1,33.3,3,135.7,US PL Mecosta Factory,"Warren, MI",shipper,low
5447,PM Crossdock Detroit,19.59,19.59,C,1,1,33.3,3,136.3,US PL Mecosta Factory,"Hamtramck, MI",shipper,low
5448,FREITTY Cross-Dock Detroit,19.59,19.59,C,1,1,33.3,3,136.3,US PL Mecosta Factory,"Hamtramck, MI",shipper,low
5449,United Airlines Cargo,19.56,19.56,D,1,19,0,3,49.5,US PL Allentown NPL Factory,"Philadelphia, PA",shipper,low
5450,Outward Bound Courier Logistics,19.56,19.56,C,1,17,33.3,0,52.5,US PL Saratoga Spring Factory,"Dalton, MA",3pl,medium
5451,FREZ-n-STOR Greenville,19.56,19.56,C,1,16,26.7,1,55.8,US PL Dallas 2 Factory,"Greenville, TX",shipper,low
5452,FREITTY Cross-Dock East Brunswick,19.54,19.54,D,1,12,33.3,1,63.9,US DC NFI - Breinigsville,"East Brunswick, NJ",shipper,low
5453,Cold Storage Construction Inc,19.53,19.53,D,1,17,33.3,0,52.6,US PL S Houston Factory,"Montgomery, TX",shipper,medium
5454,Dames Point Marine Terminal,19.5,19.5,D,1,8,0,5,75.1,US PL High Springs Factory,"Jacksonville, FL",shipper,medium
5455,Bayshore Truck Center Parts and Service,19.48,19.48,D,1,15,26.7,1,56.1,US PL Allentown NPL Factory,"New Castle, DE",shipper,low
5456,Truck Commander Logistics,19.46,19.46,D,1,17,33.3,0,52.8,US PL Hawkins Factory,"Cumby, TX",3pl,medium
5457,Cold Storage,19.43,16.66,C,2,12,33.3,1,64.4,US PL Sacramento Factory,"Modesto, CA",shipper,medium
5458,Eight Mile,19.4,19.4,C,1,17,33.3,0,53,US PL Hot Springs Factory,"Conway, AR",shipper,low
5459,WheelPad Manufacturing Facility,19.37,19.37,D,1,21,26.7,0,47.3,US PL Saratoga Spring Factory,"Wilmington, VT",shipper,medium
5460,Peace River Cold Storage,19.37,19.37,C,1,17,33.3,0,53.1,US PL Zephyrhills Factory,"Frostproof, FL",shipper,medium
5461,All-Lanes Logistics,19.37,19.37,C,1,17,33.3,0,53.1,US PL Hawkins Factory,"Jefferson, TX",3pl,medium
5462,Summit Polymers (Plant One),19.32,19.32,D,1,4,26.7,3,95,US PL Mecosta Factory,"Portage, MI",shipper,medium
5463,Johnson's Warehouse Showroom-Pine Bluff,19.28,19.28,C,1,11,33.3,1,65.1,US DC Hot Springs (WHSE),"Pine Bluff, AR",shipper,medium
5464,Packer Avenue Marine Terminal Port,19.25,19.25,D,1,19,0,3,50.4,US PL Allentown NPL Factory,"Philadelphia, PA",shipper,medium
5465,Transport services terminal,19.25,19.25,D,1,19,0,3,50.4,US PL Mecosta Factory,"Midland, MI",carrier,medium
5466,Garland Food,19.24,19.24,C,1,11,33.3,1,65.3,US PL Zephyrhills Factory,"Sanford, FL",shipper,low
5467,ADG Logistics Inc,19.18,19.18,D,1,17,33.3,0,53.7,US PL McBee Factory,"Charlotte, NC",3pl,medium
5468,Fox Manufacturing,19.14,19.14,D,1,15,26.7,1,57.3,US PL High Springs Factory,"Green Cove Springs, FL",shipper,medium
5469,Carter Express Inc,19.13,19.13,D,1,29,0,1,36.8,US PL Greenwood Indiana,"Anderson, IN",shipper,low
5470,Michigan Sugar Warehouse,19.09,19.09,C,1,11,33.3,1,66,US PL Mecosta Factory,"Bay City, MI",shipper,medium
5471,Gloucester City Terminal - Holt,19.05,19.05,D,1,18,0,3,51,US PL Allentown NPL Factory,"Gloucester City, NJ",shipper,medium
5472,"Vermont Foodbank, Regional Distribution Center",19.03,19.03,D,1,16,33.3,0,54.2,US PL Saratoga Spring Factory,"Rutland, VT",shipper,medium
5473,"Bengal Empire Cross Docking, Pick Up/ Delivery and Third Party Logistics",19.03,19.03,D,1,16,33.3,0,54.2,US PL Greenwood Indiana,"Muncie, IN",3pl,medium
5474,Coastal Boatworks Inc & Storage,19.02,19.02,D,1,29,0,1,37,US PL Poland Spring Factory,"Newcastle, ME",shipper,low
5475,Coopersville Storage,19.01,19.01,D,1,18,0,3,51.1,US PL Mecosta Factory,"Coopersville, MI",shipper,low
5476,Blenheim Bottling,19,19,D,1,16,33.3,0,54.3,US PL McBee Factory,"Hamer, SC",shipper,medium
5477,Forza Manufacturing,18.96,18.96,D,1,20,26.7,0,48.4,US PL Hawkins Factory,"Mabank, TX",shipper,medium
5478,CORE48 Transport,18.95,18.95,D,1,18,0,3,51.3,US PL Mecosta Factory,"Coopersville, MI",carrier,low
5479,Cherokee Warehouse,18.94,18.94,C,1,16,33.3,0,54.5,US PL Hawkins Factory,"Rusk, TX",shipper,medium
5480,Big Big Triple AAA Storage,18.85,18.85,D,1,18,0,3,51.6,US PL Mecosta Factory,"Muskegon, MI",shipper,low
5481,Townley Engineering & Manufacturing Company,18.85,18.79,D,2,14,26.7,1,58.4,US PL Zephyrhills Factory,"Candler, FL",shipper,medium
5482,"Luther Logistic Transportation, LLC",18.82,18.82,D,1,18,0,3,51.7,US PL Mecosta Factory,"Coopersville, MI",shipper,low
5483,Southwind Manufacturing Services,18.77,18.77,D,1,14,26.7,1,58.7,US PL Zephyrhills Factory,"Ocala, FL",shipper,medium
5484,North Atlantic Cold Storage,18.76,18.76,C,1,10,33.3,1,67.7,US PL Hollis Factory,"Gloucester, MA",shipper,medium
5485,Francis Distributing Inc.,18.74,18.74,D,1,34,0,0,32.3,US PL Sacramento Factory,"Diamond Springs, CA",shipper,low
5486,Little Falls Distribution Center,18.68,18.68,C,1,16,33.3,0,55.4,US PL Saratoga Spring Factory,"Little Falls, NY",shipper,medium
5487,Dino's Transports & Logistics,18.68,18.68,D,1,16,33.3,0,55.4,US PL Hawkins Factory,"Greenville, TX",3pl,medium
5488,Modern Advanced Manufacturing Plant #2,18.64,18.64,D,1,14,26.7,1,59.2,US PL Madison Factory,"Rockford, IL",shipper,medium
5489,Northside Food Company,18.64,18.64,C,1,10,33.3,1,68.3,US PL Sacramento Factory,"Ceres, CA",shipper,low
5490,Schaefer's Cold Storage,18.57,18.57,C,1,10,33.3,1,68.7,US PL Sacramento Factory,"Oakland, CA",shipper,medium
5491,International Process Plants & Equipment Corp. - IPP - Eastover,18.53,18.53,D,1,19,26.7,0,49.6,US PL McBee Factory,"Eastover, SC",shipper,medium
5492,California Freight (Ripon Terminal),18.53,18.53,C,1,16,33.3,0,55.9,US PL Sacramento Factory,"Ripon, CA",shipper,medium
5493,New Indy Container Board,18.52,18.52,D,1,23,20,0,44.4,US PL McBee Factory,"Catawba, SC",shipper,low
5494,Crafty Fulfillment Center,18.48,18.48,C,1,10,33.3,1,69.2,US PL Sacramento Factory,"Oakland, CA",3pl,medium
5495,Prime Power Solutions llc,18.45,18.45,D,1,28,0,1,38.1,US PL Kingfield Factory,"Clinton, ME",shipper,low
5496,Helgesen (Manufacturing Plant #2),18.42,18.42,D,1,19,26.7,0,49.9,US PL Madison Factory,"Hartford, WI",shipper,medium
5497,Cooper-Weymouth Peterson Inc,18.39,18.39,D,1,28,0,1,38.2,US PL Kingfield Factory,"Clinton, ME",shipper,low
5498,KJ Cold Storage,18.39,18.39,C,1,15,33.3,0,56.4,US PL Madison Factory,"Muscoda, WI",shipper,medium
5499,Premier Mushrooms - Main Office & Cold Storage,18.36,18.36,C,1,15,33.3,0,56.5,US PL Sacramento Factory,"Colusa, CA",shipper,medium
5500,Pine Ridge Meat Processing,18.36,18.36,C,1,15,33.3,0,56.5,US PL Kingfield Factory,"Dixmont, ME",shipper,medium
5501,"Wolf Lake Farms, LLC",18.31,18.31,D,1,17,0,3,53.3,US PL Mecosta Factory,"Fruitport, MI",shipper,low
5502,"UWS by Lippert, Plant 143 in Perry, FL",18.15,18.15,D,1,13,26.7,1,61.2,US PL High Springs Factory,"Perry, FL",shipper,medium
5503,American Food Ingredients,18.14,18.14,D,1,15,33.3,0,57.3,US PL Cabazon Factory,"Oceanside, CA",shipper,low
5504,Oakmont Valley Group,18.09,18.09,C,1,9,33.3,1,71.4,US PL Hollis Factory,"Dracut, MA",shipper,low
5505,ECO CHESTER,18.04,18.04,D,1,27,0,1,38.9,US PL McBee Factory,"Fort Lawn, SC",shipper,low
5506,"Storage Control Systems, Inc.",18.04,18.04,D,1,27,0,1,38.9,US PL Mecosta Factory,"Sparta, MI",shipper,low
5507,ORBIS Corporation,18.03,18.03,D,1,16,0,3,54.2,US PL Dallas 2 Factory,"Greenville, TX",shipper,low
5508,Strong Manufacturing Co,18.01,18.01,D,1,13,26.7,1,61.8,US DC Hot Springs (WHSE),"White Hall, AR",shipper,medium
5509,New England Biolabs Manufacturing Facility,18.01,18.01,D,1,13,26.7,1,61.8,US PL Hollis Factory,"Rowley, MA",shipper,medium
5510,MUNCIE COLD STORAGE INC,17.96,17.96,C,1,14,33.3,0,58,US PL Greenwood Indiana,"Muncie, IN 47303, USA",shipper,medium
5511,CROSSDOCK LTL CANISI,17.92,17.92,D,1,9,33.3,1,72.4,US DC NFI - Breinigsville,"Fairfield, NJ",shipper,low
5512,Intermetro Industries Manufacturing Facility,17.88,17.88,D,1,18,26.7,0,51.5,US PL Allentown Factory,"Wilkes-Barre, PA",shipper,medium
5513,Northann Corp Headquarters,17.84,17.84,D,1,27,0,1,39.3,US PL McBee Factory,"Fort Lawn, SC",shipper,low
5514,"New Horizon Foods, Inc.",17.84,17.84,C,1,9,33.3,1,72.9,US PL Sacramento Factory,"Union City, CA",shipper,low
5515,Motembo Fine Foods LLC,17.84,17.84,C,1,9,33.3,1,72.9,US PL Mecosta Factory,"Okemos, MI",shipper,low
5516,Conley Container Terminal,17.84,17.84,D,1,5,20,3,88.9,US PL Hollis Factory,"South Boston, MA",shipper,medium
5517,Stacked Logistics,17.83,17.83,C,1,14,33.3,0,58.5,US DC Hot Springs (WHSE),"Pine Bluff, AR",3pl,medium
5518,Fulfillment Specialists of Wisconsin,17.81,17.81,D,1,9,33.3,1,73.1,US PL Madison Factory,"Sturtevant, WI",3pl,medium
5519,Hexion Specialty Chemicals,17.8,17.8,D,1,12,26.7,1,62.7,US DC Hot Springs (WHSE),"Hope, AR",shipper,low
5520,Puritan Medical Products,17.79,17.67,D,2,27,0,1,39.4,US PL Kingfield Factory,"Pittsfield, ME",shipper,low
5521,"Hawk Research Laboratories, LLC - West Bend Manufacturing Plant",17.78,17.78,D,1,12,26.7,1,62.8,US PL Madison Factory,"West Bend, WI",shipper,medium
5522,Truck Net LLC,17.76,17.76,C,1,4,41.3,1,94.4,US PL Cabazon Factory,"San Diego, CA",shipper,low
5523,Automatic Spring Production Corp. Plant 2,17.74,17.74,D,1,12,26.7,1,63,US PL Mecosta Factory,"Grand Haven, MI",shipper,medium
5524,Momentum Manufacturing Group - Georgetown,17.74,17.74,D,1,12,26.7,1,63,US PL Hollis Factory,"Georgetown, MA",shipper,medium
5525,Nordstrom East Coast Fulfillment Center,17.72,17.72,C,1,14,33.3,0,58.9,US PL Allentown NPL Factory,"Elizabethtown, PA",3pl,medium
5526,CROSSDOCK247amigo,17.72,17.72,D,1,14,33.3,0,58.9,US PL Allentown NPL Factory,"West Hanover Township, PA",shipper,low
5527,Doskaya Logistics Cross Docking,17.7,17.7,C,1,14,33.3,0,59,US DC NFI - Breinigsville,"Old Forge, PA",3pl,medium
5528,Devro Inc work,17.67,17.67,C,1,14,33.3,0,59.1,US PL McBee Factory,"Swansea, SC",shipper,low
5529,NC Food Innovation Lab,17.65,17.65,D,1,8,33.3,1,74.1,US PL McBee Factory,"Kannapolis, NC",shipper,low
5530,"HANOVER COLD STORAGE, INC.",17.62,17.62,C,1,14,33.3,0,59.3,US PL Allentown NPL Factory,"Elizabethtown, PA",shipper,medium
5531,Cabane à Sucre Bellavance inc.,17.57,17.57,C,1,14,33.3,0,59.5,US PL Kingfield Factory,"Sainte-Cécile-de-Whitton, QC",shipper,low
5532,Taco Food Factory -Food Truck,17.56,17.56,C,1,8,33.3,1,74.7,US PL McBee Factory,"Kannapolis, NC",shipper,low
5533,Johnson's Warehouse Showroom-Fordyce,17.52,17.52,C,1,14,33.3,0,59.7,US DC Hot Springs (WHSE),"Fordyce, AR",shipper,medium
5534,Treasury Wine Estates - Sonoma Bottling Center,17.52,17.52,D,1,14,33.3,0,59.7,US PL Sacramento Factory,"Sonoma, CA",shipper,medium
5535,PaddleSports Warehouse Retail Store,17.49,17.49,C,1,14,33.3,0,59.8,US PL Mecosta Factory,"Scottville, MI",shipper,medium
5536,Partners Fulfillment Center,17.48,17.48,C,1,8,33.3,1,75.2,US PL Madison Factory,"Sturtevant, WI",3pl,medium
5537,"Pioneer Frozen Foods South Carolina, Inc.",17.45,17.45,D,1,8,33.3,1,75.4,US PL McBee Factory,"Prosperity, SC",shipper,low
5538,Williamsburg Packing Co,17.44,17.44,C,1,14,33.3,0,60,US PL McBee Factory,"Kingstree, SC",shipper,low
5539,Mullins Food Processing,17.42,17.42,D,1,13,33.3,0,60.1,US PL McBee Factory,"Mullins, SC",shipper,medium
5540,"Duvaltex (Us), Inc.",17.4,17.4,D,1,26,0,1,40.2,US PL Kingfield Factory,"Guilford, ME",shipper,low
5541,FREITTY Cross-Dock Fremont,17.32,17.32,D,1,8,33.3,1,76.3,US PL Sacramento Factory,"Fremont, CA",shipper,low
5542,MKE1 Fulfillment Center,17.31,17.31,C,1,8,33.3,1,76.4,US PL Madison Factory,"Kenosha, WI",3pl,medium
5543,Bishop Rd Truck Terminal,17.28,17.28,D,1,17,26.7,0,53.4,US PL Sacramento Factory,"Live Oak, CA",shipper,medium
5544,Growers Cold Storage,17.27,17.27,C,1,8,33.3,1,76.7,US PL Sacramento Factory,"San Francisco, CA",shipper,medium
5545,M&O Freezer and Cold Storage,17.24,17.24,C,1,8,33.3,1,76.9,US PL Allentown NPL Factory,"Vineland, NJ",shipper,medium
5546,"Warehousing, Storage & Fulfillment",17.24,9.74,C,2,8,33.3,1,76.9,US DC NFI - Breinigsville,"Wayne, NJ",3pl,medium
5547,Ultima Mobile Bottling Inc,17.22,17.22,C,1,13,33.3,0,60.9,US PL Sacramento Factory,"Sonoma, CA",shipper,medium
5548,Four-In-One Inc.,17.18,17.18,C,1,8,33.3,1,77.3,US PL Hollis Factory,"Chelmsford, MA",shipper,low
5549,Plated Fulfillment Center,17.17,17.17,C,1,8,33.3,1,77.4,US DC NFI - Breinigsville,"Totowa, NJ",3pl,medium
5550,El Almacen The Warehouse,17.17,17.17,C,1,5,37.3,1,87.6,US PL Hot Springs 2 Factory,"Searcy, AR",shipper,medium
5551,Prospect Cold Storage,17.15,17.15,C,1,13,33.3,0,61.2,US PL McBee Factory,"Maxton, NC",shipper,medium
5552,Macy's Bloomingdale's Fulfillment Center,17.11,17.11,C,1,7,33.3,1,77.8,US PL McBee Factory,"China Grove, NC",3pl,medium
5553,"Fish, Boat & Explore: Cross Creek Cabin w/ Dock!",17.07,17.07,D,1,31,0,0,35.1,US PL High Springs Factory,"Florida 32640, USA",shipper,low
5554,Storage Worx Crystal River,17.07,17.07,D,1,20,20,0,48.1,US PL Zephyrhills Factory,"Lecanto, FL",shipper,low
5555,The Whiskey Blendery,17.01,17.01,D,1,31,0,0,35.2,US PL Dallas 2 Factory,"Oak Point, TX",shipper,low
5556,Southern Manufacturing Company,17.01,17.01,D,1,11,26.7,1,66.4,US PL Zephyrhills Factory,"Sanford, FL",shipper,medium
5557,Pinconning Express Stop,16.94,16.94,C,1,13,33.3,0,62.1,US PL Mecosta Factory,"Pinconning, MI",shipper,low
5558,Cross Express/St. George,16.91,16.91,D,1,3,0,5,100.8,US PL Madison Factory,"Elk Grove Village, IL",shipper,low
5559,Brightwork Storage LLC,16.83,16.83,D,1,14,0,3,58.5,US PL Mecosta Factory,"Muskegon, MI",shipper,low
5560,Sister Bay Furniture Manufacturing Plant,16.82,16.82,D,1,16,26.7,0,54.9,US PL Madison Factory,"Sussex, WI",shipper,medium
5561,Marjorie Kinnan Rawlings Historic Park - Boat ramp/dock,16.79,16.79,D,1,31,0,0,35.6,US PL High Springs Factory,"Hawthorne, FL",shipper,low
5562,"Redhead Logistics Group, LLC",16.78,16.78,D,1,12,33.3,0,62.8,US PL Mecosta Factory,"Chesaning, MI",3pl,medium
5563,Ozarka Natural Spring Water Co,16.78,16.78,C,1,12,33.3,0,62.8,US PL S Houston Factory,"El Campo, TX",shipper,low
5564,Storett,16.77,16.77,D,1,14,0,3,58.7,US PL McBee Factory,"Fort Mill, SC",shipper,low
5565,Old Neighborhood Distribution Center,16.76,16.76,C,1,7,33.3,1,80.5,US PL Hollis Factory,"Lynn, MA",shipper,medium
5566,MIT Express Cross Dock and Warehouse,16.72,16.72,C,1,7,33.3,1,80.8,US DC NFI - Breinigsville,"Kearny, NJ",shipper,medium
5567,Patriot Foods,16.69,16.69,C,1,12,33.3,0,63.2,US PL Mecosta Factory,"West Olive, MI",shipper,low
5568,Trividia Manufacturing Solutions,16.68,16.65,C,2,10,26.7,1,68.1,US PL Poland Spring Factory,"Lancaster, NH",shipper,medium
5569,International Sulphur Inc,16.65,16.65,D,1,25,0,1,41.8,US PL Hawkins Factory,"Mt Pleasant, TX",shipper,low
5570,Golden Cold Storage,16.65,16.65,C,1,7,33.3,1,81.4,US DC NFI - Breinigsville,"Clifton, NJ",shipper,medium
5571,Roossinck Fruit Storage Inc,16.61,16.61,D,1,25,0,1,41.9,US PL Mecosta Factory,"Fremont, MI",shipper,low
5572,Columbia Ice & Cold Storage,16.6,16.6,C,1,12,33.3,0,63.6,US PL Saratoga Spring Factory,"Hudson, NY",shipper,medium
5573,ARCTICHILL Cold Storage,16.6,16.6,C,1,12,33.3,0,63.6,US PL Hollis Factory,"Windham, NH",shipper,medium
5574,Piedmont Cheerwine Bottling Co,16.6,15.92,D,2,7,33.3,1,70.6,US PL McBee Factory,"Salisbury, NC",shipper,medium
5575,Sultan Crossdock Storage and Restack,16.59,16.59,C,1,7,33.3,1,81.9,US DC NFI - Breinigsville,"Kearny, NJ",shipper,low
5576,"Frank-Lin Distillers Products, Ltd.",16.57,16.57,D,1,30,0,0,36,US PL Sacramento Factory,"Fairfield, CA",shipper,low
5577,Hartt Transportation System Inc,16.56,16.56,D,1,25,0,1,42,US PL McBee Factory,"Sumter, SC",shipper,low
5578,Ventra Ionia Main,16.56,16.56,D,1,25,0,1,42,US PL Mecosta Factory,"Ionia, MI",shipper,low
5579,D & S Distribution Warehouses,16.47,16.47,C,1,12,33.3,0,64.2,US PL Madison Factory,"Milwaukee, WI",shipper,medium
5580,"AAM Metal Forming | Subiaco Manufacturing Facility",16.45,16.45,D,1,15,26.7,0,56.2,US PL Hot Springs Factory,"Subiaco, AR",shipper,medium
5581,24hr Crossdock and Cold Storage,16.45,16.45,C,1,12,33.3,0,64.3,US PL Allentown NPL Factory,"Middletown, PA",shipper,medium
5582,Alpek Polyester - Columbia Site,16.42,16.42,D,1,13,0,3,60.1,US PL McBee Factory,"Gaston, SC",shipper,low
5583,Enersys Sumter Metals,16.38,16.38,D,1,24,0,1,42.4,US PL McBee Factory,"Sumter, SC",shipper,low
5584,Literati Fulfillment Center,16.37,16.37,C,1,6,33.3,1,83.8,US PL Madison Factory,"Elgin, IL",3pl,medium
5585,Lexington Logistics,16.37,16.37,D,1,6,33.3,1,83.8,US PL Hollis Factory,"Lexington, MA",3pl,medium
5586,Saunders Packing Plant,16.34,16.34,C,1,12,33.3,0,64.8,US PL McBee Factory,"Troy, NC",shipper,medium
5587,Salem Bottleworks,16.34,16.34,D,1,2,20,3,111.5,US PL McBee Factory,"Winston-Salem, NC",shipper,low
5588,Oak Warehouse,16.32,16.32,C,1,11,33.3,0,64.9,US PL Mecosta Factory,"Hastings, MI",shipper,medium
5589,L & W Meat Processing,16.3,16.3,C,1,11,33.3,0,65,US PL High Springs Factory,"Madison, FL",shipper,medium
5590,J T Manufacturing Corporation,16.25,16.25,D,1,10,26.7,1,70.5,US PL Hollis Factory,"Pelham, NH",shipper,medium
5591,Sulco Warehouse,16.25,16.25,C,1,6,33.3,1,84.9,US PL Saratoga Spring Factory,"Holyoke, MA",shipper,medium
5592,Zeus Industrial Products Inc,16.18,16.18,D,1,9,26.7,1,70.9,US PL McBee Factory,"Orangeburg, SC",shipper,low
5593,Packaging Lines,16.18,16.18,D,1,2,20,3,115.2,US PL McBee Factory,"Winston-Salem, NC",shipper,low
5594,Element Chemicals - Manufacturing Site,16.17,16.17,D,1,15,26.7,0,57.2,US PL S Houston Factory,"Cleveland, TX",shipper,medium
5595,Heidelberg Bread Production Facility,16.16,16.16,C,1,11,33.3,0,65.7,US PL Saratoga Spring Factory,"Frankfort, NY",shipper,low
5596,SnackWerks,16.16,16.16,D,1,6,33.3,1,85.7,US PL Mecosta Factory,"Battle Creek, MI",shipper,low
5597,Smith Wayne Dairy Cold Storage,16.13,16.13,C,1,11,33.3,0,65.8,US PL Greenwood Indiana,"Richmond, IN",shipper,medium
5598,CForce Bottling Company,16.13,16.13,C,1,11,33.3,0,65.8,US PL S Houston Factory,"Navasota, TX",shipper,medium
5599,IVA Crossdock,16.08,16.08,C,1,6,33.3,1,86.5,US PL Madison Factory,"Elgin, IL",shipper,low
5600,South Arkansas Intermodal Park,16.07,16.07,D,1,11,33.3,0,66.1,US DC Hot Springs (WHSE),"Camden, AR",carrier,low
5601,Bay Valley Foods,16.05,16.05,D,1,11,33.3,0,66.2,US PL Mecosta Factory,"Wayland, MI",shipper,low
5602,Vanguard Culinary Group Ltd,16.05,16.05,C,1,6,33.3,1,86.8,US PL McBee Factory,"Fayetteville, NC",shipper,low
5603,TSD Logistics,16.04,16.04,C,1,6,33.3,1,86.9,US PL Hawkins Factory,"Texarkana, TX",3pl,medium
5604,Dreisbach Cold Storage,16.01,16.01,C,1,11,33.3,0,66.4,US PL Sacramento Factory,"Richmond, CA",shipper,medium
5605,Mensch Manufacturing,15.99,15.99,C,1,11,33.3,0,66.5,US PL Mecosta Factory,"Hastings, MI",shipper,medium
5606,Arkansas Wholesale Distribution Center,15.95,15.95,D,1,5,33.3,1,87.8,US PL Hot Springs 2 Factory,"Searcy, AR",shipper,medium
5607,ADESA Flint - Flint Distribution Center (GMF),15.94,15.94,C,1,5,33.3,1,87.9,US PL Mecosta Factory,"Flint, MI",shipper,medium
5608,Northeast Kingdom Processing,15.94,15.94,C,1,5,33.3,1,87.9,US PL Poland Spring Factory,"St Johnsbury, VT",shipper,medium
5609,Maple Leaf Truss LLC,15.9,15.9,D,1,23,0,1,43.5,US PL Kingfield Factory,"Newport, ME",shipper,low
5610,Furmano Foods,15.87,15.87,C,1,11,33.3,0,67.1,US PL Allentown Factory,"Northumberland, PA",shipper,low
5611,501 Vinyl Warehouse,15.86,15.86,C,1,11,33.3,0,67.2,US PL Hot Springs 2 Factory,"Ward, AR",shipper,medium
5612,Advanced Manufacturing Center,15.86,15.86,D,1,9,26.7,1,72.8,US PL Kingfield Factory,"Orono, ME",shipper,medium
5613,Center for Additive Manufacturing of Metals (CAMM),15.86,15.86,D,1,9,26.7,1,72.8,US PL Kingfield Factory,"Orono, ME",shipper,medium
5614,UPS Freight Service Center,15.86,15.86,C,1,5,33.3,1,88.7,US PL Mecosta Factory,"Battle Creek, MI",shipper,low
5615,Perryville Cold Storage,15.78,15.78,C,1,11,33.3,0,67.6,US PL Allentown NPL Factory,"Perryville, MD",shipper,medium
5616,Wabash Cross-dock,15.76,15.76,C,1,10,33.3,0,67.7,US PL Greenwood Indiana,"Lafayette, IN",shipper,low
5617,Recreation Warehouse LLC,15.72,15.72,C,1,10,33.3,0,67.9,US PL Mecosta Factory,"Owosso, MI",shipper,medium
5618,Ohio Logistics,15.68,15.68,C,1,10,33.3,0,68.1,US PL Greenwood Indiana,"Gas City, IN",3pl,medium
5619,Hitchin' Post Truck Terminal (Exxon),15.68,15.68,C,1,8,37.3,0,75.2,US PL S Houston Factory,"Huntsville, TX",shipper,medium
5620,Sulco Warehousing & Logistics,15.68,15.68,C,1,5,33.3,1,90.6,US PL Saratoga Spring Factory,"Springfield, MA",3pl,medium
5621,M&M Milling - Headquarters & Main Plant,15.68,15.68,C,1,5,33.3,1,90.7,US DC Hot Springs (WHSE),"Texarkana, AR",shipper,medium
5622,SENSHIPPING LLC,15.65,15.65,D,1,1,0,5,133.3,US PL Mecosta Factory,"Romulus, MI",shipper,low
5623,On Track Cross Docking LLC,15.65,15.65,D,1,1,0,5,133.3,US PL Mecosta Factory,"Romulus, MI",shipper,low
5624,"AAM Metal Forming | Paris Manufacturing Facility",15.62,15.62,D,1,14,26.7,0,59.3,US PL Hot Springs Factory,"Paris, AR",shipper,medium
5625,SAMSUNG Home Appliance Manufacturing Plant,15.61,15.61,D,1,8,26.7,1,74.4,US PL McBee Factory,"Newberry, SC",shipper,medium
5626,Hughson Cold Storage,15.5,15.5,C,1,10,33.3,0,69.1,US PL Sacramento Factory,"Hughson, CA",shipper,medium
5627,'The Warehouse',15.5,15.5,C,1,10,33.3,0,69.1,US PL Allentown NPL Factory,"Dover, PA",shipper,medium
5628,"Future Foods Enterprises, LLC - PAOW!",15.49,15.49,C,1,5,33.3,1,92.9,US PL High Springs Factory,"Ormond Beach, FL",shipper,low
5629,JD GROUP Cross Dock & Distribution San Diego,15.41,15.41,C,1,4,33.3,1,93.8,US PL Cabazon Factory,"San Diego, CA",shipper,medium
5630,Pouchfill Packaging LLC,15.36,15.36,C,1,4,33.3,1,94.4,US PL Zephyrhills Factory,"Daytona Beach, FL",shipper,low
5631,"Cross Partners Cold Storage, Inc",15.34,15.34,C,1,4,33.3,1,94.7,US PL Cabazon Factory,"San Diego, CA",shipper,medium
5632,Pleasant River Lumber,15.33,15.33,D,1,19,16,0,49.6,US PL Kingfield Factory,"Dover-Foxcroft, ME",shipper,low
5633,Soup Coop Food Manufacturing,15.33,15.33,C,1,4,33.3,1,94.8,US PL Greenwood Indiana,"Louisville, KY",shipper,medium
5634,Kerkau Manufacturing,15.3,15.3,D,1,13,26.7,0,60.6,US PL Mecosta Factory,"Bay City, MI",shipper,medium
5635,Daytona Beach Cold Storage - Food Supply Inc,15.29,15.29,C,1,4,33.3,1,95.3,US PL Zephyrhills Factory,"South Daytona, FL",shipper,medium
5636,The CrossDock @ FCL,15.23,15.23,C,1,4,33.3,1,96.2,US PL Greenwood Indiana,"Louisville, KY",shipper,low
5637,Clover Sonoma Dairy Bottling Plant,15.21,15.21,C,1,9,33.3,0,70.7,US PL Sacramento Factory,"Petaluma, CA",shipper,medium
5638,saturn petcare inc. Receiving and Manufacturing,15.18,15.18,C,1,9,33.3,0,70.9,US PL Greenwood Indiana,"Terre Haute, IN",shipper,medium
5639,Food Solution Services: Cold Storage,15.15,15.15,C,1,4,33.3,1,97.3,US PL Zephyrhills Factory,"Daytona Beach, FL",shipper,medium
5640,USPS Nashua Logistics and Distribution Center,15.12,15.12,D,1,9,33.3,0,71.2,US PL Hollis Factory,"Nashua, NH",3pl,medium
5641,Exeter Storage Depot,15.11,15.11,D,1,22,0,1,45.4,US PL Hollis Factory,"Exeter, NH",shipper,medium
5642,Tobin Scientific,15.05,15.05,D,1,11,0,3,66.2,US PL Hollis Factory,"Methuen, MA",shipper,low
5643,"Wantable, Inc. Fulfillment Center",15.04,15.04,C,1,9,33.3,0,71.7,US PL Madison Factory,"Milwaukee, WI",3pl,medium
5644,"AW2 Fulfillment, Warehouse, Distribution and Crating, Milwaukee",15.04,15.04,C,1,9,33.3,0,71.7,US PL Madison Factory,"Milwaukee, WI",3pl,medium
5645,Origin Food Group LLC,15.02,15.02,C,1,4,33.3,1,99.1,US PL McBee Factory,"Statesville, NC",shipper,low
5646,Maplewood Vermont Travelers Service Center,15.01,15.01,C,1,4,33.3,1,99.3,US PL Saratoga Spring Factory,"Berlin, VT",shipper,low
5647,Lightlife Foods,14.99,14.99,C,1,9,33.3,0,72,US PL Saratoga Spring Factory,"Turners Falls, MA",shipper,low
5648,Mitchell's Mobile Cold Storage Rental,14.96,14.96,C,1,9,33.3,0,72.2,US PL Pasadena Factory,"Lumberton, TX",shipper,medium
5649,Vermont Specialty Food Association,14.96,14.96,D,1,4,33.3,1,100.1,US PL Saratoga Spring Factory,"Berlin, VT",shipper,low
5650,Lahout's Discount Warehouse,14.94,14.94,C,1,9,33.3,0,72.3,US PL Poland Spring Factory,"Littleton, NH",shipper,medium
5651,Southern Cross Logistics,14.94,14.94,D,1,4,33.3,1,100.3,US PL McBee Factory,"Statesville, NC",3pl,medium
5652,Warehouse Guns and Ammo,14.91,14.91,C,1,9,33.3,0,72.5,US PL Hot Springs 2 Factory,"Beebe, AR",shipper,medium
5653,"Linic Freight 3PL Logistics & Warehouse | Spartanburg",14.91,14.91,C,1,3,33.3,1,100.8,US PL McBee Factory,"Spartanburg, SC",3pl,medium
5654,Zenith Freight Lines LLC,14.88,14.88,C,1,3,33.3,1,101.3,US PL McBee Factory,"Conover, NC",carrier,low
5655,E-Commerce Warehousing & Fulfillment Center,14.87,14.87,D,1,9,33.3,0,72.7,US PL Sacramento Factory,"Rohnert Park, CA",3pl,medium
5656,Prime Warehouse & Cross dock,14.86,14.86,C,1,3,33.3,1,101.6,US PL McBee Factory,"Moore, SC",shipper,medium
5657,Dawson Food Products,14.85,14.85,C,1,3,33.3,1,101.7,US PL Mecosta Factory,"Jackson, MI",shipper,low
5658,Polymer Protective Packaging,14.82,14.82,D,1,16,20,0,54.9,US PL Mecosta Factory,"Allendale, MI",shipper,low
5659,Central Maine Cold Storage,14.79,14.79,C,1,9,33.3,0,73.2,US PL Kingfield Factory,"Bucksport, ME",shipper,medium
5660,P&H Truck Shop,14.78,14.78,C,1,7,37.3,0,82,US PL Hollis Factory,"Wells River, VT",shipper,low
5661,Dayton Freight- Jackson,14.77,14.77,C,1,3,33.3,1,103.1,US PL Mecosta Factory,"Jackson, MI",shipper,low
5662,BorgWarner Kokomo Manufacturing Site,14.76,14.76,D,1,12,26.7,0,62.9,US PL Greenwood Indiana,"Kokomo, IN",shipper,medium
5663,Allied Universal Corporation,14.76,14.76,D,1,10,0,3,67.7,US PL High Springs Factory,"Jacksonville, FL",shipper,low
5664,LEV FULFILLMENT LLC,14.75,14.75,C,1,9,33.3,0,73.5,US PL Dallas 2 Factory,"Denison, TX",3pl,medium
5665,No Worry Storage,14.74,14.74,D,1,27,0,0,39.5,US PL Hollis Factory,"Pittsfield, NH",shipper,low
5666,ColdQuest,14.74,14.74,D,1,10,0,3,67.8,US PL Mecosta Factory,"Holland, MI",shipper,low
5667,Avon Food Company,14.71,14.71,C,1,3,33.3,1,104.2,US PL Hollis Factory,"Stoughton, MA",shipper,low
5668,AnytimeDistribution and Warehouse Emergency Transloading Services,14.67,14.67,C,1,3,33.3,1,104.8,US PL Saratoga Spring Factory,"Farmington, CT",shipper,medium
5669,Sonoma Beverage Company LLC,14.62,14.62,D,1,8,33.3,0,74.3,US PL Sacramento Factory,"Santa Rosa, CA",shipper,low
5670,"Dacon Industries | Dallas",14.59,14.59,D,1,27,0,0,39.8,US PL Hawkins Factory,"Jacksonville, TX",shipper,low
5671,Cumberland Cold Storage,14.59,14.59,C,1,8,33.3,0,74.5,US PL Allentown NPL Factory,"Bridgeton, NJ",shipper,medium
5672,Palmetto Foods Distribution,14.59,14.59,C,1,8,33.3,0,74.5,US PL High Springs Factory,"Ponte Vedra Beach, FL",shipper,medium
5673,Henley Manufacturing Co,14.58,14.58,D,1,7,26.7,1,82,US PL Hawkins Factory,"Shreveport, LA",shipper,medium
5674,R & D Packaging,14.56,14.56,D,1,16,20,0,55.8,US PL McBee Factory,"Ellerbe, NC",shipper,low
5675,Contract Manufacturing NE,14.56,14.56,C,1,3,33.3,1,106.9,US PL Saratoga Spring Factory,"Bristol, CT",shipper,medium
5676,Arrow Fast Usa 3PL Warehouse&Fulfillment Center,14.51,14.51,C,1,8,33.3,0,75,US PL McBee Factory,"Gastonia, NC",3pl,medium
5677,Food Factory on Main,14.51,14.51,C,1,8,33.3,0,75,US PL McBee Factory,"Rockwell, NC",shipper,low
5678,Concord Food Warehouse 2,14.48,14.48,C,1,3,33.3,1,108.4,US PL Hollis Factory,"Brockton, MA",shipper,medium
5679,Cross Dock Reloading Warehouse in Inman,14.41,14.41,C,1,3,33.3,1,109.9,US PL McBee Factory,"Inman, SC",shipper,medium
5680,A & D Cold Storage,14.4,14.4,C,1,3,33.3,1,110.2,US PL Hollis Factory,"Worcester, MA",shipper,medium
5681,Thomaston Transportation Co. Inc. CROSS DOCK - LOAD RESTACK - LOAD SHIFT - DELIVERY SERVICE - CROSS-DOCKING - HOLDING,14.4,14.4,C,1,3,33.3,1,110.2,US PL Saratoga Spring Factory,"Waterbury, CT",shipper,low
5682,Armory Street Cold Storage,14.39,14.39,C,1,3,33.3,1,110.3,US PL Hollis Factory,"Worcester, MA",shipper,medium
5683,Domi Logistics Inc,14.37,14.37,D,1,8,33.3,0,76,US PL McBee Factory,"Orangeburg, SC",3pl,medium
5684,CAB Worldwide Texas Manufacturing and Distribution Facility,14.37,14.37,D,1,8,33.3,0,76,US PL Hawkins Factory,"Nacogdoches, TX",shipper,medium
5685,Sam's Club Fulfillment Center,14.37,14.37,C,1,2,33.3,1,110.7,US PL Hollis Factory,"Worcester, MA",3pl,medium
5686,The Warehouse at C.C. Creations,14.36,14.36,C,1,6,37.3,0,85.7,US PL S Houston Factory,"College Station, TX",shipper,medium
5687,LLFlex Manufacturing,14.34,14.34,D,1,2,33.3,1,111.4,US PL McBee Factory,"High Point, NC",shipper,medium
5688,"Alecon Enterprises, Inc.",14.28,14.28,D,1,10,20,1,70.3,US PL Hollis Factory,"Pelham, NH",shipper,low
5689,We Pack Warehouse,14.25,14.25,C,1,8,33.3,0,76.8,US PL Hawkins Factory,"Paris, TX",shipper,medium
5690,"Hayes Food Products, Inc",14.23,14.23,C,1,2,33.3,1,114.1,US PL McBee Factory,"Greer, SC",shipper,low
5691,United States Fulfillment Center,14.2,14.2,C,1,2,33.3,1,114.8,US PL Saratoga Spring Factory,"East Syracuse, NY",3pl,medium
5692,Big Top Manufacturing Inc.,14.18,14.18,D,1,11,26.7,0,65.6,US PL High Springs Factory,"Perry, FL",shipper,medium
5693,LG Fulfillment,14.18,14.18,D,1,8,33.3,0,77.3,US PL High Springs Factory,"Ponte Vedra Beach, FL",3pl,medium
5694,Kiser Harriss,14.16,14.16,D,1,9,0,3,71,US PL McBee Factory,"Belmont, NC",shipper,low
5695,Dart Container Corporation Shipping Warehouse Building 7,14.14,14.14,C,1,8,33.3,0,77.6,US PL Mecosta Factory,"Mason, MI",shipper,medium
5696,Ruiz Food Products,14.13,14.13,D,1,8,33.3,0,77.7,US PL Dallas 2 Factory,"Denison, TX",shipper,low
5697,Camel Energy Manufacturing(Michigan),14.12,14.12,D,1,6,26.7,1,86.1,US PL Mecosta Factory,"Battle Creek, MI",shipper,medium
5698,AKWEL CADILLAC USA INC,14.07,14.07,D,1,20,0,1,48.1,US PL Mecosta Factory,"Cadillac, MI",shipper,low
5699,Manufacturing Facility not a retail store.,14.07,14.07,D,1,11,26.7,0,66.1,US PL Zephyrhills Factory,"Sarasota, FL",shipper,medium
5700,Us Warehouse and Crossdock,14.04,14.04,C,1,2,33.3,1,119,US PL Madison Factory,"Lockport, IL",shipper,medium
5701,"Sargent Logistics - Cross Dock, Warehousing",14.03,14.03,C,1,2,33.3,1,119.3,US PL Madison Factory,"Chicago, IL",3pl,medium
5702,IKO South,14.02,14.02,D,1,25,0,0,41,US PL High Springs Factory,"Jacksonville, FL",shipper,low
5703,Alamance Foods Inc. (DC-1) aka The Fun Food Factory,14.02,14.02,C,1,2,33.3,1,119.6,US PL McBee Factory,"Graham, NC",shipper,low
5704,Maine Logistics Solutions,14,14,C,1,7,33.3,0,78.6,US PL Kingfield Factory,"Greenbush, ME",3pl,medium
5705,New England Cheesemaking Supply Co.,14,14,C,1,7,33.3,0,78.6,US PL Saratoga Spring Factory,"Northampton, MA",shipper,low
5706,Byrne Dairy - Syracuse Cold Storage,14,14,C,1,2,33.3,1,120.3,US PL Saratoga Spring Factory,"Syracuse, NY",shipper,medium
5707,Materne North America,13.99,13.99,C,1,7,33.3,0,78.7,US PL Mecosta Factory,"Grawn, MI",shipper,low
5708,Manufacturing & Assembly Solutions,13.97,13.97,D,1,11,26.7,0,66.6,US PL Hollis Factory,"Merrimack, NH",shipper,medium
5709,"PB2 Foods, Inc.",13.96,13.96,C,1,2,33.3,1,121.3,US PL High Springs Factory,"Tifton, GA",shipper,low
5710,NSA Industries,13.95,13.95,D,1,5,26.7,1,87.8,US PL Poland Spring Factory,"St Johnsbury, VT",shipper,low
5711,Oscar Mayer Foods Corp,13.94,13.94,D,1,7,33.3,0,79.1,US PL McBee Factory,"Newberry, SC",shipper,low
5712,Peace River Packing Company,13.93,13.93,D,1,25,0,0,41.2,US PL Zephyrhills Factory,"Fort Meade, FL",shipper,low
5713,"United Foods International USA, Inc. (East Coast Factory)",13.92,13.92,D,1,7,33.3,0,79.2,US PL Allentown NPL Factory,"Belcamp, MD",shipper,low
5714,Towson Cold Storage Co,13.86,13.86,C,1,2,33.3,1,124.8,US PL High Springs Factory,"Tifton, GA",shipper,medium
5715,Detroit Cold Storage,13.84,13.84,C,1,2,33.3,1,125.6,US PL Mecosta Factory,"Livonia, MI",shipper,medium
5716,Fairfield Manufacturing Company Inc.,13.82,13.82,D,1,11,26.7,0,67.4,US PL Greenwood Indiana,"Lafayette, IN",shipper,medium
5717,"Improved Nature, LLC",13.82,13.82,C,1,1,33.3,1,126.3,US PL McBee Factory,"Garner, NC",shipper,low
5718,FREITTY Cross-Dock Alsip,13.81,13.81,C,1,1,33.3,1,126.7,US PL Madison Factory,"Alsip, IL",shipper,low
5719,Chunk Nibbles,13.81,13.81,C,1,1,33.3,1,126.7,US PL Mecosta Factory,"Troy, MI",shipper,low
5720,Hamden Cold Storage Inc.,13.79,13.79,C,1,1,33.3,1,127.3,US PL Saratoga Spring Factory,"Hamden, CT",shipper,medium
5721,"GNT USA, LLC",13.78,13.78,C,1,7,33.3,0,80.3,US PL McBee Factory,"Dallas, NC",shipper,low
5722,Storage Space,13.74,13.74,D,1,25,0,0,41.6,US PL High Springs Factory,"Macclenny, FL",shipper,low
5723,Wilm Cold Storage,13.74,13.74,C,1,1,33.3,1,129.3,US PL McBee Factory,"Leland, NC",shipper,medium
5724,Erie Foods International Rochelle Manufacturing,13.73,13.73,C,1,7,33.3,0,80.7,US PL Madison Factory,"Rochelle, IL",shipper,medium
5725,"The Bottling Plant, New Haven",13.72,13.72,D,1,1,33.3,1,130,US PL Saratoga Spring Factory,"New Haven, CT 06511, USA",shipper,medium
5726,CPKC Railway Detroit Intermodal Terminal,13.72,13.72,D,1,1,33.3,1,130.1,US PL Mecosta Factory,"Detroit, MI",carrier,medium
5727,Great Lakes Pickling Company,13.72,13.72,C,1,1,33.3,1,130.1,US PL Mecosta Factory,"Sterling Heights, MI",shipper,low
5728,Logistics Hub / Cross-Docking,13.72,13.72,C,1,1,33.3,1,130.2,US PL Madison Factory,"Harvey, IL",3pl,medium
5729,Terminal Shipping Co - Division of John S. Connor,13.7,13.7,D,1,19,0,1,49.1,US PL Allentown NPL Factory,"Eddystone, PA",shipper,medium
5730,Port of Wilmington Cold Storage,13.66,13.66,C,2,1,33.3,1,132.8,US PL McBee Factory,"Wilmington, NC",shipper,medium
5731,Truck Zone,13.66,13.66,C,1,1,33.3,1,132.9,US PL Mecosta Factory,"Detroit, MI",shipper,low
5732,A Cool Storage,13.63,13.63,D,1,19,0,1,49.3,US PL Hawkins Factory,"Marshall, TX",shipper,low
5733,Carolina Freightways Terminal,13.63,13.63,D,1,1,33.3,1,134.1,US PL McBee Factory,"Wilmington, NC",shipper,medium
5734,D.A.B. Logistics Inc,13.62,13.62,D,1,7,33.3,0,81.6,US PL Kingfield Factory,"Compton, QC",3pl,medium
5735,Safie Specialty Foods,13.61,13.61,C,1,1,33.3,1,135.2,US PL Mecosta Factory,"Chesterfield, MI",shipper,low
5736,JLM Manufacturing West,13.6,13.6,C,1,1,33.3,1,135.5,US PL Mecosta Factory,"Warren, MI",shipper,medium
5737,Champion Foods LLC,13.59,13.59,D,1,1,33.3,1,136.3,US PL Mecosta Factory,"New Boston, MI",shipper,low
5738,Loris Cold Storage and Retail,13.56,13.56,C,1,6,33.3,0,82.1,US PL McBee Factory,"Loris, SC",shipper,medium
5739,Eastern Market Cold Storage Co,13.54,13.54,C,1,1,33.3,1,138.9,US PL Mecosta Factory,"Detroit, MI",shipper,medium
5740,Idan Foods,13.52,13.52,C,1,6,33.3,0,82.5,US DC NFI - Breinigsville,"Hawthorne, NJ",shipper,low
5741,At Home Storage,13.49,13.49,D,1,19,0,1,49.7,US PL Mecosta Factory,"Cadillac, MI",shipper,low
5742,Shreveport Warehouse,13.49,13.49,C,1,6,33.3,0,82.7,US PL Hawkins Factory,"Shreveport, LA",shipper,medium
5743,Couture Logistics Inc ( CLI ),13.47,13.47,C,1,6,33.3,0,82.9,US PL Kingfield Factory,"Saint-Benoît-Labre, QC",3pl,medium
5744,San Jose Cold Storage,13.47,13.47,C,1,6,33.3,0,82.9,US PL Sacramento Factory,"San Jose, CA",shipper,medium
5745,"Prime Inc. Pittston, PA Terminal",13.41,13.41,D,1,17,4,1,53.6,US PL Allentown Factory,"Pittston, PA",shipper,medium
5746,Warehouse B Coffee Bar + Restaurant + Gifts,13.39,13.39,C,1,6,33.3,0,83.6,US DC Hot Springs (WHSE),"Warren, AR",shipper,medium
5747,King Arthur Flour Manufacturing (Merlin),13.34,13.34,C,1,6,33.3,0,84,US PL Hollis Factory,"White River Junction, VT",shipper,medium
5748,Aaron's Fulfillment Center,13.34,13.34,C,1,6,33.3,0,84,US PL Saratoga Spring Factory,"Westfield, MA",3pl,medium
5749,RCP Manufacturing Plant,13.33,13.33,D,1,4,26.7,1,94.8,US PL Cabazon Factory,"San Diego, CA",shipper,medium
5750,Compass Cold Storage,13.32,13.32,C,1,6,33.3,0,84.2,US PL Hot Springs Factory,"Mulberry, AR",shipper,medium
5751,Pulmuone Nasoya Foods USA,13.31,13.31,D,1,6,33.3,0,84.3,US PL Hollis Factory,"Ayer, MA",shipper,low
5752,Plymouth Cold Storage,13.29,13.29,C,1,6,33.3,0,84.5,US PL Madison Factory,"Plymouth, WI",shipper,medium
5753,Pfizer Pharmaceutical Manufacturing Plant,13.29,13.29,D,1,4,26.7,1,95.4,US PL McBee Factory,"Sanford, NC",shipper,medium
5754,Old Dutch Foods Ltd,13.29,13.29,D,1,1,33.3,1,157.3,US PL Kingfield Factory,"Hartland, NB",shipper,low
5755,Nexus Warehouse Crossdock,13.27,13.27,C,1,6,33.3,0,84.7,US DC NFI - Breinigsville,"Carlstadt, NJ",shipper,medium
5756,Integra Foods,13.27,13.27,D,1,6,33.3,0,84.7,US PL McBee Factory,"Bladenboro, NC",shipper,low
5757,RBI Packing LLC,13.21,13.21,D,1,24,0,0,42.8,US PL Cabazon Factory,"Thermal, CA",shipper,low
5758,Dillon Storage Center,13.15,13.15,D,1,18,0,1,50.7,US PL McBee Factory,"Dillon, SC",shipper,low
5759,DRB Transport St Johns Terminal,13.11,13.11,D,1,18,0,1,50.8,US PL Mecosta Factory,"St Johns, MI",carrier,medium
5760,Menasha Packaging Fulfillment Center,13.1,13.1,D,1,6,33.3,0,86.3,US PL Madison Factory,"Neenah, WI",3pl,medium
5761,Bentley World Packaging - Plant 2,13.09,13.09,C,1,9,26.7,0,71.4,US PL Madison Factory,"Milwaukee, WI",shipper,medium
5762,Alta Resources Fulfillment Center,13.08,13.08,D,1,6,33.3,0,86.5,US PL Madison Factory,"Neenah, WI",3pl,medium
5763,Bobcat Manufacturing Facility,13.04,13.04,D,1,4,26.7,1,98.9,US PL McBee Factory,"Statesville, NC",shipper,medium
5764,Taste of Italy Manufacturing,13.02,13.02,C,1,5,33.3,0,87.1,US PL Allentown NPL Factory,"Egg Harbor City, NJ",shipper,medium
5765,Mango Bottling Inc.,13.02,13.02,D,1,5,33.3,0,87.1,US PL Zephyrhills Factory,"Cocoa, FL",shipper,medium
5766,Jenness Hill Auto and Marine Storage,12.99,12.99,D,1,24,0,0,43.3,US PL Hollis Factory,"Meredith, NH",shipper,low
5767,Clean Maine Carbon,12.99,12.99,D,1,24,0,0,43.3,US PL Kingfield Factory,"Greenville, ME",shipper,low
5768,Révolution Fermentation,12.98,12.98,C,1,5,33.3,0,87.5,US PL Kingfield Factory,"Waterville, QC",shipper,low
5769,DZ Fulfillment LLC,12.96,12.96,C,1,5,33.3,0,87.7,US PL Madison Factory,"Mundelein, IL",3pl,medium
5770,"1440 Foods Manufacturing, LLC.",12.96,12.96,C,1,5,33.3,0,87.7,US PL Greenwood Indiana,"Jeffersonville, IN",shipper,medium
5771,Vermont Stone Art Manufacturing Facility,12.91,12.91,D,1,3,26.7,1,100.8,US PL Saratoga Spring Factory,"Barre, VT",shipper,medium
5772,FOODIE'J INC,12.85,12.85,D,1,5,33.3,0,88.8,US PL High Springs Factory,"Woodbine, GA",shipper,low
5773,Boules d'énergie,12.84,12.84,C,1,5,33.3,0,88.9,US PL Kingfield Factory,"Sherbrooke, QC",shipper,low
5774,Berlin Mini Storage,12.82,12.82,D,1,18,0,1,51.7,US PL Poland Spring Factory,"Berlin, NH",shipper,low
5775,Aero Fulfillment Services,12.82,12.82,C,1,5,33.3,0,89.1,US PL Greenwood Indiana,"Fairfield, OH",3pl,medium
5776,Builtmore Contract Manufacturing (Plant 5),12.78,12.78,D,1,9,26.7,0,73.3,US PL Mecosta Factory,"Charlotte, MI",shipper,medium
5777,Industries Bernard & Fils Ltée,12.78,12.78,C,1,5,33.3,0,89.6,US PL Kingfield Factory,"Saint-Victor, QC",shipper,low
5778,Prime Food Processing Corporation,12.76,12.76,C,1,5,33.3,0,89.8,US DC NFI - Breinigsville,"Brooklyn, NY",shipper,medium
5779,ShipRight,12.72,12.72,D,1,18,0,1,52,US PL Hollis Factory,"Concord, NH",shipper,low
5780,Palmetto Gourmet Foods,12.66,12.66,D,1,5,33.3,0,90.9,US PL McBee Factory,"Saluda, SC",shipper,low
5781,The Paper Store - Distribution Center,12.64,12.64,C,1,5,33.3,0,91.1,US PL Hollis Factory,"Leominster, MA",shipper,medium
5782,Burnette Foods Inc.,12.64,11.96,D,2,5,33.3,0,91.1,US PL Mecosta Factory,"Elk Rapids, MI",shipper,low
5783,NOVANT HEALTH CROSS-DOCK CENTER,12.63,12.63,C,1,5,33.3,0,91.2,US PL McBee Factory,"Lincolnton, NC",shipper,low
5784,Vibrant Ingredients,12.62,12.62,D,1,17,0,1,52.3,US PL Zephyrhills Factory,"Eustis, FL",shipper,low
5785,Cold Storage Antiques & Collectibles,12.62,12.62,C,1,5,33.3,0,91.3,US PL Hollis Factory,"Leominster, MA",shipper,medium
5786,"Hitchiner Manufacturing Co., Inc.",12.61,12.61,D,1,8,26.7,0,74.4,US PL Hollis Factory,"Milford, NH",shipper,medium
5787,Dublin Bottling Works Inc.,12.59,12.59,D,1,5,33.3,0,91.7,US PL Dallas 2 Factory,"Dublin, TX",shipper,medium
5788,Ambassador Packaging Inc,12.56,12.56,D,1,12,20,0,63.8,US PL McBee Factory,"York, SC",shipper,low
5789,Cross Core Logistics LLC,12.56,12.56,C,1,5,33.3,0,92,US PL Greenwood Indiana,"Jeffersonville, IN",3pl,medium
5790,MCS Merchants Cold Storage,12.54,12.54,C,1,5,33.3,0,92.3,US PL Greenwood Indiana,"Walton, KY",shipper,medium
5791,Cold Storage / Lagrou,12.51,12.51,C,1,5,33.3,0,92.6,US PL Madison Factory,"Bartlett, IL",shipper,medium
5792,Rana Cold Storage Shipping,12.49,12.49,C,1,5,33.3,0,92.9,US PL Madison Factory,"Bartlett, IL",shipper,medium
5793,Cross docking & Warehouse Palatine,12.48,12.48,C,1,5,33.3,0,93,US PL Madison Factory,"Palatine, IL",shipper,medium
5794,SC Pet Food Solutions Ward Sc,12.47,12.47,C,1,4,33.3,0,93.1,US PL McBee Factory,"Ward, SC",shipper,low
5795,"Carolina Poly, Inc.",12.46,12.46,D,1,17,0,1,52.8,US PL McBee Factory,"Chester, SC",shipper,low
5796,Bridgford Foods of North Carolina,12.46,12.46,C,1,4,33.3,0,93.2,US PL McBee Factory,"Statesville, NC",shipper,low
5797,SEAHORSE WAREHOUSE AND CROSS DOCKING,12.4,12.4,C,1,4,33.3,0,93.9,US PL Madison Factory,"St. Charles, IL",shipper,medium
5798,D'Vine Foods,12.39,12.39,C,1,4,33.3,0,94.1,US PL McBee Factory,"Elizabethtown, NC",shipper,low
5799,"EFCO Products, Inc.",12.36,12.36,C,1,4,33.3,0,94.4,US PL Saratoga Spring Factory,"Poughkeepsie, NY",shipper,low
5800,PERPETUAL Manufacturing Facility,12.36,12.36,D,1,2,26.7,1,111.1,US PL Hollis Factory,"Millbury, MA",shipper,medium
5801,Fulfillment Center for Vacations Made Easy,12.34,12.34,C,1,4,33.3,0,94.7,US PL McBee Factory,"Myrtle Beach, SC",3pl,medium
5802,Oriskany Manufacturing Technologies,12.31,12.31,D,1,8,26.7,0,76.4,US PL Saratoga Spring Factory,"Yorkville, NY",shipper,medium
5803,"Warrens Cold Storage, LLC",12.29,12.29,C,1,4,33.3,0,95.4,US PL Madison Factory,"Warrens, WI",shipper,medium
5804,FreezeXperience produits lyophilisés,12.28,12.28,C,1,4,33.3,0,95.5,US PL Kingfield Factory,"Thetford Mines, QC",shipper,low
5805,Kalamazoo Michigan distribution center,12.26,12.26,D,1,4,33.3,0,95.7,US PL Mecosta Factory,"Kalamazoo, MI",shipper,medium
5806,Tropical Foods Company Inc.,12.26,12.26,C,1,4,33.3,0,95.7,US PL McBee Factory,"Cowpens, SC",shipper,low
5807,Mariani Cold Storage,12.24,12.24,C,1,4,33.3,0,96,US PL Madison Factory,"Wisconsin Rapids, WI",shipper,medium
5808,"Seal Freight LLC (CROSS DOCKING, STORAGE WAREHOUSE)",12.23,12.23,C,1,4,33.3,0,96.1,US PL Madison Factory,"Wheeling, IL",shipper,medium
5809,Dominion Grimm Thetford Mines,12.21,12.21,C,1,4,33.3,0,96.4,US PL Kingfield Factory,"Thetford Mines, QC",shipper,low
5810,American Cold Storage Systems,12.19,12.19,C,1,4,33.3,0,96.7,US PL Greenwood Indiana,"Cincinnati, OH",shipper,medium
5811,Intedge Manufacturing,12.17,12.17,C,1,4,33.3,0,97,US PL McBee Factory,"Woodruff, SC",shipper,medium
5812,"AAM Metal Forming | Auburn Hills Manufacturing Complex - Plant 1",12.15,12.15,D,1,2,26.7,1,116.1,US PL Mecosta Factory,"Auburn Hills, MI",shipper,medium
5813,Battle Copacking NC,12.13,12.13,D,1,6,0,3,86,US PL McBee Factory,"Mooresville, NC",shipper,low
5814,A&E Warehouse & Crossdock,12.1,12.1,C,1,4,33.3,0,98,US PL Greenwood Indiana,"Louisville, KY",shipper,medium
5815,U.S. Packaging & Wrapping LLC.,12.09,12.09,D,1,11,20,0,66,US PL Hot Springs 2 Factory,"Austin, AR",shipper,low
5816,Carlisle Wide Plank Floors - Manufacturing Facility,12.09,12.09,D,1,7,26.7,0,78,US PL Saratoga Spring Factory,"Swanzey, NH",shipper,medium
5817,Grovertown Truck and Auto Plaza,12.08,12.08,C,1,2,37.3,0,124.2,US PL Greenwood Indiana,"Grovertown, IN",shipper,low
5818,Promotion Fulfillment Center,12.04,12.04,D,1,4,33.3,0,98.8,US PL Madison Factory,"Camanche, IA",3pl,medium
5819,Worldwide Trailers USA,12.03,12.03,C,1,4,33.3,0,99,US PL High Springs Factory,"Waycross, GA",shipper,low
5820,Karr Cold Storage,12.01,12.01,C,1,4,33.3,0,99.3,US PL Saratoga Spring Factory,"Milton, NY",shipper,medium
5821,"Rhino Foods, Inc.",12.01,12.01,C,1,4,33.3,0,99.3,US PL Saratoga Spring Factory,"Burlington, VT",shipper,low
5822,"Crane Additive Manufacturing, LLC",11.99,11.99,D,1,7,26.7,0,78.7,US PL Hot Springs Factory,"Higden, AR",shipper,medium
5823,Gaylord Truck & Auto Plaza,11.9,11.9,C,1,3,33.3,0,100.9,US PL Mecosta Factory,"Gaylord, MI",shipper,low
5824,Portacool LLC Manufacturing Plant,11.85,11.85,D,1,7,26.7,0,79.8,US PL Hawkins Factory,"Center, TX",shipper,medium
5825,"AAM Metal Forming | Royal Oak Manufacturing Facility",11.84,11.84,D,1,2,26.7,1,125.5,US PL Mecosta Factory,"Royal Oak, MI",shipper,medium
5826,Midwest Manufacturing,11.83,11.83,D,1,2,26.7,1,125.8,US PL Mecosta Factory,"Livonia, MI",shipper,medium
5827,JD's Truck & Liquor Stop,11.81,11.81,C,1,1,37.3,0,134.9,US PL Mecosta Factory,"Niles, MI",shipper,low
5828,Moonstar Express Warehousing and Cross Dock Service,11.79,11.79,D,1,5,0,3,89.4,US PL Mecosta Factory,"Burton, MI",3pl,low
5829,Southern Colorado Cold Storage,11.79,11.79,C,1,3,33.3,0,102.7,US PL Denver Factory,"Pueblo, CO",shipper,medium
5830,Skinner Commercial Warehousing LLC,11.75,11.75,D,1,21,0,0,46.3,US PL Madison Factory,"Reedsburg, WI",3pl,low
5831,Maryland Packaging,11.72,11.72,C,1,3,33.3,0,104,US PL Allentown NPL Factory,"Halethorpe, MD",shipper,low
5832,Detroit Manufacturing Systems,11.72,11.72,D,1,1,26.7,1,130.1,US PL Mecosta Factory,"Detroit, MI",shipper,medium
5833,Korean Air Cargo Terminal,11.71,11.71,D,1,21,0,0,46.4,US PL Ontario Factory,"Los Angeles, CA",shipper,medium
5834,Gehl Food & Beverage - Southeast,11.7,11.7,D,1,3,33.3,0,104.3,US PL McBee Factory,"Walterboro, SC",shipper,low
5835,"TCB Food Processing, LLC",11.67,11.67,C,1,3,33.3,0,104.8,US PL Mecosta Factory,"Lawrence, MI",shipper,medium
5836,Healthy Truth,11.67,11.67,C,1,3,33.3,0,104.8,US PL Hollis Factory,"Walpole, MA",shipper,low
5837,Jasper Hill Farm - Fulfillment Center,11.64,11.64,C,1,3,33.3,0,105.3,US PL Poland Spring Factory,"Hardwick, VT",3pl,medium
5838,Chelsea Milling Company,11.62,11.62,C,1,3,33.3,0,105.8,US PL Mecosta Factory,"Chelsea, MI",shipper,low
5839,Chicagoland Truck Center,11.62,11.62,D,1,1,26.7,1,134.6,US PL Madison Factory,"Matteson, IL",shipper,low
5840,Wolf Storage Company - Gorham,11.56,11.56,D,1,21,0,0,46.8,US PL Poland Spring Factory,"Gorham, NH",shipper,low
5841,Bopp Bush Manufacturing Plant 2,11.54,11.54,D,1,6,26.7,0,82.3,US PL Mecosta Factory,"Au Gres, MI",shipper,medium
5842,Stellantis Mack Assembly Plant,11.52,11.52,D,1,1,26.7,1,139.9,US PL Mecosta Factory,"Detroit, MI",shipper,medium
5843,Arkansas Refrigerated Services,11.46,11.46,D,1,4,0,3,93.2,US PL Hot Springs Factory,"Fort Smith, AR",shipper,low
5844,Thomasville Cold Storage,11.44,11.44,C,1,3,33.3,0,109.3,US PL High Springs Factory,"Thomasville, GA",shipper,medium
5845,New England Cold Storage,11.43,11.43,C,1,3,33.3,0,109.5,US PL Saratoga Spring Factory,"Sturbridge, MA",shipper,medium
5846,FreeUp Storage Palatka,11.39,11.39,D,1,15,0,1,56.4,US PL High Springs Factory,"Palatka, FL",shipper,low
5847,Polar Texas Bottling,11.39,11.39,D,1,3,33.3,0,110.3,US PL Dallas 2 Factory,"Temple, TX",shipper,medium
5848,North Florida Bottling LLC,11.37,11.37,D,1,2,33.3,0,110.7,US PL High Springs Factory,"Tallahassee, FL",shipper,medium
5849,FREITTY Cross-Dock Greensboro,11.37,11.37,D,1,2,33.3,0,110.8,US PL McBee Factory,"Greensboro, NC",shipper,low
5850,ORH3 Fulfillment Center,11.36,11.36,C,1,2,33.3,0,111.1,US PL Saratoga Spring Factory,"Charlton, MA",3pl,medium
5851,Cold Storage Beach Cottage - Three Bedroom holiday home,11.33,11.33,D,1,2,33.3,0,111.6,US PL Hollis Factory,"Truro, MA 02652, USA",shipper,medium
5852,Walk to Cold Storage Beach from this Charming rental. Pond Village area,11.33,11.33,D,1,2,33.3,0,111.7,US PL Hollis Factory,"Truro, MA 02652, USA",shipper,medium
5853,FREITTY Cross-Dock Reno,11.29,11.29,C,1,2,33.3,0,112.6,US PL Sacramento Factory,"Sparks, NV",shipper,low
5854,Nj Cross Dock King,11.28,11.28,D,1,15,0,1,56.8,US DC NFI - Breinigsville,"Somerset, NJ",shipper,low
5855,ins packaging factory,11.27,11.27,D,1,6,26.7,0,84.7,US DC NFI - Breinigsville,"Brooklyn, NY",shipper,low
5856,National Food Group,11.25,11.25,C,1,2,33.3,0,113.5,US PL Mecosta Factory,"Novi, MI",shipper,low
5857,Nordic Cold Storage,11.24,11.24,C,1,2,33.3,0,113.8,US PL McBee Factory,"Dunn, NC",shipper,medium
5858,The Fulfillment Company,11.23,11.23,C,1,2,33.3,0,113.9,US PL Saratoga Spring Factory,"Cheshire, CT",3pl,medium
5859,Shram Cold Storage,11.21,11.21,C,1,2,33.3,0,114.6,US PL Saratoga Spring Factory,"Naugatuck, CT",shipper,medium
5860,"Cross Dock | B2B Crossing Warehouse | Pallet Restack",11.2,11.2,C,1,2,33.3,0,114.7,US PL Mecosta Factory,"Novi, MI",shipper,medium
5861,Domaine l Argoustik,11.19,11.19,C,1,2,33.3,0,115.1,US PL Kingfield Factory,"Victoriaville, QC",shipper,low
5862,Batesville Cold Storage,11.17,11.17,C,1,2,33.3,0,115.4,US PL Hot Springs Factory,"Batesville, AR",shipper,medium
5863,White River Cold Storage,11.17,11.17,C,1,2,33.3,0,115.4,US PL Hot Springs Factory,"Batesville, AR",shipper,medium
5864,Lenovo US FULFILLMENT Center,11.17,11.17,C,1,2,33.3,0,115.5,US PL McBee Factory,"Whitsett, NC",3pl,medium
5865,"Scott Manufacturing, LLC",11.16,11.16,D,1,6,26.7,0,85.7,US DC Hot Springs (WHSE),"Stuttgart, AR",shipper,medium
5866,R W Manufacturing Co Inc,11.14,11.14,D,1,6,26.7,0,85.9,US DC Hot Springs (WHSE),"Stuttgart, AR",shipper,medium
5867,Aliments Capel Foods,11.12,11.12,C,1,2,33.3,0,116.7,US PL Kingfield Factory,"Victoriaville, QC",shipper,low
5868,Battleground Cold Storage,11.12,11.12,C,1,2,33.3,0,116.8,US PL McBee Factory,"Greensboro, NC",shipper,medium
5869,Tribe Mediterranean Foods Inc,11.1,11.1,C,1,2,33.3,0,117.4,US PL Hollis Factory,"Taunton, MA",shipper,low
5870,Konsolidated Warehouse,11.08,11.08,C,1,2,33.3,0,117.9,US PL Hollis Factory,"Uxbridge, MA",shipper,medium
5871,Kerry (Canada) Inc.,11.06,11.06,C,1,2,33.3,0,118.4,US PL Kingfield Factory,"Sainte-Claire, QC",shipper,low
5872,Elliott Manufacturing,11.04,11.04,D,1,6,26.7,0,86.9,US DC Hot Springs (WHSE),"Magnolia, AR",shipper,medium
5873,ORD Cross Dock,11.04,11.04,D,1,4,0,3,98.9,US PL Madison Factory,"Elk Grove Village, IL",shipper,low
5874,Airways Freight Corporation,11.04,11.04,D,1,2,33.3,0,118.9,US PL Hot Springs Factory,"Fayetteville, AR",shipper,low
5875,Four Roses Bottling Facility,11.04,11.04,D,1,2,33.3,0,119.1,US PL Greenwood Indiana,"Coxs Creek, KY",shipper,medium
5876,Cold Storage Solutions Inc,11.03,11.03,C,1,2,33.3,0,119.3,US PL Hollis Factory,"Lakeville, MA",shipper,medium
5877,Southern States Packaging Co,11.02,11.02,D,1,4,20,1,99.2,US PL McBee Factory,"Spartanburg, SC",shipper,low
5878,"Alamance Foods, Inc.",11.02,11.02,D,1,2,33.3,0,119.6,US PL McBee Factory,"Burlington, NC",shipper,low
5879,Franworth Resource Center / Liberty Fulfillment,11,11,D,1,2,33.3,0,120.2,US PL Mecosta Factory,"Ann Arbor, MI",3pl,medium
5880,Hanson Cold Storage Co,10.98,10.98,C,1,2,33.3,0,120.8,US PL Mecosta Factory,"Benton Harbor, MI",shipper,medium
5881,American Soy Products Inc,10.98,10.98,C,1,2,33.3,0,120.9,US PL Mecosta Factory,"Saline, MI",shipper,low
5882,P&G Fulfillment Center (Truck Entrance),10.97,10.97,C,1,2,33.3,0,121.1,US PL Madison Factory,"Morris, IL",3pl,medium
5883,Delices Quotidiens,10.92,10.92,C,1,2,33.3,0,122.7,US PL Kingfield Factory,"Saint-Anselme, QC",shipper,low
5884,"Morinaga America Foods, Inc.",10.86,10.86,D,1,2,33.3,0,124.7,US PL McBee Factory,"Mebane, NC",shipper,low
5885,Sterling Contract Packaging Inc,10.85,10.85,D,1,3,20,1,101.8,US PL McBee Factory,"Moore, SC",shipper,low
5886,North American Cold Storage,10.83,10.83,C,1,2,33.3,0,125.9,US PL Greenwood Indiana,"Woodburn, IN",shipper,medium
5887,"Midwest Cold Storage |Woodburn, IN",10.83,10.83,C,1,2,33.3,0,125.9,US PL Greenwood Indiana,"Woodburn, IN",shipper,medium
5888,Landliner Cross Dock,10.79,10.79,D,1,3,0,3,102.7,US PL Madison Factory,"Addison, IL",shipper,low
5889,Chicago Cross Dock Service,10.79,10.79,D,1,3,0,3,102.7,US PL Madison Factory,"Addison, IL",shipper,low
5890,"Giovanni Foods Co., Inc",10.77,10.77,D,1,1,33.3,0,128.1,US PL Saratoga Spring Factory,"Baldwinsville, NY",shipper,low
5891,Piedmont Food Processing Center,10.76,10.76,C,1,1,33.3,0,128.3,US PL McBee Factory,"Hillsborough, NC",shipper,medium
5892,MiDAS Foods International - USA,10.75,10.75,C,1,1,33.3,0,129,US PL Mecosta Factory,"Oak Park, MI",shipper,low
5893,Freeman Cross Dock,10.74,10.74,D,1,3,0,3,103.6,US PL Hollis Factory,"Avon, MA",shipper,low
5894,"Monarch Logistics | 24/7 Load Rework, Cross Dock & Freight Recovery",10.71,10.71,D,1,1,33.3,0,130.4,US PL McBee Factory,"Raleigh, NC",3pl,medium
5895,Les sauces Firebarns inc,10.69,10.69,C,1,1,33.3,0,131.3,US PL Kingfield Factory,"Saint-Nicolas, QC",shipper,low
5896,Global FOOD PROCESSING,10.68,10.68,C,1,1,33.3,0,132,US PL Hollis Factory,"Cranston, RI",shipper,medium
5897,FREITTY Cross-Dock Chicago,10.68,10.68,C,1,1,33.3,0,132,US PL Madison Factory,"Markham, IL",shipper,low
5898,LC Foods Company,10.67,10.67,C,1,1,33.3,0,132.2,US PL McBee Factory,"Raleigh, NC",shipper,low
5899,Don's Cold Storage,10.66,10.66,C,1,1,33.3,0,132.7,US PL Hot Springs Factory,"Rogers, AR",shipper,medium
5900,Imperial Fulfillment Center,10.64,10.64,C,1,1,33.3,0,133.5,US PL Saratoga Spring Factory,"Champlain, NY",3pl,medium
5901,Dayton Freight- South Bend,10.61,10.61,C,1,1,33.3,0,135,US PL Mecosta Factory,"Elkhart, IN",shipper,low
5902,Texas Spirits Bottling Co,10.61,10.61,D,1,1,33.3,0,135.2,US PL S Houston Factory,"Manor, TX",shipper,medium
5903,Teta Foods,10.6,10.6,D,1,1,33.3,0,135.5,US PL Mecosta Factory,"Clinton Township, MI",shipper,low
5904,"East Chicago Rail Terminal, LLC / East Chicago Transload, LLC",10.59,10.59,D,1,1,33.3,0,136.3,US PL Madison Factory,"East Chicago, IN",shipper,medium
5905,Chicago Cross-Docking and Warehousing,10.58,10.58,C,1,1,33.3,0,136.7,US PL Madison Factory,"Lansing, IL",3pl,low
5906,Les Petits Pots de Barry,10.57,10.57,C,1,1,33.3,0,137.3,US PL Kingfield Factory,"Québec, QC",shipper,low
5907,Cross dock in Chicago,10.55,10.55,D,1,3,0,3,107.1,US PL Madison Factory,"Franklin Park, IL",shipper,low
5908,"Arcadia Cold Storage | Crown Point",10.55,10.55,C,1,1,33.3,0,138.3,US PL Greenwood Indiana,"Crown Point, IN",shipper,medium
5909,Morning Star,10.53,10.53,C,1,1,33.3,0,139,US PL Greenwood Indiana,"Waterloo, IN",shipper,low
5910,Impress Foods,10.51,10.51,C,1,1,33.3,0,140.2,US PL Kingfield Factory,"Québec, QC",shipper,low
5911,"Walker Woodworking | Manufacturing Plant",10.49,10.49,D,1,5,26.7,0,92.9,US PL McBee Factory,"Shelby, NC",shipper,medium
5912,"Longleaf Packaging , LLC",10.48,10.48,D,1,8,20,0,75.2,US PL McBee Factory,"Vance, SC",shipper,low
5913,"DSR Freight Systems (Warehousing, Cross Docking, LTL/FTL, Logistic Solutions)",10.34,10.34,C,1,1,33.3,0,152.5,US PL Greenwood Indiana,"Michigan City, IN",3pl,low
5914,RL Cold,10.32,10.32,C,1,4,26.7,0,95,US PL McBee Factory,"Ridgeville, SC",shipper,low
5915,Covered Bridge Potato Chips,10.32,10.32,C,1,1,33.3,0,154.4,US PL Kingfield Factory,"Waterville, NB",shipper,low
5916,"Alpha Packaging, Inc.",10.28,10.28,D,1,8,20,0,76.6,US PL Hot Springs Factory,"Greenwood, AR",shipper,low
5917,McCain Produce Factory,10.27,10.27,C,1,0,33.3,0,159.4,US PL Kingfield Factory,"Peel Parish, NB",shipper,low
5918,Interstate Cold Storage - Napoleon,10.26,10.26,C,1,0,33.3,0,160.1,US PL Mecosta Factory,"Napoleon, OH",shipper,medium
5919,Richmond Cold Storage,10.26,10.26,C,1,0,33.3,0,161.2,US PL Greenwood Indiana,"Richmond, KY",shipper,medium
5920,Bottling Works LLC,10.23,10.23,D,1,0,33.3,0,164.3,US PL Allentown NPL Factory,"Winchester, VA",shipper,medium
5921,Revive Fiber - Fiber Manufacturing Plant,10.2,10.2,D,1,4,26.7,0,96.6,US PL McBee Factory,"Spartanburg, SC",shipper,medium
5922,"Fulfillment.com (""FDC"")",10.19,10.19,C,1,0,33.3,0,170.5,US PL High Springs Factory,"Savannah, GA",3pl,medium
5923,Hemlock Storage,10.15,10.15,D,1,18,0,0,50.7,US PL Mecosta Factory,"Hemlock, MI",shipper,low
5924,Chatham-Siler City Advanced Manufacturing Site,10.1,10.1,D,1,4,26.7,0,98,US PL McBee Factory,"Siler City, NC 27344, USA",shipper,medium
5925,Unalam - Manufacturing Plant,10.1,10.1,D,1,4,26.7,0,98,US PL Saratoga Spring Factory,"Sidney, NY",shipper,medium
5926,GM Cross Dock,10.06,10.06,D,1,2,0,3,118.5,US PL Mecosta Factory,"Pontiac, MI",shipper,low
5927,StoreMyTruck,10.03,10.03,C,1,0,33.3,0,228.7,US PL McBee Factory,"Norcross, GA",shipper,low
5928,Amano Cincinnati Manufacturing Facility,10.02,10.02,D,1,4,26.7,0,99.1,US PL Greenwood Indiana,"Loveland, OH",shipper,medium
5929,Bottling Plant Event Center,10.01,10.01,D,1,0,33.3,0,255,US PL High Springs Factory,"Opelika, AL",shipper,medium
5930,The Bottling Company,10,10,D,1,0,33.3,0,309.5,US DC Hot Springs (WHSE),"Hattiesburg, MS",shipper,medium
5931,Portland Bottling Company,10,10,D,1,0,33.3,0,479.6,US PL Sacramento Factory,"Clackamas, OR",shipper,medium
5932,Taylor Gleason Enterprises,10,10,C,1,0,33.3,0,677.9,US PL Sacramento Factory,"Coeur d'Alene, ID",shipper,low
5933,Bottini Truck Terminal,9.98,9.98,C,1,4,26.7,0,99.7,US PL Saratoga Spring Factory,"Wappingers Falls, NY",shipper,medium
5934,Jowat Corporation (Plant),9.97,9.97,D,1,4,26.7,0,99.9,US PL McBee Factory,"Archdale, NC",shipper,medium
5935,DENSO Manufacturing North Carolina (Statesville),9.97,9.97,D,1,4,26.7,0,99.9,US PL McBee Factory,"Statesville, NC",shipper,medium
5936,Cold To Go Trailers,9.95,9.95,D,1,18,0,0,51.3,US PL Zephyrhills Factory,"Crystal River, FL",shipper,low
5937,CKS Packaging,9.94,9.94,D,1,2,20,1,122.2,US PL McBee Factory,"Haw River, NC",shipper,low
5938,3-Dimensional Services Group - Urgent Design & Manufacturing Plant #2,9.91,9.91,D,1,3,26.7,0,100.8,US PL Mecosta Factory,"Lapeer, MI",shipper,medium
5939,Ametsa Packaging,9.87,9.87,D,1,7,20,0,79.6,US PL Hawkins Factory,"Paris, TX",shipper,low
5940,Roadie xd cross dock,9.85,9.85,D,1,2,20,1,125,US PL Mecosta Factory,"Canton Township, MI",shipper,low
5941,"Monarch Manufacturing, Inc.",9.78,9.78,D,1,3,26.7,0,102.9,US PL Denver Factory,"Salida, CO",shipper,medium
5942,Toyota Battery Manufacturing,9.7,9.7,D,1,3,26.7,0,104.3,US PL McBee Factory,"Liberty, NC",shipper,medium
5943,Fujifilm Manufacturing USA Inc,9.69,9.69,D,1,3,26.7,0,104.5,US PL McBee Factory,"Greenwood, SC",shipper,medium
5944,The Barn Yard Manufacturing Facility,9.6,9.6,D,1,3,26.7,0,106.1,US PL Saratoga Spring Factory,"Ellington, CT",shipper,medium
5945,Monitor Manufacturing Corporation,9.45,9.45,D,1,3,26.7,0,109.1,US PL McBee Factory,"Graniteville, SC",shipper,medium
5946,FCA Packaging,9.3,9.3,D,1,6,20,0,84.4,US PL Hot Springs Factory,"Heber Springs, AR",shipper,low
5947,Silent Manufacturing,9.26,9.26,D,1,2,26.7,0,113.4,US PL Hot Springs Factory,"Fayetteville, AR",shipper,medium
5948,"Dauch Driveline | Three Rivers Manufacturing Facility",9.22,9.22,D,1,2,26.7,0,114.3,US PL Mecosta Factory,"Three Rivers, MI",shipper,medium
5949,"Go-To Transport, Inc.",9.05,9.05,D,1,11,0,1,66.2,US PL Mecosta Factory,"Bay City, MI",carrier,low
5950,Access Storage,8.97,8.97,D,1,16,0,0,54.4,US PL Dallas 2 Factory,"Gun Barrel City, TX",shipper,low
5951,Atlantic Reefer Terminals Inc,8.93,8.93,D,1,11,0,1,66.8,US PL Hollis Factory,"Gloucester, MA",shipper,medium
5952,Durham Manufacturing Co,8.89,8.89,D,1,2,26.7,0,123.8,US PL Saratoga Spring Factory,"Durham, CT",shipper,medium
5953,Freeland Storage,8.76,8.76,D,1,16,0,0,55.1,US PL Mecosta Factory,"Freeland, MI",shipper,low
5954,Ineos Composites,8.76,8.76,D,1,16,0,0,55.1,US PL Hot Springs 2 Factory,"Jacksonville, AR",shipper,low
5955,Aqua Vita Inc,8.68,8.68,D,1,16,0,0,55.4,US PL Zephyrhills Factory,"Longwood, FL",shipper,low
5956,Combined Technologies Inc. - Contract Packaging Plant,8.66,8.66,D,1,1,26.7,0,132.7,US PL Mecosta Factory,"Bristol, IN",shipper,medium
5957,Glad Manufacturing Company,8.65,8.65,D,1,1,26.7,0,133,US PL Hot Springs Factory,"Rogers, AR",shipper,medium
5958,"ACDi Manufacturing Plant – Branford, CT",8.65,8.65,D,1,1,26.7,0,133.1,US PL Saratoga Spring Factory,"Branford, CT",shipper,medium
5959,Century Leasing Corporation,8.59,8.59,D,1,16,0,0,55.7,US PL Hollis Factory,"Plaistow, NH",shipper,low
5960,Ameri Cross Dock And Warehousing,8.48,8.48,D,1,15,0,0,56.1,US PL Allentown NPL Factory,"Westampton Township, NJ",3pl,low
5961,FreeUp Storage Lake Park,8.44,8.44,D,1,10,0,1,69.4,US PL High Springs Factory,"Lake Park, GA",shipper,low
5962,St. Charles Storage,8.36,8.36,D,1,15,0,0,56.5,US PL Mecosta Factory,"St Charles, MI",shipper,low
5963,Arkansas Industrial Manufacturing,8.31,8.31,D,1,1,26.7,0,154.9,US PL Hot Springs Factory,"Bono, AR",shipper,medium
5964,Canaveral Cargo Terminal,8.26,8.26,D,1,4,20,0,95.7,US PL Zephyrhills Factory,"Port Canaveral, FL",shipper,medium
5965,Process Manufacturing Company,8.08,8.08,D,1,0,26.7,0,195.5,US PL Hot Springs Factory,"Tulsa, OK",shipper,medium
5966,WCRT Fallbrook Dock,7.7,7.7,D,1,14,0,0,59,US PL Cabazon Factory,"Oceanside, CA",shipper,low
5967,Oceana County Freezer Storage,7.59,7.59,D,1,14,0,0,59.4,US PL Mecosta Factory,"Shelby, MI",shipper,low
5968,Cool It! of Bay Area,7.59,7.59,D,1,14,0,0,59.4,US PL Sacramento Factory,"Livermore, CA",shipper,low
5969,DS Smith Packaging - Greensboro,7.35,7.35,D,1,2,20,0,111.3,US PL McBee Factory,"Greensboro, NC",shipper,low
5970,Turlock Freezer Storage,7.25,7.25,D,1,8,0,1,76.8,US PL Sacramento Factory,"Turlock, CA",shipper,low
5971,Safeway Freezer Storage,7.1,7.1,D,1,7,0,1,77.9,US PL Allentown NPL Factory,"Vineland, NJ",shipper,low
5972,Vermont Refrigerated Storage,7.08,7.08,D,1,13,0,0,61.5,US PL Saratoga Spring Factory,"Shoreham, VT",shipper,low
5973,NJ Cross Dock & Pallet Rework,6.94,6.94,D,1,13,0,0,62.1,US DC NFI - Breinigsville,"East Windsor, NJ",shipper,low
5974,Oak Hill Storage,6.56,6.56,D,1,12,0,0,63.8,US PL Kingfield Factory,"Swanville, ME",shipper,low
5975,Northeast Packaging Co,6.29,6.29,D,1,1,20,0,157.5,US PL Kingfield Factory,"Presque Isle, ME",shipper,low
5976,Barbieri Express,6.25,6.25,D,1,6,0,1,84.9,US PL Saratoga Spring Factory,"Holyoke, MA",shipper,low
5977,JET Inc,6.08,6.08,D,1,6,0,1,86.5,US PL Hot Springs 2 Factory,"Searcy, AR",shipper,low
5978,NALCO CO,6,6,D,1,5,0,1,87.3,US PL Hawkins Factory,"Texarkana, TX",shipper,low
5979,Pinnacle Storage,5.64,5.64,D,1,10,0,0,68.3,US PL McBee Factory,"Southern Pines, NC",shipper,low
5980,Van Buren - Bekaert,5.39,5.39,D,1,4,0,1,94.1,US PL Hot Springs Factory,"Van Buren, AR",shipper,low
5981,TACNA Services - Cross Dock,5.33,5.33,D,1,4,0,1,94.8,US PL Cabazon Factory,"San Diego, CA",shipper,low
5982,Cold River Storage,5.02,5.02,D,1,9,0,0,71.8,US PL Saratoga Spring Factory,"Alstead, NH",shipper,low
5983,Express Cross Docking,4.94,4.94,D,1,9,0,0,72.3,US PL Allentown NPL Factory,"Camp Hill, PA",shipper,low
5984,North River Road Storage,4.84,4.84,D,1,9,0,0,72.9,US PL Hollis Factory,"Milford, NH",shipper,low
5985,Tipp City Cross Docks,4.55,4.55,D,1,3,0,1,107,US PL Greenwood Indiana,"Tipp City, OH",shipper,low
5986,Dayton Cross Docks,4.55,4.55,D,1,3,0,1,107.1,US PL Greenwood Indiana,"Tipp City, OH",shipper,low
5987,YOUR CROSS DOCK INC,4.21,4.21,D,1,2,0,1,114.6,US PL Madison Factory,"Bolingbrook, IL",shipper,low
5988,Venture13 Inc.,4.16,4.16,D,1,2,0,1,115.7,US PL Saratoga Spring Factory,"East Syracuse, NY",shipper,low
5989,GLS,4.16,4.16,D,1,2,0,1,115.8,US PL Saratoga Spring Factory,"East Syracuse, NY",shipper,low
5990,Huron Cedar Storage,4.03,4.03,D,1,7,0,0,78.4,US PL Mecosta Factory,"Flushing, MI",shipper,low
5991,Storage In Motion,3.93,3.93,D,1,2,0,1,122.5,US PL Hot Springs Factory,"Springdale, AR",shipper,low
5992,"Hans Kissle Company, LLC",3.85,3.85,D,1,7,0,0,79.8,US PL McBee Factory,"Dallas, NC",shipper,low
5993,"Pure Transportation, LLC Crossing Dock",3.8,3.8,D,1,1,0,1,127.1,US PL Mecosta Factory,"Troy, MI",shipper,low
5994,Carolina Marine Terminal,3.65,3.65,D,1,1,0,1,133,US PL McBee Factory,"Wilmington, NC",shipper,medium
5995,Central Cross Dock,3.64,3.64,D,1,7,0,0,81.5,US PL Madison Factory,"Sycamore, IL",shipper,low
5996,Cross Dock and Parking,3.61,3.61,D,1,1,0,1,135.2,US PL Madison Factory,"Matteson, IL",shipper,low
5997,Cross Dock Fix,3.5,3.5,D,1,6,0,0,82.6,US DC NFI - Breinigsville,"Lakewood, NJ",shipper,low
5998,"Tri-National, Inc. (TNi)",3.26,3.26,D,1,6,0,0,84.8,US PL Hawkins Factory,"Hooks, TX",shipper,low
5999,The Waukegan Terminal,2.91,2.91,D,1,5,0,0,88.2,US PL Madison Factory,"Waukegan, IL",shipper,medium
6000,Nassau Marine Terminal,2.78,2.78,D,1,5,0,0,89.5,US PL High Springs Factory,"Fernandina Beach, FL",shipper,medium
6001,A Storage Place,2.51,2.51,D,1,5,0,0,92.6,US PL McBee Factory,"Sanford, NC",shipper,low
6002,"Arcadia Cold | Charleston",2.36,2.36,D,1,4,0,0,94.5,US PL McBee Factory,"Ridgeville, SC",shipper,low
6003,C & M Coldstorage,2.29,2.29,D,1,4,0,0,95.4,US PL Saratoga Spring Factory,"Highland, NY",shipper,low
6004,Lakefront Home w/ Hot Tub & Dock in Cross Hill!,2.11,2.11,D,1,4,0,0,97.8,US PL McBee Factory,"South Carolina 29332, USA",shipper,low
6005,Dock Zone,2.01,2.01,D,1,4,0,0,99.3,US PL Saratoga Spring Factory,"East Windsor, CT",shipper,low
6006,Terminal Transportation Services,1.98,1.98,D,1,4,0,0,99.7,US PL Allentown NPL Factory,"Baltimore, MD",shipper,medium
6007,United Quality Cross Dock Services,1.77,1.77,D,1,3,0,0,103.1,US PL Greenwood Indiana,"Dayton, OH",shipper,low
6008,Cold World Storage,1.34,1.34,D,1,2,0,0,111.4,US PL McBee Factory,"Greensboro, NC",shipper,low
6009,Cross Dock Services/ Dandy Cooling,0.32,0.32,D,1,1,0,0,154.1,US PL Cabazon Factory,"Yuma, AZ",shipper,low
6010,Midwest Terminals-Toledo International,0.28,0.28,D,1,1,0,0,158,US PL Mecosta Factory,"Toledo, OH",shipper,medium
6011,New Orleans Terminal LLC,0,0,D,1,0,0,0,301.8,US PL Pasadena Factory,"New Orleans, LA",shipper,medium
6012,Norland International Inc,0,0,D,1,0,0,0,411.3,US PL Madison Factory,"Lincoln, NE",shipper,low
6013,APPS Cold Solution LLP,0,0,D,1,0,0,0,7184.6,US PL Kingfield Factory,"Hemkoot Complex, G/4/A, Ashram Rd, behind Janpath Complex, opp. Sanyas, Usmanpura, Ahmedabad, Gujarat 380009, India",shipper,low