{
  "type": "FeatureCollection",
  "features": [
    {
      "type": "Feature",
      "geometry": {
        "type": "Polygon",
        "coordinates": [
          [
            [
              -83.0247,
              40.2871
            ],
            [
              -83.0249,
              40.283
            ],
            [
              -83.0236,
              40.2801
            ],
            [
              -83.0205,
              40.28
            ],
            [
              -83.01935,
              40.2818
            ],
            [
              -83.01985,
              40.2863
            ],
            [
              -83.0211,
              40.2872
            ],
            [
              -83.0247,
              40.2871
            ]
          ]
        ]
      },
      "properties": {
        "account": "kroger",
        "name": "Kroger Great Lakes Grocery Distribution Center Delaware OH",
        "type": "Grocery Distribution Center",
        "archetype": "#6",
        "archetypeName": "Gate + GS (not BU sens.) + campus",
        "confidence": "high",
        "zone": "perimeter",
        "truckGate": true,
        "guardShack": true,
        "remoteGs": false,
        "fastLaneOpportunity": true,
        "backupSensitive": false,
        "dropYard": true,
        "multipleFacilities": true,
        "scale": false,
        "shipRcvSeparate": true,
        "urbanRural": "Rural",
        "dockDoors": "50+",
        "dropArea": "50+",
        "yardMetrics": {
          "dockDoorCount": 220,
          "trailersVisible": 260,
          "trailerParkingCapacity": 320,
          "truckGateCount": 1,
          "buildingCount": 2,
          "siteAreaAcres": 95,
          "railServed": false
        }
      }
    },
    {
      "type": "Feature",
      "geometry": {
        "type": "Polygon",
        "coordinates": [
          [
            [
              -83.0209,
              40.2876
            ],
            [
              -83.02095,
              40.2864
            ],
            [
              -83.0205,
              40.2864
            ],
            [
              -83.02045,
              40.2876
            ],
            [
              -83.0209,
              40.2876
            ]
          ]
        ]
      },
      "properties": {
        "account": "kroger",
        "name": "Kroger Great Lakes Grocery Distribution Center Delaware OH",
        "type": "Grocery Distribution Center",
        "archetype": "#6",
        "archetypeName": "Gate + GS (not BU sens.) + campus",
        "confidence": "high",
        "zone": "truckGate"
      }
    },
    {
      "type": "Feature",
      "geometry": {
        "type": "Polygon",
        "coordinates": [
          [
            [
              -83.0218,
              40.2868
            ],
            [
              -83.022,
              40.286
            ],
            [
              -83.02055,
              40.2856
            ],
            [
              -83.02035,
              40.2864
            ],
            [
              -83.0218,
              40.2868
            ]
          ]
        ]
      },
      "properties": {
        "account": "kroger",
        "name": "Kroger Great Lakes Grocery Distribution Center Delaware OH",
        "type": "Grocery Distribution Center",
        "archetype": "#6",
        "archetypeName": "Gate + GS (not BU sens.) + campus",
        "confidence": "high",
        "zone": "dropYard",
        "index": 1
      }
    },
    {
      "type": "Feature",
      "geometry": {
        "type": "Polygon",
        "coordinates": [
          [
            [
              -83.01985,
              40.2823
            ],
            [
              -83.0199,
              40.2811
            ],
            [
              -83.0195,
              40.2811
            ],
            [
              -83.01945,
              40.28235
            ],
            [
              -83.01985,
              40.2823
            ]
          ]
        ]
      },
      "properties": {
        "account": "kroger",
        "name": "Kroger Great Lakes Grocery Distribution Center Delaware OH",
        "type": "Grocery Distribution Center",
        "archetype": "#6",
        "archetypeName": "Gate + GS (not BU sens.) + campus",
        "confidence": "high",
        "zone": "dropYard",
        "index": 2
      }
    },
    {
      "type": "Feature",
      "geometry": {
        "type": "Polygon",
        "coordinates": [
          [
            [
              -83.02355,
              40.2856
            ],
            [
              -83.02355,
              40.2833
            ],
            [
              -83.023,
              40.2833
            ],
            [
              -83.023,
              40.2856
            ],
            [
              -83.02355,
              40.2856
            ]
          ]
        ]
      },
      "properties": {
        "account": "kroger",
        "name": "Kroger Great Lakes Grocery Distribution Center Delaware OH",
        "type": "Grocery Distribution Center",
        "archetype": "#6",
        "archetypeName": "Gate + GS (not BU sens.) + campus",
        "confidence": "high",
        "zone": "dockApron",
        "index": 1
      }
    },
    {
      "type": "Feature",
      "geometry": {
        "type": "Polygon",
        "coordinates": [
          [
            [
              -83.0236,
              40.2808
            ],
            [
              -83.0236,
              40.2802
            ],
            [
              -83.023,
              40.2802
            ],
            [
              -83.023,
              40.2808
            ],
            [
              -83.0236,
              40.2808
            ]
          ]
        ]
      },
      "properties": {
        "account": "kroger",
        "name": "Kroger Great Lakes Grocery Distribution Center Delaware OH",
        "type": "Grocery Distribution Center",
        "archetype": "#6",
        "archetypeName": "Gate + GS (not BU sens.) + campus",
        "confidence": "high",
        "zone": "dockApron",
        "index": 2
      }
    },
    {
      "type": "Feature",
      "geometry": {
        "type": "Polygon",
        "coordinates": [
          [
            [
              -83.0201,
              40.2825
            ],
            [
              -83.0201,
              40.2803
            ],
            [
              -83.01975,
              40.2803
            ],
            [
              -83.01975,
              40.2825
            ],
            [
              -83.0201,
              40.2825
            ]
          ]
        ]
      },
      "properties": {
        "account": "kroger",
        "name": "Kroger Great Lakes Grocery Distribution Center Delaware OH",
        "type": "Grocery Distribution Center",
        "archetype": "#6",
        "archetypeName": "Gate + GS (not BU sens.) + campus",
        "confidence": "high",
        "zone": "dockApron",
        "index": 3
      }
    },
    {
      "type": "Feature",
      "geometry": {
        "type": "Polygon",
        "coordinates": [
          [
            [
              -83.0236,
              40.2868
            ],
            [
              -83.0236,
              40.2862
            ],
            [
              -83.0224,
              40.2862
            ],
            [
              -83.0224,
              40.2868
            ],
            [
              -83.0236,
              40.2868
            ]
          ]
        ]
      },
      "properties": {
        "account": "kroger",
        "name": "Kroger Great Lakes Grocery Distribution Center Delaware OH",
        "type": "Grocery Distribution Center",
        "archetype": "#6",
        "archetypeName": "Gate + GS (not BU sens.) + campus",
        "confidence": "high",
        "zone": "staging"
      }
    },
    {
      "type": "Feature",
      "geometry": {
        "type": "Polygon",
        "coordinates": [
          [
            [
              -86.0497,
              39.76105
            ],
            [
              -86.04985,
              39.76055
            ],
            [
              -86.0492,
              39.7586
            ],
            [
              -86.0468,
              39.75825
            ],
            [
              -86.04575,
              39.75815
            ],
            [
              -86.04395,
              39.75865
            ],
            [
              -86.04305,
              39.75995
            ],
            [
              -86.0434,
              39.76095
            ],
            [
              -86.0497,
              39.76105
            ]
          ]
        ]
      },
      "properties": {
        "account": "kroger",
        "name": "Kroger Grocery Distribution Center Indianapolis IN",
        "type": "Grocery Distribution Center",
        "archetype": "#6",
        "archetypeName": "Gate + GS (not BU sens.) + campus",
        "confidence": "high",
        "zone": "perimeter",
        "truckGate": true,
        "guardShack": true,
        "remoteGs": false,
        "fastLaneOpportunity": true,
        "backupSensitive": false,
        "dropYard": true,
        "multipleFacilities": true,
        "scale": false,
        "shipRcvSeparate": true,
        "urbanRural": "Urban",
        "dockDoors": "50+",
        "dropArea": "50+",
        "yardMetrics": {
          "dockDoorCount": 95,
          "trailersVisible": 180,
          "trailerParkingCapacity": 220,
          "truckGateCount": 1,
          "buildingCount": 3,
          "siteAreaAcres": 37.7,
          "railServed": false
        }
      }
    },
    {
      "type": "Feature",
      "geometry": {
        "type": "Polygon",
        "coordinates": [
          [
            [
              -86.0454,
              39.7614
            ],
            [
              -86.04543,
              39.7607
            ],
            [
              -86.04478,
              39.7607
            ],
            [
              -86.04475,
              39.7614
            ],
            [
              -86.0454,
              39.7614
            ]
          ]
        ]
      },
      "properties": {
        "account": "kroger",
        "name": "Kroger Grocery Distribution Center Indianapolis IN",
        "type": "Grocery Distribution Center",
        "archetype": "#6",
        "archetypeName": "Gate + GS (not BU sens.) + campus",
        "confidence": "high",
        "zone": "truckGate"
      }
    },
    {
      "type": "Feature",
      "geometry": {
        "type": "Polygon",
        "coordinates": [
          [
            [
              -86.0476,
              39.7609
            ],
            [
              -86.0479,
              39.76
            ],
            [
              -86.0438,
              39.75985
            ],
            [
              -86.0436,
              39.76075
            ],
            [
              -86.0476,
              39.7609
            ]
          ]
        ]
      },
      "properties": {
        "account": "kroger",
        "name": "Kroger Grocery Distribution Center Indianapolis IN",
        "type": "Grocery Distribution Center",
        "archetype": "#6",
        "archetypeName": "Gate + GS (not BU sens.) + campus",
        "confidence": "high",
        "zone": "dropYard",
        "index": 1
      }
    },
    {
      "type": "Feature",
      "geometry": {
        "type": "Polygon",
        "coordinates": [
          [
            [
              -86.0498,
              39.76055
            ],
            [
              -86.04985,
              39.75885
            ],
            [
              -86.0483,
              39.7588
            ],
            [
              -86.0479,
              39.76045
            ],
            [
              -86.0498,
              39.76055
            ]
          ]
        ]
      },
      "properties": {
        "account": "kroger",
        "name": "Kroger Grocery Distribution Center Indianapolis IN",
        "type": "Grocery Distribution Center",
        "archetype": "#6",
        "archetypeName": "Gate + GS (not BU sens.) + campus",
        "confidence": "high",
        "zone": "dropYard",
        "index": 2
      }
    },
    {
      "type": "Feature",
      "geometry": {
        "type": "Polygon",
        "coordinates": [
          [
            [
              -86.0436,
              39.7598
            ],
            [
              -86.04435,
              39.7587
            ],
            [
              -86.04415,
              39.75858
            ],
            [
              -86.0434,
              39.75968
            ],
            [
              -86.0436,
              39.7598
            ]
          ]
        ]
      },
      "properties": {
        "account": "kroger",
        "name": "Kroger Grocery Distribution Center Indianapolis IN",
        "type": "Grocery Distribution Center",
        "archetype": "#6",
        "archetypeName": "Gate + GS (not BU sens.) + campus",
        "confidence": "high",
        "zone": "dockApron",
        "index": 1
      }
    },
    {
      "type": "Feature",
      "geometry": {
        "type": "Polygon",
        "coordinates": [
          [
            [
              -86.04395,
              39.76055
            ],
            [
              -86.0441,
              39.76038
            ],
            [
              -86.04345,
              39.75995
            ],
            [
              -86.0433,
              39.76012
            ],
            [
              -86.04395,
              39.76055
            ]
          ]
        ]
      },
      "properties": {
        "account": "kroger",
        "name": "Kroger Grocery Distribution Center Indianapolis IN",
        "type": "Grocery Distribution Center",
        "archetype": "#6",
        "archetypeName": "Gate + GS (not BU sens.) + campus",
        "confidence": "high",
        "zone": "dockApron",
        "index": 2
      }
    },
    {
      "type": "Feature",
      "geometry": {
        "type": "Polygon",
        "coordinates": [
          [
            [
              -86.046,
              39.7607
            ],
            [
              -86.0461,
              39.7601
            ],
            [
              -86.0445,
              39.76
            ],
            [
              -86.0444,
              39.7606
            ],
            [
              -86.046,
              39.7607
            ]
          ]
        ]
      },
      "properties": {
        "account": "kroger",
        "name": "Kroger Grocery Distribution Center Indianapolis IN",
        "type": "Grocery Distribution Center",
        "archetype": "#6",
        "archetypeName": "Gate + GS (not BU sens.) + campus",
        "confidence": "high",
        "zone": "staging"
      }
    },
    {
      "type": "Feature",
      "geometry": {
        "type": "Polygon",
        "coordinates": [
          [
            [
              -85.8128,
              39.5851
            ],
            [
              -85.81,
              39.5852
            ],
            [
              -85.8078,
              39.586
            ],
            [
              -85.8067,
              39.5876
            ],
            [
              -85.8067,
              39.5905
            ],
            [
              -85.8082,
              39.5912
            ],
            [
              -85.8098,
              39.591
            ],
            [
              -85.812,
              39.5878
            ],
            [
              -85.8128,
              39.5851
            ]
          ]
        ]
      },
      "properties": {
        "account": "kroger",
        "name": "Kroger Grocery Distribution Center Shelbyville IN",
        "type": "Grocery Distribution Center",
        "archetype": "#3",
        "archetypeName": "No Gate / No GS",
        "confidence": "high",
        "zone": "perimeter",
        "truckGate": false,
        "guardShack": false,
        "remoteGs": false,
        "fastLaneOpportunity": false,
        "backupSensitive": false,
        "dropYard": true,
        "multipleFacilities": true,
        "scale": false,
        "shipRcvSeparate": false,
        "urbanRural": "Rural",
        "dockDoors": "50+",
        "dropArea": "50+",
        "yardMetrics": {
          "dockDoorCount": 110,
          "trailersVisible": 140,
          "trailerParkingCapacity": 220,
          "truckGateCount": 1,
          "buildingCount": 3,
          "siteAreaAcres": 60.5,
          "railServed": false
        }
      }
    },
    {
      "type": "Feature",
      "geometry": {
        "type": "Polygon",
        "coordinates": [
          [
            [
              -85.81262,
              39.58432
            ],
            [
              -85.81232,
              39.58452
            ],
            [
              -85.81195,
              39.58502
            ],
            [
              -85.81225,
              39.58482
            ],
            [
              -85.81262,
              39.58432
            ]
          ]
        ]
      },
      "properties": {
        "account": "kroger",
        "name": "Kroger Grocery Distribution Center Shelbyville IN",
        "type": "Grocery Distribution Center",
        "archetype": "#3",
        "archetypeName": "No Gate / No GS",
        "confidence": "high",
        "zone": "truckGate"
      }
    },
    {
      "type": "Feature",
      "geometry": {
        "type": "Polygon",
        "coordinates": [
          [
            [
              -85.8125,
              39.5856
            ],
            [
              -85.8112,
              39.5864
            ],
            [
              -85.8108,
              39.5882
            ],
            [
              -85.812,
              39.5873
            ],
            [
              -85.8125,
              39.5856
            ]
          ]
        ]
      },
      "properties": {
        "account": "kroger",
        "name": "Kroger Grocery Distribution Center Shelbyville IN",
        "type": "Grocery Distribution Center",
        "archetype": "#3",
        "archetypeName": "No Gate / No GS",
        "confidence": "high",
        "zone": "dropYard",
        "index": 1
      }
    },
    {
      "type": "Feature",
      "geometry": {
        "type": "Polygon",
        "coordinates": [
          [
            [
              -85.8104,
              39.5887
            ],
            [
              -85.8093,
              39.589
            ],
            [
              -85.8082,
              39.5904
            ],
            [
              -85.8092,
              39.5901
            ],
            [
              -85.8104,
              39.5887
            ]
          ]
        ]
      },
      "properties": {
        "account": "kroger",
        "name": "Kroger Grocery Distribution Center Shelbyville IN",
        "type": "Grocery Distribution Center",
        "archetype": "#3",
        "archetypeName": "No Gate / No GS",
        "confidence": "high",
        "zone": "dropYard",
        "index": 2
      }
    },
    {
      "type": "Feature",
      "geometry": {
        "type": "Polygon",
        "coordinates": [
          [
            [
              -85.8111,
              39.5894
            ],
            [
              -85.81108,
              39.58922
            ],
            [
              -85.80718,
              39.58952
            ],
            [
              -85.8072,
              39.5897
            ],
            [
              -85.8111,
              39.5894
            ]
          ]
        ]
      },
      "properties": {
        "account": "kroger",
        "name": "Kroger Grocery Distribution Center Shelbyville IN",
        "type": "Grocery Distribution Center",
        "archetype": "#3",
        "archetypeName": "No Gate / No GS",
        "confidence": "high",
        "zone": "dockApron",
        "index": 1
      }
    },
    {
      "type": "Feature",
      "geometry": {
        "type": "Polygon",
        "coordinates": [
          [
            [
              -85.811,
              39.5854
            ],
            [
              -85.81085,
              39.58525
            ],
            [
              -85.81,
              39.5856
            ],
            [
              -85.81015,
              39.58575
            ],
            [
              -85.811,
              39.5854
            ]
          ]
        ]
      },
      "properties": {
        "account": "kroger",
        "name": "Kroger Grocery Distribution Center Shelbyville IN",
        "type": "Grocery Distribution Center",
        "archetype": "#3",
        "archetypeName": "No Gate / No GS",
        "confidence": "high",
        "zone": "staging"
      }
    },
    {
      "type": "Feature",
      "geometry": {
        "type": "Polygon",
        "coordinates": [
          [
            [
              -97.2683,
              32.91585
            ],
            [
              -97.2683,
              32.9112
            ],
            [
              -97.2656,
              32.9112
            ],
            [
              -97.2623,
              32.912
            ],
            [
              -97.2588,
              32.9124
            ],
            [
              -97.2588,
              32.9156
            ],
            [
              -97.2683,
              32.91585
            ]
          ]
        ]
      },
      "properties": {
        "account": "kroger",
        "name": "Kroger Grocery Distribution Center Keller TX",
        "type": "Grocery Distribution Center",
        "archetype": "#10",
        "archetypeName": "Ship/Rcv Separate (Gate+GS)",
        "confidence": "high",
        "zone": "perimeter",
        "truckGate": true,
        "guardShack": true,
        "remoteGs": false,
        "fastLaneOpportunity": true,
        "backupSensitive": false,
        "dropYard": true,
        "multipleFacilities": false,
        "scale": false,
        "shipRcvSeparate": true,
        "urbanRural": "Urban",
        "dockDoors": "50+",
        "dropArea": "50+",
        "yardMetrics": {
          "dockDoorCount": 120,
          "trailersVisible": 260,
          "trailerParkingCapacity": 350,
          "truckGateCount": 1,
          "buildingCount": 3,
          "siteAreaAcres": 98.1,
          "railServed": false
        }
      }
    },
    {
      "type": "Feature",
      "geometry": {
        "type": "Polygon",
        "coordinates": [
          [
            [
              -97.26645,
              32.9123
            ],
            [
              -97.26645,
              32.9115
            ],
            [
              -97.26565,
              32.9115
            ],
            [
              -97.26565,
              32.9123
            ],
            [
              -97.26645,
              32.9123
            ]
          ]
        ]
      },
      "properties": {
        "account": "kroger",
        "name": "Kroger Grocery Distribution Center Keller TX",
        "type": "Grocery Distribution Center",
        "archetype": "#10",
        "archetypeName": "Ship/Rcv Separate (Gate+GS)",
        "confidence": "high",
        "zone": "truckGate"
      }
    },
    {
      "type": "Feature",
      "geometry": {
        "type": "Polygon",
        "coordinates": [
          [
            [
              -97.26825,
              32.9158
            ],
            [
              -97.26825,
              32.9124
            ],
            [
              -97.2643,
              32.9124
            ],
            [
              -97.2643,
              32.9156
            ],
            [
              -97.26825,
              32.9158
            ]
          ]
        ]
      },
      "properties": {
        "account": "kroger",
        "name": "Kroger Grocery Distribution Center Keller TX",
        "type": "Grocery Distribution Center",
        "archetype": "#10",
        "archetypeName": "Ship/Rcv Separate (Gate+GS)",
        "confidence": "high",
        "zone": "dropYard",
        "index": 1
      }
    },
    {
      "type": "Feature",
      "geometry": {
        "type": "Polygon",
        "coordinates": [
          [
            [
              -97.26825,
              32.9123
            ],
            [
              -97.26825,
              32.9113
            ],
            [
              -97.2668,
              32.9113
            ],
            [
              -97.2668,
              32.9123
            ],
            [
              -97.26825,
              32.9123
            ]
          ]
        ]
      },
      "properties": {
        "account": "kroger",
        "name": "Kroger Grocery Distribution Center Keller TX",
        "type": "Grocery Distribution Center",
        "archetype": "#10",
        "archetypeName": "Ship/Rcv Separate (Gate+GS)",
        "confidence": "high",
        "zone": "dropYard",
        "index": 2
      }
    },
    {
      "type": "Feature",
      "geometry": {
        "type": "Polygon",
        "coordinates": [
          [
            [
              -97.2656,
              32.91262
            ],
            [
              -97.2656,
              32.91234
            ],
            [
              -97.2601,
              32.9123
            ],
            [
              -97.2601,
              32.91258
            ],
            [
              -97.2656,
              32.91262
            ]
          ]
        ]
      },
      "properties": {
        "account": "kroger",
        "name": "Kroger Grocery Distribution Center Keller TX",
        "type": "Grocery Distribution Center",
        "archetype": "#10",
        "archetypeName": "Ship/Rcv Separate (Gate+GS)",
        "confidence": "high",
        "zone": "dockApron",
        "index": 1
      }
    },
    {
      "type": "Feature",
      "geometry": {
        "type": "Polygon",
        "coordinates": [
          [
            [
              -97.2669,
              32.9124
            ],
            [
              -97.2669,
              32.9114
            ],
            [
              -97.2656,
              32.9114
            ],
            [
              -97.2656,
              32.9124
            ],
            [
              -97.2669,
              32.9124
            ]
          ]
        ]
      },
      "properties": {
        "account": "kroger",
        "name": "Kroger Grocery Distribution Center Keller TX",
        "type": "Grocery Distribution Center",
        "archetype": "#10",
        "archetypeName": "Ship/Rcv Separate (Gate+GS)",
        "confidence": "high",
        "zone": "staging"
      }
    },
    {
      "type": "Feature",
      "geometry": {
        "type": "Polygon",
        "coordinates": [
          [
            [
              -118.2413,
              33.87255
            ],
            [
              -118.2415,
              33.87
            ],
            [
              -118.2361,
              33.86985
            ],
            [
              -118.2359,
              33.87235
            ],
            [
              -118.2413,
              33.87255
            ]
          ]
        ]
      },
      "properties": {
        "account": "kroger",
        "name": "Ralphs/Food4Less Grocery Distribution Center Compton CA",
        "type": "Grocery Distribution Center",
        "archetype": "#6",
        "archetypeName": "Gate + GS (not BU sens.) + campus",
        "confidence": "high",
        "zone": "perimeter",
        "truckGate": true,
        "guardShack": true,
        "remoteGs": false,
        "fastLaneOpportunity": true,
        "backupSensitive": false,
        "dropYard": true,
        "multipleFacilities": true,
        "scale": false,
        "shipRcvSeparate": true,
        "urbanRural": "Urban",
        "dockDoors": "50+",
        "dropArea": "50+",
        "yardMetrics": {
          "dockDoorCount": 90,
          "trailersVisible": 180,
          "trailerParkingCapacity": 220,
          "truckGateCount": 1,
          "buildingCount": 5,
          "siteAreaAcres": 34.8,
          "railServed": false
        }
      }
    },
    {
      "type": "Feature",
      "geometry": {
        "type": "Polygon",
        "coordinates": [
          [
            [
              -118.237,
              33.8714
            ],
            [
              -118.23705,
              33.87077
            ],
            [
              -118.23605,
              33.87075
            ],
            [
              -118.236,
              33.87138
            ],
            [
              -118.237,
              33.8714
            ]
          ]
        ]
      },
      "properties": {
        "account": "kroger",
        "name": "Ralphs/Food4Less Grocery Distribution Center Compton CA",
        "type": "Grocery Distribution Center",
        "archetype": "#6",
        "archetypeName": "Gate + GS (not BU sens.) + campus",
        "confidence": "high",
        "zone": "truckGate"
      }
    },
    {
      "type": "Feature",
      "geometry": {
        "type": "Polygon",
        "coordinates": [
          [
            [
              -118.2372,
              33.87165
            ],
            [
              -118.23735,
              33.87015
            ],
            [
              -118.23615,
              33.8701
            ],
            [
              -118.236,
              33.8716
            ],
            [
              -118.2372,
              33.87165
            ]
          ]
        ]
      },
      "properties": {
        "account": "kroger",
        "name": "Ralphs/Food4Less Grocery Distribution Center Compton CA",
        "type": "Grocery Distribution Center",
        "archetype": "#6",
        "archetypeName": "Gate + GS (not BU sens.) + campus",
        "confidence": "high",
        "zone": "dropYard",
        "index": 1
      }
    },
    {
      "type": "Feature",
      "geometry": {
        "type": "Polygon",
        "coordinates": [
          [
            [
              -118.2408,
              33.87085
            ],
            [
              -118.24088,
              33.86997
            ],
            [
              -118.24018,
              33.86995
            ],
            [
              -118.2401,
              33.87083
            ],
            [
              -118.2408,
              33.87085
            ]
          ]
        ]
      },
      "properties": {
        "account": "kroger",
        "name": "Ralphs/Food4Less Grocery Distribution Center Compton CA",
        "type": "Grocery Distribution Center",
        "archetype": "#6",
        "archetypeName": "Gate + GS (not BU sens.) + campus",
        "confidence": "high",
        "zone": "dropYard",
        "index": 2
      }
    },
    {
      "type": "Feature",
      "geometry": {
        "type": "Polygon",
        "coordinates": [
          [
            [
              -118.24085,
              33.8718
            ],
            [
              -118.24086,
              33.87163
            ],
            [
              -118.24036,
              33.87162
            ],
            [
              -118.24035,
              33.87179
            ],
            [
              -118.24085,
              33.8718
            ]
          ]
        ]
      },
      "properties": {
        "account": "kroger",
        "name": "Ralphs/Food4Less Grocery Distribution Center Compton CA",
        "type": "Grocery Distribution Center",
        "archetype": "#6",
        "archetypeName": "Gate + GS (not BU sens.) + campus",
        "confidence": "high",
        "zone": "dockApron",
        "index": 1
      }
    },
    {
      "type": "Feature",
      "geometry": {
        "type": "Polygon",
        "coordinates": [
          [
            [
              -118.24095,
              33.87025
            ],
            [
              -118.24096,
              33.87009
            ],
            [
              -118.24006,
              33.87008
            ],
            [
              -118.24005,
              33.87024
            ],
            [
              -118.24095,
              33.87025
            ]
          ]
        ]
      },
      "properties": {
        "account": "kroger",
        "name": "Ralphs/Food4Less Grocery Distribution Center Compton CA",
        "type": "Grocery Distribution Center",
        "archetype": "#6",
        "archetypeName": "Gate + GS (not BU sens.) + campus",
        "confidence": "high",
        "zone": "dockApron",
        "index": 2
      }
    },
    {
      "type": "Feature",
      "geometry": {
        "type": "Polygon",
        "coordinates": [
          [
            [
              -122.5506,
              45.40775
            ],
            [
              -122.5506,
              45.4046
            ],
            [
              -122.54235,
              45.4047
            ],
            [
              -122.54235,
              45.4079
            ],
            [
              -122.5506,
              45.40775
            ]
          ]
        ]
      },
      "properties": {
        "account": "kroger",
        "name": "Fred Meyer Grocery Distribution Center Clackamas OR",
        "type": "Grocery Distribution Center",
        "archetype": "#6",
        "archetypeName": "Gate + GS (not BU sens.) + campus",
        "confidence": "high",
        "zone": "perimeter",
        "truckGate": true,
        "guardShack": true,
        "remoteGs": false,
        "fastLaneOpportunity": true,
        "backupSensitive": false,
        "dropYard": true,
        "multipleFacilities": true,
        "scale": false,
        "shipRcvSeparate": false,
        "urbanRural": "Urban",
        "dockDoors": "50+",
        "dropArea": "50+",
        "yardMetrics": {
          "dockDoorCount": 180,
          "trailersVisible": 320,
          "trailerParkingCapacity": 420,
          "truckGateCount": 1,
          "buildingCount": 3,
          "siteAreaAcres": 56.3,
          "railServed": false
        }
      }
    },
    {
      "type": "Feature",
      "geometry": {
        "type": "Polygon",
        "coordinates": [
          [
            [
              -122.54568,
              45.40762
            ],
            [
              -122.54568,
              45.40672
            ],
            [
              -122.54492,
              45.40672
            ],
            [
              -122.54492,
              45.40762
            ],
            [
              -122.54568,
              45.40762
            ]
          ]
        ]
      },
      "properties": {
        "account": "kroger",
        "name": "Fred Meyer Grocery Distribution Center Clackamas OR",
        "type": "Grocery Distribution Center",
        "archetype": "#6",
        "archetypeName": "Gate + GS (not BU sens.) + campus",
        "confidence": "high",
        "zone": "truckGate"
      }
    },
    {
      "type": "Feature",
      "geometry": {
        "type": "Polygon",
        "coordinates": [
          [
            [
              -122.55015,
              45.40718
            ],
            [
              -122.55015,
              45.40646
            ],
            [
              -122.543,
              45.40648
            ],
            [
              -122.543,
              45.4072
            ],
            [
              -122.55015,
              45.40718
            ]
          ]
        ]
      },
      "properties": {
        "account": "kroger",
        "name": "Fred Meyer Grocery Distribution Center Clackamas OR",
        "type": "Grocery Distribution Center",
        "archetype": "#6",
        "archetypeName": "Gate + GS (not BU sens.) + campus",
        "confidence": "high",
        "zone": "dropYard",
        "index": 1
      }
    },
    {
      "type": "Feature",
      "geometry": {
        "type": "Polygon",
        "coordinates": [
          [
            [
              -122.5431,
              45.40632
            ],
            [
              -122.5431,
              45.40478
            ],
            [
              -122.54238,
              45.40478
            ],
            [
              -122.54238,
              45.40632
            ],
            [
              -122.5431,
              45.40632
            ]
          ]
        ]
      },
      "properties": {
        "account": "kroger",
        "name": "Fred Meyer Grocery Distribution Center Clackamas OR",
        "type": "Grocery Distribution Center",
        "archetype": "#6",
        "archetypeName": "Gate + GS (not BU sens.) + campus",
        "confidence": "high",
        "zone": "dropYard",
        "index": 2
      }
    },
    {
      "type": "Feature",
      "geometry": {
        "type": "Polygon",
        "coordinates": [
          [
            [
              -122.5501,
              45.40648
            ],
            [
              -122.5501,
              45.40632
            ],
            [
              -122.5471,
              45.40632
            ],
            [
              -122.5471,
              45.40648
            ],
            [
              -122.5501,
              45.40648
            ]
          ]
        ]
      },
      "properties": {
        "account": "kroger",
        "name": "Fred Meyer Grocery Distribution Center Clackamas OR",
        "type": "Grocery Distribution Center",
        "archetype": "#6",
        "archetypeName": "Gate + GS (not BU sens.) + campus",
        "confidence": "high",
        "zone": "dockApron",
        "index": 1
      }
    },
    {
      "type": "Feature",
      "geometry": {
        "type": "Polygon",
        "coordinates": [
          [
            [
              -122.5468,
              45.40648
            ],
            [
              -122.5468,
              45.40632
            ],
            [
              -122.5432,
              45.40632
            ],
            [
              -122.5432,
              45.40648
            ],
            [
              -122.5468,
              45.40648
            ]
          ]
        ]
      },
      "properties": {
        "account": "kroger",
        "name": "Fred Meyer Grocery Distribution Center Clackamas OR",
        "type": "Grocery Distribution Center",
        "archetype": "#6",
        "archetypeName": "Gate + GS (not BU sens.) + campus",
        "confidence": "high",
        "zone": "dockApron",
        "index": 2
      }
    },
    {
      "type": "Feature",
      "geometry": {
        "type": "Polygon",
        "coordinates": [
          [
            [
              -122.546,
              45.40775
            ],
            [
              -122.546,
              45.40735
            ],
            [
              -122.5448,
              45.40735
            ],
            [
              -122.5448,
              45.40775
            ],
            [
              -122.546,
              45.40775
            ]
          ]
        ]
      },
      "properties": {
        "account": "kroger",
        "name": "Fred Meyer Grocery Distribution Center Clackamas OR",
        "type": "Grocery Distribution Center",
        "archetype": "#6",
        "archetypeName": "Gate + GS (not BU sens.) + campus",
        "confidence": "high",
        "zone": "staging"
      }
    },
    {
      "type": "Feature",
      "geometry": {
        "type": "Polygon",
        "coordinates": [
          [
            [
              -122.3013,
              47.21175
            ],
            [
              -122.3012,
              47.2101
            ],
            [
              -122.30015,
              47.20905
            ],
            [
              -122.2987,
              47.2081
            ],
            [
              -122.29615,
              47.2084
            ],
            [
              -122.2956,
              47.2101
            ],
            [
              -122.297,
              47.21185
            ],
            [
              -122.3013,
              47.21175
            ]
          ]
        ]
      },
      "properties": {
        "account": "kroger",
        "name": "Fred Meyer Grocery Distribution Center Puyallup WA",
        "type": "Grocery Distribution Center",
        "archetype": "#9",
        "archetypeName": "Gate + No GS (remote check-in)",
        "confidence": "medium",
        "zone": "perimeter",
        "truckGate": true,
        "guardShack": false,
        "remoteGs": true,
        "fastLaneOpportunity": true,
        "backupSensitive": false,
        "dropYard": true,
        "multipleFacilities": true,
        "scale": false,
        "shipRcvSeparate": true,
        "urbanRural": "Urban",
        "dockDoors": "50+",
        "dropArea": "50+",
        "yardMetrics": {
          "dockDoorCount": 95,
          "trailersVisible": 240,
          "trailerParkingCapacity": 320,
          "truckGateCount": 1,
          "buildingCount": 2,
          "siteAreaAcres": 34.1,
          "railServed": false
        }
      }
    },
    {
      "type": "Feature",
      "geometry": {
        "type": "Polygon",
        "coordinates": [
          [
            [
              -122.2994,
              47.20905
            ],
            [
              -122.2994,
              47.20855
            ],
            [
              -122.29855,
              47.20855
            ],
            [
              -122.29855,
              47.20905
            ],
            [
              -122.2994,
              47.20905
            ]
          ]
        ]
      },
      "properties": {
        "account": "kroger",
        "name": "Fred Meyer Grocery Distribution Center Puyallup WA",
        "type": "Grocery Distribution Center",
        "archetype": "#9",
        "archetypeName": "Gate + No GS (remote check-in)",
        "confidence": "medium",
        "zone": "truckGate"
      }
    },
    {
      "type": "Feature",
      "geometry": {
        "type": "Polygon",
        "coordinates": [
          [
            [
              -122.3001,
              47.2101
            ],
            [
              -122.3,
              47.2089
            ],
            [
              -122.29655,
              47.2089
            ],
            [
              -122.2968,
              47.21015
            ],
            [
              -122.3001,
              47.2101
            ]
          ]
        ]
      },
      "properties": {
        "account": "kroger",
        "name": "Fred Meyer Grocery Distribution Center Puyallup WA",
        "type": "Grocery Distribution Center",
        "archetype": "#9",
        "archetypeName": "Gate + No GS (remote check-in)",
        "confidence": "medium",
        "zone": "dropYard",
        "index": 1
      }
    },
    {
      "type": "Feature",
      "geometry": {
        "type": "Polygon",
        "coordinates": [
          [
            [
              -122.30095,
              47.21035
            ],
            [
              -122.3009,
              47.21005
            ],
            [
              -122.2961,
              47.21018
            ],
            [
              -122.29615,
              47.21048
            ],
            [
              -122.30095,
              47.21035
            ]
          ]
        ]
      },
      "properties": {
        "account": "kroger",
        "name": "Fred Meyer Grocery Distribution Center Puyallup WA",
        "type": "Grocery Distribution Center",
        "archetype": "#9",
        "archetypeName": "Gate + No GS (remote check-in)",
        "confidence": "medium",
        "zone": "dockApron",
        "index": 1
      }
    },
    {
      "type": "Feature",
      "geometry": {
        "type": "Polygon",
        "coordinates": [
          [
            [
              -122.2963,
              47.20985
            ],
            [
              -122.2967,
              47.2098
            ],
            [
              -122.29655,
              47.2086
            ],
            [
              -122.29615,
              47.20865
            ],
            [
              -122.2963,
              47.20985
            ]
          ]
        ]
      },
      "properties": {
        "account": "kroger",
        "name": "Fred Meyer Grocery Distribution Center Puyallup WA",
        "type": "Grocery Distribution Center",
        "archetype": "#9",
        "archetypeName": "Gate + No GS (remote check-in)",
        "confidence": "medium",
        "zone": "dockApron",
        "index": 2
      }
    },
    {
      "type": "Feature",
      "geometry": {
        "type": "Polygon",
        "coordinates": [
          [
            [
              -104.7809,
              39.7472
            ],
            [
              -104.781,
              39.7454
            ],
            [
              -104.78085,
              39.743
            ],
            [
              -104.7803,
              39.74055
            ],
            [
              -104.7744,
              39.7406
            ],
            [
              -104.7741,
              39.7436
            ],
            [
              -104.7741,
              39.7448
            ],
            [
              -104.7743,
              39.746
            ],
            [
              -104.7752,
              39.7473
            ],
            [
              -104.7809,
              39.7472
            ]
          ]
        ]
      },
      "properties": {
        "account": "kroger",
        "name": "King Soopers Grocery Distribution Center Aurora CO",
        "type": "Grocery Distribution Center",
        "archetype": "#6",
        "archetypeName": "Gate + GS (not BU sens.) + campus",
        "confidence": "high",
        "zone": "perimeter",
        "truckGate": true,
        "guardShack": true,
        "remoteGs": false,
        "fastLaneOpportunity": true,
        "backupSensitive": false,
        "dropYard": true,
        "multipleFacilities": true,
        "scale": false,
        "shipRcvSeparate": true,
        "urbanRural": "Urban",
        "dockDoors": "50+",
        "dropArea": "50+",
        "yardMetrics": {
          "dockDoorCount": 320,
          "trailersVisible": 240,
          "trailerParkingCapacity": 420,
          "truckGateCount": 1,
          "buildingCount": 4,
          "siteAreaAcres": 102.2,
          "railServed": false
        }
      }
    },
    {
      "type": "Feature",
      "geometry": {
        "type": "Polygon",
        "coordinates": [
          [
            [
              -104.77478,
              39.74532
            ],
            [
              -104.77476,
              39.7448
            ],
            [
              -104.7743,
              39.74478
            ],
            [
              -104.77432,
              39.7453
            ],
            [
              -104.77478,
              39.74532
            ]
          ]
        ]
      },
      "properties": {
        "account": "kroger",
        "name": "King Soopers Grocery Distribution Center Aurora CO",
        "type": "Grocery Distribution Center",
        "archetype": "#6",
        "archetypeName": "Gate + GS (not BU sens.) + campus",
        "confidence": "high",
        "zone": "truckGate"
      }
    },
    {
      "type": "Feature",
      "geometry": {
        "type": "Polygon",
        "coordinates": [
          [
            [
              -104.77432,
              39.7447
            ],
            [
              -104.77432,
              39.74352
            ],
            [
              -104.77352,
              39.74352
            ],
            [
              -104.77352,
              39.7447
            ],
            [
              -104.77432,
              39.7447
            ]
          ]
        ]
      },
      "properties": {
        "account": "kroger",
        "name": "King Soopers Grocery Distribution Center Aurora CO",
        "type": "Grocery Distribution Center",
        "archetype": "#6",
        "archetypeName": "Gate + GS (not BU sens.) + campus",
        "confidence": "high",
        "zone": "dropYard",
        "index": 1
      }
    },
    {
      "type": "Feature",
      "geometry": {
        "type": "Polygon",
        "coordinates": [
          [
            [
              -104.7786,
              39.7472
            ],
            [
              -104.7786,
              39.74628
            ],
            [
              -104.7747,
              39.74628
            ],
            [
              -104.7747,
              39.7472
            ],
            [
              -104.7786,
              39.7472
            ]
          ]
        ]
      },
      "properties": {
        "account": "kroger",
        "name": "King Soopers Grocery Distribution Center Aurora CO",
        "type": "Grocery Distribution Center",
        "archetype": "#6",
        "archetypeName": "Gate + GS (not BU sens.) + campus",
        "confidence": "high",
        "zone": "dropYard",
        "index": 2
      }
    },
    {
      "type": "Feature",
      "geometry": {
        "type": "Polygon",
        "coordinates": [
          [
            [
              -104.7747,
              39.7431
            ],
            [
              -104.7749,
              39.74095
            ],
            [
              -104.774,
              39.74095
            ],
            [
              -104.7738,
              39.7431
            ],
            [
              -104.7747,
              39.7431
            ]
          ]
        ]
      },
      "properties": {
        "account": "kroger",
        "name": "King Soopers Grocery Distribution Center Aurora CO",
        "type": "Grocery Distribution Center",
        "archetype": "#6",
        "archetypeName": "Gate + GS (not BU sens.) + campus",
        "confidence": "high",
        "zone": "dropYard",
        "index": 3
      }
    },
    {
      "type": "Feature",
      "geometry": {
        "type": "Polygon",
        "coordinates": [
          [
            [
              -104.7801,
              39.7436
            ],
            [
              -104.7801,
              39.74345
            ],
            [
              -104.7747,
              39.74345
            ],
            [
              -104.7747,
              39.7436
            ],
            [
              -104.7801,
              39.7436
            ]
          ]
        ]
      },
      "properties": {
        "account": "kroger",
        "name": "King Soopers Grocery Distribution Center Aurora CO",
        "type": "Grocery Distribution Center",
        "archetype": "#6",
        "archetypeName": "Gate + GS (not BU sens.) + campus",
        "confidence": "high",
        "zone": "dockApron",
        "index": 1
      }
    },
    {
      "type": "Feature",
      "geometry": {
        "type": "Polygon",
        "coordinates": [
          [
            [
              -104.7801,
              39.7425
            ],
            [
              -104.7801,
              39.74235
            ],
            [
              -104.7747,
              39.74235
            ],
            [
              -104.7747,
              39.7425
            ],
            [
              -104.7801,
              39.7425
            ]
          ]
        ]
      },
      "properties": {
        "account": "kroger",
        "name": "King Soopers Grocery Distribution Center Aurora CO",
        "type": "Grocery Distribution Center",
        "archetype": "#6",
        "archetypeName": "Gate + GS (not BU sens.) + campus",
        "confidence": "high",
        "zone": "dockApron",
        "index": 2
      }
    },
    {
      "type": "Feature",
      "geometry": {
        "type": "Polygon",
        "coordinates": [
          [
            [
              -104.7806,
              39.746
            ],
            [
              -104.7806,
              39.74585
            ],
            [
              -104.7764,
              39.74585
            ],
            [
              -104.7764,
              39.746
            ],
            [
              -104.7806,
              39.746
            ]
          ]
        ]
      },
      "properties": {
        "account": "kroger",
        "name": "King Soopers Grocery Distribution Center Aurora CO",
        "type": "Grocery Distribution Center",
        "archetype": "#6",
        "archetypeName": "Gate + GS (not BU sens.) + campus",
        "confidence": "high",
        "zone": "dockApron",
        "index": 3
      }
    },
    {
      "type": "Feature",
      "geometry": {
        "type": "Polygon",
        "coordinates": [
          [
            [
              -112.280762,
              33.442844
            ],
            [
              -112.282049,
              33.440158
            ],
            [
              -112.281963,
              33.438332
            ],
            [
              -112.27514,
              33.438332
            ],
            [
              -112.273316,
              33.438761
            ],
            [
              -112.273316,
              33.440158
            ],
            [
              -112.274453,
              33.442522
            ],
            [
              -112.277929,
              33.44288
            ],
            [
              -112.280762,
              33.442844
            ]
          ]
        ]
      },
      "properties": {
        "account": "kroger",
        "name": "Fry's Southwest Grocery Distribution Center Tolleson AZ",
        "type": "Grocery Distribution Center",
        "archetype": "#6",
        "archetypeName": "Gate + GS (not BU sens.) + campus",
        "confidence": "high",
        "zone": "perimeter",
        "truckGate": true,
        "guardShack": true,
        "remoteGs": false,
        "fastLaneOpportunity": true,
        "backupSensitive": false,
        "dropYard": true,
        "multipleFacilities": true,
        "scale": false,
        "shipRcvSeparate": true,
        "urbanRural": "Rural",
        "dockDoors": "50+",
        "dropArea": "50+",
        "yardMetrics": {
          "dockDoorCount": 120,
          "trailersVisible": 400,
          "trailerParkingCapacity": 500,
          "truckGateCount": 1,
          "buildingCount": 3,
          "siteAreaAcres": 89.6,
          "railServed": false
        }
      }
    },
    {
      "type": "Feature",
      "geometry": {
        "type": "Polygon",
        "coordinates": [
          [
            [
              -112.275354,
              33.439836
            ],
            [
              -112.275354,
              33.439352
            ],
            [
              -112.273208,
              33.439352
            ],
            [
              -112.273208,
              33.439836
            ],
            [
              -112.275354,
              33.439836
            ]
          ]
        ]
      },
      "properties": {
        "account": "kroger",
        "name": "Fry's Southwest Grocery Distribution Center Tolleson AZ",
        "type": "Grocery Distribution Center",
        "archetype": "#6",
        "archetypeName": "Gate + GS (not BU sens.) + campus",
        "confidence": "high",
        "zone": "truckGate"
      }
    },
    {
      "type": "Feature",
      "geometry": {
        "type": "Polygon",
        "coordinates": [
          [
            [
              -112.280762,
              33.442522
            ],
            [
              -112.281963,
              33.440785
            ],
            [
              -112.280547,
              33.440158
            ],
            [
              -112.279324,
              33.441859
            ],
            [
              -112.280762,
              33.442522
            ]
          ]
        ]
      },
      "properties": {
        "account": "kroger",
        "name": "Fry's Southwest Grocery Distribution Center Tolleson AZ",
        "type": "Grocery Distribution Center",
        "archetype": "#6",
        "archetypeName": "Gate + GS (not BU sens.) + campus",
        "confidence": "high",
        "zone": "dropYard",
        "index": 1
      }
    },
    {
      "type": "Feature",
      "geometry": {
        "type": "Polygon",
        "coordinates": [
          [
            [
              -112.279968,
              33.44048
            ],
            [
              -112.279968,
              33.439621
            ],
            [
              -112.274668,
              33.439621
            ],
            [
              -112.274668,
              33.44048
            ],
            [
              -112.279968,
              33.44048
            ]
          ]
        ]
      },
      "properties": {
        "account": "kroger",
        "name": "Fry's Southwest Grocery Distribution Center Tolleson AZ",
        "type": "Grocery Distribution Center",
        "archetype": "#6",
        "archetypeName": "Gate + GS (not BU sens.) + campus",
        "confidence": "high",
        "zone": "dropYard",
        "index": 2
      }
    },
    {
      "type": "Feature",
      "geometry": {
        "type": "Polygon",
        "coordinates": [
          [
            [
              -112.281899,
              33.439173
            ],
            [
              -112.281899,
              33.438368
            ],
            [
              -112.277285,
              33.438368
            ],
            [
              -112.277285,
              33.439173
            ],
            [
              -112.281899,
              33.439173
            ]
          ]
        ]
      },
      "properties": {
        "account": "kroger",
        "name": "Fry's Southwest Grocery Distribution Center Tolleson AZ",
        "type": "Grocery Distribution Center",
        "archetype": "#6",
        "archetypeName": "Gate + GS (not BU sens.) + campus",
        "confidence": "high",
        "zone": "dropYard",
        "index": 3
      }
    },
    {
      "type": "Feature",
      "geometry": {
        "type": "Polygon",
        "coordinates": [
          [
            [
              -112.279968,
              33.441053
            ],
            [
              -112.279968,
              33.440659
            ],
            [
              -112.274496,
              33.440659
            ],
            [
              -112.274496,
              33.441053
            ],
            [
              -112.279968,
              33.441053
            ]
          ]
        ]
      },
      "properties": {
        "account": "kroger",
        "name": "Fry's Southwest Grocery Distribution Center Tolleson AZ",
        "type": "Grocery Distribution Center",
        "archetype": "#6",
        "archetypeName": "Gate + GS (not BU sens.) + campus",
        "confidence": "high",
        "zone": "dockApron",
        "index": 1
      }
    },
    {
      "type": "Feature",
      "geometry": {
        "type": "Polygon",
        "coordinates": [
          [
            [
              -112.277285,
              33.439621
            ],
            [
              -112.277285,
              33.439173
            ],
            [
              -112.274281,
              33.439173
            ],
            [
              -112.274281,
              33.439621
            ],
            [
              -112.277285,
              33.439621
            ]
          ]
        ]
      },
      "properties": {
        "account": "kroger",
        "name": "Fry's Southwest Grocery Distribution Center Tolleson AZ",
        "type": "Grocery Distribution Center",
        "archetype": "#6",
        "archetypeName": "Gate + GS (not BU sens.) + campus",
        "confidence": "high",
        "zone": "dockApron",
        "index": 2
      }
    },
    {
      "type": "Feature",
      "geometry": {
        "type": "Polygon",
        "coordinates": [
          [
            [
              -112.277071,
              33.439979
            ],
            [
              -112.277071,
              33.439764
            ],
            [
              -112.273208,
              33.4398
            ],
            [
              -112.273208,
              33.440015
            ],
            [
              -112.277071,
              33.439979
            ]
          ]
        ]
      },
      "properties": {
        "account": "kroger",
        "name": "Fry's Southwest Grocery Distribution Center Tolleson AZ",
        "type": "Grocery Distribution Center",
        "archetype": "#6",
        "archetypeName": "Gate + GS (not BU sens.) + campus",
        "confidence": "high",
        "zone": "staging"
      }
    },
    {
      "type": "Feature",
      "geometry": {
        "type": "Polygon",
        "coordinates": [
          [
            [
              -111.986444,
              41.067104
            ],
            [
              -111.986444,
              41.062522
            ],
            [
              -111.985173,
              41.062522
            ],
            [
              -111.981397,
              41.062574
            ],
            [
              -111.980607,
              41.065835
            ],
            [
              -111.980916,
              41.067156
            ],
            [
              -111.986444,
              41.067104
            ]
          ]
        ]
      },
      "properties": {
        "account": "kroger",
        "name": "Smith's Grocery Distribution Center Layton UT",
        "type": "Grocery Distribution Center",
        "archetype": "#3",
        "archetypeName": "No Gate / No GS",
        "confidence": "high",
        "zone": "perimeter",
        "truckGate": false,
        "guardShack": false,
        "remoteGs": false,
        "fastLaneOpportunity": false,
        "backupSensitive": false,
        "dropYard": true,
        "multipleFacilities": true,
        "scale": false,
        "shipRcvSeparate": true,
        "urbanRural": "Urban",
        "dockDoors": "50+",
        "dropArea": "50+",
        "yardMetrics": {
          "dockDoorCount": 130,
          "trailersVisible": 220,
          "trailerParkingCapacity": 350,
          "truckGateCount": 2,
          "buildingCount": 6,
          "siteAreaAcres": 58,
          "railServed": false
        }
      }
    },
    {
      "type": "Feature",
      "geometry": {
        "type": "Polygon",
        "coordinates": [
          [
            [
              -111.986444,
              41.065007
            ],
            [
              -111.986444,
              41.064645
            ],
            [
              -111.985826,
              41.064696
            ],
            [
              -111.98586,
              41.065059
            ],
            [
              -111.986444,
              41.065007
            ]
          ]
        ]
      },
      "properties": {
        "account": "kroger",
        "name": "Smith's Grocery Distribution Center Layton UT",
        "type": "Grocery Distribution Center",
        "archetype": "#3",
        "archetypeName": "No Gate / No GS",
        "confidence": "high",
        "zone": "truckGate"
      }
    },
    {
      "type": "Feature",
      "geometry": {
        "type": "Polygon",
        "coordinates": [
          [
            [
              -111.985379,
              41.066068
            ],
            [
              -111.985379,
              41.065162
            ],
            [
              -111.982701,
              41.065162
            ],
            [
              -111.982701,
              41.066068
            ],
            [
              -111.985379,
              41.066068
            ]
          ]
        ]
      },
      "properties": {
        "account": "kroger",
        "name": "Smith's Grocery Distribution Center Layton UT",
        "type": "Grocery Distribution Center",
        "archetype": "#3",
        "archetypeName": "No Gate / No GS",
        "confidence": "high",
        "zone": "dropYard",
        "index": 1
      }
    },
    {
      "type": "Feature",
      "geometry": {
        "type": "Polygon",
        "coordinates": [
          [
            [
              -111.983457,
              41.063765
            ],
            [
              -111.983388,
              41.062626
            ],
            [
              -111.981397,
              41.062677
            ],
            [
              -111.981465,
              41.063816
            ],
            [
              -111.983457,
              41.063765
            ]
          ]
        ]
      },
      "properties": {
        "account": "kroger",
        "name": "Smith's Grocery Distribution Center Layton UT",
        "type": "Grocery Distribution Center",
        "archetype": "#3",
        "archetypeName": "No Gate / No GS",
        "confidence": "high",
        "zone": "dropYard",
        "index": 2
      }
    },
    {
      "type": "Feature",
      "geometry": {
        "type": "Polygon",
        "coordinates": [
          [
            [
              -111.986409,
              41.066586
            ],
            [
              -111.986375,
              41.066224
            ],
            [
              -111.983079,
              41.066327
            ],
            [
              -111.983113,
              41.06669
            ],
            [
              -111.986409,
              41.066586
            ]
          ]
        ]
      },
      "properties": {
        "account": "kroger",
        "name": "Smith's Grocery Distribution Center Layton UT",
        "type": "Grocery Distribution Center",
        "archetype": "#3",
        "archetypeName": "No Gate / No GS",
        "confidence": "high",
        "zone": "dockApron",
        "index": 1
      }
    },
    {
      "type": "Feature",
      "geometry": {
        "type": "Polygon",
        "coordinates": [
          [
            [
              -84.40776,
              39.44946
            ],
            [
              -84.40776,
              39.44588
            ],
            [
              -84.40433,
              39.44581
            ],
            [
              -84.40379,
              39.44615
            ],
            [
              -84.40433,
              39.44855
            ],
            [
              -84.40508,
              39.44951
            ],
            [
              -84.40776,
              39.44946
            ]
          ]
        ]
      },
      "properties": {
        "account": "kroger",
        "name": "Kroger Customer Fulfillment Center Monroe OH",
        "type": "Customer Fulfillment Center (Ocado-automated)",
        "archetype": "#3",
        "archetypeName": "No Gate / No GS",
        "confidence": "high",
        "zone": "perimeter",
        "truckGate": false,
        "guardShack": false,
        "remoteGs": false,
        "fastLaneOpportunity": true,
        "backupSensitive": false,
        "dropYard": true,
        "multipleFacilities": false,
        "scale": false,
        "shipRcvSeparate": false,
        "urbanRural": "Rural",
        "dockDoors": "10-25",
        "dropArea": "25-50",
        "yardMetrics": {
          "dockDoorCount": 22,
          "trailersVisible": 18,
          "trailerParkingCapacity": 30,
          "truckGateCount": 1,
          "buildingCount": 1,
          "siteAreaAcres": 41,
          "railServed": false
        }
      }
    },
    {
      "type": "Feature",
      "geometry": {
        "type": "Polygon",
        "coordinates": [
          [
            [
              -84.4046,
              39.44572
            ],
            [
              -84.40415,
              39.44572
            ],
            [
              -84.40418,
              39.44598
            ],
            [
              -84.40463,
              39.44598
            ],
            [
              -84.4046,
              39.44572
            ]
          ]
        ]
      },
      "properties": {
        "account": "kroger",
        "name": "Kroger Customer Fulfillment Center Monroe OH",
        "type": "Customer Fulfillment Center (Ocado-automated)",
        "archetype": "#3",
        "archetypeName": "No Gate / No GS",
        "confidence": "high",
        "zone": "truckGate"
      }
    },
    {
      "type": "Feature",
      "geometry": {
        "type": "Polygon",
        "coordinates": [
          [
            [
              -84.40478,
              39.44892
            ],
            [
              -84.40431,
              39.44745
            ],
            [
              -84.40408,
              39.44758
            ],
            [
              -84.40455,
              39.44905
            ],
            [
              -84.40478,
              39.44892
            ]
          ]
        ]
      },
      "properties": {
        "account": "kroger",
        "name": "Kroger Customer Fulfillment Center Monroe OH",
        "type": "Customer Fulfillment Center (Ocado-automated)",
        "archetype": "#3",
        "archetypeName": "No Gate / No GS",
        "confidence": "high",
        "zone": "dropYard",
        "index": 1
      }
    },
    {
      "type": "Feature",
      "geometry": {
        "type": "Polygon",
        "coordinates": [
          [
            [
              -84.40512,
              39.4491
            ],
            [
              -84.40462,
              39.44734
            ],
            [
              -84.40448,
              39.44742
            ],
            [
              -84.40498,
              39.44918
            ],
            [
              -84.40512,
              39.4491
            ]
          ]
        ]
      },
      "properties": {
        "account": "kroger",
        "name": "Kroger Customer Fulfillment Center Monroe OH",
        "type": "Customer Fulfillment Center (Ocado-automated)",
        "archetype": "#3",
        "archetypeName": "No Gate / No GS",
        "confidence": "high",
        "zone": "dockApron",
        "index": 1
      }
    },
    {
      "type": "Feature",
      "geometry": {
        "type": "Polygon",
        "coordinates": [
          [
            [
              -84.334966,
              33.617026
            ],
            [
              -84.335609,
              33.616517
            ],
            [
              -84.335931,
              33.615757
            ],
            [
              -84.335127,
              33.614417
            ],
            [
              -84.332981,
              33.614328
            ],
            [
              -84.332337,
              33.615489
            ],
            [
              -84.332176,
              33.615981
            ],
            [
              -84.334,
              33.617053
            ],
            [
              -84.334966,
              33.617026
            ]
          ]
        ]
      },
      "properties": {
        "account": "kroger",
        "name": "Kroger Customer Fulfillment Center Forest Park GA",
        "type": "Customer Fulfillment Center (Ocado-automated)",
        "archetype": "#9",
        "archetypeName": "Gate + No GS (remote check-in)",
        "confidence": "high",
        "zone": "perimeter",
        "truckGate": true,
        "guardShack": false,
        "remoteGs": true,
        "fastLaneOpportunity": true,
        "backupSensitive": false,
        "dropYard": true,
        "multipleFacilities": false,
        "scale": false,
        "shipRcvSeparate": false,
        "urbanRural": "Urban",
        "dockDoors": "50+",
        "dropArea": "50+",
        "yardMetrics": {
          "dockDoorCount": 70,
          "trailersVisible": 120,
          "trailerParkingCapacity": 170,
          "truckGateCount": 1,
          "buildingCount": 1,
          "siteAreaAcres": 19,
          "railServed": false
        }
      }
    },
    {
      "type": "Feature",
      "geometry": {
        "type": "Polygon",
        "coordinates": [
          [
            [
              -84.335334,
              33.616003
            ],
            [
              -84.335334,
              33.615877
            ],
            [
              -84.335076,
              33.615877
            ],
            [
              -84.335076,
              33.616003
            ],
            [
              -84.335334,
              33.616003
            ]
          ]
        ]
      },
      "properties": {
        "account": "kroger",
        "name": "Kroger Customer Fulfillment Center Forest Park GA",
        "type": "Customer Fulfillment Center (Ocado-automated)",
        "archetype": "#9",
        "archetypeName": "Gate + No GS (remote check-in)",
        "confidence": "high",
        "zone": "truckGate"
      }
    },
    {
      "type": "Feature",
      "geometry": {
        "type": "Polygon",
        "coordinates": [
          [
            [
              -84.335609,
              33.615847
            ],
            [
              -84.335609,
              33.614864
            ],
            [
              -84.334536,
              33.614507
            ],
            [
              -84.334376,
              33.615802
            ],
            [
              -84.335609,
              33.615847
            ]
          ]
        ]
      },
      "properties": {
        "account": "kroger",
        "name": "Kroger Customer Fulfillment Center Forest Park GA",
        "type": "Customer Fulfillment Center (Ocado-automated)",
        "archetype": "#9",
        "archetypeName": "Gate + No GS (remote check-in)",
        "confidence": "high",
        "zone": "dropYard",
        "index": 1
      }
    },
    {
      "type": "Feature",
      "geometry": {
        "type": "Polygon",
        "coordinates": [
          [
            [
              -84.333303,
              33.61674
            ],
            [
              -84.333249,
              33.615802
            ],
            [
              -84.332337,
              33.615534
            ],
            [
              -84.332176,
              33.615981
            ],
            [
              -84.333303,
              33.61674
            ]
          ]
        ]
      },
      "properties": {
        "account": "kroger",
        "name": "Kroger Customer Fulfillment Center Forest Park GA",
        "type": "Customer Fulfillment Center (Ocado-automated)",
        "archetype": "#9",
        "archetypeName": "Gate + No GS (remote check-in)",
        "confidence": "high",
        "zone": "dropYard",
        "index": 2
      }
    },
    {
      "type": "Feature",
      "geometry": {
        "type": "Polygon",
        "coordinates": [
          [
            [
              -84.334966,
              33.615311
            ],
            [
              -84.334858,
              33.614953
            ],
            [
              -84.332873,
              33.615087
            ],
            [
              -84.332981,
              33.6154
            ],
            [
              -84.334966,
              33.615311
            ]
          ]
        ]
      },
      "properties": {
        "account": "kroger",
        "name": "Kroger Customer Fulfillment Center Forest Park GA",
        "type": "Customer Fulfillment Center (Ocado-automated)",
        "archetype": "#9",
        "archetypeName": "Gate + No GS (remote check-in)",
        "confidence": "high",
        "zone": "dockApron",
        "index": 1
      }
    },
    {
      "type": "Feature",
      "geometry": {
        "type": "Polygon",
        "coordinates": [
          [
            [
              -84.334,
              33.615713
            ],
            [
              -84.334107,
              33.615445
            ],
            [
              -84.332659,
              33.614864
            ],
            [
              -84.332498,
              33.615132
            ],
            [
              -84.334,
              33.615713
            ]
          ]
        ]
      },
      "properties": {
        "account": "kroger",
        "name": "Kroger Customer Fulfillment Center Forest Park GA",
        "type": "Customer Fulfillment Center (Ocado-automated)",
        "archetype": "#9",
        "archetypeName": "Gate + No GS (remote check-in)",
        "confidence": "high",
        "zone": "dockApron",
        "index": 2
      }
    },
    {
      "type": "Feature",
      "geometry": {
        "type": "Polygon",
        "coordinates": [
          [
            [
              -84.335127,
              33.616293
            ],
            [
              -84.334966,
              33.615579
            ],
            [
              -84.333195,
              33.615802
            ],
            [
              -84.333356,
              33.616472
            ],
            [
              -84.335127,
              33.616293
            ]
          ]
        ]
      },
      "properties": {
        "account": "kroger",
        "name": "Kroger Customer Fulfillment Center Forest Park GA",
        "type": "Customer Fulfillment Center (Ocado-automated)",
        "archetype": "#9",
        "archetypeName": "Gate + No GS (remote check-in)",
        "confidence": "high",
        "zone": "staging"
      }
    },
    {
      "type": "Feature",
      "geometry": {
        "type": "Polygon",
        "coordinates": [
          [
            [
              -104.693475,
              39.809363
            ],
            [
              -104.693475,
              39.808923
            ],
            [
              -104.694161,
              39.808132
            ],
            [
              -104.694161,
              39.80655
            ],
            [
              -104.693932,
              39.805846
            ],
            [
              -104.691243,
              39.805846
            ],
            [
              -104.690385,
              39.80655
            ],
            [
              -104.690385,
              39.808396
            ],
            [
              -104.691415,
              39.809231
            ],
            [
              -104.693475,
              39.809363
            ]
          ]
        ]
      },
      "properties": {
        "account": "kroger",
        "name": "Kroger Customer Fulfillment Center Aurora CO",
        "type": "Customer Fulfillment Center (Ocado-automated)",
        "archetype": "#3",
        "archetypeName": "No Gate / No GS",
        "confidence": "high",
        "zone": "perimeter",
        "truckGate": false,
        "guardShack": false,
        "remoteGs": false,
        "fastLaneOpportunity": true,
        "backupSensitive": false,
        "dropYard": true,
        "multipleFacilities": false,
        "scale": false,
        "shipRcvSeparate": false,
        "urbanRural": "Rural",
        "dockDoors": "25-50",
        "dropArea": "25-50",
        "yardMetrics": {
          "dockDoorCount": 32,
          "trailersVisible": 46,
          "trailerParkingCapacity": 90,
          "truckGateCount": 1,
          "buildingCount": 2,
          "siteAreaAcres": 27.3,
          "railServed": false
        }
      }
    },
    {
      "type": "Feature",
      "geometry": {
        "type": "Polygon",
        "coordinates": [
          [
            [
              -104.691929,
              39.805651
            ],
            [
              -104.6915,
              39.805651
            ],
            [
              -104.6915,
              39.806486
            ],
            [
              -104.691929,
              39.806486
            ],
            [
              -104.691929,
              39.805651
            ]
          ]
        ]
      },
      "properties": {
        "account": "kroger",
        "name": "Kroger Customer Fulfillment Center Aurora CO",
        "type": "Customer Fulfillment Center (Ocado-automated)",
        "archetype": "#3",
        "archetypeName": "No Gate / No GS",
        "confidence": "high",
        "zone": "truckGate"
      }
    },
    {
      "type": "Feature",
      "geometry": {
        "type": "Polygon",
        "coordinates": [
          [
            [
              -104.694143,
              39.807918
            ],
            [
              -104.694086,
              39.80728
            ],
            [
              -104.693457,
              39.80728
            ],
            [
              -104.693514,
              39.807918
            ],
            [
              -104.694143,
              39.807918
            ]
          ]
        ]
      },
      "properties": {
        "account": "kroger",
        "name": "Kroger Customer Fulfillment Center Aurora CO",
        "type": "Customer Fulfillment Center (Ocado-automated)",
        "archetype": "#3",
        "archetypeName": "No Gate / No GS",
        "confidence": "high",
        "zone": "dropYard",
        "index": 1
      }
    },
    {
      "type": "Feature",
      "geometry": {
        "type": "Polygon",
        "coordinates": [
          [
            [
              -104.693475,
              39.809363
            ],
            [
              -104.693475,
              39.809187
            ],
            [
              -104.691415,
              39.809055
            ],
            [
              -104.691415,
              39.809231
            ],
            [
              -104.693475,
              39.809363
            ]
          ]
        ]
      },
      "properties": {
        "account": "kroger",
        "name": "Kroger Customer Fulfillment Center Aurora CO",
        "type": "Customer Fulfillment Center (Ocado-automated)",
        "archetype": "#3",
        "archetypeName": "No Gate / No GS",
        "confidence": "high",
        "zone": "dropYard",
        "index": 2
      }
    },
    {
      "type": "Feature",
      "geometry": {
        "type": "Polygon",
        "coordinates": [
          [
            [
              -104.693314,
              39.808093
            ],
            [
              -104.693314,
              39.806929
            ],
            [
              -104.693171,
              39.806929
            ],
            [
              -104.693171,
              39.808093
            ],
            [
              -104.693314,
              39.808093
            ]
          ]
        ]
      },
      "properties": {
        "account": "kroger",
        "name": "Kroger Customer Fulfillment Center Aurora CO",
        "type": "Customer Fulfillment Center (Ocado-automated)",
        "archetype": "#3",
        "archetypeName": "No Gate / No GS",
        "confidence": "high",
        "zone": "dockApron",
        "index": 1
      }
    },
    {
      "type": "Feature",
      "geometry": {
        "type": "Polygon",
        "coordinates": [
          [
            [
              -104.691872,
              39.806486
            ],
            [
              -104.691529,
              39.806486
            ],
            [
              -104.691529,
              39.806859
            ],
            [
              -104.691872,
              39.806859
            ],
            [
              -104.691872,
              39.806486
            ]
          ]
        ]
      },
      "properties": {
        "account": "kroger",
        "name": "Kroger Customer Fulfillment Center Aurora CO",
        "type": "Customer Fulfillment Center (Ocado-automated)",
        "archetype": "#3",
        "archetypeName": "No Gate / No GS",
        "confidence": "high",
        "zone": "staging"
      }
    },
    {
      "type": "Feature",
      "geometry": {
        "type": "Polygon",
        "coordinates": [
          [
            [
              -83.383788,
              42.189239
            ],
            [
              -83.383845,
              42.1882
            ],
            [
              -83.383673,
              42.187479
            ],
            [
              -83.380156,
              42.187479
            ],
            [
              -83.380156,
              42.188709
            ],
            [
              -83.380557,
              42.189302
            ],
            [
              -83.381556,
              42.189302
            ],
            [
              -83.383788,
              42.189239
            ]
          ]
        ]
      },
      "properties": {
        "account": "kroger",
        "name": "Kroger Customer Fulfillment Center Romulus MI",
        "type": "Customer Fulfillment Center (Ocado-automated)",
        "archetype": "#7",
        "archetypeName": "Gate + GS (not BU sens.) + fast lane opp",
        "confidence": "high",
        "zone": "perimeter",
        "truckGate": true,
        "guardShack": true,
        "remoteGs": false,
        "fastLaneOpportunity": true,
        "backupSensitive": false,
        "dropYard": true,
        "multipleFacilities": false,
        "scale": false,
        "shipRcvSeparate": false,
        "urbanRural": "Rural",
        "dockDoors": "0-10",
        "dropArea": "10-25",
        "yardMetrics": {
          "dockDoorCount": 10,
          "trailersVisible": 16,
          "trailerParkingCapacity": 24,
          "truckGateCount": 1,
          "buildingCount": 2,
          "siteAreaAcres": 14.6,
          "railServed": false
        }
      }
    },
    {
      "type": "Feature",
      "geometry": {
        "type": "Polygon",
        "coordinates": [
          [
            [
              -83.381493,
              42.187628
            ],
            [
              -83.381493,
              42.187533
            ],
            [
              -83.38125,
              42.187533
            ],
            [
              -83.38125,
              42.187628
            ],
            [
              -83.381493,
              42.187628
            ]
          ]
        ]
      },
      "properties": {
        "account": "kroger",
        "name": "Kroger Customer Fulfillment Center Romulus MI",
        "type": "Customer Fulfillment Center (Ocado-automated)",
        "archetype": "#7",
        "archetypeName": "Gate + GS (not BU sens.) + fast lane opp",
        "confidence": "high",
        "zone": "truckGate"
      }
    },
    {
      "type": "Feature",
      "geometry": {
        "type": "Polygon",
        "coordinates": [
          [
            [
              -83.383158,
              42.187395
            ],
            [
              -83.383158,
              42.187183
            ],
            [
              -83.3809,
              42.187183
            ],
            [
              -83.3809,
              42.187395
            ],
            [
              -83.383158,
              42.187395
            ]
          ]
        ]
      },
      "properties": {
        "account": "kroger",
        "name": "Kroger Customer Fulfillment Center Romulus MI",
        "type": "Customer Fulfillment Center (Ocado-automated)",
        "archetype": "#7",
        "archetypeName": "Gate + GS (not BU sens.) + fast lane opp",
        "confidence": "high",
        "zone": "dropYard",
        "index": 1
      }
    },
    {
      "type": "Feature",
      "geometry": {
        "type": "Polygon",
        "coordinates": [
          [
            [
              -83.382557,
              42.187882
            ],
            [
              -83.382557,
              42.187649
            ],
            [
              -83.380585,
              42.187691
            ],
            [
              -83.380585,
              42.187924
            ],
            [
              -83.382557,
              42.187882
            ]
          ]
        ]
      },
      "properties": {
        "account": "kroger",
        "name": "Kroger Customer Fulfillment Center Romulus MI",
        "type": "Customer Fulfillment Center (Ocado-automated)",
        "archetype": "#7",
        "archetypeName": "Gate + GS (not BU sens.) + fast lane opp",
        "confidence": "high",
        "zone": "dockApron",
        "index": 1
      }
    },
    {
      "type": "Feature",
      "geometry": {
        "type": "Polygon",
        "coordinates": [
          [
            [
              -83.382557,
              42.187649
            ],
            [
              -83.382557,
              42.187479
            ],
            [
              -83.380585,
              42.187479
            ],
            [
              -83.380585,
              42.187691
            ],
            [
              -83.382557,
              42.187649
            ]
          ]
        ]
      },
      "properties": {
        "account": "kroger",
        "name": "Kroger Customer Fulfillment Center Romulus MI",
        "type": "Customer Fulfillment Center (Ocado-automated)",
        "archetype": "#7",
        "archetypeName": "Gate + GS (not BU sens.) + fast lane opp",
        "confidence": "high",
        "zone": "staging"
      }
    },
    {
      "type": "Feature",
      "geometry": {
        "type": "Polygon",
        "coordinates": [
          [
            [
              -96.75405,
              32.63965
            ],
            [
              -96.7559,
              32.6379
            ],
            [
              -96.75545,
              32.636
            ],
            [
              -96.75355,
              32.63545
            ],
            [
              -96.7527,
              32.63585
            ],
            [
              -96.751,
              32.6377
            ],
            [
              -96.7525,
              32.63915
            ],
            [
              -96.75405,
              32.63965
            ]
          ]
        ]
      },
      "properties": {
        "account": "kroger",
        "name": "Kroger Customer Fulfillment Center Dallas TX",
        "type": "Customer Fulfillment Center (Ocado-automated)",
        "archetype": "#3",
        "archetypeName": "No Gate / No GS",
        "confidence": "high",
        "zone": "perimeter",
        "truckGate": false,
        "guardShack": false,
        "remoteGs": false,
        "fastLaneOpportunity": false,
        "backupSensitive": false,
        "dropYard": false,
        "multipleFacilities": false,
        "scale": false,
        "shipRcvSeparate": false,
        "urbanRural": "Urban",
        "dockDoors": "10-25",
        "dropArea": "10-25",
        "yardMetrics": {
          "dockDoorCount": 20,
          "trailersVisible": 6,
          "trailerParkingCapacity": 30,
          "truckGateCount": 1,
          "buildingCount": 1,
          "siteAreaAcres": 33.8,
          "railServed": false
        }
      }
    },
    {
      "type": "Feature",
      "geometry": {
        "type": "Polygon",
        "coordinates": [
          [
            [
              -96.75405,
              32.63565
            ],
            [
              -96.75345,
              32.6356
            ],
            [
              -96.7536,
              32.63635
            ],
            [
              -96.7542,
              32.63638
            ],
            [
              -96.75405,
              32.63565
            ]
          ]
        ]
      },
      "properties": {
        "account": "kroger",
        "name": "Kroger Customer Fulfillment Center Dallas TX",
        "type": "Customer Fulfillment Center (Ocado-automated)",
        "archetype": "#3",
        "archetypeName": "No Gate / No GS",
        "confidence": "high",
        "zone": "truckGate"
      }
    },
    {
      "type": "Feature",
      "geometry": {
        "type": "Polygon",
        "coordinates": [
          [
            [
              -96.7533,
              32.63635
            ],
            [
              -96.7525,
              32.636
            ],
            [
              -96.75175,
              32.637
            ],
            [
              -96.75255,
              32.63735
            ],
            [
              -96.7533,
              32.63635
            ]
          ]
        ]
      },
      "properties": {
        "account": "kroger",
        "name": "Kroger Customer Fulfillment Center Dallas TX",
        "type": "Customer Fulfillment Center (Ocado-automated)",
        "archetype": "#3",
        "archetypeName": "No Gate / No GS",
        "confidence": "high",
        "zone": "dropYard",
        "index": 1
      }
    },
    {
      "type": "Feature",
      "geometry": {
        "type": "Polygon",
        "coordinates": [
          [
            [
              -96.7547,
              32.637
            ],
            [
              -96.7556,
              32.63815
            ],
            [
              -96.756,
              32.6379
            ],
            [
              -96.7551,
              32.63675
            ],
            [
              -96.7547,
              32.637
            ]
          ]
        ]
      },
      "properties": {
        "account": "kroger",
        "name": "Kroger Customer Fulfillment Center Dallas TX",
        "type": "Customer Fulfillment Center (Ocado-automated)",
        "archetype": "#3",
        "archetypeName": "No Gate / No GS",
        "confidence": "high",
        "zone": "dockApron",
        "index": 1
      }
    },
    {
      "type": "Feature",
      "geometry": {
        "type": "Polygon",
        "coordinates": [
          [
            [
              -96.754,
              32.63905
            ],
            [
              -96.7543,
              32.63845
            ],
            [
              -96.7533,
              32.6382
            ],
            [
              -96.753,
              32.6388
            ],
            [
              -96.754,
              32.63905
            ]
          ]
        ]
      },
      "properties": {
        "account": "kroger",
        "name": "Kroger Customer Fulfillment Center Dallas TX",
        "type": "Customer Fulfillment Center (Ocado-automated)",
        "archetype": "#3",
        "archetypeName": "No Gate / No GS",
        "confidence": "high",
        "zone": "staging"
      }
    },
    {
      "type": "Feature",
      "geometry": {
        "type": "Polygon",
        "coordinates": [
          [
            [
              -84.358478,
              33.815015
            ],
            [
              -84.358936,
              33.814625
            ],
            [
              -84.359337,
              33.81415
            ],
            [
              -84.35968,
              33.813532
            ],
            [
              -84.359194,
              33.813199
            ],
            [
              -84.357906,
              33.813175
            ],
            [
              -84.357162,
              33.813865
            ],
            [
              -84.357277,
              33.814968
            ],
            [
              -84.358478,
              33.815015
            ]
          ]
        ]
      },
      "properties": {
        "account": "kroger",
        "name": "Centennial Farms Dairy",
        "type": "Dairy Plant",
        "archetype": "#9",
        "archetypeName": "Gate + No GS (remote check-in)",
        "confidence": "high",
        "zone": "perimeter",
        "truckGate": true,
        "guardShack": false,
        "remoteGs": true,
        "fastLaneOpportunity": false,
        "backupSensitive": false,
        "dropYard": true,
        "multipleFacilities": false,
        "scale": false,
        "shipRcvSeparate": false,
        "urbanRural": "Urban",
        "dockDoors": "25-50",
        "dropArea": "50+",
        "yardMetrics": {
          "dockDoorCount": 38,
          "trailersVisible": 55,
          "trailerParkingCapacity": 70,
          "truckGateCount": 1,
          "buildingCount": 1,
          "siteAreaAcres": 8.7,
          "railServed": false
        }
      }
    },
    {
      "type": "Feature",
      "geometry": {
        "type": "Polygon",
        "coordinates": [
          [
            [
              -84.359393,
              33.813273
            ],
            [
              -84.359407,
              33.813195
            ],
            [
              -84.359307,
              33.813184
            ],
            [
              -84.359293,
              33.813261
            ],
            [
              -84.359393,
              33.813273
            ]
          ]
        ]
      },
      "properties": {
        "account": "kroger",
        "name": "Centennial Farms Dairy",
        "type": "Dairy Plant",
        "archetype": "#9",
        "archetypeName": "Gate + No GS (remote check-in)",
        "confidence": "high",
        "zone": "truckGate"
      }
    },
    {
      "type": "Feature",
      "geometry": {
        "type": "Polygon",
        "coordinates": [
          [
            [
              -84.35865,
              33.814863
            ],
            [
              -84.358879,
              33.814293
            ],
            [
              -84.357477,
              33.81415
            ],
            [
              -84.357248,
              33.814792
            ],
            [
              -84.35865,
              33.814863
            ]
          ]
        ]
      },
      "properties": {
        "account": "kroger",
        "name": "Centennial Farms Dairy",
        "type": "Dairy Plant",
        "archetype": "#9",
        "archetypeName": "Gate + No GS (remote check-in)",
        "confidence": "high",
        "zone": "dropYard",
        "index": 1
      }
    },
    {
      "type": "Feature",
      "geometry": {
        "type": "Polygon",
        "coordinates": [
          [
            [
              -84.35968,
              33.813865
            ],
            [
              -84.359451,
              33.813342
            ],
            [
              -84.358822,
              33.813675
            ],
            [
              -84.359079,
              33.81415
            ],
            [
              -84.35968,
              33.813865
            ]
          ]
        ]
      },
      "properties": {
        "account": "kroger",
        "name": "Centennial Farms Dairy",
        "type": "Dairy Plant",
        "archetype": "#9",
        "archetypeName": "Gate + No GS (remote check-in)",
        "confidence": "high",
        "zone": "dockApron",
        "index": 1
      }
    },
    {
      "type": "Feature",
      "geometry": {
        "type": "Polygon",
        "coordinates": [
          [
            [
              -84.358478,
              33.81415
            ],
            [
              -84.358536,
              33.813841
            ],
            [
              -84.357763,
              33.813793
            ],
            [
              -84.357677,
              33.814102
            ],
            [
              -84.358478,
              33.81415
            ]
          ]
        ]
      },
      "properties": {
        "account": "kroger",
        "name": "Centennial Farms Dairy",
        "type": "Dairy Plant",
        "archetype": "#9",
        "archetypeName": "Gate + No GS (remote check-in)",
        "confidence": "high",
        "zone": "dockApron",
        "index": 2
      }
    },
    {
      "type": "Feature",
      "geometry": {
        "type": "Polygon",
        "coordinates": [
          [
            [
              -86.411,
              35.83472
            ],
            [
              -86.4117,
              35.8347
            ],
            [
              -86.4125,
              35.83428
            ],
            [
              -86.41468,
              35.8342
            ],
            [
              -86.41452,
              35.8321
            ],
            [
              -86.4136,
              35.83205
            ],
            [
              -86.41168,
              35.8327
            ],
            [
              -86.411,
              35.83472
            ]
          ]
        ]
      },
      "properties": {
        "account": "kroger",
        "name": "Heritage Farms Dairy",
        "type": "Dairy Plant",
        "archetype": "#4",
        "archetypeName": "Gate + GS (BU sens.)",
        "confidence": "high",
        "zone": "perimeter",
        "truckGate": true,
        "guardShack": true,
        "remoteGs": false,
        "fastLaneOpportunity": true,
        "backupSensitive": true,
        "dropYard": true,
        "multipleFacilities": false,
        "scale": false,
        "shipRcvSeparate": false,
        "urbanRural": "Urban",
        "dockDoors": "10-25",
        "dropArea": "50+",
        "yardMetrics": {
          "dockDoorCount": 22,
          "trailersVisible": 95,
          "trailerParkingCapacity": 130,
          "truckGateCount": 1,
          "buildingCount": 3,
          "siteAreaAcres": 16.5,
          "railServed": false
        }
      }
    },
    {
      "type": "Feature",
      "geometry": {
        "type": "Polygon",
        "coordinates": [
          [
            [
              -86.41138,
              35.83373
            ],
            [
              -86.41166,
              35.83356
            ],
            [
              -86.41138,
              35.8334
            ],
            [
              -86.41112,
              35.83358
            ],
            [
              -86.41138,
              35.83373
            ]
          ]
        ]
      },
      "properties": {
        "account": "kroger",
        "name": "Heritage Farms Dairy",
        "type": "Dairy Plant",
        "archetype": "#4",
        "archetypeName": "Gate + GS (BU sens.)",
        "confidence": "high",
        "zone": "truckGate"
      }
    },
    {
      "type": "Feature",
      "geometry": {
        "type": "Polygon",
        "coordinates": [
          [
            [
              -86.4136,
              35.83432
            ],
            [
              -86.41398,
              35.83378
            ],
            [
              -86.413,
              35.83352
            ],
            [
              -86.41262,
              35.83405
            ],
            [
              -86.4136,
              35.83432
            ]
          ]
        ]
      },
      "properties": {
        "account": "kroger",
        "name": "Heritage Farms Dairy",
        "type": "Dairy Plant",
        "archetype": "#4",
        "archetypeName": "Gate + GS (BU sens.)",
        "confidence": "high",
        "zone": "dropYard",
        "index": 1
      }
    },
    {
      "type": "Feature",
      "geometry": {
        "type": "Polygon",
        "coordinates": [
          [
            [
              -86.4144,
              35.83355
            ],
            [
              -86.4147,
              35.83302
            ],
            [
              -86.41388,
              35.83278
            ],
            [
              -86.41355,
              35.8333
            ],
            [
              -86.4144,
              35.83355
            ]
          ]
        ]
      },
      "properties": {
        "account": "kroger",
        "name": "Heritage Farms Dairy",
        "type": "Dairy Plant",
        "archetype": "#4",
        "archetypeName": "Gate + GS (BU sens.)",
        "confidence": "high",
        "zone": "dropYard",
        "index": 2
      }
    },
    {
      "type": "Feature",
      "geometry": {
        "type": "Polygon",
        "coordinates": [
          [
            [
              -86.4133,
              35.83278
            ],
            [
              -86.41348,
              35.83245
            ],
            [
              -86.41268,
              35.83232
            ],
            [
              -86.4125,
              35.83265
            ],
            [
              -86.4133,
              35.83278
            ]
          ]
        ]
      },
      "properties": {
        "account": "kroger",
        "name": "Heritage Farms Dairy",
        "type": "Dairy Plant",
        "archetype": "#4",
        "archetypeName": "Gate + GS (BU sens.)",
        "confidence": "high",
        "zone": "dropYard",
        "index": 3
      }
    },
    {
      "type": "Feature",
      "geometry": {
        "type": "Polygon",
        "coordinates": [
          [
            [
              -86.41335,
              35.833
            ],
            [
              -86.41339,
              35.83286
            ],
            [
              -86.41254,
              35.83278
            ],
            [
              -86.4125,
              35.83292
            ],
            [
              -86.41335,
              35.833
            ]
          ]
        ]
      },
      "properties": {
        "account": "kroger",
        "name": "Heritage Farms Dairy",
        "type": "Dairy Plant",
        "archetype": "#4",
        "archetypeName": "Gate + GS (BU sens.)",
        "confidence": "high",
        "zone": "dockApron",
        "index": 1
      }
    },
    {
      "type": "Feature",
      "geometry": {
        "type": "Polygon",
        "coordinates": [
          [
            [
              -84.18155,
              38.0127
            ],
            [
              -84.1817,
              38.0121
            ],
            [
              -84.1814,
              38.0112
            ],
            [
              -84.18005,
              38.01096
            ],
            [
              -84.17875,
              38.01118
            ],
            [
              -84.17845,
              38.012
            ],
            [
              -84.179,
              38.01281
            ],
            [
              -84.18,
              38.01288
            ],
            [
              -84.18155,
              38.0127
            ]
          ]
        ]
      },
      "properties": {
        "account": "kroger",
        "name": "Winchester Farms Dairy",
        "type": "Dairy Plant",
        "archetype": "#9",
        "archetypeName": "Gate + No GS (remote check-in)",
        "confidence": "high",
        "zone": "perimeter",
        "truckGate": true,
        "guardShack": false,
        "remoteGs": true,
        "fastLaneOpportunity": true,
        "backupSensitive": false,
        "dropYard": true,
        "multipleFacilities": true,
        "scale": false,
        "shipRcvSeparate": false,
        "urbanRural": "Rural",
        "dockDoors": "25-50",
        "dropArea": "25-50",
        "yardMetrics": {
          "dockDoorCount": 34,
          "trailersVisible": 48,
          "trailerParkingCapacity": 60,
          "truckGateCount": 1,
          "buildingCount": 3,
          "siteAreaAcres": 12.1,
          "railServed": false
        }
      }
    },
    {
      "type": "Feature",
      "geometry": {
        "type": "Polygon",
        "coordinates": [
          [
            [
              -84.17935,
              38.01352
            ],
            [
              -84.17945,
              38.01325
            ],
            [
              -84.17898,
              38.01318
            ],
            [
              -84.17888,
              38.01345
            ],
            [
              -84.17935,
              38.01352
            ]
          ]
        ]
      },
      "properties": {
        "account": "kroger",
        "name": "Winchester Farms Dairy",
        "type": "Dairy Plant",
        "archetype": "#9",
        "archetypeName": "Gate + No GS (remote check-in)",
        "confidence": "high",
        "zone": "truckGate"
      }
    },
    {
      "type": "Feature",
      "geometry": {
        "type": "Polygon",
        "coordinates": [
          [
            [
              -84.1815,
              38.01215
            ],
            [
              -84.1812,
              38.0115
            ],
            [
              -84.1806,
              38.0117
            ],
            [
              -84.18095,
              38.0123
            ],
            [
              -84.1815,
              38.01215
            ]
          ]
        ]
      },
      "properties": {
        "account": "kroger",
        "name": "Winchester Farms Dairy",
        "type": "Dairy Plant",
        "archetype": "#9",
        "archetypeName": "Gate + No GS (remote check-in)",
        "confidence": "high",
        "zone": "dropYard",
        "index": 1
      }
    },
    {
      "type": "Feature",
      "geometry": {
        "type": "Polygon",
        "coordinates": [
          [
            [
              -84.18025,
              38.0115
            ],
            [
              -84.1801,
              38.01115
            ],
            [
              -84.17945,
              38.01128
            ],
            [
              -84.1796,
              38.01165
            ],
            [
              -84.18025,
              38.0115
            ]
          ]
        ]
      },
      "properties": {
        "account": "kroger",
        "name": "Winchester Farms Dairy",
        "type": "Dairy Plant",
        "archetype": "#9",
        "archetypeName": "Gate + No GS (remote check-in)",
        "confidence": "high",
        "zone": "dropYard",
        "index": 2
      }
    },
    {
      "type": "Feature",
      "geometry": {
        "type": "Polygon",
        "coordinates": [
          [
            [
              -84.1806,
              38.01278
            ],
            [
              -84.1806,
              38.01261
            ],
            [
              -84.17935,
              38.01258
            ],
            [
              -84.17935,
              38.01275
            ],
            [
              -84.1806,
              38.01278
            ]
          ]
        ]
      },
      "properties": {
        "account": "kroger",
        "name": "Winchester Farms Dairy",
        "type": "Dairy Plant",
        "archetype": "#9",
        "archetypeName": "Gate + No GS (remote check-in)",
        "confidence": "high",
        "zone": "dockApron",
        "index": 1
      }
    },
    {
      "type": "Feature",
      "geometry": {
        "type": "Polygon",
        "coordinates": [
          [
            [
              -84.1812,
              38.01258
            ],
            [
              -84.1814,
              38.01243
            ],
            [
              -84.18095,
              38.01215
            ],
            [
              -84.18075,
              38.0123
            ],
            [
              -84.1812,
              38.01258
            ]
          ]
        ]
      },
      "properties": {
        "account": "kroger",
        "name": "Winchester Farms Dairy",
        "type": "Dairy Plant",
        "archetype": "#9",
        "archetypeName": "Gate + No GS (remote check-in)",
        "confidence": "high",
        "zone": "dockApron",
        "index": 2
      }
    },
    {
      "type": "Feature",
      "geometry": {
        "type": "Polygon",
        "coordinates": [
          [
            [
              -84.1792,
              38.01325
            ],
            [
              -84.17932,
              38.01297
            ],
            [
              -84.17882,
              38.0129
            ],
            [
              -84.1787,
              38.01318
            ],
            [
              -84.1792,
              38.01325
            ]
          ]
        ]
      },
      "properties": {
        "account": "kroger",
        "name": "Winchester Farms Dairy",
        "type": "Dairy Plant",
        "archetype": "#9",
        "archetypeName": "Gate + No GS (remote check-in)",
        "confidence": "high",
        "zone": "staging"
      }
    },
    {
      "type": "Feature",
      "geometry": {
        "type": "Polygon",
        "coordinates": [
          [
            [
              -82.46245,
              40.04095
            ],
            [
              -82.46255,
              40.0396
            ],
            [
              -82.46175,
              40.03825
            ],
            [
              -82.45995,
              40.0384
            ],
            [
              -82.4597,
              40.03995
            ],
            [
              -82.4601,
              40.041
            ],
            [
              -82.46245,
              40.04095
            ]
          ]
        ]
      },
      "properties": {
        "account": "kroger",
        "name": "Tamarack Farms Dairy",
        "type": "Dairy Plant",
        "archetype": "#1",
        "archetypeName": "Gate + GS (not BU sens.)",
        "confidence": "high",
        "zone": "perimeter",
        "truckGate": true,
        "guardShack": true,
        "remoteGs": false,
        "fastLaneOpportunity": false,
        "backupSensitive": false,
        "dropYard": true,
        "multipleFacilities": false,
        "scale": false,
        "shipRcvSeparate": false,
        "urbanRural": "Rural",
        "dockDoors": "25-50",
        "dropArea": "50+",
        "yardMetrics": {
          "dockDoorCount": 28,
          "trailersVisible": 70,
          "trailerParkingCapacity": 110,
          "truckGateCount": 1,
          "buildingCount": 1,
          "siteAreaAcres": 31,
          "railServed": false
        }
      }
    },
    {
      "type": "Feature",
      "geometry": {
        "type": "Polygon",
        "coordinates": [
          [
            [
              -82.46035,
              40.0403
            ],
            [
              -82.46035,
              40.04005
            ],
            [
              -82.45995,
              40.04005
            ],
            [
              -82.45995,
              40.0403
            ],
            [
              -82.46035,
              40.0403
            ]
          ]
        ]
      },
      "properties": {
        "account": "kroger",
        "name": "Tamarack Farms Dairy",
        "type": "Dairy Plant",
        "archetype": "#1",
        "archetypeName": "Gate + GS (not BU sens.)",
        "confidence": "high",
        "zone": "truckGate"
      }
    },
    {
      "type": "Feature",
      "geometry": {
        "type": "Polygon",
        "coordinates": [
          [
            [
              -82.46155,
              40.04035
            ],
            [
              -82.46155,
              40.0397
            ],
            [
              -82.46035,
              40.0397
            ],
            [
              -82.46035,
              40.04035
            ],
            [
              -82.46155,
              40.04035
            ]
          ]
        ]
      },
      "properties": {
        "account": "kroger",
        "name": "Tamarack Farms Dairy",
        "type": "Dairy Plant",
        "archetype": "#1",
        "archetypeName": "Gate + GS (not BU sens.)",
        "confidence": "high",
        "zone": "dropYard",
        "index": 1
      }
    },
    {
      "type": "Feature",
      "geometry": {
        "type": "Polygon",
        "coordinates": [
          [
            [
              -82.4601,
              40.0396
            ],
            [
              -82.4602,
              40.0385
            ],
            [
              -82.45995,
              40.0385
            ],
            [
              -82.45985,
              40.0396
            ],
            [
              -82.4601,
              40.0396
            ]
          ]
        ]
      },
      "properties": {
        "account": "kroger",
        "name": "Tamarack Farms Dairy",
        "type": "Dairy Plant",
        "archetype": "#1",
        "archetypeName": "Gate + GS (not BU sens.)",
        "confidence": "high",
        "zone": "dropYard",
        "index": 2
      }
    },
    {
      "type": "Feature",
      "geometry": {
        "type": "Polygon",
        "coordinates": [
          [
            [
              -82.46035,
              40.0396
            ],
            [
              -82.46045,
              40.0385
            ],
            [
              -82.4602,
              40.0385
            ],
            [
              -82.4601,
              40.0396
            ],
            [
              -82.46035,
              40.0396
            ]
          ]
        ]
      },
      "properties": {
        "account": "kroger",
        "name": "Tamarack Farms Dairy",
        "type": "Dairy Plant",
        "archetype": "#1",
        "archetypeName": "Gate + GS (not BU sens.)",
        "confidence": "high",
        "zone": "dockApron",
        "index": 1
      }
    },
    {
      "type": "Feature",
      "geometry": {
        "type": "Polygon",
        "coordinates": [
          [
            [
              -86.04075,
              39.76773
            ],
            [
              -86.0423,
              39.7677
            ],
            [
              -86.0434,
              39.7672
            ],
            [
              -86.04395,
              39.766
            ],
            [
              -86.0433,
              39.7643
            ],
            [
              -86.04195,
              39.76348
            ],
            [
              -86.04085,
              39.7636
            ],
            [
              -86.04075,
              39.76773
            ]
          ]
        ]
      },
      "properties": {
        "account": "kroger",
        "name": "Crossroad Farms Dairy",
        "type": "Dairy Plant",
        "archetype": "#3",
        "archetypeName": "No Gate / No GS",
        "confidence": "high",
        "zone": "perimeter",
        "truckGate": false,
        "guardShack": false,
        "remoteGs": false,
        "fastLaneOpportunity": true,
        "backupSensitive": false,
        "dropYard": true,
        "multipleFacilities": false,
        "scale": false,
        "shipRcvSeparate": false,
        "urbanRural": "Urban",
        "dockDoors": "25-50",
        "dropArea": "50+",
        "yardMetrics": {
          "dockDoorCount": 28,
          "trailersVisible": 70,
          "trailerParkingCapacity": 110,
          "truckGateCount": 1,
          "buildingCount": 2,
          "siteAreaAcres": 33,
          "railServed": false
        }
      }
    },
    {
      "type": "Feature",
      "geometry": {
        "type": "Polygon",
        "coordinates": [
          [
            [
              -86.04155,
              39.7647
            ],
            [
              -86.04155,
              39.76425
            ],
            [
              -86.0411,
              39.76425
            ],
            [
              -86.0411,
              39.7647
            ],
            [
              -86.04155,
              39.7647
            ]
          ]
        ]
      },
      "properties": {
        "account": "kroger",
        "name": "Crossroad Farms Dairy",
        "type": "Dairy Plant",
        "archetype": "#3",
        "archetypeName": "No Gate / No GS",
        "confidence": "high",
        "zone": "truckGate"
      }
    },
    {
      "type": "Feature",
      "geometry": {
        "type": "Polygon",
        "coordinates": [
          [
            [
              -86.04225,
              39.76773
            ],
            [
              -86.0433,
              39.7676
            ],
            [
              -86.04345,
              39.767
            ],
            [
              -86.04235,
              39.7669
            ],
            [
              -86.04225,
              39.76773
            ]
          ]
        ]
      },
      "properties": {
        "account": "kroger",
        "name": "Crossroad Farms Dairy",
        "type": "Dairy Plant",
        "archetype": "#3",
        "archetypeName": "No Gate / No GS",
        "confidence": "high",
        "zone": "dropYard",
        "index": 1
      }
    },
    {
      "type": "Feature",
      "geometry": {
        "type": "Polygon",
        "coordinates": [
          [
            [
              -86.04395,
              39.7666
            ],
            [
              -86.0442,
              39.7647
            ],
            [
              -86.04345,
              39.7643
            ],
            [
              -86.0433,
              39.7663
            ],
            [
              -86.04395,
              39.7666
            ]
          ]
        ]
      },
      "properties": {
        "account": "kroger",
        "name": "Crossroad Farms Dairy",
        "type": "Dairy Plant",
        "archetype": "#3",
        "archetypeName": "No Gate / No GS",
        "confidence": "high",
        "zone": "dropYard",
        "index": 2
      }
    },
    {
      "type": "Feature",
      "geometry": {
        "type": "Polygon",
        "coordinates": [
          [
            [
              -86.043,
              39.7643
            ],
            [
              -86.04255,
              39.76375
            ],
            [
              -86.04205,
              39.7636
            ],
            [
              -86.0424,
              39.7642
            ],
            [
              -86.043,
              39.7643
            ]
          ]
        ]
      },
      "properties": {
        "account": "kroger",
        "name": "Crossroad Farms Dairy",
        "type": "Dairy Plant",
        "archetype": "#3",
        "archetypeName": "No Gate / No GS",
        "confidence": "high",
        "zone": "dropYard",
        "index": 3
      }
    },
    {
      "type": "Feature",
      "geometry": {
        "type": "Polygon",
        "coordinates": [
          [
            [
              -86.04265,
              39.76665
            ],
            [
              -86.04275,
              39.7659
            ],
            [
              -86.04225,
              39.76585
            ],
            [
              -86.04215,
              39.7666
            ],
            [
              -86.04265,
              39.76665
            ]
          ]
        ]
      },
      "properties": {
        "account": "kroger",
        "name": "Crossroad Farms Dairy",
        "type": "Dairy Plant",
        "archetype": "#3",
        "archetypeName": "No Gate / No GS",
        "confidence": "high",
        "zone": "dockApron",
        "index": 1
      }
    },
    {
      "type": "Feature",
      "geometry": {
        "type": "Polygon",
        "coordinates": [
          [
            [
              -86.04205,
              39.7647
            ],
            [
              -86.0421,
              39.76405
            ],
            [
              -86.0414,
              39.76395
            ],
            [
              -86.04135,
              39.7646
            ],
            [
              -86.04205,
              39.7647
            ]
          ]
        ]
      },
      "properties": {
        "account": "kroger",
        "name": "Crossroad Farms Dairy",
        "type": "Dairy Plant",
        "archetype": "#3",
        "archetypeName": "No Gate / No GS",
        "confidence": "high",
        "zone": "staging"
      }
    },
    {
      "type": "Feature",
      "geometry": {
        "type": "Polygon",
        "coordinates": [
          [
            [
              -83.34075,
              42.3809
            ],
            [
              -83.3407,
              42.37915
            ],
            [
              -83.33725,
              42.37918
            ],
            [
              -83.33715,
              42.38093
            ],
            [
              -83.34075,
              42.3809
            ]
          ]
        ]
      },
      "properties": {
        "account": "kroger",
        "name": "Michigan Dairy",
        "type": "Dairy Plant",
        "archetype": "#9",
        "archetypeName": "Gate + No GS (remote check-in)",
        "confidence": "high",
        "zone": "perimeter",
        "truckGate": true,
        "guardShack": false,
        "remoteGs": true,
        "fastLaneOpportunity": true,
        "backupSensitive": false,
        "dropYard": true,
        "multipleFacilities": false,
        "scale": false,
        "shipRcvSeparate": false,
        "urbanRural": "Urban",
        "dockDoors": "50+",
        "dropArea": "50+",
        "yardMetrics": {
          "dockDoorCount": 55,
          "trailersVisible": 90,
          "trailerParkingCapacity": 140,
          "truckGateCount": 1,
          "buildingCount": 1,
          "siteAreaAcres": 14.6,
          "railServed": false
        }
      }
    },
    {
      "type": "Feature",
      "geometry": {
        "type": "Polygon",
        "coordinates": [
          [
            [
              -83.33752,
              42.37928
            ],
            [
              -83.33751,
              42.37907
            ],
            [
              -83.33717,
              42.37908
            ],
            [
              -83.33718,
              42.3793
            ],
            [
              -83.33752,
              42.37928
            ]
          ]
        ]
      },
      "properties": {
        "account": "kroger",
        "name": "Michigan Dairy",
        "type": "Dairy Plant",
        "archetype": "#9",
        "archetypeName": "Gate + No GS (remote check-in)",
        "confidence": "high",
        "zone": "truckGate"
      }
    },
    {
      "type": "Feature",
      "geometry": {
        "type": "Polygon",
        "coordinates": [
          [
            [
              -83.3407,
              42.38076
            ],
            [
              -83.34068,
              42.37921
            ],
            [
              -83.33922,
              42.37924
            ],
            [
              -83.33915,
              42.38079
            ],
            [
              -83.3407,
              42.38076
            ]
          ]
        ]
      },
      "properties": {
        "account": "kroger",
        "name": "Michigan Dairy",
        "type": "Dairy Plant",
        "archetype": "#9",
        "archetypeName": "Gate + No GS (remote check-in)",
        "confidence": "high",
        "zone": "dropYard",
        "index": 1
      }
    },
    {
      "type": "Feature",
      "geometry": {
        "type": "Polygon",
        "coordinates": [
          [
            [
              -83.33865,
              42.37922
            ],
            [
              -83.33865,
              42.37907
            ],
            [
              -83.33765,
              42.37908
            ],
            [
              -83.33765,
              42.37923
            ],
            [
              -83.33865,
              42.37922
            ]
          ]
        ]
      },
      "properties": {
        "account": "kroger",
        "name": "Michigan Dairy",
        "type": "Dairy Plant",
        "archetype": "#9",
        "archetypeName": "Gate + No GS (remote check-in)",
        "confidence": "high",
        "zone": "dropYard",
        "index": 2
      }
    },
    {
      "type": "Feature",
      "geometry": {
        "type": "Polygon",
        "coordinates": [
          [
            [
              -83.3396,
              42.37932
            ],
            [
              -83.3396,
              42.37922
            ],
            [
              -83.3386,
              42.37924
            ],
            [
              -83.3386,
              42.37934
            ],
            [
              -83.3396,
              42.37932
            ]
          ]
        ]
      },
      "properties": {
        "account": "kroger",
        "name": "Michigan Dairy",
        "type": "Dairy Plant",
        "archetype": "#9",
        "archetypeName": "Gate + No GS (remote check-in)",
        "confidence": "high",
        "zone": "dockApron",
        "index": 1
      }
    },
    {
      "type": "Feature",
      "geometry": {
        "type": "Polygon",
        "coordinates": [
          [
            [
              -97.884615,
              38.062149
            ],
            [
              -97.88489,
              38.057446
            ],
            [
              -97.878435,
              38.057446
            ],
            [
              -97.878435,
              38.062041
            ],
            [
              -97.884615,
              38.062149
            ]
          ]
        ]
      },
      "properties": {
        "account": "kroger",
        "name": "Jackson Hutchinson Dairy",
        "type": "Dairy Plant",
        "archetype": "#9",
        "archetypeName": "Gate + No GS (remote check-in)",
        "confidence": "high",
        "zone": "perimeter",
        "truckGate": true,
        "guardShack": false,
        "remoteGs": true,
        "fastLaneOpportunity": true,
        "backupSensitive": false,
        "dropYard": true,
        "multipleFacilities": true,
        "scale": false,
        "shipRcvSeparate": true,
        "urbanRural": "Rural",
        "dockDoors": "50+",
        "dropArea": "50+",
        "yardMetrics": {
          "dockDoorCount": 80,
          "trailersVisible": 100,
          "trailerParkingCapacity": 150,
          "truckGateCount": 2,
          "buildingCount": 3,
          "siteAreaAcres": 70,
          "railServed": true
        }
      }
    },
    {
      "type": "Feature",
      "geometry": {
        "type": "Polygon",
        "coordinates": [
          [
            [
              -97.884386,
              38.057866
            ],
            [
              -97.884386,
              38.057657
            ],
            [
              -97.884197,
              38.057657
            ],
            [
              -97.884197,
              38.057866
            ],
            [
              -97.884386,
              38.057866
            ]
          ]
        ]
      },
      "properties": {
        "account": "kroger",
        "name": "Jackson Hutchinson Dairy",
        "type": "Dairy Plant",
        "archetype": "#9",
        "archetypeName": "Gate + No GS (remote check-in)",
        "confidence": "high",
        "zone": "truckGate"
      }
    },
    {
      "type": "Feature",
      "geometry": {
        "type": "Polygon",
        "coordinates": [
          [
            [
              -97.884547,
              38.058202
            ],
            [
              -97.884547,
              38.0575
            ],
            [
              -97.879603,
              38.0575
            ],
            [
              -97.879603,
              38.058148
            ],
            [
              -97.884547,
              38.058202
            ]
          ]
        ]
      },
      "properties": {
        "account": "kroger",
        "name": "Jackson Hutchinson Dairy",
        "type": "Dairy Plant",
        "archetype": "#9",
        "archetypeName": "Gate + No GS (remote check-in)",
        "confidence": "high",
        "zone": "dropYard",
        "index": 1
      }
    },
    {
      "type": "Feature",
      "geometry": {
        "type": "Polygon",
        "coordinates": [
          [
            [
              -97.883311,
              38.061554
            ],
            [
              -97.883311,
              38.0595
            ],
            [
              -97.879053,
              38.0595
            ],
            [
              -97.879053,
              38.0615
            ],
            [
              -97.883311,
              38.061554
            ]
          ]
        ]
      },
      "properties": {
        "account": "kroger",
        "name": "Jackson Hutchinson Dairy",
        "type": "Dairy Plant",
        "archetype": "#9",
        "archetypeName": "Gate + No GS (remote check-in)",
        "confidence": "high",
        "zone": "dropYard",
        "index": 2
      }
    },
    {
      "type": "Feature",
      "geometry": {
        "type": "Polygon",
        "coordinates": [
          [
            [
              -97.884615,
              38.0595
            ],
            [
              -97.884615,
              38.0575
            ],
            [
              -97.883311,
              38.0575
            ],
            [
              -97.883311,
              38.0595
            ],
            [
              -97.884615,
              38.0595
            ]
          ]
        ]
      },
      "properties": {
        "account": "kroger",
        "name": "Jackson Hutchinson Dairy",
        "type": "Dairy Plant",
        "archetype": "#9",
        "archetypeName": "Gate + No GS (remote check-in)",
        "confidence": "high",
        "zone": "dropYard",
        "index": 3
      }
    },
    {
      "type": "Feature",
      "geometry": {
        "type": "Polygon",
        "coordinates": [
          [
            [
              -97.884547,
              38.058202
            ],
            [
              -97.884547,
              38.0578
            ],
            [
              -97.879603,
              38.0578
            ],
            [
              -97.879603,
              38.058148
            ],
            [
              -97.884547,
              38.058202
            ]
          ]
        ]
      },
      "properties": {
        "account": "kroger",
        "name": "Jackson Hutchinson Dairy",
        "type": "Dairy Plant",
        "archetype": "#9",
        "archetypeName": "Gate + No GS (remote check-in)",
        "confidence": "high",
        "zone": "dockApron",
        "index": 1
      }
    },
    {
      "type": "Feature",
      "geometry": {
        "type": "Polygon",
        "coordinates": [
          [
            [
              -79.1648,
              37.39833
            ],
            [
              -79.16558,
              37.39828
            ],
            [
              -79.16648,
              37.39778
            ],
            [
              -79.16665,
              37.39682
            ],
            [
              -79.1656,
              37.39646
            ],
            [
              -79.16488,
              37.3969
            ],
            [
              -79.1648,
              37.39833
            ]
          ]
        ]
      },
      "properties": {
        "account": "kroger",
        "name": "Westover Dairy",
        "type": "Dairy Plant",
        "archetype": "#9",
        "archetypeName": "Gate + No GS (remote check-in)",
        "confidence": "high",
        "zone": "perimeter",
        "truckGate": true,
        "guardShack": false,
        "remoteGs": true,
        "fastLaneOpportunity": false,
        "backupSensitive": false,
        "dropYard": true,
        "multipleFacilities": false,
        "scale": false,
        "shipRcvSeparate": false,
        "urbanRural": "Urban",
        "dockDoors": "10-25",
        "dropArea": "25-50",
        "yardMetrics": {
          "dockDoorCount": 14,
          "trailersVisible": 38,
          "trailerParkingCapacity": 60,
          "truckGateCount": 1,
          "buildingCount": 1,
          "siteAreaAcres": 9.5,
          "railServed": false
        }
      }
    },
    {
      "type": "Feature",
      "geometry": {
        "type": "Polygon",
        "coordinates": [
          [
            [
              -79.16505,
              37.39782
            ],
            [
              -79.16525,
              37.39752
            ],
            [
              -79.16505,
              37.39742
            ],
            [
              -79.16485,
              37.39772
            ],
            [
              -79.16505,
              37.39782
            ]
          ]
        ]
      },
      "properties": {
        "account": "kroger",
        "name": "Westover Dairy",
        "type": "Dairy Plant",
        "archetype": "#9",
        "archetypeName": "Gate + No GS (remote check-in)",
        "confidence": "high",
        "zone": "truckGate"
      }
    },
    {
      "type": "Feature",
      "geometry": {
        "type": "Polygon",
        "coordinates": [
          [
            [
              -79.166,
              37.397
            ],
            [
              -79.16642,
              37.39728
            ],
            [
              -79.1669,
              37.397
            ],
            [
              -79.16648,
              37.39672
            ],
            [
              -79.166,
              37.397
            ]
          ]
        ]
      },
      "properties": {
        "account": "kroger",
        "name": "Westover Dairy",
        "type": "Dairy Plant",
        "archetype": "#9",
        "archetypeName": "Gate + No GS (remote check-in)",
        "confidence": "high",
        "zone": "dropYard",
        "index": 1
      }
    },
    {
      "type": "Feature",
      "geometry": {
        "type": "Polygon",
        "coordinates": [
          [
            [
              -79.1654,
              37.39668
            ],
            [
              -79.1658,
              37.397
            ],
            [
              -79.16605,
              37.39682
            ],
            [
              -79.16565,
              37.3965
            ],
            [
              -79.1654,
              37.39668
            ]
          ]
        ]
      },
      "properties": {
        "account": "kroger",
        "name": "Westover Dairy",
        "type": "Dairy Plant",
        "archetype": "#9",
        "archetypeName": "Gate + No GS (remote check-in)",
        "confidence": "high",
        "zone": "dropYard",
        "index": 2
      }
    },
    {
      "type": "Feature",
      "geometry": {
        "type": "Polygon",
        "coordinates": [
          [
            [
              -79.16548,
              37.39712
            ],
            [
              -79.16575,
              37.39702
            ],
            [
              -79.16562,
              37.39688
            ],
            [
              -79.16535,
              37.39698
            ],
            [
              -79.16548,
              37.39712
            ]
          ]
        ]
      },
      "properties": {
        "account": "kroger",
        "name": "Westover Dairy",
        "type": "Dairy Plant",
        "archetype": "#9",
        "archetypeName": "Gate + No GS (remote check-in)",
        "confidence": "high",
        "zone": "dockApron",
        "index": 1
      }
    },
    {
      "type": "Feature",
      "geometry": {
        "type": "Polygon",
        "coordinates": [
          [
            [
              -84.4513,
              39.29205
            ],
            [
              -84.45175,
              39.29005
            ],
            [
              -84.44995,
              39.28985
            ],
            [
              -84.4485,
              39.2909
            ],
            [
              -84.44895,
              39.29235
            ],
            [
              -84.4513,
              39.29205
            ]
          ]
        ]
      },
      "properties": {
        "account": "kroger",
        "name": "Springdale Ice Cream & Beverage Plant",
        "type": "Beverage Plant",
        "archetype": "#9",
        "archetypeName": "Gate + No GS (remote check-in)",
        "confidence": "high",
        "zone": "perimeter",
        "truckGate": true,
        "guardShack": false,
        "remoteGs": true,
        "fastLaneOpportunity": false,
        "backupSensitive": false,
        "dropYard": true,
        "multipleFacilities": false,
        "scale": false,
        "shipRcvSeparate": false,
        "urbanRural": "Urban",
        "dockDoors": "25-50",
        "dropArea": "10-25",
        "yardMetrics": {
          "dockDoorCount": 30,
          "trailersVisible": 35,
          "trailerParkingCapacity": 45,
          "truckGateCount": 1,
          "buildingCount": 1,
          "siteAreaAcres": 22,
          "railServed": false
        }
      }
    },
    {
      "type": "Feature",
      "geometry": {
        "type": "Polygon",
        "coordinates": [
          [
            [
              -84.44895,
              39.2912
            ],
            [
              -84.4491,
              39.29085
            ],
            [
              -84.44865,
              39.2907
            ],
            [
              -84.4485,
              39.29105
            ],
            [
              -84.44895,
              39.2912
            ]
          ]
        ]
      },
      "properties": {
        "account": "kroger",
        "name": "Springdale Ice Cream & Beverage Plant",
        "type": "Beverage Plant",
        "archetype": "#9",
        "archetypeName": "Gate + No GS (remote check-in)",
        "confidence": "high",
        "zone": "truckGate"
      }
    },
    {
      "type": "Feature",
      "geometry": {
        "type": "Polygon",
        "coordinates": [
          [
            [
              -84.44965,
              39.2921
            ],
            [
              -84.4497,
              39.2915
            ],
            [
              -84.4489,
              39.2915
            ],
            [
              -84.44885,
              39.2921
            ],
            [
              -84.44965,
              39.2921
            ]
          ]
        ]
      },
      "properties": {
        "account": "kroger",
        "name": "Springdale Ice Cream & Beverage Plant",
        "type": "Beverage Plant",
        "archetype": "#9",
        "archetypeName": "Gate + No GS (remote check-in)",
        "confidence": "high",
        "zone": "dropYard",
        "index": 1
      }
    },
    {
      "type": "Feature",
      "geometry": {
        "type": "Polygon",
        "coordinates": [
          [
            [
              -84.4512,
              39.2915
            ],
            [
              -84.4516,
              39.2911
            ],
            [
              -84.45085,
              39.29075
            ],
            [
              -84.45045,
              39.29115
            ],
            [
              -84.4512,
              39.2915
            ]
          ]
        ]
      },
      "properties": {
        "account": "kroger",
        "name": "Springdale Ice Cream & Beverage Plant",
        "type": "Beverage Plant",
        "archetype": "#9",
        "archetypeName": "Gate + No GS (remote check-in)",
        "confidence": "high",
        "zone": "dockApron",
        "index": 1
      }
    },
    {
      "type": "Feature",
      "geometry": {
        "type": "Polygon",
        "coordinates": [
          [
            [
              -84.45095,
              39.29075
            ],
            [
              -84.45135,
              39.2903
            ],
            [
              -84.45095,
              39.2901
            ],
            [
              -84.45055,
              39.29055
            ],
            [
              -84.45095,
              39.29075
            ]
          ]
        ]
      },
      "properties": {
        "account": "kroger",
        "name": "Springdale Ice Cream & Beverage Plant",
        "type": "Beverage Plant",
        "archetype": "#9",
        "archetypeName": "Gate + No GS (remote check-in)",
        "confidence": "high",
        "zone": "dockApron",
        "index": 2
      }
    },
    {
      "type": "Feature",
      "geometry": {
        "type": "Polygon",
        "coordinates": [
          [
            [
              -84.4497,
              39.29215
            ],
            [
              -84.4495,
              39.29145
            ],
            [
              -84.44855,
              39.2915
            ],
            [
              -84.44875,
              39.2922
            ],
            [
              -84.4497,
              39.29215
            ]
          ]
        ]
      },
      "properties": {
        "account": "kroger",
        "name": "Springdale Ice Cream & Beverage Plant",
        "type": "Beverage Plant",
        "archetype": "#9",
        "archetypeName": "Gate + No GS (remote check-in)",
        "confidence": "high",
        "zone": "staging"
      }
    },
    {
      "type": "Feature",
      "geometry": {
        "type": "Polygon",
        "coordinates": [
          [
            [
              -97.328017,
              32.735477
            ],
            [
              -97.328017,
              32.733897
            ],
            [
              -97.326488,
              32.733897
            ],
            [
              -97.326488,
              32.734529
            ],
            [
              -97.325909,
              32.734552
            ],
            [
              -97.325909,
              32.735409
            ],
            [
              -97.326005,
              32.735477
            ],
            [
              -97.328017,
              32.735477
            ]
          ]
        ]
      },
      "properties": {
        "account": "kroger",
        "name": "Vandervoort Dairy",
        "type": "Dairy Plant",
        "archetype": "#9",
        "archetypeName": "Gate + No GS (remote check-in)",
        "confidence": "high",
        "zone": "perimeter",
        "truckGate": true,
        "guardShack": false,
        "remoteGs": true,
        "fastLaneOpportunity": false,
        "backupSensitive": true,
        "dropYard": true,
        "multipleFacilities": true,
        "scale": false,
        "shipRcvSeparate": true,
        "urbanRural": "Urban",
        "dockDoors": "10-25",
        "dropArea": "50+",
        "yardMetrics": {
          "dockDoorCount": 20,
          "trailersVisible": 70,
          "trailerParkingCapacity": 90,
          "truckGateCount": 2,
          "buildingCount": 3,
          "siteAreaAcres": 7.6,
          "railServed": false
        }
      }
    },
    {
      "type": "Feature",
      "geometry": {
        "type": "Polygon",
        "coordinates": [
          [
            [
              -97.3274,
              32.7348
            ],
            [
              -97.3274,
              32.734597
            ],
            [
              -97.327078,
              32.734597
            ],
            [
              -97.327078,
              32.7348
            ],
            [
              -97.3274,
              32.7348
            ]
          ]
        ]
      },
      "properties": {
        "account": "kroger",
        "name": "Vandervoort Dairy",
        "type": "Dairy Plant",
        "archetype": "#9",
        "archetypeName": "Gate + No GS (remote check-in)",
        "confidence": "high",
        "zone": "truckGate"
      }
    },
    {
      "type": "Feature",
      "geometry": {
        "type": "Polygon",
        "coordinates": [
          [
            [
              -97.32799,
              32.735432
            ],
            [
              -97.32799,
              32.734597
            ],
            [
              -97.3274,
              32.734597
            ],
            [
              -97.3274,
              32.735432
            ],
            [
              -97.32799,
              32.735432
            ]
          ]
        ]
      },
      "properties": {
        "account": "kroger",
        "name": "Vandervoort Dairy",
        "type": "Dairy Plant",
        "archetype": "#9",
        "archetypeName": "Gate + No GS (remote check-in)",
        "confidence": "high",
        "zone": "dropYard",
        "index": 1
      }
    },
    {
      "type": "Feature",
      "geometry": {
        "type": "Polygon",
        "coordinates": [
          [
            [
              -97.327963,
              32.734462
            ],
            [
              -97.327963,
              32.73392
            ],
            [
              -97.326542,
              32.73392
            ],
            [
              -97.326542,
              32.734462
            ],
            [
              -97.327963,
              32.734462
            ]
          ]
        ]
      },
      "properties": {
        "account": "kroger",
        "name": "Vandervoort Dairy",
        "type": "Dairy Plant",
        "archetype": "#9",
        "archetypeName": "Gate + No GS (remote check-in)",
        "confidence": "high",
        "zone": "dropYard",
        "index": 2
      }
    },
    {
      "type": "Feature",
      "geometry": {
        "type": "Polygon",
        "coordinates": [
          [
            [
              -97.327266,
              32.735003
            ],
            [
              -97.32732,
              32.734755
            ],
            [
              -97.326515,
              32.734552
            ],
            [
              -97.326461,
              32.7348
            ],
            [
              -97.327266,
              32.735003
            ]
          ]
        ]
      },
      "properties": {
        "account": "kroger",
        "name": "Vandervoort Dairy",
        "type": "Dairy Plant",
        "archetype": "#9",
        "archetypeName": "Gate + No GS (remote check-in)",
        "confidence": "high",
        "zone": "dockApron",
        "index": 1
      }
    },
    {
      "type": "Feature",
      "geometry": {
        "type": "Polygon",
        "coordinates": [
          [
            [
              -122.69914,
              45.55905
            ],
            [
              -122.69923,
              45.55823
            ],
            [
              -122.69746,
              45.55815
            ],
            [
              -122.69683,
              45.55803
            ],
            [
              -122.69688,
              45.55851
            ],
            [
              -122.69737,
              45.55901
            ],
            [
              -122.69914,
              45.55905
            ]
          ]
        ]
      },
      "properties": {
        "account": "kroger",
        "name": "Swan Island Dairy",
        "type": "Dairy Plant",
        "archetype": "#3",
        "archetypeName": "No Gate / No GS",
        "confidence": "high",
        "zone": "perimeter",
        "truckGate": false,
        "guardShack": false,
        "remoteGs": false,
        "fastLaneOpportunity": false,
        "backupSensitive": true,
        "dropYard": true,
        "multipleFacilities": false,
        "scale": false,
        "shipRcvSeparate": false,
        "urbanRural": "Urban",
        "dockDoors": "10-25",
        "dropArea": "10-25",
        "yardMetrics": {
          "dockDoorCount": 14,
          "trailersVisible": 22,
          "trailerParkingCapacity": 28,
          "truckGateCount": 1,
          "buildingCount": 1,
          "siteAreaAcres": 6.8,
          "railServed": false
        }
      }
    },
    {
      "type": "Feature",
      "geometry": {
        "type": "Polygon",
        "coordinates": [
          [
            [
              -122.69929,
              45.55859
            ],
            [
              -122.69923,
              45.55837
            ],
            [
              -122.69894,
              45.55843
            ],
            [
              -122.699,
              45.55865
            ],
            [
              -122.69929,
              45.55859
            ]
          ]
        ]
      },
      "properties": {
        "account": "kroger",
        "name": "Swan Island Dairy",
        "type": "Dairy Plant",
        "archetype": "#3",
        "archetypeName": "No Gate / No GS",
        "confidence": "high",
        "zone": "truckGate"
      }
    },
    {
      "type": "Feature",
      "geometry": {
        "type": "Polygon",
        "coordinates": [
          [
            [
              -122.6972,
              45.55825
            ],
            [
              -122.69729,
              45.55791
            ],
            [
              -122.6968,
              45.55787
            ],
            [
              -122.69671,
              45.55821
            ],
            [
              -122.6972,
              45.55825
            ]
          ]
        ]
      },
      "properties": {
        "account": "kroger",
        "name": "Swan Island Dairy",
        "type": "Dairy Plant",
        "archetype": "#3",
        "archetypeName": "No Gate / No GS",
        "confidence": "high",
        "zone": "dropYard",
        "index": 1
      }
    },
    {
      "type": "Feature",
      "geometry": {
        "type": "Polygon",
        "coordinates": [
          [
            [
              -122.69734,
              45.55897
            ],
            [
              -122.69729,
              45.55833
            ],
            [
              -122.69706,
              45.55831
            ],
            [
              -122.69711,
              45.55895
            ],
            [
              -122.69734,
              45.55897
            ]
          ]
        ]
      },
      "properties": {
        "account": "kroger",
        "name": "Swan Island Dairy",
        "type": "Dairy Plant",
        "archetype": "#3",
        "archetypeName": "No Gate / No GS",
        "confidence": "high",
        "zone": "dockApron",
        "index": 1
      }
    },
    {
      "type": "Feature",
      "geometry": {
        "type": "Polygon",
        "coordinates": [
          [
            [
              -104.8741,
              39.79075
            ],
            [
              -104.87255,
              39.79065
            ],
            [
              -104.8715,
              39.79345
            ],
            [
              -104.8715,
              39.7949
            ],
            [
              -104.8722,
              39.79515
            ],
            [
              -104.87425,
              39.7948
            ],
            [
              -104.876,
              39.7933
            ],
            [
              -104.8741,
              39.79075
            ]
          ]
        ]
      },
      "properties": {
        "account": "kroger",
        "name": "Mountain View Foods",
        "type": "Dairy Plant",
        "archetype": "#3",
        "archetypeName": "No Gate / No GS",
        "confidence": "high",
        "zone": "perimeter",
        "truckGate": false,
        "guardShack": false,
        "remoteGs": false,
        "fastLaneOpportunity": true,
        "backupSensitive": false,
        "dropYard": true,
        "multipleFacilities": false,
        "scale": false,
        "shipRcvSeparate": true,
        "urbanRural": "Urban",
        "dockDoors": "25-50",
        "dropArea": "50+",
        "yardMetrics": {
          "dockDoorCount": 28,
          "trailersVisible": 130,
          "trailerParkingCapacity": 160,
          "truckGateCount": 1,
          "buildingCount": 1,
          "siteAreaAcres": 27,
          "railServed": false
        }
      }
    },
    {
      "type": "Feature",
      "geometry": {
        "type": "Polygon",
        "coordinates": [
          [
            [
              -104.87345,
              39.79085
            ],
            [
              -104.8729,
              39.79085
            ],
            [
              -104.8729,
              39.79115
            ],
            [
              -104.87345,
              39.79115
            ],
            [
              -104.87345,
              39.79085
            ]
          ]
        ]
      },
      "properties": {
        "account": "kroger",
        "name": "Mountain View Foods",
        "type": "Dairy Plant",
        "archetype": "#3",
        "archetypeName": "No Gate / No GS",
        "confidence": "high",
        "zone": "truckGate"
      }
    },
    {
      "type": "Feature",
      "geometry": {
        "type": "Polygon",
        "coordinates": [
          [
            [
              -104.87555,
              39.79295
            ],
            [
              -104.8744,
              39.7946
            ],
            [
              -104.87475,
              39.7948
            ],
            [
              -104.8759,
              39.79315
            ],
            [
              -104.87555,
              39.79295
            ]
          ]
        ]
      },
      "properties": {
        "account": "kroger",
        "name": "Mountain View Foods",
        "type": "Dairy Plant",
        "archetype": "#3",
        "archetypeName": "No Gate / No GS",
        "confidence": "high",
        "zone": "dropYard",
        "index": 1
      }
    },
    {
      "type": "Feature",
      "geometry": {
        "type": "Polygon",
        "coordinates": [
          [
            [
              -104.8747,
              39.79115
            ],
            [
              -104.8742,
              39.79235
            ],
            [
              -104.87455,
              39.7925
            ],
            [
              -104.87505,
              39.7913
            ],
            [
              -104.8747,
              39.79115
            ]
          ]
        ]
      },
      "properties": {
        "account": "kroger",
        "name": "Mountain View Foods",
        "type": "Dairy Plant",
        "archetype": "#3",
        "archetypeName": "No Gate / No GS",
        "confidence": "high",
        "zone": "dropYard",
        "index": 2
      }
    },
    {
      "type": "Feature",
      "geometry": {
        "type": "Polygon",
        "coordinates": [
          [
            [
              -104.8723,
              39.7927
            ],
            [
              -104.8717,
              39.7933
            ],
            [
              -104.87195,
              39.79355
            ],
            [
              -104.87255,
              39.79295
            ],
            [
              -104.8723,
              39.7927
            ]
          ]
        ]
      },
      "properties": {
        "account": "kroger",
        "name": "Mountain View Foods",
        "type": "Dairy Plant",
        "archetype": "#3",
        "archetypeName": "No Gate / No GS",
        "confidence": "high",
        "zone": "dropYard",
        "index": 3
      }
    },
    {
      "type": "Feature",
      "geometry": {
        "type": "Polygon",
        "coordinates": [
          [
            [
              -104.87415,
              39.7936
            ],
            [
              -104.8737,
              39.7956
            ],
            [
              -104.87405,
              39.79565
            ],
            [
              -104.8745,
              39.79365
            ],
            [
              -104.87415,
              39.7936
            ]
          ]
        ]
      },
      "properties": {
        "account": "kroger",
        "name": "Mountain View Foods",
        "type": "Dairy Plant",
        "archetype": "#3",
        "archetypeName": "No Gate / No GS",
        "confidence": "high",
        "zone": "dockApron",
        "index": 1
      }
    },
    {
      "type": "Feature",
      "geometry": {
        "type": "Polygon",
        "coordinates": [
          [
            [
              -104.8734,
              39.79295
            ],
            [
              -104.8729,
              39.79355
            ],
            [
              -104.8732,
              39.79375
            ],
            [
              -104.8737,
              39.79315
            ],
            [
              -104.8734,
              39.79295
            ]
          ]
        ]
      },
      "properties": {
        "account": "kroger",
        "name": "Mountain View Foods",
        "type": "Dairy Plant",
        "archetype": "#3",
        "archetypeName": "No Gate / No GS",
        "confidence": "high",
        "zone": "dockApron",
        "index": 2
      }
    },
    {
      "type": "Feature",
      "geometry": {
        "type": "Polygon",
        "coordinates": [
          [
            [
              -111.9864,
              41.06495
            ],
            [
              -111.9864,
              41.06305
            ],
            [
              -111.98225,
              41.063
            ],
            [
              -111.98115,
              41.0637
            ],
            [
              -111.9815,
              41.0648
            ],
            [
              -111.9864,
              41.06495
            ]
          ]
        ]
      },
      "properties": {
        "account": "kroger",
        "name": "Kroger Layton Dairy",
        "type": "Dairy Plant",
        "archetype": "#6",
        "archetypeName": "Gate + GS (not BU sens.) + campus",
        "confidence": "high",
        "zone": "perimeter",
        "truckGate": true,
        "guardShack": true,
        "remoteGs": false,
        "fastLaneOpportunity": true,
        "backupSensitive": false,
        "dropYard": true,
        "multipleFacilities": true,
        "scale": false,
        "shipRcvSeparate": false,
        "urbanRural": "Urban",
        "dockDoors": "10-25",
        "dropArea": "10-25",
        "yardMetrics": {
          "dockDoorCount": 22,
          "trailersVisible": 30,
          "trailerParkingCapacity": 60,
          "truckGateCount": 1,
          "buildingCount": 1,
          "siteAreaAcres": 21,
          "railServed": false
        }
      }
    },
    {
      "type": "Feature",
      "geometry": {
        "type": "Polygon",
        "coordinates": [
          [
            [
              -111.98555,
              41.06545
            ],
            [
              -111.98558,
              41.06475
            ],
            [
              -111.98498,
              41.06475
            ],
            [
              -111.98495,
              41.06545
            ],
            [
              -111.98555,
              41.06545
            ]
          ]
        ]
      },
      "properties": {
        "account": "kroger",
        "name": "Kroger Layton Dairy",
        "type": "Dairy Plant",
        "archetype": "#6",
        "archetypeName": "Gate + GS (not BU sens.) + campus",
        "confidence": "high",
        "zone": "truckGate"
      }
    },
    {
      "type": "Feature",
      "geometry": {
        "type": "Polygon",
        "coordinates": [
          [
            [
              -111.98215,
              41.06372
            ],
            [
              -111.98217,
              41.06337
            ],
            [
              -111.98122,
              41.06335
            ],
            [
              -111.9812,
              41.0637
            ],
            [
              -111.98215,
              41.06372
            ]
          ]
        ]
      },
      "properties": {
        "account": "kroger",
        "name": "Kroger Layton Dairy",
        "type": "Dairy Plant",
        "archetype": "#6",
        "archetypeName": "Gate + GS (not BU sens.) + campus",
        "confidence": "high",
        "zone": "dockApron",
        "index": 1
      }
    },
    {
      "type": "Feature",
      "geometry": {
        "type": "Polygon",
        "coordinates": [
          [
            [
              -117.307564,
              33.931516
            ],
            [
              -117.307976,
              33.930832
            ],
            [
              -117.308868,
              33.929208
            ],
            [
              -117.307323,
              33.927641
            ],
            [
              -117.306156,
              33.927527
            ],
            [
              -117.304645,
              33.928069
            ],
            [
              -117.304577,
              33.929066
            ],
            [
              -117.304989,
              33.929949
            ],
            [
              -117.305538,
              33.930689
            ],
            [
              -117.30595,
              33.931402
            ],
            [
              -117.307564,
              33.931516
            ]
          ]
        ]
      },
      "properties": {
        "account": "kroger",
        "name": "Riverside Creamery",
        "type": "Dairy Plant",
        "archetype": "#9",
        "archetypeName": "Gate + No GS (remote check-in)",
        "confidence": "high",
        "zone": "perimeter",
        "truckGate": true,
        "guardShack": false,
        "remoteGs": true,
        "fastLaneOpportunity": false,
        "backupSensitive": false,
        "dropYard": true,
        "multipleFacilities": true,
        "scale": false,
        "shipRcvSeparate": true,
        "urbanRural": "Rural",
        "dockDoors": "50+",
        "dropArea": "50+",
        "yardMetrics": {
          "dockDoorCount": 55,
          "trailersVisible": 70,
          "trailerParkingCapacity": 90,
          "truckGateCount": 1,
          "buildingCount": 2,
          "siteAreaAcres": 30.3,
          "railServed": false
        }
      }
    },
    {
      "type": "Feature",
      "geometry": {
        "type": "Polygon",
        "coordinates": [
          [
            [
              -117.304577,
              33.929066
            ],
            [
              -117.30468,
              33.928752
            ],
            [
              -117.304439,
              33.928638
            ],
            [
              -117.304336,
              33.928952
            ],
            [
              -117.304577,
              33.929066
            ]
          ]
        ]
      },
      "properties": {
        "account": "kroger",
        "name": "Riverside Creamery",
        "type": "Dairy Plant",
        "archetype": "#9",
        "archetypeName": "Gate + No GS (remote check-in)",
        "confidence": "high",
        "zone": "truckGate"
      }
    },
    {
      "type": "Feature",
      "geometry": {
        "type": "Polygon",
        "coordinates": [
          [
            [
              -117.306431,
              33.929721
            ],
            [
              -117.306774,
              33.928752
            ],
            [
              -117.306156,
              33.928069
            ],
            [
              -117.304989,
              33.928411
            ],
            [
              -117.305126,
              33.929436
            ],
            [
              -117.306431,
              33.929721
            ]
          ]
        ]
      },
      "properties": {
        "account": "kroger",
        "name": "Riverside Creamery",
        "type": "Dairy Plant",
        "archetype": "#9",
        "archetypeName": "Gate + No GS (remote check-in)",
        "confidence": "high",
        "zone": "dropYard",
        "index": 1
      }
    },
    {
      "type": "Feature",
      "geometry": {
        "type": "Polygon",
        "coordinates": [
          [
            [
              -117.307323,
              33.931174
            ],
            [
              -117.307426,
              33.930917
            ],
            [
              -117.30595,
              33.930689
            ],
            [
              -117.305847,
              33.930946
            ],
            [
              -117.307323,
              33.931174
            ]
          ]
        ]
      },
      "properties": {
        "account": "kroger",
        "name": "Riverside Creamery",
        "type": "Dairy Plant",
        "archetype": "#9",
        "archetypeName": "Gate + No GS (remote check-in)",
        "confidence": "high",
        "zone": "dockApron",
        "index": 1
      }
    },
    {
      "type": "Feature",
      "geometry": {
        "type": "Polygon",
        "coordinates": [
          [
            [
              -117.308765,
              33.929949
            ],
            [
              -117.308525,
              33.929778
            ],
            [
              -117.307838,
              33.930519
            ],
            [
              -117.308079,
              33.930689
            ],
            [
              -117.308765,
              33.929949
            ]
          ]
        ]
      },
      "properties": {
        "account": "kroger",
        "name": "Riverside Creamery",
        "type": "Dairy Plant",
        "archetype": "#9",
        "archetypeName": "Gate + No GS (remote check-in)",
        "confidence": "high",
        "zone": "dockApron",
        "index": 2
      }
    },
    {
      "type": "Feature",
      "geometry": {
        "type": "Polygon",
        "coordinates": [
          [
            [
              -118.24095,
              33.87232
            ],
            [
              -118.24108,
              33.871
            ],
            [
              -118.24102,
              33.86962
            ],
            [
              -118.237,
              33.86965
            ],
            [
              -118.23628,
              33.8704
            ],
            [
              -118.23628,
              33.8715
            ],
            [
              -118.2372,
              33.87235
            ],
            [
              -118.24095,
              33.87232
            ]
          ]
        ]
      },
      "properties": {
        "account": "kroger",
        "name": "Compton Creamery",
        "type": "Dairy Plant",
        "archetype": "#6",
        "archetypeName": "Gate + GS (not BU sens.) + campus",
        "confidence": "high",
        "zone": "perimeter",
        "truckGate": true,
        "guardShack": true,
        "remoteGs": false,
        "fastLaneOpportunity": true,
        "backupSensitive": false,
        "dropYard": true,
        "multipleFacilities": true,
        "scale": false,
        "shipRcvSeparate": true,
        "urbanRural": "Urban",
        "dockDoors": "50+",
        "dropArea": "50+",
        "yardMetrics": {
          "dockDoorCount": 55,
          "trailersVisible": 120,
          "trailerParkingCapacity": 140,
          "truckGateCount": 1,
          "buildingCount": 4,
          "siteAreaAcres": 31,
          "railServed": false
        }
      }
    },
    {
      "type": "Feature",
      "geometry": {
        "type": "Polygon",
        "coordinates": [
          [
            [
              -118.23712,
              33.87118
            ],
            [
              -118.23712,
              33.87076
            ],
            [
              -118.23648,
              33.87078
            ],
            [
              -118.23648,
              33.8712
            ],
            [
              -118.23712,
              33.87118
            ]
          ]
        ]
      },
      "properties": {
        "account": "kroger",
        "name": "Compton Creamery",
        "type": "Dairy Plant",
        "archetype": "#6",
        "archetypeName": "Gate + GS (not BU sens.) + campus",
        "confidence": "high",
        "zone": "truckGate"
      }
    },
    {
      "type": "Feature",
      "geometry": {
        "type": "Polygon",
        "coordinates": [
          [
            [
              -118.23845,
              33.87155
            ],
            [
              -118.23845,
              33.87045
            ],
            [
              -118.2369,
              33.87045
            ],
            [
              -118.2369,
              33.87155
            ],
            [
              -118.23845,
              33.87155
            ]
          ]
        ]
      },
      "properties": {
        "account": "kroger",
        "name": "Compton Creamery",
        "type": "Dairy Plant",
        "archetype": "#6",
        "archetypeName": "Gate + GS (not BU sens.) + campus",
        "confidence": "high",
        "zone": "dropYard",
        "index": 1
      }
    },
    {
      "type": "Feature",
      "geometry": {
        "type": "Polygon",
        "coordinates": [
          [
            [
              -118.2405,
              33.86995
            ],
            [
              -118.2405,
              33.86975
            ],
            [
              -118.237,
              33.86975
            ],
            [
              -118.237,
              33.86995
            ],
            [
              -118.2405,
              33.86995
            ]
          ]
        ]
      },
      "properties": {
        "account": "kroger",
        "name": "Compton Creamery",
        "type": "Dairy Plant",
        "archetype": "#6",
        "archetypeName": "Gate + GS (not BU sens.) + campus",
        "confidence": "high",
        "zone": "dockApron",
        "index": 1
      }
    },
    {
      "type": "Feature",
      "geometry": {
        "type": "Polygon",
        "coordinates": [
          [
            [
              -118.2401,
              33.8721
            ],
            [
              -118.2401,
              33.87188
            ],
            [
              -118.2373,
              33.87188
            ],
            [
              -118.2373,
              33.8721
            ],
            [
              -118.2401,
              33.8721
            ]
          ]
        ]
      },
      "properties": {
        "account": "kroger",
        "name": "Compton Creamery",
        "type": "Dairy Plant",
        "archetype": "#6",
        "archetypeName": "Gate + GS (not BU sens.) + campus",
        "confidence": "high",
        "zone": "dockApron",
        "index": 2
      }
    },
    {
      "type": "Feature",
      "geometry": {
        "type": "Polygon",
        "coordinates": [
          [
            [
              -118.2364,
              33.87132
            ],
            [
              -118.2364,
              33.8706
            ],
            [
              -118.236,
              33.8706
            ],
            [
              -118.236,
              33.87132
            ],
            [
              -118.2364,
              33.87132
            ]
          ]
        ]
      },
      "properties": {
        "account": "kroger",
        "name": "Compton Creamery",
        "type": "Dairy Plant",
        "archetype": "#6",
        "archetypeName": "Gate + GS (not BU sens.) + campus",
        "confidence": "high",
        "zone": "staging"
      }
    },
    {
      "type": "Feature",
      "geometry": {
        "type": "Polygon",
        "coordinates": [
          [
            [
              -112.277487,
              33.439417
            ],
            [
              -112.277555,
              33.437812
            ],
            [
              -112.275427,
              33.437812
            ],
            [
              -112.275495,
              33.439417
            ],
            [
              -112.277487,
              33.439417
            ]
          ]
        ]
      },
      "properties": {
        "account": "kroger",
        "name": "Tolleson Dairy",
        "type": "Dairy Plant",
        "archetype": "#9",
        "archetypeName": "Gate + No GS (remote check-in)",
        "confidence": "medium",
        "zone": "perimeter",
        "truckGate": true,
        "guardShack": false,
        "remoteGs": true,
        "fastLaneOpportunity": true,
        "backupSensitive": false,
        "dropYard": true,
        "multipleFacilities": true,
        "scale": false,
        "shipRcvSeparate": true,
        "urbanRural": "Urban",
        "dockDoors": "10-25",
        "dropArea": "25-50",
        "yardMetrics": {
          "dockDoorCount": 16,
          "trailersVisible": 60,
          "trailerParkingCapacity": 120,
          "truckGateCount": 1,
          "buildingCount": 1,
          "siteAreaAcres": 8.2,
          "railServed": true
        }
      }
    },
    {
      "type": "Feature",
      "geometry": {
        "type": "Polygon",
        "coordinates": [
          [
            [
              -112.279612,
              33.442214
            ],
            [
              -112.279612,
              33.441784
            ],
            [
              -112.279269,
              33.441784
            ],
            [
              -112.279269,
              33.442214
            ],
            [
              -112.279612,
              33.442214
            ]
          ]
        ]
      },
      "properties": {
        "account": "kroger",
        "name": "Tolleson Dairy",
        "type": "Dairy Plant",
        "archetype": "#9",
        "archetypeName": "Gate + No GS (remote check-in)",
        "confidence": "medium",
        "zone": "truckGate"
      }
    },
    {
      "type": "Feature",
      "geometry": {
        "type": "Polygon",
        "coordinates": [
          [
            [
              -112.276812,
              33.4381
            ],
            [
              -112.276812,
              33.437842
            ],
            [
              -112.276572,
              33.437842
            ],
            [
              -112.276572,
              33.4381
            ],
            [
              -112.276812,
              33.4381
            ]
          ]
        ]
      },
      "properties": {
        "account": "kroger",
        "name": "Tolleson Dairy",
        "type": "Dairy Plant",
        "archetype": "#9",
        "archetypeName": "Gate + No GS (remote check-in)",
        "confidence": "medium",
        "zone": "dropYard",
        "index": 1
      }
    },
    {
      "type": "Feature",
      "geometry": {
        "type": "Polygon",
        "coordinates": [
          [
            [
              -112.276675,
              33.438336
            ],
            [
              -112.276675,
              33.438215
            ],
            [
              -112.276349,
              33.438215
            ],
            [
              -112.276349,
              33.438336
            ],
            [
              -112.276675,
              33.438336
            ]
          ]
        ]
      },
      "properties": {
        "account": "kroger",
        "name": "Tolleson Dairy",
        "type": "Dairy Plant",
        "archetype": "#9",
        "archetypeName": "Gate + No GS (remote check-in)",
        "confidence": "medium",
        "zone": "dockApron",
        "index": 1
      }
    },
    {
      "type": "Feature",
      "geometry": {
        "type": "Polygon",
        "coordinates": [
          [
            [
              -96.92905,
              32.84135
            ],
            [
              -96.92925,
              32.8377
            ],
            [
              -96.92692,
              32.83772
            ],
            [
              -96.9269,
              32.83828
            ],
            [
              -96.9256,
              32.8383
            ],
            [
              -96.92555,
              32.8398
            ],
            [
              -96.9256,
              32.84118
            ],
            [
              -96.92905,
              32.84135
            ]
          ]
        ]
      },
      "properties": {
        "account": "kroger",
        "name": "America's Beverage Plant",
        "type": "Beverage Plant",
        "archetype": "#3",
        "archetypeName": "No Gate / No GS",
        "confidence": "high",
        "zone": "perimeter",
        "truckGate": false,
        "guardShack": false,
        "remoteGs": false,
        "fastLaneOpportunity": true,
        "backupSensitive": false,
        "dropYard": true,
        "multipleFacilities": true,
        "scale": false,
        "shipRcvSeparate": true,
        "urbanRural": "Urban",
        "dockDoors": "50+",
        "dropArea": "50+",
        "yardMetrics": {
          "dockDoorCount": 70,
          "trailersVisible": 220,
          "trailerParkingCapacity": 300,
          "truckGateCount": 1,
          "buildingCount": 3,
          "siteAreaAcres": 30.7,
          "railServed": false
        }
      }
    },
    {
      "type": "Feature",
      "geometry": {
        "type": "Polygon",
        "coordinates": [
          [
            [
              -96.92845,
              32.8376
            ],
            [
              -96.92775,
              32.8376
            ],
            [
              -96.92778,
              32.83815
            ],
            [
              -96.92848,
              32.83815
            ],
            [
              -96.92845,
              32.8376
            ]
          ]
        ]
      },
      "properties": {
        "account": "kroger",
        "name": "America's Beverage Plant",
        "type": "Beverage Plant",
        "archetype": "#3",
        "archetypeName": "No Gate / No GS",
        "confidence": "high",
        "zone": "truckGate"
      }
    },
    {
      "type": "Feature",
      "geometry": {
        "type": "Polygon",
        "coordinates": [
          [
            [
              -96.928,
              32.84128
            ],
            [
              -96.92802,
              32.84035
            ],
            [
              -96.92608,
              32.8403
            ],
            [
              -96.92605,
              32.8412
            ],
            [
              -96.928,
              32.84128
            ]
          ]
        ]
      },
      "properties": {
        "account": "kroger",
        "name": "America's Beverage Plant",
        "type": "Beverage Plant",
        "archetype": "#3",
        "archetypeName": "No Gate / No GS",
        "confidence": "high",
        "zone": "dropYard",
        "index": 1
      }
    },
    {
      "type": "Feature",
      "geometry": {
        "type": "Polygon",
        "coordinates": [
          [
            [
              -96.92648,
              32.84015
            ],
            [
              -96.92652,
              32.83842
            ],
            [
              -96.92572,
              32.8384
            ],
            [
              -96.92568,
              32.84012
            ],
            [
              -96.92648,
              32.84015
            ]
          ]
        ]
      },
      "properties": {
        "account": "kroger",
        "name": "America's Beverage Plant",
        "type": "Beverage Plant",
        "archetype": "#3",
        "archetypeName": "No Gate / No GS",
        "confidence": "high",
        "zone": "dropYard",
        "index": 2
      }
    },
    {
      "type": "Feature",
      "geometry": {
        "type": "Polygon",
        "coordinates": [
          [
            [
              -96.9269,
              32.8406
            ],
            [
              -96.92694,
              32.83872
            ],
            [
              -96.92672,
              32.8387
            ],
            [
              -96.92668,
              32.84058
            ],
            [
              -96.9269,
              32.8406
            ]
          ]
        ]
      },
      "properties": {
        "account": "kroger",
        "name": "America's Beverage Plant",
        "type": "Beverage Plant",
        "archetype": "#3",
        "archetypeName": "No Gate / No GS",
        "confidence": "high",
        "zone": "dockApron",
        "index": 1
      }
    },
    {
      "type": "Feature",
      "geometry": {
        "type": "Polygon",
        "coordinates": [
          [
            [
              -86.87594,
              40.05207
            ],
            [
              -86.87594,
              40.05002
            ],
            [
              -86.87235,
              40.0501
            ],
            [
              -86.87219,
              40.05203
            ],
            [
              -86.87594,
              40.05207
            ]
          ]
        ]
      },
      "properties": {
        "account": "kroger",
        "name": "Pace Dairy of Indiana (Crawfordsville Cheese)",
        "type": "Dairy Plant",
        "archetype": "#1",
        "archetypeName": "Gate + GS (not BU sens.)",
        "confidence": "high",
        "zone": "perimeter",
        "truckGate": true,
        "guardShack": true,
        "remoteGs": false,
        "fastLaneOpportunity": false,
        "backupSensitive": false,
        "dropYard": true,
        "multipleFacilities": false,
        "scale": false,
        "shipRcvSeparate": false,
        "urbanRural": "Rural",
        "dockDoors": "25-50",
        "dropArea": "25-50",
        "yardMetrics": {
          "dockDoorCount": 32,
          "trailersVisible": 38,
          "trailerParkingCapacity": 50,
          "truckGateCount": 1,
          "buildingCount": 1,
          "siteAreaAcres": 17.5,
          "railServed": false
        }
      }
    },
    {
      "type": "Feature",
      "geometry": {
        "type": "Polygon",
        "coordinates": [
          [
            [
              -86.8756,
              40.05028
            ],
            [
              -86.8756,
              40.05002
            ],
            [
              -86.87505,
              40.05002
            ],
            [
              -86.87505,
              40.05028
            ],
            [
              -86.8756,
              40.05028
            ]
          ]
        ]
      },
      "properties": {
        "account": "kroger",
        "name": "Pace Dairy of Indiana (Crawfordsville Cheese)",
        "type": "Dairy Plant",
        "archetype": "#1",
        "archetypeName": "Gate + GS (not BU sens.)",
        "confidence": "high",
        "zone": "truckGate"
      }
    },
    {
      "type": "Feature",
      "geometry": {
        "type": "Polygon",
        "coordinates": [
          [
            [
              -86.8728,
              40.0513
            ],
            [
              -86.87284,
              40.0501
            ],
            [
              -86.87242,
              40.0501
            ],
            [
              -86.87238,
              40.0513
            ],
            [
              -86.8728,
              40.0513
            ]
          ]
        ]
      },
      "properties": {
        "account": "kroger",
        "name": "Pace Dairy of Indiana (Crawfordsville Cheese)",
        "type": "Dairy Plant",
        "archetype": "#1",
        "archetypeName": "Gate + GS (not BU sens.)",
        "confidence": "high",
        "zone": "dropYard",
        "index": 1
      }
    },
    {
      "type": "Feature",
      "geometry": {
        "type": "Polygon",
        "coordinates": [
          [
            [
              -86.8747,
              40.04978
            ],
            [
              -86.8747,
              40.04968
            ],
            [
              -86.8732,
              40.04968
            ],
            [
              -86.8732,
              40.04978
            ],
            [
              -86.8747,
              40.04978
            ]
          ]
        ]
      },
      "properties": {
        "account": "kroger",
        "name": "Pace Dairy of Indiana (Crawfordsville Cheese)",
        "type": "Dairy Plant",
        "archetype": "#1",
        "archetypeName": "Gate + GS (not BU sens.)",
        "confidence": "high",
        "zone": "dropYard",
        "index": 2
      }
    },
    {
      "type": "Feature",
      "geometry": {
        "type": "Polygon",
        "coordinates": [
          [
            [
              -86.873,
              40.05165
            ],
            [
              -86.87304,
              40.0505
            ],
            [
              -86.8729,
              40.0505
            ],
            [
              -86.87286,
              40.05165
            ],
            [
              -86.873,
              40.05165
            ]
          ]
        ]
      },
      "properties": {
        "account": "kroger",
        "name": "Pace Dairy of Indiana (Crawfordsville Cheese)",
        "type": "Dairy Plant",
        "archetype": "#1",
        "archetypeName": "Gate + GS (not BU sens.)",
        "confidence": "high",
        "zone": "dockApron",
        "index": 1
      }
    },
    {
      "type": "Feature",
      "geometry": {
        "type": "Polygon",
        "coordinates": [
          [
            [
              -86.8736,
              40.0502
            ],
            [
              -86.8736,
              40.05006
            ],
            [
              -86.873,
              40.05006
            ],
            [
              -86.873,
              40.0502
            ],
            [
              -86.8736,
              40.0502
            ]
          ]
        ]
      },
      "properties": {
        "account": "kroger",
        "name": "Pace Dairy of Indiana (Crawfordsville Cheese)",
        "type": "Dairy Plant",
        "archetype": "#1",
        "archetypeName": "Gate + GS (not BU sens.)",
        "confidence": "high",
        "zone": "dockApron",
        "index": 2
      }
    },
    {
      "type": "Feature",
      "geometry": {
        "type": "Polygon",
        "coordinates": [
          [
            [
              -86.8736,
              40.0506
            ],
            [
              -86.8736,
              40.05
            ],
            [
              -86.8725,
              40.05
            ],
            [
              -86.8725,
              40.0506
            ],
            [
              -86.8736,
              40.0506
            ]
          ]
        ]
      },
      "properties": {
        "account": "kroger",
        "name": "Pace Dairy of Indiana (Crawfordsville Cheese)",
        "type": "Dairy Plant",
        "archetype": "#1",
        "archetypeName": "Gate + GS (not BU sens.)",
        "confidence": "high",
        "zone": "staging"
      }
    },
    {
      "type": "Feature",
      "geometry": {
        "type": "Polygon",
        "coordinates": [
          [
            [
              -92.511,
              44.05382
            ],
            [
              -92.51155,
              44.053
            ],
            [
              -92.5116,
              44.0521
            ],
            [
              -92.51095,
              44.0515
            ],
            [
              -92.5099,
              44.05148
            ],
            [
              -92.50905,
              44.05225
            ],
            [
              -92.50905,
              44.05378
            ],
            [
              -92.511,
              44.05382
            ]
          ]
        ]
      },
      "properties": {
        "account": "kroger",
        "name": "Pace Dairy of Minnesota (Rochester Cheese)",
        "type": "Dairy Plant",
        "archetype": "#1",
        "archetypeName": "Gate + GS (not BU sens.)",
        "confidence": "high",
        "zone": "perimeter",
        "truckGate": true,
        "guardShack": true,
        "remoteGs": false,
        "fastLaneOpportunity": false,
        "backupSensitive": false,
        "dropYard": true,
        "multipleFacilities": false,
        "scale": false,
        "shipRcvSeparate": false,
        "urbanRural": "Urban",
        "dockDoors": "10-25",
        "dropArea": "10-25",
        "yardMetrics": {
          "dockDoorCount": 14,
          "trailersVisible": 11,
          "trailerParkingCapacity": 18,
          "truckGateCount": 1,
          "buildingCount": 1,
          "siteAreaAcres": 9.3,
          "railServed": false
        }
      }
    },
    {
      "type": "Feature",
      "geometry": {
        "type": "Polygon",
        "coordinates": [
          [
            [
              -92.5115,
              44.05222
            ],
            [
              -92.5115,
              44.05198
            ],
            [
              -92.51095,
              44.05198
            ],
            [
              -92.51095,
              44.05222
            ],
            [
              -92.5115,
              44.05222
            ]
          ]
        ]
      },
      "properties": {
        "account": "kroger",
        "name": "Pace Dairy of Minnesota (Rochester Cheese)",
        "type": "Dairy Plant",
        "archetype": "#1",
        "archetypeName": "Gate + GS (not BU sens.)",
        "confidence": "high",
        "zone": "truckGate"
      }
    },
    {
      "type": "Feature",
      "geometry": {
        "type": "Polygon",
        "coordinates": [
          [
            [
              -92.51112,
              44.05372
            ],
            [
              -92.51112,
              44.05235
            ],
            [
              -92.51075,
              44.05235
            ],
            [
              -92.51075,
              44.05372
            ],
            [
              -92.51112,
              44.05372
            ]
          ]
        ]
      },
      "properties": {
        "account": "kroger",
        "name": "Pace Dairy of Minnesota (Rochester Cheese)",
        "type": "Dairy Plant",
        "archetype": "#1",
        "archetypeName": "Gate + GS (not BU sens.)",
        "confidence": "high",
        "zone": "dropYard",
        "index": 1
      }
    },
    {
      "type": "Feature",
      "geometry": {
        "type": "Polygon",
        "coordinates": [
          [
            [
              -92.51072,
              44.05372
            ],
            [
              -92.51072,
              44.05235
            ],
            [
              -92.51045,
              44.05235
            ],
            [
              -92.51045,
              44.05372
            ],
            [
              -92.51072,
              44.05372
            ]
          ]
        ]
      },
      "properties": {
        "account": "kroger",
        "name": "Pace Dairy of Minnesota (Rochester Cheese)",
        "type": "Dairy Plant",
        "archetype": "#1",
        "archetypeName": "Gate + GS (not BU sens.)",
        "confidence": "high",
        "zone": "dockApron",
        "index": 1
      }
    },
    {
      "type": "Feature",
      "geometry": {
        "type": "Polygon",
        "coordinates": [
          [
            [
              -82.655083,
              34.49006
            ],
            [
              -82.655221,
              34.489578
            ],
            [
              -82.655324,
              34.488814
            ],
            [
              -82.654809,
              34.488135
            ],
            [
              -82.654088,
              34.488362
            ],
            [
              -82.653882,
              34.489154
            ],
            [
              -82.653676,
              34.489946
            ],
            [
              -82.654465,
              34.490286
            ],
            [
              -82.655083,
              34.49006
            ]
          ]
        ]
      },
      "properties": {
        "account": "kroger",
        "name": "Anderson Bakery",
        "type": "Bakery Plant",
        "archetype": "#9",
        "archetypeName": "Gate + No GS (remote check-in)",
        "confidence": "high",
        "zone": "perimeter",
        "truckGate": true,
        "guardShack": false,
        "remoteGs": true,
        "fastLaneOpportunity": false,
        "backupSensitive": true,
        "dropYard": true,
        "multipleFacilities": false,
        "scale": false,
        "shipRcvSeparate": false,
        "urbanRural": "Urban",
        "dockDoors": "10-25",
        "dropArea": "25-50",
        "yardMetrics": {
          "dockDoorCount": 18,
          "trailersVisible": 28,
          "trailerParkingCapacity": 40,
          "truckGateCount": 1,
          "buildingCount": 1,
          "siteAreaAcres": 7.5,
          "railServed": false
        }
      }
    },
    {
      "type": "Feature",
      "geometry": {
        "type": "Polygon",
        "coordinates": [
          [
            [
              -82.654774,
              34.490003
            ],
            [
              -82.654774,
              34.489805
            ],
            [
              -82.654568,
              34.489805
            ],
            [
              -82.654568,
              34.490003
            ],
            [
              -82.654774,
              34.490003
            ]
          ]
        ]
      },
      "properties": {
        "account": "kroger",
        "name": "Anderson Bakery",
        "type": "Bakery Plant",
        "archetype": "#9",
        "archetypeName": "Gate + No GS (remote check-in)",
        "confidence": "high",
        "zone": "truckGate"
      }
    },
    {
      "type": "Feature",
      "geometry": {
        "type": "Polygon",
        "coordinates": [
          [
            [
              -82.654465,
              34.49006
            ],
            [
              -82.654603,
              34.489578
            ],
            [
              -82.654019,
              34.48938
            ],
            [
              -82.653882,
              34.489861
            ],
            [
              -82.654465,
              34.49006
            ]
          ]
        ]
      },
      "properties": {
        "account": "kroger",
        "name": "Anderson Bakery",
        "type": "Bakery Plant",
        "archetype": "#9",
        "archetypeName": "Gate + No GS (remote check-in)",
        "confidence": "high",
        "zone": "dropYard",
        "index": 1
      }
    },
    {
      "type": "Feature",
      "geometry": {
        "type": "Polygon",
        "coordinates": [
          [
            [
              -82.654637,
              34.489805
            ],
            [
              -82.654774,
              34.489663
            ],
            [
              -82.654362,
              34.489154
            ],
            [
              -82.654225,
              34.489295
            ],
            [
              -82.654637,
              34.489805
            ]
          ]
        ]
      },
      "properties": {
        "account": "kroger",
        "name": "Anderson Bakery",
        "type": "Bakery Plant",
        "archetype": "#9",
        "archetypeName": "Gate + No GS (remote check-in)",
        "confidence": "high",
        "zone": "dockApron",
        "index": 1
      }
    },
    {
      "type": "Feature",
      "geometry": {
        "type": "Polygon",
        "coordinates": [
          [
            [
              -86.049882,
              39.761057
            ],
            [
              -86.049917,
              39.7595
            ],
            [
              -86.049436,
              39.758497
            ],
            [
              -86.047719,
              39.758603
            ],
            [
              -86.047136,
              39.759869
            ],
            [
              -86.047273,
              39.76111
            ],
            [
              -86.049882,
              39.761057
            ]
          ]
        ]
      },
      "properties": {
        "account": "kroger",
        "name": "Indianapolis Bakery",
        "type": "Bakery Plant",
        "archetype": "#7",
        "archetypeName": "Gate + GS (not BU sens.) + fast lane opp",
        "confidence": "high",
        "zone": "perimeter",
        "truckGate": true,
        "guardShack": true,
        "remoteGs": false,
        "fastLaneOpportunity": true,
        "backupSensitive": false,
        "dropYard": true,
        "multipleFacilities": false,
        "scale": false,
        "shipRcvSeparate": false,
        "urbanRural": "Urban",
        "dockDoors": "25-50",
        "dropArea": "50+",
        "yardMetrics": {
          "dockDoorCount": 35,
          "trailersVisible": 70,
          "trailerParkingCapacity": 90,
          "truckGateCount": 1,
          "buildingCount": 1,
          "siteAreaAcres": 15,
          "railServed": false
        }
      }
    },
    {
      "type": "Feature",
      "geometry": {
        "type": "Polygon",
        "coordinates": [
          [
            [
              -86.049814,
              39.761057
            ],
            [
              -86.049745,
              39.760714
            ],
            [
              -86.04947,
              39.76074
            ],
            [
              -86.049539,
              39.761084
            ],
            [
              -86.049814,
              39.761057
            ]
          ]
        ]
      },
      "properties": {
        "account": "kroger",
        "name": "Indianapolis Bakery",
        "type": "Bakery Plant",
        "archetype": "#7",
        "archetypeName": "Gate + GS (not BU sens.) + fast lane opp",
        "confidence": "high",
        "zone": "truckGate"
      }
    },
    {
      "type": "Feature",
      "geometry": {
        "type": "Polygon",
        "coordinates": [
          [
            [
              -86.048063,
              39.761004
            ],
            [
              -86.047891,
              39.759764
            ],
            [
              -86.047273,
              39.759817
            ],
            [
              -86.047307,
              39.761057
            ],
            [
              -86.048063,
              39.761004
            ]
          ]
        ]
      },
      "properties": {
        "account": "kroger",
        "name": "Indianapolis Bakery",
        "type": "Bakery Plant",
        "archetype": "#7",
        "archetypeName": "Gate + GS (not BU sens.) + fast lane opp",
        "confidence": "high",
        "zone": "dropYard",
        "index": 1
      }
    },
    {
      "type": "Feature",
      "geometry": {
        "type": "Polygon",
        "coordinates": [
          [
            [
              -86.049161,
              39.76074
            ],
            [
              -86.049058,
              39.76045
            ],
            [
              -86.04796,
              39.760556
            ],
            [
              -86.048063,
              39.760846
            ],
            [
              -86.049161,
              39.76074
            ]
          ]
        ]
      },
      "properties": {
        "account": "kroger",
        "name": "Indianapolis Bakery",
        "type": "Bakery Plant",
        "archetype": "#7",
        "archetypeName": "Gate + GS (not BU sens.) + fast lane opp",
        "confidence": "high",
        "zone": "dockApron",
        "index": 1
      }
    },
    {
      "type": "Feature",
      "geometry": {
        "type": "Polygon",
        "coordinates": [
          [
            [
              -105.0123,
              39.71905
            ],
            [
              -105.0139,
              39.71885
            ],
            [
              -105.01505,
              39.7184
            ],
            [
              -105.01505,
              39.717
            ],
            [
              -105.0143,
              39.7148
            ],
            [
              -105.013,
              39.71435
            ],
            [
              -105.0108,
              39.71455
            ],
            [
              -105.01085,
              39.71895
            ],
            [
              -105.0123,
              39.71905
            ]
          ]
        ]
      },
      "properties": {
        "account": "kroger",
        "name": "King Soopers Bakery",
        "type": "Bakery Plant",
        "archetype": "#9",
        "archetypeName": "Gate + No GS (remote check-in)",
        "confidence": "high",
        "zone": "perimeter",
        "truckGate": true,
        "guardShack": false,
        "remoteGs": true,
        "fastLaneOpportunity": true,
        "backupSensitive": false,
        "dropYard": true,
        "multipleFacilities": false,
        "scale": false,
        "shipRcvSeparate": true,
        "urbanRural": "Urban",
        "dockDoors": "50+",
        "dropArea": "50+",
        "yardMetrics": {
          "dockDoorCount": 55,
          "trailersVisible": 70,
          "trailerParkingCapacity": 120,
          "truckGateCount": 2,
          "buildingCount": 1,
          "siteAreaAcres": 27.5,
          "railServed": false
        }
      }
    },
    {
      "type": "Feature",
      "geometry": {
        "type": "Polygon",
        "coordinates": [
          [
            [
              -105.0114,
              39.7187
            ],
            [
              -105.0114,
              39.7182
            ],
            [
              -105.01095,
              39.7182
            ],
            [
              -105.01095,
              39.7187
            ],
            [
              -105.0114,
              39.7187
            ]
          ]
        ]
      },
      "properties": {
        "account": "kroger",
        "name": "King Soopers Bakery",
        "type": "Bakery Plant",
        "archetype": "#9",
        "archetypeName": "Gate + No GS (remote check-in)",
        "confidence": "high",
        "zone": "truckGate"
      }
    },
    {
      "type": "Feature",
      "geometry": {
        "type": "Polygon",
        "coordinates": [
          [
            [
              -105.01505,
              39.7172
            ],
            [
              -105.01505,
              39.7157
            ],
            [
              -105.0143,
              39.7157
            ],
            [
              -105.0143,
              39.7172
            ],
            [
              -105.01505,
              39.7172
            ]
          ]
        ]
      },
      "properties": {
        "account": "kroger",
        "name": "King Soopers Bakery",
        "type": "Bakery Plant",
        "archetype": "#9",
        "archetypeName": "Gate + No GS (remote check-in)",
        "confidence": "high",
        "zone": "dropYard",
        "index": 1
      }
    },
    {
      "type": "Feature",
      "geometry": {
        "type": "Polygon",
        "coordinates": [
          [
            [
              -105.0123,
              39.71895
            ],
            [
              -105.0123,
              39.71795
            ],
            [
              -105.0111,
              39.7179
            ],
            [
              -105.0111,
              39.7189
            ],
            [
              -105.0123,
              39.71895
            ]
          ]
        ]
      },
      "properties": {
        "account": "kroger",
        "name": "King Soopers Bakery",
        "type": "Bakery Plant",
        "archetype": "#9",
        "archetypeName": "Gate + No GS (remote check-in)",
        "confidence": "high",
        "zone": "dropYard",
        "index": 2
      }
    },
    {
      "type": "Feature",
      "geometry": {
        "type": "Polygon",
        "coordinates": [
          [
            [
              -105.0118,
              39.7182
            ],
            [
              -105.0118,
              39.7149
            ],
            [
              -105.0114,
              39.7149
            ],
            [
              -105.0114,
              39.7182
            ],
            [
              -105.0118,
              39.7182
            ]
          ]
        ]
      },
      "properties": {
        "account": "kroger",
        "name": "King Soopers Bakery",
        "type": "Bakery Plant",
        "archetype": "#9",
        "archetypeName": "Gate + No GS (remote check-in)",
        "confidence": "high",
        "zone": "dockApron",
        "index": 1
      }
    },
    {
      "type": "Feature",
      "geometry": {
        "type": "Polygon",
        "coordinates": [
          [
            [
              -105.0147,
              39.717
            ],
            [
              -105.0147,
              39.7153
            ],
            [
              -105.01435,
              39.7153
            ],
            [
              -105.01435,
              39.717
            ],
            [
              -105.0147,
              39.717
            ]
          ]
        ]
      },
      "properties": {
        "account": "kroger",
        "name": "King Soopers Bakery",
        "type": "Bakery Plant",
        "archetype": "#9",
        "archetypeName": "Gate + No GS (remote check-in)",
        "confidence": "high",
        "zone": "dockApron",
        "index": 2
      }
    },
    {
      "type": "Feature",
      "geometry": {
        "type": "Polygon",
        "coordinates": [
          [
            [
              -105.0123,
              39.71895
            ],
            [
              -105.0123,
              39.71795
            ],
            [
              -105.01085,
              39.7179
            ],
            [
              -105.01085,
              39.7189
            ],
            [
              -105.0123,
              39.71895
            ]
          ]
        ]
      },
      "properties": {
        "account": "kroger",
        "name": "King Soopers Bakery",
        "type": "Bakery Plant",
        "archetype": "#9",
        "archetypeName": "Gate + No GS (remote check-in)",
        "confidence": "high",
        "zone": "staging"
      }
    },
    {
      "type": "Feature",
      "geometry": {
        "type": "Polygon",
        "coordinates": [
          [
            [
              -117.94055,
              33.9234
            ],
            [
              -117.9405,
              33.9208
            ],
            [
              -117.9376,
              33.9208
            ],
            [
              -117.93745,
              33.9234
            ],
            [
              -117.94055,
              33.9234
            ]
          ]
        ]
      },
      "properties": {
        "account": "kroger",
        "name": "La Habra Bakery",
        "type": "Bakery Plant",
        "archetype": "#9",
        "archetypeName": "Gate + No GS (remote check-in)",
        "confidence": "medium",
        "zone": "perimeter",
        "truckGate": true,
        "guardShack": false,
        "remoteGs": true,
        "fastLaneOpportunity": true,
        "backupSensitive": false,
        "dropYard": true,
        "multipleFacilities": false,
        "scale": false,
        "shipRcvSeparate": false,
        "urbanRural": "Urban",
        "dockDoors": "25-50",
        "dropArea": "25-50",
        "yardMetrics": {
          "dockDoorCount": 30,
          "trailersVisible": 28,
          "trailerParkingCapacity": 50,
          "truckGateCount": 1,
          "buildingCount": 1,
          "siteAreaAcres": 19.8,
          "railServed": false
        }
      }
    },
    {
      "type": "Feature",
      "geometry": {
        "type": "Polygon",
        "coordinates": [
          [
            [
              -117.94055,
              33.92118
            ],
            [
              -117.94055,
              33.92095
            ],
            [
              -117.9398,
              33.92095
            ],
            [
              -117.9398,
              33.92118
            ],
            [
              -117.94055,
              33.92118
            ]
          ]
        ]
      },
      "properties": {
        "account": "kroger",
        "name": "La Habra Bakery",
        "type": "Bakery Plant",
        "archetype": "#9",
        "archetypeName": "Gate + No GS (remote check-in)",
        "confidence": "medium",
        "zone": "truckGate"
      }
    },
    {
      "type": "Feature",
      "geometry": {
        "type": "Polygon",
        "coordinates": [
          [
            [
              -117.9405,
              33.9233
            ],
            [
              -117.9405,
              33.9211
            ],
            [
              -117.94015,
              33.9211
            ],
            [
              -117.94015,
              33.9233
            ],
            [
              -117.9405,
              33.9233
            ]
          ]
        ]
      },
      "properties": {
        "account": "kroger",
        "name": "La Habra Bakery",
        "type": "Bakery Plant",
        "archetype": "#9",
        "archetypeName": "Gate + No GS (remote check-in)",
        "confidence": "medium",
        "zone": "dropYard",
        "index": 1
      }
    },
    {
      "type": "Feature",
      "geometry": {
        "type": "Polygon",
        "coordinates": [
          [
            [
              -117.9401,
              33.92128
            ],
            [
              -117.9401,
              33.92103
            ],
            [
              -117.93772,
              33.92103
            ],
            [
              -117.9377,
              33.92128
            ],
            [
              -117.9401,
              33.92128
            ]
          ]
        ]
      },
      "properties": {
        "account": "kroger",
        "name": "La Habra Bakery",
        "type": "Bakery Plant",
        "archetype": "#9",
        "archetypeName": "Gate + No GS (remote check-in)",
        "confidence": "medium",
        "zone": "dockApron",
        "index": 1
      }
    },
    {
      "type": "Feature",
      "geometry": {
        "type": "Polygon",
        "coordinates": [
          [
            [
              -122.541448,
              45.405971
            ],
            [
              -122.541311,
              45.40467
            ],
            [
              -122.540487,
              45.404621
            ],
            [
              -122.540143,
              45.40467
            ],
            [
              -122.539525,
              45.404718
            ],
            [
              -122.539045,
              45.404911
            ],
            [
              -122.538564,
              45.404814
            ],
            [
              -122.538564,
              45.405441
            ],
            [
              -122.539113,
              45.406236
            ],
            [
              -122.540212,
              45.406285
            ],
            [
              -122.541448,
              45.405971
            ]
          ]
        ]
      },
      "properties": {
        "account": "kroger",
        "name": "Clackamas Bakery",
        "type": "Bakery Plant",
        "archetype": "#9",
        "archetypeName": "Gate + No GS (remote check-in)",
        "confidence": "high",
        "zone": "perimeter",
        "truckGate": true,
        "guardShack": false,
        "remoteGs": true,
        "fastLaneOpportunity": true,
        "backupSensitive": false,
        "dropYard": true,
        "multipleFacilities": false,
        "scale": false,
        "shipRcvSeparate": false,
        "urbanRural": "Urban",
        "dockDoors": "10-25",
        "dropArea": "50+",
        "yardMetrics": {
          "dockDoorCount": 24,
          "trailersVisible": 70,
          "trailerParkingCapacity": 90,
          "truckGateCount": 1,
          "buildingCount": 1,
          "siteAreaAcres": 8.5,
          "railServed": false
        }
      }
    },
    {
      "type": "Feature",
      "geometry": {
        "type": "Polygon",
        "coordinates": [
          [
            [
              -122.5402,
              45.40476
            ],
            [
              -122.5402,
              45.4046
            ],
            [
              -122.5399,
              45.4046
            ],
            [
              -122.5399,
              45.40476
            ],
            [
              -122.5402,
              45.40476
            ]
          ]
        ]
      },
      "properties": {
        "account": "kroger",
        "name": "Clackamas Bakery",
        "type": "Bakery Plant",
        "archetype": "#9",
        "archetypeName": "Gate + No GS (remote check-in)",
        "confidence": "high",
        "zone": "truckGate"
      }
    },
    {
      "type": "Feature",
      "geometry": {
        "type": "Polygon",
        "coordinates": [
          [
            [
              -122.541448,
              45.405971
            ],
            [
              -122.541311,
              45.40467
            ],
            [
              -122.540349,
              45.404718
            ],
            [
              -122.540349,
              45.405971
            ],
            [
              -122.541448,
              45.405971
            ]
          ]
        ]
      },
      "properties": {
        "account": "kroger",
        "name": "Clackamas Bakery",
        "type": "Bakery Plant",
        "archetype": "#9",
        "archetypeName": "Gate + No GS (remote check-in)",
        "confidence": "high",
        "zone": "dropYard",
        "index": 1
      }
    },
    {
      "type": "Feature",
      "geometry": {
        "type": "Polygon",
        "coordinates": [
          [
            [
              -122.540349,
              45.405923
            ],
            [
              -122.540349,
              45.404814
            ],
            [
              -122.540281,
              45.404814
            ],
            [
              -122.540281,
              45.405923
            ],
            [
              -122.540349,
              45.405923
            ]
          ]
        ]
      },
      "properties": {
        "account": "kroger",
        "name": "Clackamas Bakery",
        "type": "Bakery Plant",
        "archetype": "#9",
        "archetypeName": "Gate + No GS (remote check-in)",
        "confidence": "high",
        "zone": "dockApron",
        "index": 1
      }
    },
    {
      "type": "Feature",
      "geometry": {
        "type": "Polygon",
        "coordinates": [
          [
            [
              -86.49185,
              36.94995
            ],
            [
              -86.49225,
              36.94895
            ],
            [
              -86.49185,
              36.9479
            ],
            [
              -86.49055,
              36.94675
            ],
            [
              -86.4893,
              36.94695
            ],
            [
              -86.48895,
              36.9483
            ],
            [
              -86.48975,
              36.9499
            ],
            [
              -86.49185,
              36.94995
            ]
          ]
        ]
      },
      "properties": {
        "account": "kroger",
        "name": "Country Oven Bakery",
        "type": "Bakery Plant",
        "archetype": "#3",
        "archetypeName": "No Gate / No GS",
        "confidence": "medium",
        "zone": "perimeter",
        "truckGate": false,
        "guardShack": false,
        "remoteGs": false,
        "fastLaneOpportunity": true,
        "backupSensitive": false,
        "dropYard": true,
        "multipleFacilities": false,
        "scale": false,
        "shipRcvSeparate": true,
        "urbanRural": "Rural",
        "dockDoors": "25-50",
        "dropArea": "25-50",
        "yardMetrics": {
          "dockDoorCount": 48,
          "trailersVisible": 40,
          "trailerParkingCapacity": 60,
          "truckGateCount": 1,
          "buildingCount": 1,
          "siteAreaAcres": 38,
          "railServed": true
        }
      }
    },
    {
      "type": "Feature",
      "geometry": {
        "type": "Polygon",
        "coordinates": [
          [
            [
              -86.48995,
              36.94735
            ],
            [
              -86.49025,
              36.947
            ],
            [
              -86.48935,
              36.94665
            ],
            [
              -86.48905,
              36.947
            ],
            [
              -86.48995,
              36.94735
            ]
          ]
        ]
      },
      "properties": {
        "account": "kroger",
        "name": "Country Oven Bakery",
        "type": "Bakery Plant",
        "archetype": "#3",
        "archetypeName": "No Gate / No GS",
        "confidence": "medium",
        "zone": "dropYard",
        "index": 1
      }
    },
    {
      "type": "Feature",
      "geometry": {
        "type": "Polygon",
        "coordinates": [
          [
            [
              -86.4918,
              36.94995
            ],
            [
              -86.4921,
              36.94955
            ],
            [
              -86.49125,
              36.9492
            ],
            [
              -86.49095,
              36.9496
            ],
            [
              -86.4918,
              36.94995
            ]
          ]
        ]
      },
      "properties": {
        "account": "kroger",
        "name": "Country Oven Bakery",
        "type": "Bakery Plant",
        "archetype": "#3",
        "archetypeName": "No Gate / No GS",
        "confidence": "medium",
        "zone": "dockApron",
        "index": 1
      }
    },
    {
      "type": "Feature",
      "geometry": {
        "type": "Polygon",
        "coordinates": [
          [
            [
              -86.4901,
              36.94815
            ],
            [
              -86.49045,
              36.94775
            ],
            [
              -86.48955,
              36.9473
            ],
            [
              -86.4892,
              36.9477
            ],
            [
              -86.4901,
              36.94815
            ]
          ]
        ]
      },
      "properties": {
        "account": "kroger",
        "name": "Country Oven Bakery",
        "type": "Bakery Plant",
        "archetype": "#3",
        "archetypeName": "No Gate / No GS",
        "confidence": "medium",
        "zone": "dockApron",
        "index": 2
      }
    },
    {
      "type": "Feature",
      "geometry": {
        "type": "Polygon",
        "coordinates": [
          [
            [
              -86.49035,
              36.9482
            ],
            [
              -86.49075,
              36.9477
            ],
            [
              -86.48985,
              36.94735
            ],
            [
              -86.48945,
              36.94785
            ],
            [
              -86.49035,
              36.9482
            ]
          ]
        ]
      },
      "properties": {
        "account": "kroger",
        "name": "Country Oven Bakery",
        "type": "Bakery Plant",
        "archetype": "#3",
        "archetypeName": "No Gate / No GS",
        "confidence": "medium",
        "zone": "staging"
      }
    },
    {
      "type": "Feature",
      "geometry": {
        "type": "Polygon",
        "coordinates": [
          [
            [
              -85.4847,
              39.35095
            ],
            [
              -85.4849,
              39.351
            ],
            [
              -85.4878,
              39.3507
            ],
            [
              -85.4881,
              39.3493
            ],
            [
              -85.4866,
              39.34865
            ],
            [
              -85.4853,
              39.3486
            ],
            [
              -85.4836,
              39.3493
            ],
            [
              -85.4847,
              39.35095
            ]
          ]
        ]
      },
      "properties": {
        "account": "kroger",
        "name": "KB Specialty Foods",
        "type": "Deli/Meat Plant",
        "archetype": "#9",
        "archetypeName": "Gate + No GS (remote check-in)",
        "confidence": "high",
        "zone": "perimeter",
        "truckGate": true,
        "guardShack": false,
        "remoteGs": true,
        "fastLaneOpportunity": false,
        "backupSensitive": false,
        "dropYard": true,
        "multipleFacilities": false,
        "scale": false,
        "shipRcvSeparate": false,
        "urbanRural": "Rural",
        "dockDoors": "25-50",
        "dropArea": "25-50",
        "yardMetrics": {
          "dockDoorCount": 32,
          "trailersVisible": 22,
          "trailerParkingCapacity": 35,
          "truckGateCount": 1,
          "buildingCount": 1,
          "siteAreaAcres": 18.7,
          "railServed": false
        }
      }
    },
    {
      "type": "Feature",
      "geometry": {
        "type": "Polygon",
        "coordinates": [
          [
            [
              -85.48445,
              39.3504
            ],
            [
              -85.4846,
              39.35015
            ],
            [
              -85.4843,
              39.3501
            ],
            [
              -85.48415,
              39.35035
            ],
            [
              -85.48445,
              39.3504
            ]
          ]
        ]
      },
      "properties": {
        "account": "kroger",
        "name": "KB Specialty Foods",
        "type": "Deli/Meat Plant",
        "archetype": "#9",
        "archetypeName": "Gate + No GS (remote check-in)",
        "confidence": "high",
        "zone": "truckGate"
      }
    },
    {
      "type": "Feature",
      "geometry": {
        "type": "Polygon",
        "coordinates": [
          [
            [
              -85.4856,
              39.34935
            ],
            [
              -85.48575,
              39.34885
            ],
            [
              -85.4842,
              39.3487
            ],
            [
              -85.48405,
              39.3492
            ],
            [
              -85.4856,
              39.34935
            ]
          ]
        ]
      },
      "properties": {
        "account": "kroger",
        "name": "KB Specialty Foods",
        "type": "Deli/Meat Plant",
        "archetype": "#9",
        "archetypeName": "Gate + No GS (remote check-in)",
        "confidence": "high",
        "zone": "dropYard",
        "index": 1
      }
    },
    {
      "type": "Feature",
      "geometry": {
        "type": "Polygon",
        "coordinates": [
          [
            [
              -85.4864,
              39.34955
            ],
            [
              -85.48642,
              39.3493
            ],
            [
              -85.48462,
              39.34925
            ],
            [
              -85.4846,
              39.3495
            ],
            [
              -85.4864,
              39.34955
            ]
          ]
        ]
      },
      "properties": {
        "account": "kroger",
        "name": "KB Specialty Foods",
        "type": "Deli/Meat Plant",
        "archetype": "#9",
        "archetypeName": "Gate + No GS (remote check-in)",
        "confidence": "high",
        "zone": "dockApron",
        "index": 1
      }
    },
    {
      "type": "Feature",
      "geometry": {
        "type": "Polygon",
        "coordinates": [
          [
            [
              -111.9847,
              41.06497
            ],
            [
              -111.98472,
              41.06378
            ],
            [
              -111.9836,
              41.06375
            ],
            [
              -111.9827,
              41.06382
            ],
            [
              -111.98262,
              41.0643
            ],
            [
              -111.98268,
              41.06497
            ],
            [
              -111.9847,
              41.06497
            ]
          ]
        ]
      },
      "properties": {
        "account": "kroger",
        "name": "Layton Bakery",
        "type": "Bakery Plant",
        "archetype": "#3",
        "archetypeName": "No Gate / No GS",
        "confidence": "high",
        "zone": "perimeter",
        "truckGate": false,
        "guardShack": false,
        "remoteGs": false,
        "fastLaneOpportunity": true,
        "backupSensitive": false,
        "dropYard": true,
        "multipleFacilities": true,
        "scale": false,
        "shipRcvSeparate": true,
        "urbanRural": "Urban",
        "dockDoors": "25-50",
        "dropArea": "50+",
        "yardMetrics": {
          "dockDoorCount": 45,
          "trailersVisible": 70,
          "trailerParkingCapacity": 140,
          "truckGateCount": 1,
          "buildingCount": 1,
          "siteAreaAcres": 24,
          "railServed": false
        }
      }
    },
    {
      "type": "Feature",
      "geometry": {
        "type": "Polygon",
        "coordinates": [
          [
            [
              -111.98635,
              41.0654
            ],
            [
              -111.98635,
              41.065
            ],
            [
              -111.98575,
              41.065
            ],
            [
              -111.98575,
              41.0654
            ],
            [
              -111.98635,
              41.0654
            ]
          ]
        ]
      },
      "properties": {
        "account": "kroger",
        "name": "Layton Bakery",
        "type": "Bakery Plant",
        "archetype": "#3",
        "archetypeName": "No Gate / No GS",
        "confidence": "high",
        "zone": "truckGate"
      }
    },
    {
      "type": "Feature",
      "geometry": {
        "type": "Polygon",
        "coordinates": [
          [
            [
              -111.983,
              41.0633
            ],
            [
              -111.983,
              41.0623
            ],
            [
              -111.9809,
              41.0623
            ],
            [
              -111.9809,
              41.0633
            ],
            [
              -111.983,
              41.0633
            ]
          ]
        ]
      },
      "properties": {
        "account": "kroger",
        "name": "Layton Bakery",
        "type": "Bakery Plant",
        "archetype": "#3",
        "archetypeName": "No Gate / No GS",
        "confidence": "high",
        "zone": "dropYard",
        "index": 1
      }
    },
    {
      "type": "Feature",
      "geometry": {
        "type": "Polygon",
        "coordinates": [
          [
            [
              -111.9843,
              41.0662
            ],
            [
              -111.9843,
              41.0656
            ],
            [
              -111.9823,
              41.0656
            ],
            [
              -111.9823,
              41.0662
            ],
            [
              -111.9843,
              41.0662
            ]
          ]
        ]
      },
      "properties": {
        "account": "kroger",
        "name": "Layton Bakery",
        "type": "Bakery Plant",
        "archetype": "#3",
        "archetypeName": "No Gate / No GS",
        "confidence": "high",
        "zone": "dropYard",
        "index": 2
      }
    },
    {
      "type": "Feature",
      "geometry": {
        "type": "Polygon",
        "coordinates": [
          [
            [
              -111.98455,
              41.0652
            ],
            [
              -111.98455,
              41.065
            ],
            [
              -111.983,
              41.065
            ],
            [
              -111.983,
              41.0652
            ],
            [
              -111.98455,
              41.0652
            ]
          ]
        ]
      },
      "properties": {
        "account": "kroger",
        "name": "Layton Bakery",
        "type": "Bakery Plant",
        "archetype": "#3",
        "archetypeName": "No Gate / No GS",
        "confidence": "high",
        "zone": "dockApron",
        "index": 1
      }
    },
    {
      "type": "Feature",
      "geometry": {
        "type": "Polygon",
        "coordinates": [
          [
            [
              -111.98455,
              41.06378
            ],
            [
              -111.98455,
              41.06358
            ],
            [
              -111.9831,
              41.06358
            ],
            [
              -111.9831,
              41.06378
            ],
            [
              -111.98455,
              41.06378
            ]
          ]
        ]
      },
      "properties": {
        "account": "kroger",
        "name": "Layton Bakery",
        "type": "Bakery Plant",
        "archetype": "#3",
        "archetypeName": "No Gate / No GS",
        "confidence": "high",
        "zone": "dockApron",
        "index": 2
      }
    },
    {
      "type": "Feature",
      "geometry": {
        "type": "Polygon",
        "coordinates": [
          [
            [
              -87.87478,
              42.59198
            ],
            [
              -87.8752,
              42.5912
            ],
            [
              -87.8752,
              42.5902
            ],
            [
              -87.8742,
              42.58978
            ],
            [
              -87.8733,
              42.59
            ],
            [
              -87.87308,
              42.5915
            ],
            [
              -87.87335,
              42.59205
            ],
            [
              -87.87478,
              42.59198
            ]
          ]
        ]
      },
      "properties": {
        "account": "kroger",
        "name": "Roundy's Commissary (RCK Foods / Kroger)",
        "type": "Deli/Meat & Prepared-Foods Commissary Plant",
        "archetype": "#3",
        "archetypeName": "No Gate / No GS",
        "confidence": "high",
        "zone": "perimeter",
        "truckGate": false,
        "guardShack": false,
        "remoteGs": false,
        "fastLaneOpportunity": true,
        "backupSensitive": false,
        "dropYard": true,
        "multipleFacilities": false,
        "scale": false,
        "shipRcvSeparate": false,
        "urbanRural": "Urban",
        "dockDoors": "10-25",
        "dropArea": "10-25",
        "yardMetrics": {
          "dockDoorCount": 16,
          "trailersVisible": 11,
          "trailerParkingCapacity": 30,
          "truckGateCount": 2,
          "buildingCount": 1,
          "siteAreaAcres": 17,
          "railServed": false
        }
      }
    },
    {
      "type": "Feature",
      "geometry": {
        "type": "Polygon",
        "coordinates": [
          [
            [
              -87.87478,
              42.59172
            ],
            [
              -87.8748,
              42.5914
            ],
            [
              -87.87458,
              42.5914
            ],
            [
              -87.87455,
              42.59172
            ],
            [
              -87.87478,
              42.59172
            ]
          ]
        ]
      },
      "properties": {
        "account": "kroger",
        "name": "Roundy's Commissary (RCK Foods / Kroger)",
        "type": "Deli/Meat & Prepared-Foods Commissary Plant",
        "archetype": "#3",
        "archetypeName": "No Gate / No GS",
        "confidence": "high",
        "zone": "truckGate"
      }
    },
    {
      "type": "Feature",
      "geometry": {
        "type": "Polygon",
        "coordinates": [
          [
            [
              -87.87455,
              42.5919
            ],
            [
              -87.87445,
              42.59148
            ],
            [
              -87.87315,
              42.5915
            ],
            [
              -87.8733,
              42.59185
            ],
            [
              -87.87455,
              42.5919
            ]
          ]
        ]
      },
      "properties": {
        "account": "kroger",
        "name": "Roundy's Commissary (RCK Foods / Kroger)",
        "type": "Deli/Meat & Prepared-Foods Commissary Plant",
        "archetype": "#3",
        "archetypeName": "No Gate / No GS",
        "confidence": "high",
        "zone": "dropYard",
        "index": 1
      }
    },
    {
      "type": "Feature",
      "geometry": {
        "type": "Polygon",
        "coordinates": [
          [
            [
              -87.8747,
              42.59148
            ],
            [
              -87.87472,
              42.59135
            ],
            [
              -87.87347,
              42.59132
            ],
            [
              -87.87345,
              42.59145
            ],
            [
              -87.8747,
              42.59148
            ]
          ]
        ]
      },
      "properties": {
        "account": "kroger",
        "name": "Roundy's Commissary (RCK Foods / Kroger)",
        "type": "Deli/Meat & Prepared-Foods Commissary Plant",
        "archetype": "#3",
        "archetypeName": "No Gate / No GS",
        "confidence": "high",
        "zone": "dockApron",
        "index": 1
      }
    },
    {
      "type": "Feature",
      "geometry": {
        "type": "Polygon",
        "coordinates": [
          [
            [
              -86.8693,
              36.5009
            ],
            [
              -86.8695,
              36.4968
            ],
            [
              -86.8679,
              36.4959
            ],
            [
              -86.8647,
              36.49625
            ],
            [
              -86.8642,
              36.4983
            ],
            [
              -86.8653,
              36.5008
            ],
            [
              -86.867,
              36.5014
            ],
            [
              -86.8693,
              36.5009
            ]
          ]
        ]
      },
      "properties": {
        "account": "kroger",
        "name": "Delight Products",
        "type": "Grocery Plant",
        "archetype": "#9",
        "archetypeName": "Gate + No GS (remote check-in)",
        "confidence": "high",
        "zone": "perimeter",
        "truckGate": true,
        "guardShack": false,
        "remoteGs": true,
        "fastLaneOpportunity": true,
        "backupSensitive": false,
        "dropYard": true,
        "multipleFacilities": false,
        "scale": false,
        "shipRcvSeparate": false,
        "urbanRural": "Rural",
        "dockDoors": "50+",
        "dropArea": "25-50",
        "yardMetrics": {
          "dockDoorCount": 55,
          "trailersVisible": 60,
          "trailerParkingCapacity": 90,
          "truckGateCount": 1,
          "buildingCount": 1,
          "siteAreaAcres": 58,
          "railServed": false
        }
      }
    },
    {
      "type": "Feature",
      "geometry": {
        "type": "Polygon",
        "coordinates": [
          [
            [
              -86.8656,
              36.49745
            ],
            [
              -86.86565,
              36.49705
            ],
            [
              -86.8651,
              36.497
            ],
            [
              -86.86505,
              36.4974
            ],
            [
              -86.8656,
              36.49745
            ]
          ]
        ]
      },
      "properties": {
        "account": "kroger",
        "name": "Delight Products",
        "type": "Grocery Plant",
        "archetype": "#9",
        "archetypeName": "Gate + No GS (remote check-in)",
        "confidence": "high",
        "zone": "truckGate"
      }
    },
    {
      "type": "Feature",
      "geometry": {
        "type": "Polygon",
        "coordinates": [
          [
            [
              -86.86695,
              36.49705
            ],
            [
              -86.8672,
              36.4966
            ],
            [
              -86.86585,
              36.4962
            ],
            [
              -86.8656,
              36.49665
            ],
            [
              -86.86695,
              36.49705
            ]
          ]
        ]
      },
      "properties": {
        "account": "kroger",
        "name": "Delight Products",
        "type": "Grocery Plant",
        "archetype": "#9",
        "archetypeName": "Gate + No GS (remote check-in)",
        "confidence": "high",
        "zone": "dropYard",
        "index": 1
      }
    },
    {
      "type": "Feature",
      "geometry": {
        "type": "Polygon",
        "coordinates": [
          [
            [
              -86.86855,
              36.49775
            ],
            [
              -86.86863,
              36.49755
            ],
            [
              -86.86668,
              36.49715
            ],
            [
              -86.8666,
              36.49735
            ],
            [
              -86.86855,
              36.49775
            ]
          ]
        ]
      },
      "properties": {
        "account": "kroger",
        "name": "Delight Products",
        "type": "Grocery Plant",
        "archetype": "#9",
        "archetypeName": "Gate + No GS (remote check-in)",
        "confidence": "high",
        "zone": "dockApron",
        "index": 1
      }
    },
    {
      "type": "Feature",
      "geometry": {
        "type": "Polygon",
        "coordinates": [
          [
            [
              -88.3006,
              36.6132
            ],
            [
              -88.30075,
              36.612
            ],
            [
              -88.3004,
              36.6109
            ],
            [
              -88.2985,
              36.6108
            ],
            [
              -88.2977,
              36.6113
            ],
            [
              -88.2979,
              36.6133
            ],
            [
              -88.3006,
              36.6132
            ]
          ]
        ]
      },
      "properties": {
        "account": "kroger",
        "name": "Kenlake Foods",
        "type": "Beverage Plant",
        "archetype": "#3",
        "archetypeName": "No Gate / No GS",
        "confidence": "high",
        "zone": "perimeter",
        "truckGate": false,
        "guardShack": false,
        "remoteGs": false,
        "fastLaneOpportunity": false,
        "backupSensitive": false,
        "dropYard": true,
        "multipleFacilities": false,
        "scale": false,
        "shipRcvSeparate": false,
        "urbanRural": "Rural",
        "dockDoors": "10-25",
        "dropArea": "10-25",
        "yardMetrics": {
          "dockDoorCount": 18,
          "trailersVisible": 6,
          "trailerParkingCapacity": 30,
          "truckGateCount": 2,
          "buildingCount": 2,
          "siteAreaAcres": 16.4,
          "railServed": false
        }
      }
    },
    {
      "type": "Feature",
      "geometry": {
        "type": "Polygon",
        "coordinates": [
          [
            [
              -88.3002,
              36.613
            ],
            [
              -88.3002,
              36.61255
            ],
            [
              -88.2996,
              36.61255
            ],
            [
              -88.2996,
              36.613
            ],
            [
              -88.3002,
              36.613
            ]
          ]
        ]
      },
      "properties": {
        "account": "kroger",
        "name": "Kenlake Foods",
        "type": "Beverage Plant",
        "archetype": "#3",
        "archetypeName": "No Gate / No GS",
        "confidence": "high",
        "zone": "truckGate"
      }
    },
    {
      "type": "Feature",
      "geometry": {
        "type": "Polygon",
        "coordinates": [
          [
            [
              -88.30055,
              36.613
            ],
            [
              -88.3005,
              36.6113
            ],
            [
              -88.2999,
              36.6113
            ],
            [
              -88.3,
              36.613
            ],
            [
              -88.30055,
              36.613
            ]
          ]
        ]
      },
      "properties": {
        "account": "kroger",
        "name": "Kenlake Foods",
        "type": "Beverage Plant",
        "archetype": "#3",
        "archetypeName": "No Gate / No GS",
        "confidence": "high",
        "zone": "dropYard",
        "index": 1
      }
    },
    {
      "type": "Feature",
      "geometry": {
        "type": "Polygon",
        "coordinates": [
          [
            [
              -88.2985,
              36.613
            ],
            [
              -88.2985,
              36.61275
            ],
            [
              -88.2979,
              36.61275
            ],
            [
              -88.2979,
              36.613
            ],
            [
              -88.2985,
              36.613
            ]
          ]
        ]
      },
      "properties": {
        "account": "kroger",
        "name": "Kenlake Foods",
        "type": "Beverage Plant",
        "archetype": "#3",
        "archetypeName": "No Gate / No GS",
        "confidence": "high",
        "zone": "dockApron",
        "index": 1
      }
    },
    {
      "type": "Feature",
      "geometry": {
        "type": "Polygon",
        "coordinates": [
          [
            [
              -80.86158,
              34.13428
            ],
            [
              -80.86168,
              34.1325
            ],
            [
              -80.8612,
              34.13038
            ],
            [
              -80.85935,
              34.1303
            ],
            [
              -80.85888,
              34.13105
            ],
            [
              -80.85878,
              34.1336
            ],
            [
              -80.85898,
              34.13432
            ],
            [
              -80.86158,
              34.13428
            ]
          ]
        ]
      },
      "properties": {
        "account": "kroger",
        "name": "Pontiac Foods",
        "type": "Grocery Plant",
        "archetype": "#3",
        "archetypeName": "No Gate / No GS",
        "confidence": "medium",
        "zone": "perimeter",
        "truckGate": false,
        "guardShack": false,
        "remoteGs": false,
        "fastLaneOpportunity": false,
        "backupSensitive": false,
        "dropYard": true,
        "multipleFacilities": false,
        "scale": false,
        "shipRcvSeparate": false,
        "urbanRural": "Rural",
        "dockDoors": "25-50",
        "dropArea": "10-25",
        "yardMetrics": {
          "dockDoorCount": 32,
          "trailersVisible": 28,
          "trailerParkingCapacity": 40,
          "truckGateCount": 1,
          "buildingCount": 1,
          "siteAreaAcres": 24.5,
          "railServed": false
        }
      }
    },
    {
      "type": "Feature",
      "geometry": {
        "type": "Polygon",
        "coordinates": [
          [
            [
              -80.85998,
              34.13405
            ],
            [
              -80.85998,
              34.1336
            ],
            [
              -80.85955,
              34.1336
            ],
            [
              -80.85955,
              34.13405
            ],
            [
              -80.85998,
              34.13405
            ]
          ]
        ]
      },
      "properties": {
        "account": "kroger",
        "name": "Pontiac Foods",
        "type": "Grocery Plant",
        "archetype": "#3",
        "archetypeName": "No Gate / No GS",
        "confidence": "medium",
        "zone": "truckGate"
      }
    },
    {
      "type": "Feature",
      "geometry": {
        "type": "Polygon",
        "coordinates": [
          [
            [
              -80.8606,
              34.13095
            ],
            [
              -80.86065,
              34.13035
            ],
            [
              -80.8594,
              34.1303
            ],
            [
              -80.85935,
              34.1309
            ],
            [
              -80.8606,
              34.13095
            ]
          ]
        ]
      },
      "properties": {
        "account": "kroger",
        "name": "Pontiac Foods",
        "type": "Grocery Plant",
        "archetype": "#3",
        "archetypeName": "No Gate / No GS",
        "confidence": "medium",
        "zone": "dropYard",
        "index": 1
      }
    },
    {
      "type": "Feature",
      "geometry": {
        "type": "Polygon",
        "coordinates": [
          [
            [
              -80.85988,
              34.1326
            ],
            [
              -80.85998,
              34.13078
            ],
            [
              -80.85968,
              34.1308
            ],
            [
              -80.85958,
              34.13262
            ],
            [
              -80.85988,
              34.1326
            ]
          ]
        ]
      },
      "properties": {
        "account": "kroger",
        "name": "Pontiac Foods",
        "type": "Grocery Plant",
        "archetype": "#3",
        "archetypeName": "No Gate / No GS",
        "confidence": "medium",
        "zone": "dockApron",
        "index": 1
      }
    },
    {
      "type": "Feature",
      "geometry": {
        "type": "Polygon",
        "coordinates": [
          [
            [
              -84.55205,
              39.1101
            ],
            [
              -84.55185,
              39.1083
            ],
            [
              -84.5509,
              39.1078
            ],
            [
              -84.54945,
              39.10755
            ],
            [
              -84.5487,
              39.108
            ],
            [
              -84.549,
              39.11
            ],
            [
              -84.5501,
              39.11035
            ],
            [
              -84.55205,
              39.1101
            ]
          ]
        ]
      },
      "properties": {
        "account": "kroger",
        "name": "State Avenue Plant",
        "type": "Grocery Plant",
        "archetype": "#3",
        "archetypeName": "No Gate / No GS",
        "confidence": "high",
        "zone": "perimeter",
        "truckGate": false,
        "guardShack": false,
        "remoteGs": false,
        "fastLaneOpportunity": false,
        "backupSensitive": true,
        "dropYard": true,
        "multipleFacilities": true,
        "scale": false,
        "shipRcvSeparate": false,
        "urbanRural": "Urban",
        "dockDoors": "25-50",
        "dropArea": "10-25",
        "yardMetrics": {
          "dockDoorCount": 35,
          "trailersVisible": 22,
          "trailerParkingCapacity": 30,
          "truckGateCount": 1,
          "buildingCount": 6,
          "siteAreaAcres": 17.5,
          "railServed": false
        }
      }
    },
    {
      "type": "Feature",
      "geometry": {
        "type": "Polygon",
        "coordinates": [
          [
            [
              -84.5516,
              39.10872
            ],
            [
              -84.55154,
              39.10846
            ],
            [
              -84.55112,
              39.10852
            ],
            [
              -84.55118,
              39.10878
            ],
            [
              -84.5516,
              39.10872
            ]
          ]
        ]
      },
      "properties": {
        "account": "kroger",
        "name": "State Avenue Plant",
        "type": "Grocery Plant",
        "archetype": "#3",
        "archetypeName": "No Gate / No GS",
        "confidence": "high",
        "zone": "truckGate"
      }
    },
    {
      "type": "Feature",
      "geometry": {
        "type": "Polygon",
        "coordinates": [
          [
            [
              -84.5502,
              39.10985
            ],
            [
              -84.5497,
              39.10805
            ],
            [
              -84.54935,
              39.10815
            ],
            [
              -84.54985,
              39.10995
            ],
            [
              -84.5502,
              39.10985
            ]
          ]
        ]
      },
      "properties": {
        "account": "kroger",
        "name": "State Avenue Plant",
        "type": "Grocery Plant",
        "archetype": "#3",
        "archetypeName": "No Gate / No GS",
        "confidence": "high",
        "zone": "dropYard",
        "index": 1
      }
    },
    {
      "type": "Feature",
      "geometry": {
        "type": "Polygon",
        "coordinates": [
          [
            [
              -84.5506,
              39.1098
            ],
            [
              -84.55012,
              39.10804
            ],
            [
              -84.54982,
              39.10812
            ],
            [
              -84.5503,
              39.10988
            ],
            [
              -84.5506,
              39.1098
            ]
          ]
        ]
      },
      "properties": {
        "account": "kroger",
        "name": "State Avenue Plant",
        "type": "Grocery Plant",
        "archetype": "#3",
        "archetypeName": "No Gate / No GS",
        "confidence": "high",
        "zone": "dockApron",
        "index": 1
      }
    },
    {
      "type": "Feature",
      "geometry": {
        "type": "Polygon",
        "coordinates": [
          [
            [
              -84.1044,
              31.6008
            ],
            [
              -84.1044,
              31.5981
            ],
            [
              -84.1033,
              31.598
            ],
            [
              -84.1015,
              31.5982
            ],
            [
              -84.1011,
              31.5989
            ],
            [
              -84.1013,
              31.6005
            ],
            [
              -84.1033,
              31.60075
            ],
            [
              -84.1044,
              31.6008
            ]
          ]
        ]
      },
      "properties": {
        "account": "kroger",
        "name": "Tara Foods (Kroger)",
        "type": "Grocery Plant",
        "archetype": "#9",
        "archetypeName": "Gate + No GS (remote check-in)",
        "confidence": "high",
        "zone": "perimeter",
        "truckGate": true,
        "guardShack": false,
        "remoteGs": true,
        "fastLaneOpportunity": true,
        "backupSensitive": false,
        "dropYard": true,
        "multipleFacilities": false,
        "scale": false,
        "shipRcvSeparate": false,
        "urbanRural": "Rural",
        "dockDoors": "10-25",
        "dropArea": "50+",
        "yardMetrics": {
          "dockDoorCount": 16,
          "trailersVisible": 55,
          "trailerParkingCapacity": 80,
          "truckGateCount": 1,
          "buildingCount": 3,
          "siteAreaAcres": 21.4,
          "railServed": false
        }
      }
    },
    {
      "type": "Feature",
      "geometry": {
        "type": "Polygon",
        "coordinates": [
          [
            [
              -84.10445,
              31.60052
            ],
            [
              -84.10445,
              31.60032
            ],
            [
              -84.1041,
              31.60032
            ],
            [
              -84.1041,
              31.60052
            ],
            [
              -84.10445,
              31.60052
            ]
          ]
        ]
      },
      "properties": {
        "account": "kroger",
        "name": "Tara Foods (Kroger)",
        "type": "Grocery Plant",
        "archetype": "#9",
        "archetypeName": "Gate + No GS (remote check-in)",
        "confidence": "high",
        "zone": "truckGate"
      }
    },
    {
      "type": "Feature",
      "geometry": {
        "type": "Polygon",
        "coordinates": [
          [
            [
              -84.1024,
              31.60055
            ],
            [
              -84.1024,
              31.59885
            ],
            [
              -84.10135,
              31.5988
            ],
            [
              -84.1014,
              31.6005
            ],
            [
              -84.1024,
              31.60055
            ]
          ]
        ]
      },
      "properties": {
        "account": "kroger",
        "name": "Tara Foods (Kroger)",
        "type": "Grocery Plant",
        "archetype": "#9",
        "archetypeName": "Gate + No GS (remote check-in)",
        "confidence": "high",
        "zone": "dropYard",
        "index": 1
      }
    },
    {
      "type": "Feature",
      "geometry": {
        "type": "Polygon",
        "coordinates": [
          [
            [
              -84.1012,
              31.5987
            ],
            [
              -84.1012,
              31.59795
            ],
            [
              -84.10055,
              31.5979
            ],
            [
              -84.1005,
              31.59865
            ],
            [
              -84.1012,
              31.5987
            ]
          ]
        ]
      },
      "properties": {
        "account": "kroger",
        "name": "Tara Foods (Kroger)",
        "type": "Grocery Plant",
        "archetype": "#9",
        "archetypeName": "Gate + No GS (remote check-in)",
        "confidence": "high",
        "zone": "dropYard",
        "index": 2
      }
    },
    {
      "type": "Feature",
      "geometry": {
        "type": "Polygon",
        "coordinates": [
          [
            [
              -84.10285,
              31.59995
            ],
            [
              -84.1029,
              31.5992
            ],
            [
              -84.10255,
              31.59915
            ],
            [
              -84.1025,
              31.5999
            ],
            [
              -84.10285,
              31.59995
            ]
          ]
        ]
      },
      "properties": {
        "account": "kroger",
        "name": "Tara Foods (Kroger)",
        "type": "Grocery Plant",
        "archetype": "#9",
        "archetypeName": "Gate + No GS (remote check-in)",
        "confidence": "high",
        "zone": "dockApron",
        "index": 1
      }
    },
    {
      "type": "Feature",
      "geometry": {
        "type": "Polygon",
        "coordinates": [
          [
            [
              -84.10345,
              31.59905
            ],
            [
              -84.10345,
              31.59885
            ],
            [
              -84.10295,
              31.59885
            ],
            [
              -84.10295,
              31.59905
            ],
            [
              -84.10345,
              31.59905
            ]
          ]
        ]
      },
      "properties": {
        "account": "kroger",
        "name": "Tara Foods (Kroger)",
        "type": "Grocery Plant",
        "archetype": "#9",
        "archetypeName": "Gate + No GS (remote check-in)",
        "confidence": "high",
        "zone": "dockApron",
        "index": 2
      }
    },
    {
      "type": "Feature",
      "geometry": {
        "type": "Polygon",
        "coordinates": [
          [
            [
              -84.103,
              31.5992
            ],
            [
              -84.10305,
              31.59855
            ],
            [
              -84.1022,
              31.5985
            ],
            [
              -84.10215,
              31.59915
            ],
            [
              -84.103,
              31.5992
            ]
          ]
        ]
      },
      "properties": {
        "account": "kroger",
        "name": "Tara Foods (Kroger)",
        "type": "Grocery Plant",
        "archetype": "#9",
        "archetypeName": "Gate + No GS (remote check-in)",
        "confidence": "high",
        "zone": "staging"
      }
    },
    {
      "type": "Feature",
      "geometry": {
        "type": "Polygon",
        "coordinates": [
          [
            [
              -79.9312,
              36.09525
            ],
            [
              -79.9318,
              36.0942
            ],
            [
              -79.9318,
              36.0917
            ],
            [
              -79.9308,
              36.0912
            ],
            [
              -79.9296,
              36.0918
            ],
            [
              -79.9288,
              36.0936
            ],
            [
              -79.9296,
              36.0949
            ],
            [
              -79.9312,
              36.09525
            ]
          ]
        ]
      },
      "properties": {
        "account": "kroger",
        "name": "Harris Teeter Distribution Center Greensboro NC",
        "type": "Distribution Center",
        "archetype": "#9",
        "archetypeName": "Gate + No GS (remote check-in)",
        "confidence": "high",
        "zone": "perimeter",
        "truckGate": true,
        "guardShack": false,
        "remoteGs": true,
        "fastLaneOpportunity": false,
        "backupSensitive": false,
        "dropYard": true,
        "multipleFacilities": true,
        "scale": false,
        "shipRcvSeparate": true,
        "urbanRural": "Rural",
        "dockDoors": "50+",
        "dropArea": "50+",
        "yardMetrics": {
          "dockDoorCount": 90,
          "trailersVisible": 130,
          "trailerParkingCapacity": 120,
          "truckGateCount": 1,
          "buildingCount": 2,
          "siteAreaAcres": 22.1,
          "railServed": false
        }
      }
    },
    {
      "type": "Feature",
      "geometry": {
        "type": "Polygon",
        "coordinates": [
          [
            [
              -79.93098,
              36.09525
            ],
            [
              -79.93108,
              36.09507
            ],
            [
              -79.93082,
              36.095
            ],
            [
              -79.93072,
              36.09518
            ],
            [
              -79.93098,
              36.09525
            ]
          ]
        ]
      },
      "properties": {
        "account": "kroger",
        "name": "Harris Teeter Distribution Center Greensboro NC",
        "type": "Distribution Center",
        "archetype": "#9",
        "archetypeName": "Gate + No GS (remote check-in)",
        "confidence": "high",
        "zone": "truckGate"
      }
    },
    {
      "type": "Feature",
      "geometry": {
        "type": "Polygon",
        "coordinates": [
          [
            [
              -79.9314,
              36.0947
            ],
            [
              -79.9318,
              36.09405
            ],
            [
              -79.9306,
              36.09335
            ],
            [
              -79.9302,
              36.094
            ],
            [
              -79.9314,
              36.0947
            ]
          ]
        ]
      },
      "properties": {
        "account": "kroger",
        "name": "Harris Teeter Distribution Center Greensboro NC",
        "type": "Distribution Center",
        "archetype": "#9",
        "archetypeName": "Gate + No GS (remote check-in)",
        "confidence": "high",
        "zone": "dropYard",
        "index": 1
      }
    },
    {
      "type": "Feature",
      "geometry": {
        "type": "Polygon",
        "coordinates": [
          [
            [
              -79.93105,
              36.0937
            ],
            [
              -79.9318,
              36.0925
            ],
            [
              -79.9315,
              36.0923
            ],
            [
              -79.93075,
              36.0935
            ],
            [
              -79.93105,
              36.0937
            ]
          ]
        ]
      },
      "properties": {
        "account": "kroger",
        "name": "Harris Teeter Distribution Center Greensboro NC",
        "type": "Distribution Center",
        "archetype": "#9",
        "archetypeName": "Gate + No GS (remote check-in)",
        "confidence": "high",
        "zone": "dockApron",
        "index": 1
      }
    },
    {
      "type": "Feature",
      "geometry": {
        "type": "Polygon",
        "coordinates": [
          [
            [
              -79.92935,
              36.0931
            ],
            [
              -79.9301,
              36.09195
            ],
            [
              -79.9298,
              36.0918
            ],
            [
              -79.92905,
              36.09295
            ],
            [
              -79.92935,
              36.0931
            ]
          ]
        ]
      },
      "properties": {
        "account": "kroger",
        "name": "Harris Teeter Distribution Center Greensboro NC",
        "type": "Distribution Center",
        "archetype": "#9",
        "archetypeName": "Gate + No GS (remote check-in)",
        "confidence": "high",
        "zone": "dockApron",
        "index": 2
      }
    },
    {
      "type": "Feature",
      "geometry": {
        "type": "Polygon",
        "coordinates": [
          [
            [
              -80.6527,
              35.0662
            ],
            [
              -80.6527,
              35.0625
            ],
            [
              -80.65,
              35.0608
            ],
            [
              -80.6432,
              35.0622
            ],
            [
              -80.6432,
              35.066
            ],
            [
              -80.644,
              35.0668
            ],
            [
              -80.6527,
              35.0662
            ]
          ]
        ]
      },
      "properties": {
        "account": "kroger",
        "name": "Harris Teeter Distribution Center Indian Trail NC",
        "type": "Distribution Center",
        "archetype": "#6",
        "archetypeName": "Gate + GS (not BU sens.) + campus",
        "confidence": "high",
        "zone": "perimeter",
        "truckGate": true,
        "guardShack": true,
        "remoteGs": false,
        "fastLaneOpportunity": true,
        "backupSensitive": false,
        "dropYard": true,
        "multipleFacilities": true,
        "scale": false,
        "shipRcvSeparate": true,
        "urbanRural": "Rural",
        "dockDoors": "50+",
        "dropArea": "50+",
        "yardMetrics": {
          "dockDoorCount": 90,
          "trailersVisible": 220,
          "trailerParkingCapacity": 300,
          "truckGateCount": 1,
          "buildingCount": 4,
          "siteAreaAcres": 117.8,
          "railServed": false
        }
      }
    },
    {
      "type": "Feature",
      "geometry": {
        "type": "Polygon",
        "coordinates": [
          [
            [
              -80.6447,
              35.0652
            ],
            [
              -80.64485,
              35.06465
            ],
            [
              -80.64435,
              35.06455
            ],
            [
              -80.6442,
              35.0651
            ],
            [
              -80.6447,
              35.0652
            ]
          ]
        ]
      },
      "properties": {
        "account": "kroger",
        "name": "Harris Teeter Distribution Center Indian Trail NC",
        "type": "Distribution Center",
        "archetype": "#6",
        "archetypeName": "Gate + GS (not BU sens.) + campus",
        "confidence": "high",
        "zone": "truckGate"
      }
    },
    {
      "type": "Feature",
      "geometry": {
        "type": "Polygon",
        "coordinates": [
          [
            [
              -80.6453,
              35.0656
            ],
            [
              -80.64555,
              35.0642
            ],
            [
              -80.64385,
              35.06405
            ],
            [
              -80.6436,
              35.06545
            ],
            [
              -80.6453,
              35.0656
            ]
          ]
        ]
      },
      "properties": {
        "account": "kroger",
        "name": "Harris Teeter Distribution Center Indian Trail NC",
        "type": "Distribution Center",
        "archetype": "#6",
        "archetypeName": "Gate + GS (not BU sens.) + campus",
        "confidence": "high",
        "zone": "dropYard",
        "index": 1
      }
    },
    {
      "type": "Feature",
      "geometry": {
        "type": "Polygon",
        "coordinates": [
          [
            [
              -80.6447,
              35.0643
            ],
            [
              -80.64485,
              35.06345
            ],
            [
              -80.64375,
              35.0632
            ],
            [
              -80.6436,
              35.06405
            ],
            [
              -80.6447,
              35.0643
            ]
          ]
        ]
      },
      "properties": {
        "account": "kroger",
        "name": "Harris Teeter Distribution Center Indian Trail NC",
        "type": "Distribution Center",
        "archetype": "#6",
        "archetypeName": "Gate + GS (not BU sens.) + campus",
        "confidence": "high",
        "zone": "dropYard",
        "index": 2
      }
    },
    {
      "type": "Feature",
      "geometry": {
        "type": "Polygon",
        "coordinates": [
          [
            [
              -80.6476,
              35.0649
            ],
            [
              -80.64785,
              35.0646
            ],
            [
              -80.64605,
              35.064
            ],
            [
              -80.6458,
              35.0643
            ],
            [
              -80.6476,
              35.0649
            ]
          ]
        ]
      },
      "properties": {
        "account": "kroger",
        "name": "Harris Teeter Distribution Center Indian Trail NC",
        "type": "Distribution Center",
        "archetype": "#6",
        "archetypeName": "Gate + GS (not BU sens.) + campus",
        "confidence": "high",
        "zone": "dockApron",
        "index": 1
      }
    },
    {
      "type": "Feature",
      "geometry": {
        "type": "Polygon",
        "coordinates": [
          [
            [
              -80.65085,
              35.06255
            ],
            [
              -80.6511,
              35.06225
            ],
            [
              -80.64855,
              35.0614
            ],
            [
              -80.6483,
              35.0617
            ],
            [
              -80.65085,
              35.06255
            ]
          ]
        ]
      },
      "properties": {
        "account": "kroger",
        "name": "Harris Teeter Distribution Center Indian Trail NC",
        "type": "Distribution Center",
        "archetype": "#6",
        "archetypeName": "Gate + GS (not BU sens.) + campus",
        "confidence": "high",
        "zone": "dockApron",
        "index": 2
      }
    },
    {
      "type": "Feature",
      "geometry": {
        "type": "Polygon",
        "coordinates": [
          [
            [
              -80.6445,
              35.0649
            ],
            [
              -80.64465,
              35.0644
            ],
            [
              -80.644,
              35.0643
            ],
            [
              -80.64385,
              35.0648
            ],
            [
              -80.6445,
              35.0649
            ]
          ]
        ]
      },
      "properties": {
        "account": "kroger",
        "name": "Harris Teeter Distribution Center Indian Trail NC",
        "type": "Distribution Center",
        "archetype": "#6",
        "archetypeName": "Gate + GS (not BU sens.) + campus",
        "confidence": "high",
        "zone": "staging"
      }
    },
    {
      "type": "Feature",
      "geometry": {
        "type": "Polygon",
        "coordinates": [
          [
            [
              -80.12425,
              37.27835
            ],
            [
              -80.1242,
              37.2768
            ],
            [
              -80.1233,
              37.276
            ],
            [
              -80.1215,
              37.275
            ],
            [
              -80.119,
              37.2743
            ],
            [
              -80.11585,
              37.2748
            ],
            [
              -80.1156,
              37.2764
            ],
            [
              -80.1179,
              37.27545
            ],
            [
              -80.12235,
              37.27775
            ],
            [
              -80.1228,
              37.278
            ],
            [
              -80.12425,
              37.27835
            ]
          ]
        ]
      },
      "properties": {
        "account": "kroger",
        "name": "Kroger Mid-Atlantic Distribution Center Salem VA",
        "type": "Distribution Center",
        "archetype": "#6",
        "archetypeName": "Gate + GS (not BU sens.) + campus",
        "confidence": "high",
        "zone": "perimeter",
        "truckGate": true,
        "guardShack": true,
        "remoteGs": false,
        "fastLaneOpportunity": true,
        "backupSensitive": false,
        "dropYard": true,
        "multipleFacilities": true,
        "scale": false,
        "shipRcvSeparate": true,
        "urbanRural": "Rural",
        "dockDoors": "50+",
        "dropArea": "50+",
        "yardMetrics": {
          "dockDoorCount": 110,
          "trailersVisible": 180,
          "trailerParkingCapacity": 260,
          "truckGateCount": 1,
          "buildingCount": 3,
          "siteAreaAcres": 78,
          "railServed": true
        }
      }
    },
    {
      "type": "Feature",
      "geometry": {
        "type": "Polygon",
        "coordinates": [
          [
            [
              -80.1239,
              37.27815
            ],
            [
              -80.1243,
              37.27755
            ],
            [
              -80.1236,
              37.27735
            ],
            [
              -80.1232,
              37.27795
            ],
            [
              -80.1239,
              37.27815
            ]
          ]
        ]
      },
      "properties": {
        "account": "kroger",
        "name": "Kroger Mid-Atlantic Distribution Center Salem VA",
        "type": "Distribution Center",
        "archetype": "#6",
        "archetypeName": "Gate + GS (not BU sens.) + campus",
        "confidence": "high",
        "zone": "truckGate"
      }
    },
    {
      "type": "Feature",
      "geometry": {
        "type": "Polygon",
        "coordinates": [
          [
            [
              -80.11625,
              37.2762
            ],
            [
              -80.11715,
              37.27535
            ],
            [
              -80.1165,
              37.27475
            ],
            [
              -80.1156,
              37.2756
            ],
            [
              -80.11625,
              37.2762
            ]
          ]
        ]
      },
      "properties": {
        "account": "kroger",
        "name": "Kroger Mid-Atlantic Distribution Center Salem VA",
        "type": "Distribution Center",
        "archetype": "#6",
        "archetypeName": "Gate + GS (not BU sens.) + campus",
        "confidence": "high",
        "zone": "dropYard",
        "index": 1
      }
    },
    {
      "type": "Feature",
      "geometry": {
        "type": "Polygon",
        "coordinates": [
          [
            [
              -80.1238,
              37.278
            ],
            [
              -80.1244,
              37.2772
            ],
            [
              -80.1232,
              37.2769
            ],
            [
              -80.1226,
              37.2777
            ],
            [
              -80.1238,
              37.278
            ]
          ]
        ]
      },
      "properties": {
        "account": "kroger",
        "name": "Kroger Mid-Atlantic Distribution Center Salem VA",
        "type": "Distribution Center",
        "archetype": "#6",
        "archetypeName": "Gate + GS (not BU sens.) + campus",
        "confidence": "high",
        "zone": "dropYard",
        "index": 2
      }
    },
    {
      "type": "Feature",
      "geometry": {
        "type": "Polygon",
        "coordinates": [
          [
            [
              -80.1202,
              37.27575
            ],
            [
              -80.1205,
              37.2754
            ],
            [
              -80.1189,
              37.27455
            ],
            [
              -80.1186,
              37.2749
            ],
            [
              -80.1202,
              37.27575
            ]
          ]
        ]
      },
      "properties": {
        "account": "kroger",
        "name": "Kroger Mid-Atlantic Distribution Center Salem VA",
        "type": "Distribution Center",
        "archetype": "#6",
        "archetypeName": "Gate + GS (not BU sens.) + campus",
        "confidence": "high",
        "zone": "dockApron",
        "index": 1
      }
    },
    {
      "type": "Feature",
      "geometry": {
        "type": "Polygon",
        "coordinates": [
          [
            [
              -80.1185,
              37.2751
            ],
            [
              -80.1188,
              37.27475
            ],
            [
              -80.1173,
              37.274
            ],
            [
              -80.117,
              37.27435
            ],
            [
              -80.1185,
              37.2751
            ]
          ]
        ]
      },
      "properties": {
        "account": "kroger",
        "name": "Kroger Mid-Atlantic Distribution Center Salem VA",
        "type": "Distribution Center",
        "archetype": "#6",
        "archetypeName": "Gate + GS (not BU sens.) + campus",
        "confidence": "high",
        "zone": "dockApron",
        "index": 2
      }
    },
    {
      "type": "Feature",
      "geometry": {
        "type": "Polygon",
        "coordinates": [
          [
            [
              -80.1241,
              37.278
            ],
            [
              -80.12455,
              37.27705
            ],
            [
              -80.12345,
              37.2768
            ],
            [
              -80.123,
              37.27775
            ],
            [
              -80.1241,
              37.278
            ]
          ]
        ]
      },
      "properties": {
        "account": "kroger",
        "name": "Kroger Mid-Atlantic Distribution Center Salem VA",
        "type": "Distribution Center",
        "archetype": "#6",
        "archetypeName": "Gate + GS (not BU sens.) + campus",
        "confidence": "high",
        "zone": "staging"
      }
    },
    {
      "type": "Feature",
      "geometry": {
        "type": "Polygon",
        "coordinates": [
          [
            [
              -95.2724,
              29.7863
            ],
            [
              -95.2726,
              29.7818
            ],
            [
              -95.2713,
              29.7814
            ],
            [
              -95.2692,
              29.7823
            ],
            [
              -95.2683,
              29.7838
            ],
            [
              -95.2688,
              29.7862
            ],
            [
              -95.2724,
              29.7863
            ]
          ]
        ]
      },
      "properties": {
        "account": "kroger",
        "name": "Kroger Distribution Center Houston TX",
        "type": "Distribution Center",
        "archetype": "#10",
        "archetypeName": "Ship/Rcv Separate (Gate+GS)",
        "confidence": "high",
        "zone": "perimeter",
        "truckGate": true,
        "guardShack": true,
        "remoteGs": false,
        "fastLaneOpportunity": true,
        "backupSensitive": false,
        "dropYard": true,
        "multipleFacilities": false,
        "scale": false,
        "shipRcvSeparate": true,
        "urbanRural": "Urban",
        "dockDoors": "50+",
        "dropArea": "50+",
        "yardMetrics": {
          "dockDoorCount": 130,
          "trailersVisible": 220,
          "trailerParkingCapacity": 350,
          "truckGateCount": 1,
          "buildingCount": 2,
          "siteAreaAcres": 45.4,
          "railServed": true
        }
      }
    },
    {
      "type": "Feature",
      "geometry": {
        "type": "Polygon",
        "coordinates": [
          [
            [
              -95.2703,
              29.78375
            ],
            [
              -95.27045,
              29.78315
            ],
            [
              -95.2699,
              29.783
            ],
            [
              -95.26975,
              29.7836
            ],
            [
              -95.2703,
              29.78375
            ]
          ]
        ]
      },
      "properties": {
        "account": "kroger",
        "name": "Kroger Distribution Center Houston TX",
        "type": "Distribution Center",
        "archetype": "#10",
        "archetypeName": "Ship/Rcv Separate (Gate+GS)",
        "confidence": "high",
        "zone": "truckGate"
      }
    },
    {
      "type": "Feature",
      "geometry": {
        "type": "Polygon",
        "coordinates": [
          [
            [
              -95.2725,
              29.7833
            ],
            [
              -95.27285,
              29.78175
            ],
            [
              -95.2713,
              29.78165
            ],
            [
              -95.2709,
              29.7832
            ],
            [
              -95.2725,
              29.7833
            ]
          ]
        ]
      },
      "properties": {
        "account": "kroger",
        "name": "Kroger Distribution Center Houston TX",
        "type": "Distribution Center",
        "archetype": "#10",
        "archetypeName": "Ship/Rcv Separate (Gate+GS)",
        "confidence": "high",
        "zone": "dropYard",
        "index": 1
      }
    },
    {
      "type": "Feature",
      "geometry": {
        "type": "Polygon",
        "coordinates": [
          [
            [
              -95.2696,
              29.7847
            ],
            [
              -95.26965,
              29.7837
            ],
            [
              -95.26845,
              29.7836
            ],
            [
              -95.2684,
              29.7846
            ],
            [
              -95.2696,
              29.7847
            ]
          ]
        ]
      },
      "properties": {
        "account": "kroger",
        "name": "Kroger Distribution Center Houston TX",
        "type": "Distribution Center",
        "archetype": "#10",
        "archetypeName": "Ship/Rcv Separate (Gate+GS)",
        "confidence": "high",
        "zone": "dropYard",
        "index": 2
      }
    },
    {
      "type": "Feature",
      "geometry": {
        "type": "Polygon",
        "coordinates": [
          [
            [
              -95.2724,
              29.7836
            ],
            [
              -95.27242,
              29.7834
            ],
            [
              -95.27092,
              29.7833
            ],
            [
              -95.2709,
              29.7835
            ],
            [
              -95.2724,
              29.7836
            ]
          ]
        ]
      },
      "properties": {
        "account": "kroger",
        "name": "Kroger Distribution Center Houston TX",
        "type": "Distribution Center",
        "archetype": "#10",
        "archetypeName": "Ship/Rcv Separate (Gate+GS)",
        "confidence": "high",
        "zone": "dockApron",
        "index": 1
      }
    },
    {
      "type": "Feature",
      "geometry": {
        "type": "Polygon",
        "coordinates": [
          [
            [
              -95.2701,
              29.7861
            ],
            [
              -95.2703,
              29.7842
            ],
            [
              -95.27005,
              29.78418
            ],
            [
              -95.26985,
              29.78608
            ],
            [
              -95.2701,
              29.7861
            ]
          ]
        ]
      },
      "properties": {
        "account": "kroger",
        "name": "Kroger Distribution Center Houston TX",
        "type": "Distribution Center",
        "archetype": "#10",
        "archetypeName": "Ship/Rcv Separate (Gate+GS)",
        "confidence": "high",
        "zone": "dockApron",
        "index": 2
      }
    },
    {
      "type": "Feature",
      "geometry": {
        "type": "Polygon",
        "coordinates": [
          [
            [
              -95.27,
              29.7832
            ],
            [
              -95.27025,
              29.7827
            ],
            [
              -95.2696,
              29.7825
            ],
            [
              -95.26935,
              29.783
            ],
            [
              -95.27,
              29.7832
            ]
          ]
        ]
      },
      "properties": {
        "account": "kroger",
        "name": "Kroger Distribution Center Houston TX",
        "type": "Distribution Center",
        "archetype": "#10",
        "archetypeName": "Ship/Rcv Separate (Gate+GS)",
        "confidence": "high",
        "zone": "staging"
      }
    },
    {
      "type": "Feature",
      "geometry": {
        "type": "Polygon",
        "coordinates": [
          [
            [
              -83.37998,
              42.18958
            ],
            [
              -83.37985,
              42.18705
            ],
            [
              -83.37545,
              42.1872
            ],
            [
              -83.3746,
              42.1882
            ],
            [
              -83.375,
              42.18995
            ],
            [
              -83.37998,
              42.18958
            ]
          ]
        ]
      },
      "properties": {
        "account": "kroger",
        "name": "Kroger Michigan Fresh Distribution Center Romulus MI",
        "type": "Distribution Center",
        "archetype": "#3",
        "archetypeName": "No Gate / No GS",
        "confidence": "high",
        "zone": "perimeter",
        "truckGate": false,
        "guardShack": false,
        "remoteGs": false,
        "fastLaneOpportunity": true,
        "backupSensitive": false,
        "dropYard": true,
        "multipleFacilities": false,
        "scale": false,
        "shipRcvSeparate": true,
        "urbanRural": "Rural",
        "dockDoors": "50+",
        "dropArea": "50+",
        "yardMetrics": {
          "dockDoorCount": 105,
          "trailersVisible": 120,
          "trailerParkingCapacity": 160,
          "truckGateCount": 1,
          "buildingCount": 1,
          "siteAreaAcres": 30.1,
          "railServed": false
        }
      }
    },
    {
      "type": "Feature",
      "geometry": {
        "type": "Polygon",
        "coordinates": [
          [
            [
              -83.3756,
              42.1901
            ],
            [
              -83.3758,
              42.1897
            ],
            [
              -83.3752,
              42.1896
            ],
            [
              -83.375,
              42.19
            ],
            [
              -83.3756,
              42.1901
            ]
          ]
        ]
      },
      "properties": {
        "account": "kroger",
        "name": "Kroger Michigan Fresh Distribution Center Romulus MI",
        "type": "Distribution Center",
        "archetype": "#3",
        "archetypeName": "No Gate / No GS",
        "confidence": "high",
        "zone": "truckGate"
      }
    },
    {
      "type": "Feature",
      "geometry": {
        "type": "Polygon",
        "coordinates": [
          [
            [
              -83.3793,
              42.18968
            ],
            [
              -83.37925,
              42.18948
            ],
            [
              -83.37635,
              42.18958
            ],
            [
              -83.3764,
              42.1898
            ],
            [
              -83.3793,
              42.18968
            ]
          ]
        ]
      },
      "properties": {
        "account": "kroger",
        "name": "Kroger Michigan Fresh Distribution Center Romulus MI",
        "type": "Distribution Center",
        "archetype": "#3",
        "archetypeName": "No Gate / No GS",
        "confidence": "high",
        "zone": "dropYard",
        "index": 1
      }
    },
    {
      "type": "Feature",
      "geometry": {
        "type": "Polygon",
        "coordinates": [
          [
            [
              -83.3793,
              42.18735
            ],
            [
              -83.37928,
              42.18713
            ],
            [
              -83.37608,
              42.18722
            ],
            [
              -83.3761,
              42.18745
            ],
            [
              -83.3793,
              42.18735
            ]
          ]
        ]
      },
      "properties": {
        "account": "kroger",
        "name": "Kroger Michigan Fresh Distribution Center Romulus MI",
        "type": "Distribution Center",
        "archetype": "#3",
        "archetypeName": "No Gate / No GS",
        "confidence": "high",
        "zone": "dropYard",
        "index": 2
      }
    },
    {
      "type": "Feature",
      "geometry": {
        "type": "Polygon",
        "coordinates": [
          [
            [
              -83.37928,
              42.18952
            ],
            [
              -83.37926,
              42.18935
            ],
            [
              -83.37638,
              42.18944
            ],
            [
              -83.3764,
              42.18962
            ],
            [
              -83.37928,
              42.18952
            ]
          ]
        ]
      },
      "properties": {
        "account": "kroger",
        "name": "Kroger Michigan Fresh Distribution Center Romulus MI",
        "type": "Distribution Center",
        "archetype": "#3",
        "archetypeName": "No Gate / No GS",
        "confidence": "high",
        "zone": "dockApron",
        "index": 1
      }
    },
    {
      "type": "Feature",
      "geometry": {
        "type": "Polygon",
        "coordinates": [
          [
            [
              -83.37925,
              42.1876
            ],
            [
              -83.37923,
              42.18741
            ],
            [
              -83.37598,
              42.1875
            ],
            [
              -83.376,
              42.1877
            ],
            [
              -83.37925,
              42.1876
            ]
          ]
        ]
      },
      "properties": {
        "account": "kroger",
        "name": "Kroger Michigan Fresh Distribution Center Romulus MI",
        "type": "Distribution Center",
        "archetype": "#3",
        "archetypeName": "No Gate / No GS",
        "confidence": "high",
        "zone": "dockApron",
        "index": 2
      }
    },
    {
      "type": "Feature",
      "geometry": {
        "type": "Polygon",
        "coordinates": [
          [
            [
              -89.87075,
              35.01345
            ],
            [
              -89.8712,
              35.01015
            ],
            [
              -89.8708,
              35.00925
            ],
            [
              -89.8663,
              35.00915
            ],
            [
              -89.86635,
              35.01195
            ],
            [
              -89.867,
              35.0131
            ],
            [
              -89.87075,
              35.01345
            ]
          ]
        ]
      },
      "properties": {
        "account": "kroger",
        "name": "Kroger Delta Distribution Center Memphis TN",
        "type": "Distribution Center",
        "archetype": "#10",
        "archetypeName": "Ship/Rcv Separate (Gate+GS)",
        "confidence": "high",
        "zone": "perimeter",
        "truckGate": true,
        "guardShack": true,
        "remoteGs": false,
        "fastLaneOpportunity": true,
        "backupSensitive": false,
        "dropYard": true,
        "multipleFacilities": false,
        "scale": false,
        "shipRcvSeparate": true,
        "urbanRural": "Urban",
        "dockDoors": "50+",
        "dropArea": "50+",
        "yardMetrics": {
          "dockDoorCount": 110,
          "trailersVisible": 280,
          "trailerParkingCapacity": 350,
          "truckGateCount": 1,
          "buildingCount": 2,
          "siteAreaAcres": 46.3,
          "railServed": false
        }
      }
    },
    {
      "type": "Feature",
      "geometry": {
        "type": "Polygon",
        "coordinates": [
          [
            [
              -89.86735,
              35.01055
            ],
            [
              -89.8673,
              35.0098
            ],
            [
              -89.86655,
              35.00985
            ],
            [
              -89.8666,
              35.0106
            ],
            [
              -89.86735,
              35.01055
            ]
          ]
        ]
      },
      "properties": {
        "account": "kroger",
        "name": "Kroger Delta Distribution Center Memphis TN",
        "type": "Distribution Center",
        "archetype": "#10",
        "archetypeName": "Ship/Rcv Separate (Gate+GS)",
        "confidence": "high",
        "zone": "truckGate"
      }
    },
    {
      "type": "Feature",
      "geometry": {
        "type": "Polygon",
        "coordinates": [
          [
            [
              -89.87055,
              35.013
            ],
            [
              -89.8709,
              35.01105
            ],
            [
              -89.8679,
              35.01095
            ],
            [
              -89.86735,
              35.0129
            ],
            [
              -89.87055,
              35.013
            ]
          ]
        ]
      },
      "properties": {
        "account": "kroger",
        "name": "Kroger Delta Distribution Center Memphis TN",
        "type": "Distribution Center",
        "archetype": "#10",
        "archetypeName": "Ship/Rcv Separate (Gate+GS)",
        "confidence": "high",
        "zone": "dropYard",
        "index": 1
      }
    },
    {
      "type": "Feature",
      "geometry": {
        "type": "Polygon",
        "coordinates": [
          [
            [
              -89.8666,
              35.0118
            ],
            [
              -89.86655,
              35.0099
            ],
            [
              -89.86615,
              35.0099
            ],
            [
              -89.8662,
              35.0118
            ],
            [
              -89.8666,
              35.0118
            ]
          ]
        ]
      },
      "properties": {
        "account": "kroger",
        "name": "Kroger Delta Distribution Center Memphis TN",
        "type": "Distribution Center",
        "archetype": "#10",
        "archetypeName": "Ship/Rcv Separate (Gate+GS)",
        "confidence": "high",
        "zone": "dropYard",
        "index": 2
      }
    },
    {
      "type": "Feature",
      "geometry": {
        "type": "Polygon",
        "coordinates": [
          [
            [
              -89.87045,
              35.0101
            ],
            [
              -89.87047,
              35.0099
            ],
            [
              -89.86762,
              35.0098
            ],
            [
              -89.8676,
              35.01
            ],
            [
              -89.87045,
              35.0101
            ]
          ]
        ]
      },
      "properties": {
        "account": "kroger",
        "name": "Kroger Delta Distribution Center Memphis TN",
        "type": "Distribution Center",
        "archetype": "#10",
        "archetypeName": "Ship/Rcv Separate (Gate+GS)",
        "confidence": "high",
        "zone": "dockApron",
        "index": 1
      }
    },
    {
      "type": "Feature",
      "geometry": {
        "type": "Polygon",
        "coordinates": [
          [
            [
              -89.86655,
              35.00975
            ],
            [
              -89.8665,
              35.00877
            ],
            [
              -89.8662,
              35.0088
            ],
            [
              -89.86625,
              35.00978
            ],
            [
              -89.86655,
              35.00975
            ]
          ]
        ]
      },
      "properties": {
        "account": "kroger",
        "name": "Kroger Delta Distribution Center Memphis TN",
        "type": "Distribution Center",
        "archetype": "#10",
        "archetypeName": "Ship/Rcv Separate (Gate+GS)",
        "confidence": "high",
        "zone": "staging"
      }
    },
    {
      "type": "Feature",
      "geometry": {
        "type": "Polygon",
        "coordinates": [
          [
            [
              -84.36118,
              39.26155
            ],
            [
              -84.36095,
              39.26392
            ],
            [
              -84.3643,
              39.26418
            ],
            [
              -84.3656,
              39.264
            ],
            [
              -84.366,
              39.263
            ],
            [
              -84.3654,
              39.2621
            ],
            [
              -84.364,
              39.26165
            ],
            [
              -84.3624,
              39.2615
            ],
            [
              -84.36118,
              39.26155
            ]
          ]
        ]
      },
      "properties": {
        "account": "kroger",
        "name": "Kroger Cincinnati Fresh Distribution Center Blue Ash OH",
        "type": "Distribution Center",
        "archetype": "#9",
        "archetypeName": "Gate + No GS (remote check-in)",
        "confidence": "high",
        "zone": "perimeter",
        "truckGate": true,
        "guardShack": false,
        "remoteGs": true,
        "fastLaneOpportunity": true,
        "backupSensitive": false,
        "dropYard": true,
        "multipleFacilities": false,
        "scale": false,
        "shipRcvSeparate": true,
        "urbanRural": "Urban",
        "dockDoors": "50+",
        "dropArea": "50+",
        "yardMetrics": {
          "dockDoorCount": 60,
          "trailersVisible": 95,
          "trailerParkingCapacity": 120,
          "truckGateCount": 1,
          "buildingCount": 1,
          "siteAreaAcres": 27.5,
          "railServed": false
        }
      }
    },
    {
      "type": "Feature",
      "geometry": {
        "type": "Polygon",
        "coordinates": [
          [
            [
              -84.36205,
              39.26198
            ],
            [
              -84.36158,
              39.26198
            ],
            [
              -84.36158,
              39.26223
            ],
            [
              -84.36205,
              39.26223
            ],
            [
              -84.36205,
              39.26198
            ]
          ]
        ]
      },
      "properties": {
        "account": "kroger",
        "name": "Kroger Cincinnati Fresh Distribution Center Blue Ash OH",
        "type": "Distribution Center",
        "archetype": "#9",
        "archetypeName": "Gate + No GS (remote check-in)",
        "confidence": "high",
        "zone": "truckGate"
      }
    },
    {
      "type": "Feature",
      "geometry": {
        "type": "Polygon",
        "coordinates": [
          [
            [
              -84.3647,
              39.26395
            ],
            [
              -84.366,
              39.26375
            ],
            [
              -84.3656,
              39.26255
            ],
            [
              -84.3643,
              39.2627
            ],
            [
              -84.3647,
              39.26395
            ]
          ]
        ]
      },
      "properties": {
        "account": "kroger",
        "name": "Kroger Cincinnati Fresh Distribution Center Blue Ash OH",
        "type": "Distribution Center",
        "archetype": "#9",
        "archetypeName": "Gate + No GS (remote check-in)",
        "confidence": "high",
        "zone": "dropYard",
        "index": 1
      }
    },
    {
      "type": "Feature",
      "geometry": {
        "type": "Polygon",
        "coordinates": [
          [
            [
              -84.3642,
              39.2626
            ],
            [
              -84.3642,
              39.26195
            ],
            [
              -84.363,
              39.2619
            ],
            [
              -84.363,
              39.26255
            ],
            [
              -84.3642,
              39.2626
            ]
          ]
        ]
      },
      "properties": {
        "account": "kroger",
        "name": "Kroger Cincinnati Fresh Distribution Center Blue Ash OH",
        "type": "Distribution Center",
        "archetype": "#9",
        "archetypeName": "Gate + No GS (remote check-in)",
        "confidence": "high",
        "zone": "dropYard",
        "index": 2
      }
    },
    {
      "type": "Feature",
      "geometry": {
        "type": "Polygon",
        "coordinates": [
          [
            [
              -84.3611,
              39.26305
            ],
            [
              -84.363,
              39.26308
            ],
            [
              -84.363,
              39.2628
            ],
            [
              -84.3611,
              39.26278
            ],
            [
              -84.3611,
              39.26305
            ]
          ]
        ]
      },
      "properties": {
        "account": "kroger",
        "name": "Kroger Cincinnati Fresh Distribution Center Blue Ash OH",
        "type": "Distribution Center",
        "archetype": "#9",
        "archetypeName": "Gate + No GS (remote check-in)",
        "confidence": "high",
        "zone": "dockApron",
        "index": 1
      }
    },
    {
      "type": "Feature",
      "geometry": {
        "type": "Polygon",
        "coordinates": [
          [
            [
              -84.364,
              39.26345
            ],
            [
              -84.3647,
              39.2633
            ],
            [
              -84.3646,
              39.26305
            ],
            [
              -84.3639,
              39.2632
            ],
            [
              -84.364,
              39.26345
            ]
          ]
        ]
      },
      "properties": {
        "account": "kroger",
        "name": "Kroger Cincinnati Fresh Distribution Center Blue Ash OH",
        "type": "Distribution Center",
        "archetype": "#9",
        "archetypeName": "Gate + No GS (remote check-in)",
        "confidence": "high",
        "zone": "dockApron",
        "index": 2
      }
    },
    {
      "type": "Feature",
      "geometry": {
        "type": "Polygon",
        "coordinates": [
          [
            [
              -88.48075,
              43.06155
            ],
            [
              -88.4807,
              43.058
            ],
            [
              -88.47235,
              43.0579
            ],
            [
              -88.47175,
              43.05935
            ],
            [
              -88.47155,
              43.06145
            ],
            [
              -88.48075,
              43.06155
            ]
          ]
        ]
      },
      "properties": {
        "account": "kroger",
        "name": "Roundy's Distribution Center Oconomowoc WI",
        "type": "Distribution Center",
        "archetype": "#7",
        "archetypeName": "Gate + GS (not BU sens.) + fast lane opp",
        "confidence": "high",
        "zone": "perimeter",
        "truckGate": true,
        "guardShack": true,
        "remoteGs": false,
        "fastLaneOpportunity": true,
        "backupSensitive": false,
        "dropYard": true,
        "multipleFacilities": false,
        "scale": false,
        "shipRcvSeparate": false,
        "urbanRural": "Rural",
        "dockDoors": "50+",
        "dropArea": "50+",
        "yardMetrics": {
          "dockDoorCount": 110,
          "trailersVisible": 180,
          "trailerParkingCapacity": 220,
          "truckGateCount": 1,
          "buildingCount": 2,
          "siteAreaAcres": 71.5,
          "railServed": false
        }
      }
    },
    {
      "type": "Feature",
      "geometry": {
        "type": "Polygon",
        "coordinates": [
          [
            [
              -88.47445,
              43.05845
            ],
            [
              -88.4745,
              43.05805
            ],
            [
              -88.47345,
              43.05805
            ],
            [
              -88.4734,
              43.05845
            ],
            [
              -88.47445,
              43.05845
            ]
          ]
        ]
      },
      "properties": {
        "account": "kroger",
        "name": "Roundy's Distribution Center Oconomowoc WI",
        "type": "Distribution Center",
        "archetype": "#7",
        "archetypeName": "Gate + GS (not BU sens.) + fast lane opp",
        "confidence": "high",
        "zone": "truckGate"
      }
    },
    {
      "type": "Feature",
      "geometry": {
        "type": "Polygon",
        "coordinates": [
          [
            [
              -88.4806,
              43.05865
            ],
            [
              -88.48065,
              43.058
            ],
            [
              -88.473,
              43.058
            ],
            [
              -88.4726,
              43.0587
            ],
            [
              -88.4806,
              43.05865
            ]
          ]
        ]
      },
      "properties": {
        "account": "kroger",
        "name": "Roundy's Distribution Center Oconomowoc WI",
        "type": "Distribution Center",
        "archetype": "#7",
        "archetypeName": "Gate + GS (not BU sens.) + fast lane opp",
        "confidence": "high",
        "zone": "dropYard",
        "index": 1
      }
    },
    {
      "type": "Feature",
      "geometry": {
        "type": "Polygon",
        "coordinates": [
          [
            [
              -88.48055,
              43.05935
            ],
            [
              -88.4806,
              43.05875
            ],
            [
              -88.4723,
              43.0588
            ],
            [
              -88.472,
              43.05945
            ],
            [
              -88.48055,
              43.05935
            ]
          ]
        ]
      },
      "properties": {
        "account": "kroger",
        "name": "Roundy's Distribution Center Oconomowoc WI",
        "type": "Distribution Center",
        "archetype": "#7",
        "archetypeName": "Gate + GS (not BU sens.) + fast lane opp",
        "confidence": "high",
        "zone": "dockApron",
        "index": 1
      }
    },
    {
      "type": "Feature",
      "geometry": {
        "type": "Polygon",
        "coordinates": [
          [
            [
              -122.91775,
              46.6262
            ],
            [
              -122.91795,
              46.6252
            ],
            [
              -122.9179,
              46.6232
            ],
            [
              -122.91005,
              46.6233
            ],
            [
              -122.9101,
              46.626
            ],
            [
              -122.9141,
              46.62655
            ],
            [
              -122.91775,
              46.6262
            ]
          ]
        ]
      },
      "properties": {
        "account": "kroger",
        "name": "Fred Meyer Distribution Center Chehalis WA",
        "type": "Distribution Center",
        "archetype": "#3",
        "archetypeName": "No Gate / No GS",
        "confidence": "high",
        "zone": "perimeter",
        "truckGate": false,
        "guardShack": false,
        "remoteGs": false,
        "fastLaneOpportunity": false,
        "backupSensitive": false,
        "dropYard": true,
        "multipleFacilities": false,
        "scale": false,
        "shipRcvSeparate": true,
        "urbanRural": "Rural",
        "dockDoors": "50+",
        "dropArea": "50+",
        "yardMetrics": {
          "dockDoorCount": 140,
          "trailersVisible": 180,
          "trailerParkingCapacity": 260,
          "truckGateCount": 1,
          "buildingCount": 1,
          "siteAreaAcres": 50.5,
          "railServed": false
        }
      }
    },
    {
      "type": "Feature",
      "geometry": {
        "type": "Polygon",
        "coordinates": [
          [
            [
              -122.91368,
              46.62672
            ],
            [
              -122.91368,
              46.62648
            ],
            [
              -122.91336,
              46.62648
            ],
            [
              -122.91336,
              46.62672
            ],
            [
              -122.91368,
              46.62672
            ]
          ]
        ]
      },
      "properties": {
        "account": "kroger",
        "name": "Fred Meyer Distribution Center Chehalis WA",
        "type": "Distribution Center",
        "archetype": "#3",
        "archetypeName": "No Gate / No GS",
        "confidence": "high",
        "zone": "truckGate"
      }
    },
    {
      "type": "Feature",
      "geometry": {
        "type": "Polygon",
        "coordinates": [
          [
            [
              -122.9179,
              46.628
            ],
            [
              -122.91795,
              46.62695
            ],
            [
              -122.9145,
              46.627
            ],
            [
              -122.9144,
              46.6281
            ],
            [
              -122.9179,
              46.628
            ]
          ]
        ]
      },
      "properties": {
        "account": "kroger",
        "name": "Fred Meyer Distribution Center Chehalis WA",
        "type": "Distribution Center",
        "archetype": "#3",
        "archetypeName": "No Gate / No GS",
        "confidence": "high",
        "zone": "dropYard",
        "index": 1
      }
    },
    {
      "type": "Feature",
      "geometry": {
        "type": "Polygon",
        "coordinates": [
          [
            [
              -122.9178,
              46.624
            ],
            [
              -122.91785,
              46.6234
            ],
            [
              -122.9112,
              46.62345
            ],
            [
              -122.9112,
              46.62405
            ],
            [
              -122.9178,
              46.624
            ]
          ]
        ]
      },
      "properties": {
        "account": "kroger",
        "name": "Fred Meyer Distribution Center Chehalis WA",
        "type": "Distribution Center",
        "archetype": "#3",
        "archetypeName": "No Gate / No GS",
        "confidence": "high",
        "zone": "dropYard",
        "index": 2
      }
    },
    {
      "type": "Feature",
      "geometry": {
        "type": "Polygon",
        "coordinates": [
          [
            [
              -122.9172,
              46.6261
            ],
            [
              -122.91722,
              46.62585
            ],
            [
              -122.91082,
              46.6255
            ],
            [
              -122.9108,
              46.62575
            ],
            [
              -122.9172,
              46.6261
            ]
          ]
        ]
      },
      "properties": {
        "account": "kroger",
        "name": "Fred Meyer Distribution Center Chehalis WA",
        "type": "Distribution Center",
        "archetype": "#3",
        "archetypeName": "No Gate / No GS",
        "confidence": "high",
        "zone": "dockApron",
        "index": 1
      }
    },
    {
      "type": "Feature",
      "geometry": {
        "type": "Polygon",
        "coordinates": [
          [
            [
              -122.91725,
              46.6247
            ],
            [
              -122.91727,
              46.62445
            ],
            [
              -122.91087,
              46.6243
            ],
            [
              -122.91085,
              46.62455
            ],
            [
              -122.91725,
              46.6247
            ]
          ]
        ]
      },
      "properties": {
        "account": "kroger",
        "name": "Fred Meyer Distribution Center Chehalis WA",
        "type": "Distribution Center",
        "archetype": "#3",
        "archetypeName": "No Gate / No GS",
        "confidence": "high",
        "zone": "dockApron",
        "index": 2
      }
    },
    {
      "type": "Feature",
      "geometry": {
        "type": "Polygon",
        "coordinates": [
          [
            [
              -118.1683,
              33.9009
            ],
            [
              -118.1683,
              33.8976
            ],
            [
              -118.1646,
              33.89765
            ],
            [
              -118.16485,
              33.90095
            ],
            [
              -118.1683,
              33.9009
            ]
          ]
        ]
      },
      "properties": {
        "account": "kroger",
        "name": "Ralphs Distribution Center Paramount CA",
        "type": "Distribution Center",
        "archetype": "#6",
        "archetypeName": "Gate + GS (not BU sens.) + campus",
        "confidence": "medium",
        "zone": "perimeter",
        "truckGate": true,
        "guardShack": true,
        "remoteGs": false,
        "fastLaneOpportunity": true,
        "backupSensitive": false,
        "dropYard": true,
        "multipleFacilities": true,
        "scale": false,
        "shipRcvSeparate": true,
        "urbanRural": "Urban",
        "dockDoors": "50+",
        "dropArea": "50+",
        "yardMetrics": {
          "dockDoorCount": 220,
          "trailersVisible": 180,
          "trailerParkingCapacity": 250,
          "truckGateCount": 1,
          "buildingCount": 3,
          "siteAreaAcres": 30,
          "railServed": false
        }
      }
    },
    {
      "type": "Feature",
      "geometry": {
        "type": "Polygon",
        "coordinates": [
          [
            [
              -118.16605,
              33.9005
            ],
            [
              -118.1659,
              33.8987
            ],
            [
              -118.16495,
              33.8987
            ],
            [
              -118.16505,
              33.90055
            ],
            [
              -118.16605,
              33.9005
            ]
          ]
        ]
      },
      "properties": {
        "account": "kroger",
        "name": "Ralphs Distribution Center Paramount CA",
        "type": "Distribution Center",
        "archetype": "#6",
        "archetypeName": "Gate + GS (not BU sens.) + campus",
        "confidence": "medium",
        "zone": "dropYard",
        "index": 1
      }
    },
    {
      "type": "Feature",
      "geometry": {
        "type": "Polygon",
        "coordinates": [
          [
            [
              -118.16805,
              33.90115
            ],
            [
              -118.16805,
              33.90095
            ],
            [
              -118.1652,
              33.90095
            ],
            [
              -118.1652,
              33.90115
            ],
            [
              -118.16805,
              33.90115
            ]
          ]
        ]
      },
      "properties": {
        "account": "kroger",
        "name": "Ralphs Distribution Center Paramount CA",
        "type": "Distribution Center",
        "archetype": "#6",
        "archetypeName": "Gate + GS (not BU sens.) + campus",
        "confidence": "medium",
        "zone": "dockApron",
        "index": 1
      }
    },
    {
      "type": "Feature",
      "geometry": {
        "type": "Polygon",
        "coordinates": [
          [
            [
              -87.79292,
              41.77392
            ],
            [
              -87.79288,
              41.77152
            ],
            [
              -87.79078,
              41.7716
            ],
            [
              -87.79082,
              41.77388
            ],
            [
              -87.79292,
              41.77392
            ]
          ]
        ]
      },
      "properties": {
        "account": "kroger",
        "name": "Home Chef Production Center Bedford Park IL",
        "type": "Home Chef Facility",
        "archetype": "#9",
        "archetypeName": "Gate + No GS (remote check-in)",
        "confidence": "medium",
        "zone": "perimeter",
        "truckGate": true,
        "guardShack": false,
        "remoteGs": true,
        "fastLaneOpportunity": false,
        "backupSensitive": false,
        "dropYard": false,
        "multipleFacilities": false,
        "scale": false,
        "shipRcvSeparate": false,
        "urbanRural": "Urban",
        "dockDoors": "25-50",
        "dropArea": "10-25",
        "yardMetrics": {
          "dockDoorCount": 28,
          "trailersVisible": 18,
          "trailerParkingCapacity": 30,
          "truckGateCount": 1,
          "buildingCount": 1,
          "siteAreaAcres": 11.8,
          "railServed": false
        }
      }
    },
    {
      "type": "Feature",
      "geometry": {
        "type": "Polygon",
        "coordinates": [
          [
            [
              -87.79296,
              41.77352
            ],
            [
              -87.79298,
              41.77268
            ],
            [
              -87.79262,
              41.77268
            ],
            [
              -87.79255,
              41.77352
            ],
            [
              -87.79296,
              41.77352
            ]
          ]
        ]
      },
      "properties": {
        "account": "kroger",
        "name": "Home Chef Production Center Bedford Park IL",
        "type": "Home Chef Facility",
        "archetype": "#9",
        "archetypeName": "Gate + No GS (remote check-in)",
        "confidence": "medium",
        "zone": "truckGate"
      }
    },
    {
      "type": "Feature",
      "geometry": {
        "type": "Polygon",
        "coordinates": [
          [
            [
              -87.79262,
              41.77356
            ],
            [
              -87.79272,
              41.77172
            ],
            [
              -87.79252,
              41.7717
            ],
            [
              -87.79242,
              41.77352
            ],
            [
              -87.79262,
              41.77356
            ]
          ]
        ]
      },
      "properties": {
        "account": "kroger",
        "name": "Home Chef Production Center Bedford Park IL",
        "type": "Home Chef Facility",
        "archetype": "#9",
        "archetypeName": "Gate + No GS (remote check-in)",
        "confidence": "medium",
        "zone": "dockApron",
        "index": 1
      }
    },
    {
      "type": "Feature",
      "geometry": {
        "type": "Polygon",
        "coordinates": [
          [
            [
              -117.25903,
              34.07672
            ],
            [
              -117.25901,
              34.07426
            ],
            [
              -117.25664,
              34.07428
            ],
            [
              -117.25668,
              34.07671
            ],
            [
              -117.25903,
              34.07672
            ]
          ]
        ]
      },
      "properties": {
        "account": "kroger",
        "name": "Home Chef Production Center San Bernardino CA",
        "type": "Home Chef Facility",
        "archetype": "#9",
        "archetypeName": "Gate + No GS (remote check-in)",
        "confidence": "high",
        "zone": "perimeter",
        "truckGate": true,
        "guardShack": false,
        "remoteGs": true,
        "fastLaneOpportunity": true,
        "backupSensitive": false,
        "dropYard": false,
        "multipleFacilities": false,
        "scale": false,
        "shipRcvSeparate": false,
        "urbanRural": "Urban",
        "dockDoors": "25-50",
        "dropArea": "0-10",
        "yardMetrics": {
          "dockDoorCount": 30,
          "trailersVisible": 9,
          "trailerParkingCapacity": 15,
          "truckGateCount": 2,
          "buildingCount": 1,
          "siteAreaAcres": 14.8,
          "railServed": false
        }
      }
    },
    {
      "type": "Feature",
      "geometry": {
        "type": "Polygon",
        "coordinates": [
          [
            [
              -117.25905,
              34.0765
            ],
            [
              -117.25905,
              34.07612
            ],
            [
              -117.25845,
              34.07612
            ],
            [
              -117.25845,
              34.0765
            ],
            [
              -117.25905,
              34.0765
            ]
          ]
        ]
      },
      "properties": {
        "account": "kroger",
        "name": "Home Chef Production Center San Bernardino CA",
        "type": "Home Chef Facility",
        "archetype": "#9",
        "archetypeName": "Gate + No GS (remote check-in)",
        "confidence": "high",
        "zone": "truckGate"
      }
    },
    {
      "type": "Feature",
      "geometry": {
        "type": "Polygon",
        "coordinates": [
          [
            [
              -117.25895,
              34.07628
            ],
            [
              -117.25895,
              34.07612
            ],
            [
              -117.2569,
              34.07612
            ],
            [
              -117.2569,
              34.07628
            ],
            [
              -117.25895,
              34.07628
            ]
          ]
        ]
      },
      "properties": {
        "account": "kroger",
        "name": "Home Chef Production Center San Bernardino CA",
        "type": "Home Chef Facility",
        "archetype": "#9",
        "archetypeName": "Gate + No GS (remote check-in)",
        "confidence": "high",
        "zone": "dockApron",
        "index": 1
      }
    },
    {
      "type": "Feature",
      "geometry": {
        "type": "Polygon",
        "coordinates": [
          [
            [
              -84.61705,
              33.78375
            ],
            [
              -84.61725,
              33.7826
            ],
            [
              -84.617,
              33.7815
            ],
            [
              -84.616,
              33.78165
            ],
            [
              -84.61545,
              33.7835
            ],
            [
              -84.6156,
              33.7838
            ],
            [
              -84.61705,
              33.78375
            ]
          ]
        ]
      },
      "properties": {
        "account": "kroger",
        "name": "Home Chef Production Center Douglasville GA",
        "type": "Home Chef Facility",
        "archetype": "#3",
        "archetypeName": "No Gate / No GS",
        "confidence": "high",
        "zone": "perimeter",
        "truckGate": false,
        "guardShack": false,
        "remoteGs": false,
        "fastLaneOpportunity": false,
        "backupSensitive": false,
        "dropYard": false,
        "multipleFacilities": false,
        "scale": false,
        "shipRcvSeparate": false,
        "urbanRural": "Rural",
        "dockDoors": "25-50",
        "dropArea": "NONE",
        "yardMetrics": {
          "dockDoorCount": 40,
          "trailersVisible": 27,
          "trailerParkingCapacity": 35,
          "truckGateCount": 1,
          "buildingCount": 1,
          "siteAreaAcres": 8,
          "railServed": false
        }
      }
    },
    {
      "type": "Feature",
      "geometry": {
        "type": "Polygon",
        "coordinates": [
          [
            [
              -84.6164,
              33.78372
            ],
            [
              -84.61645,
              33.78349
            ],
            [
              -84.61605,
              33.78345
            ],
            [
              -84.616,
              33.78368
            ],
            [
              -84.6164,
              33.78372
            ]
          ]
        ]
      },
      "properties": {
        "account": "kroger",
        "name": "Home Chef Production Center Douglasville GA",
        "type": "Home Chef Facility",
        "archetype": "#3",
        "archetypeName": "No Gate / No GS",
        "confidence": "high",
        "zone": "truckGate"
      }
    },
    {
      "type": "Feature",
      "geometry": {
        "type": "Polygon",
        "coordinates": [
          [
            [
              -84.6157,
              33.78348
            ],
            [
              -84.61628,
              33.78185
            ],
            [
              -84.6161,
              33.7818
            ],
            [
              -84.61555,
              33.7834
            ],
            [
              -84.6157,
              33.78348
            ]
          ]
        ]
      },
      "properties": {
        "account": "kroger",
        "name": "Home Chef Production Center Douglasville GA",
        "type": "Home Chef Facility",
        "archetype": "#3",
        "archetypeName": "No Gate / No GS",
        "confidence": "high",
        "zone": "dockApron",
        "index": 1
      }
    },
    {
      "type": "Feature",
      "geometry": {
        "type": "Polygon",
        "coordinates": [
          [
            [
              -76.57705,
              39.2314
            ],
            [
              -76.57858,
              39.23115
            ],
            [
              -76.57862,
              39.23035
            ],
            [
              -76.5785,
              39.22915
            ],
            [
              -76.5766,
              39.22938
            ],
            [
              -76.57648,
              39.23118
            ],
            [
              -76.57705,
              39.2314
            ]
          ]
        ]
      },
      "properties": {
        "account": "kroger",
        "name": "Home Chef Manufacturing & Distribution Center Baltimore MD",
        "type": "Home Chef Facility",
        "archetype": "#3",
        "archetypeName": "No Gate / No GS",
        "confidence": "high",
        "zone": "perimeter",
        "truckGate": false,
        "guardShack": false,
        "remoteGs": false,
        "fastLaneOpportunity": true,
        "backupSensitive": false,
        "dropYard": true,
        "multipleFacilities": false,
        "scale": false,
        "shipRcvSeparate": false,
        "urbanRural": "Urban",
        "dockDoors": "25-50",
        "dropArea": "25-50",
        "yardMetrics": {
          "dockDoorCount": 35,
          "trailersVisible": 14,
          "trailerParkingCapacity": 45,
          "truckGateCount": 1,
          "buildingCount": 1,
          "siteAreaAcres": 9.7,
          "railServed": false
        }
      }
    },
    {
      "type": "Feature",
      "geometry": {
        "type": "Polygon",
        "coordinates": [
          [
            [
              -76.5771,
              39.23128
            ],
            [
              -76.5772,
              39.231
            ],
            [
              -76.577,
              39.23092
            ],
            [
              -76.5769,
              39.2312
            ],
            [
              -76.5771,
              39.23128
            ]
          ]
        ]
      },
      "properties": {
        "account": "kroger",
        "name": "Home Chef Manufacturing & Distribution Center Baltimore MD",
        "type": "Home Chef Facility",
        "archetype": "#3",
        "archetypeName": "No Gate / No GS",
        "confidence": "high",
        "zone": "truckGate"
      }
    },
    {
      "type": "Feature",
      "geometry": {
        "type": "Polygon",
        "coordinates": [
          [
            [
              -76.57838,
              39.23078
            ],
            [
              -76.5779,
              39.2296
            ],
            [
              -76.57772,
              39.22952
            ],
            [
              -76.5782,
              39.2307
            ],
            [
              -76.57838,
              39.23078
            ]
          ]
        ]
      },
      "properties": {
        "account": "kroger",
        "name": "Home Chef Manufacturing & Distribution Center Baltimore MD",
        "type": "Home Chef Facility",
        "archetype": "#3",
        "archetypeName": "No Gate / No GS",
        "confidence": "high",
        "zone": "dropYard",
        "index": 1
      }
    },
    {
      "type": "Feature",
      "geometry": {
        "type": "Polygon",
        "coordinates": [
          [
            [
              -76.57808,
              39.23082
            ],
            [
              -76.5776,
              39.22966
            ],
            [
              -76.57742,
              39.22958
            ],
            [
              -76.5779,
              39.23074
            ],
            [
              -76.57808,
              39.23082
            ]
          ]
        ]
      },
      "properties": {
        "account": "kroger",
        "name": "Home Chef Manufacturing & Distribution Center Baltimore MD",
        "type": "Home Chef Facility",
        "archetype": "#3",
        "archetypeName": "No Gate / No GS",
        "confidence": "high",
        "zone": "dockApron",
        "index": 1
      }
    }
  ]
}
