{
  "type": "FeatureCollection",
  "features": [
    {
      "type": "Feature",
      "geometry": {
        "type": "Polygon",
        "coordinates": [
          [
            [
              -117.532412,
              34.075312
            ],
            [
              -117.532412,
              34.073435
            ],
            [
              -117.531245,
              34.073435
            ],
            [
              -117.531245,
              34.075312
            ],
            [
              -117.532412,
              34.075312
            ]
          ]
        ]
      },
      "properties": {
        "account": "niagara-bottling",
        "name": "Niagara Bottling - Ontario CA",
        "type": "Bottling / Manufacturing Plant",
        "archetype": "#9",
        "archetypeName": "Gate + No GS (remote check-in)",
        "confidence": "medium",
        "zone": "perimeter",
        "truckGate": true,
        "guardShack": false,
        "remoteGs": true,
        "fastLaneOpportunity": false,
        "backupSensitive": false,
        "dropYard": false,
        "multipleFacilities": false,
        "scale": false,
        "shipRcvSeparate": false,
        "urbanRural": "Urban",
        "dockDoors": "10-25",
        "dropArea": "NONE",
        "yardMetrics": {
          "dockDoorCount": 12,
          "trailersVisible": 0,
          "trailerParkingCapacity": 8,
          "truckGateCount": 1,
          "buildingCount": 1,
          "siteAreaAcres": 9.5,
          "railServed": false
        }
      }
    },
    {
      "type": "Feature",
      "geometry": {
        "type": "Polygon",
        "coordinates": [
          [
            [
              -117.532412,
              34.075028
            ],
            [
              -117.532412,
              34.0748
            ],
            [
              -117.531245,
              34.0748
            ],
            [
              -117.531245,
              34.075028
            ],
            [
              -117.532412,
              34.075028
            ]
          ]
        ]
      },
      "properties": {
        "account": "niagara-bottling",
        "name": "Niagara Bottling - Ontario CA",
        "type": "Bottling / Manufacturing Plant",
        "archetype": "#9",
        "archetypeName": "Gate + No GS (remote check-in)",
        "confidence": "medium",
        "zone": "dockApron",
        "index": 1
      }
    },
    {
      "type": "Feature",
      "geometry": {
        "type": "Polygon",
        "coordinates": [
          [
            [
              -117.418291,
              34.130082
            ],
            [
              -117.418291,
              34.128661
            ],
            [
              -117.414377,
              34.128661
            ],
            [
              -117.414377,
              34.130082
            ],
            [
              -117.418291,
              34.130082
            ]
          ]
        ]
      },
      "properties": {
        "account": "niagara-bottling",
        "name": "Niagara Bottling - Rialto CA",
        "type": "Bottling / Manufacturing Plant",
        "archetype": "#1",
        "archetypeName": "Gate + GS (not BU sens.)",
        "confidence": "medium",
        "zone": "perimeter",
        "truckGate": true,
        "guardShack": true,
        "remoteGs": false,
        "fastLaneOpportunity": false,
        "backupSensitive": false,
        "dropYard": true,
        "multipleFacilities": false,
        "scale": false,
        "shipRcvSeparate": false,
        "urbanRural": "Urban",
        "dockDoors": "25-50",
        "dropArea": "50+",
        "yardMetrics": {
          "dockDoorCount": 40,
          "trailersVisible": 35,
          "trailerParkingCapacity": 80,
          "truckGateCount": 1,
          "buildingCount": 1,
          "siteAreaAcres": 30,
          "railServed": false
        }
      }
    },
    {
      "type": "Feature",
      "geometry": {
        "type": "Polygon",
        "coordinates": [
          [
            [
              -117.418497,
              34.128718
            ],
            [
              -117.418497,
              34.128434
            ],
            [
              -117.418085,
              34.128434
            ],
            [
              -117.418085,
              34.128718
            ],
            [
              -117.418497,
              34.128718
            ]
          ]
        ]
      },
      "properties": {
        "account": "niagara-bottling",
        "name": "Niagara Bottling - Rialto CA",
        "type": "Bottling / Manufacturing Plant",
        "archetype": "#1",
        "archetypeName": "Gate + GS (not BU sens.)",
        "confidence": "medium",
        "zone": "truckGate"
      }
    },
    {
      "type": "Feature",
      "geometry": {
        "type": "Polygon",
        "coordinates": [
          [
            [
              -117.418291,
              34.128945
            ],
            [
              -117.418291,
              34.128718
            ],
            [
              -117.414377,
              34.128718
            ],
            [
              -117.414377,
              34.128945
            ],
            [
              -117.418291,
              34.128945
            ]
          ]
        ]
      },
      "properties": {
        "account": "niagara-bottling",
        "name": "Niagara Bottling - Rialto CA",
        "type": "Bottling / Manufacturing Plant",
        "archetype": "#1",
        "archetypeName": "Gate + GS (not BU sens.)",
        "confidence": "medium",
        "zone": "dockApron",
        "index": 1
      }
    },
    {
      "type": "Feature",
      "geometry": {
        "type": "Polygon",
        "coordinates": [
          [
            [
              -121.199397,
              37.906742
            ],
            [
              -121.199397,
              37.905225
            ],
            [
              -121.194591,
              37.905225
            ],
            [
              -121.194591,
              37.906742
            ],
            [
              -121.199397,
              37.906742
            ]
          ]
        ]
      },
      "properties": {
        "account": "niagara-bottling",
        "name": "Niagara Bottling - Stockton CA (Arch Rd)",
        "type": "Bottling / Manufacturing Plant",
        "archetype": "#9",
        "archetypeName": "Gate + No GS (remote check-in)",
        "confidence": "high",
        "zone": "perimeter",
        "truckGate": true,
        "guardShack": false,
        "remoteGs": true,
        "fastLaneOpportunity": true,
        "backupSensitive": false,
        "dropYard": true,
        "multipleFacilities": false,
        "scale": false,
        "shipRcvSeparate": false,
        "urbanRural": "Urban",
        "dockDoors": "25-50",
        "dropArea": "50+",
        "yardMetrics": {
          "dockDoorCount": 45,
          "trailersVisible": 25,
          "trailerParkingCapacity": 70,
          "truckGateCount": 2,
          "buildingCount": 1,
          "siteAreaAcres": 41,
          "railServed": false
        }
      }
    },
    {
      "type": "Feature",
      "geometry": {
        "type": "Polygon",
        "coordinates": [
          [
            [
              -121.195003,
              37.905442
            ],
            [
              -121.195003,
              37.905008
            ],
            [
              -121.194316,
              37.905008
            ],
            [
              -121.194316,
              37.905442
            ],
            [
              -121.195003,
              37.905442
            ]
          ]
        ]
      },
      "properties": {
        "account": "niagara-bottling",
        "name": "Niagara Bottling - Stockton CA (Arch Rd)",
        "type": "Bottling / Manufacturing Plant",
        "archetype": "#9",
        "archetypeName": "Gate + No GS (remote check-in)",
        "confidence": "high",
        "zone": "truckGate"
      }
    },
    {
      "type": "Feature",
      "geometry": {
        "type": "Polygon",
        "coordinates": [
          [
            [
              -111.626761,
              33.35369
            ],
            [
              -111.626761,
              33.352084
            ],
            [
              -111.622641,
              33.352084
            ],
            [
              -111.622641,
              33.35369
            ],
            [
              -111.626761,
              33.35369
            ]
          ]
        ]
      },
      "properties": {
        "account": "niagara-bottling",
        "name": "Niagara Bottling - Mesa AZ",
        "type": "Bottling / Manufacturing Plant",
        "archetype": "#7",
        "archetypeName": "Gate + GS (not BU sens.) + fast lane opp",
        "confidence": "medium",
        "zone": "perimeter",
        "truckGate": true,
        "guardShack": true,
        "remoteGs": false,
        "fastLaneOpportunity": true,
        "backupSensitive": false,
        "dropYard": true,
        "multipleFacilities": false,
        "scale": false,
        "shipRcvSeparate": false,
        "urbanRural": "Rural",
        "dockDoors": "50+",
        "dropArea": "25-50",
        "yardMetrics": {
          "dockDoorCount": 55,
          "trailersVisible": 45,
          "trailerParkingCapacity": 65,
          "truckGateCount": 1,
          "buildingCount": 1,
          "siteAreaAcres": 28,
          "railServed": false
        }
      }
    },
    {
      "type": "Feature",
      "geometry": {
        "type": "Polygon",
        "coordinates": [
          [
            [
              -111.627036,
              33.353632
            ],
            [
              -111.627036,
              33.353346
            ],
            [
              -111.626624,
              33.353346
            ],
            [
              -111.626624,
              33.353632
            ],
            [
              -111.627036,
              33.353632
            ]
          ]
        ]
      },
      "properties": {
        "account": "niagara-bottling",
        "name": "Niagara Bottling - Mesa AZ",
        "type": "Bottling / Manufacturing Plant",
        "archetype": "#7",
        "archetypeName": "Gate + GS (not BU sens.) + fast lane opp",
        "confidence": "medium",
        "zone": "truckGate"
      }
    },
    {
      "type": "Feature",
      "geometry": {
        "type": "Polygon",
        "coordinates": [
          [
            [
              -111.626624,
              33.353747
            ],
            [
              -111.626624,
              33.353403
            ],
            [
              -111.622641,
              33.353403
            ],
            [
              -111.622641,
              33.353747
            ],
            [
              -111.626624,
              33.353747
            ]
          ]
        ]
      },
      "properties": {
        "account": "niagara-bottling",
        "name": "Niagara Bottling - Mesa AZ",
        "type": "Bottling / Manufacturing Plant",
        "archetype": "#7",
        "archetypeName": "Gate + GS (not BU sens.) + fast lane opp",
        "confidence": "medium",
        "zone": "dropYard",
        "index": 1
      }
    },
    {
      "type": "Feature",
      "geometry": {
        "type": "Polygon",
        "coordinates": [
          [
            [
              -111.626487,
              33.353403
            ],
            [
              -111.626487,
              33.353174
            ],
            [
              -111.622641,
              33.353174
            ],
            [
              -111.622641,
              33.353403
            ],
            [
              -111.626487,
              33.353403
            ]
          ]
        ]
      },
      "properties": {
        "account": "niagara-bottling",
        "name": "Niagara Bottling - Mesa AZ",
        "type": "Bottling / Manufacturing Plant",
        "archetype": "#7",
        "archetypeName": "Gate + GS (not BU sens.) + fast lane opp",
        "confidence": "medium",
        "zone": "dockApron",
        "index": 1
      }
    },
    {
      "type": "Feature",
      "geometry": {
        "type": "Polygon",
        "coordinates": [
          [
            [
              -112.203211,
              33.447745
            ],
            [
              -112.203211,
              33.444937
            ],
            [
              -112.199571,
              33.444937
            ],
            [
              -112.199571,
              33.447745
            ],
            [
              -112.203211,
              33.447745
            ]
          ]
        ]
      },
      "properties": {
        "account": "niagara-bottling",
        "name": "Niagara Bottling - Phoenix AZ",
        "type": "Bottling / Manufacturing Plant",
        "archetype": "#9",
        "archetypeName": "Gate + No GS (remote check-in)",
        "confidence": "medium",
        "zone": "perimeter",
        "truckGate": true,
        "guardShack": false,
        "remoteGs": true,
        "fastLaneOpportunity": false,
        "backupSensitive": false,
        "dropYard": true,
        "multipleFacilities": true,
        "scale": false,
        "shipRcvSeparate": true,
        "urbanRural": "Urban",
        "dockDoors": "50+",
        "dropArea": "50+",
        "yardMetrics": {
          "dockDoorCount": 90,
          "trailersVisible": 70,
          "trailerParkingCapacity": 110,
          "truckGateCount": 2,
          "buildingCount": 2,
          "siteAreaAcres": 28,
          "railServed": false
        }
      }
    },
    {
      "type": "Feature",
      "geometry": {
        "type": "Polygon",
        "coordinates": [
          [
            [
              -112.203485,
              33.446943
            ],
            [
              -112.203485,
              33.446656
            ],
            [
              -112.203073,
              33.446656
            ],
            [
              -112.203073,
              33.446943
            ],
            [
              -112.203485,
              33.446943
            ]
          ]
        ]
      },
      "properties": {
        "account": "niagara-bottling",
        "name": "Niagara Bottling - Phoenix AZ",
        "type": "Bottling / Manufacturing Plant",
        "archetype": "#9",
        "archetypeName": "Gate + No GS (remote check-in)",
        "confidence": "medium",
        "zone": "truckGate"
      }
    },
    {
      "type": "Feature",
      "geometry": {
        "type": "Polygon",
        "coordinates": [
          [
            [
              -112.203211,
              33.44763
            ],
            [
              -112.203211,
              33.447344
            ],
            [
              -112.199571,
              33.447344
            ],
            [
              -112.199571,
              33.44763
            ],
            [
              -112.203211,
              33.44763
            ]
          ]
        ]
      },
      "properties": {
        "account": "niagara-bottling",
        "name": "Niagara Bottling - Phoenix AZ",
        "type": "Bottling / Manufacturing Plant",
        "archetype": "#9",
        "archetypeName": "Gate + No GS (remote check-in)",
        "confidence": "medium",
        "zone": "dockApron",
        "index": 1
      }
    },
    {
      "type": "Feature",
      "geometry": {
        "type": "Polygon",
        "coordinates": [
          [
            [
              -112.203211,
              33.446026
            ],
            [
              -112.203211,
              33.44574
            ],
            [
              -112.199571,
              33.44574
            ],
            [
              -112.199571,
              33.446026
            ],
            [
              -112.203211,
              33.446026
            ]
          ]
        ]
      },
      "properties": {
        "account": "niagara-bottling",
        "name": "Niagara Bottling - Phoenix AZ",
        "type": "Bottling / Manufacturing Plant",
        "archetype": "#9",
        "archetypeName": "Gate + No GS (remote check-in)",
        "confidence": "medium",
        "zone": "dockApron",
        "index": 2
      }
    },
    {
      "type": "Feature",
      "geometry": {
        "type": "Polygon",
        "coordinates": [
          [
            [
              -106.762273,
              34.828312
            ],
            [
              -106.762273,
              34.826057
            ],
            [
              -106.758977,
              34.826057
            ],
            [
              -106.758977,
              34.828312
            ],
            [
              -106.762273,
              34.828312
            ]
          ]
        ]
      },
      "properties": {
        "account": "niagara-bottling",
        "name": "Niagara Bottling - Los Lunas NM",
        "type": "Bottling / Manufacturing Plant",
        "archetype": "#9",
        "archetypeName": "Gate + No GS (remote check-in)",
        "confidence": "high",
        "zone": "perimeter",
        "truckGate": true,
        "guardShack": false,
        "remoteGs": true,
        "fastLaneOpportunity": true,
        "backupSensitive": false,
        "dropYard": true,
        "multipleFacilities": false,
        "scale": false,
        "shipRcvSeparate": false,
        "urbanRural": "Rural",
        "dockDoors": "10-25",
        "dropArea": "25-50",
        "yardMetrics": {
          "dockDoorCount": 16,
          "trailersVisible": 24,
          "trailerParkingCapacity": 45,
          "truckGateCount": 1,
          "buildingCount": 1,
          "siteAreaAcres": 25,
          "railServed": false
        }
      }
    },
    {
      "type": "Feature",
      "geometry": {
        "type": "Polygon",
        "coordinates": [
          [
            [
              -106.762411,
              34.828199
            ],
            [
              -106.762411,
              34.827974
            ],
            [
              -106.761587,
              34.827974
            ],
            [
              -106.761587,
              34.828199
            ],
            [
              -106.762411,
              34.828199
            ]
          ]
        ]
      },
      "properties": {
        "account": "niagara-bottling",
        "name": "Niagara Bottling - Los Lunas NM",
        "type": "Bottling / Manufacturing Plant",
        "archetype": "#9",
        "archetypeName": "Gate + No GS (remote check-in)",
        "confidence": "high",
        "zone": "truckGate"
      }
    },
    {
      "type": "Feature",
      "geometry": {
        "type": "Polygon",
        "coordinates": [
          [
            [
              -106.762273,
              34.827805
            ],
            [
              -106.762273,
              34.82617
            ],
            [
              -106.761587,
              34.82617
            ],
            [
              -106.761587,
              34.827805
            ],
            [
              -106.762273,
              34.827805
            ]
          ]
        ]
      },
      "properties": {
        "account": "niagara-bottling",
        "name": "Niagara Bottling - Los Lunas NM",
        "type": "Bottling / Manufacturing Plant",
        "archetype": "#9",
        "archetypeName": "Gate + No GS (remote check-in)",
        "confidence": "high",
        "zone": "dropYard",
        "index": 1
      }
    },
    {
      "type": "Feature",
      "geometry": {
        "type": "Polygon",
        "coordinates": [
          [
            [
              -106.761655,
              34.827917
            ],
            [
              -106.761655,
              34.826114
            ],
            [
              -106.761449,
              34.826114
            ],
            [
              -106.761449,
              34.827917
            ],
            [
              -106.761655,
              34.827917
            ]
          ]
        ]
      },
      "properties": {
        "account": "niagara-bottling",
        "name": "Niagara Bottling - Los Lunas NM",
        "type": "Bottling / Manufacturing Plant",
        "archetype": "#9",
        "archetypeName": "Gate + No GS (remote check-in)",
        "confidence": "high",
        "zone": "dockApron",
        "index": 1
      }
    },
    {
      "type": "Feature",
      "geometry": {
        "type": "Polygon",
        "coordinates": [
          [
            [
              -115.032211,
              36.26495
            ],
            [
              -115.032211,
              36.261628
            ],
            [
              -115.029189,
              36.261628
            ],
            [
              -115.029189,
              36.26495
            ],
            [
              -115.032211,
              36.26495
            ]
          ]
        ]
      },
      "properties": {
        "account": "niagara-bottling",
        "name": "Niagara Bottling - North Las Vegas NV",
        "type": "Bottling / Manufacturing Plant",
        "archetype": "#9",
        "archetypeName": "Gate + No GS (remote check-in)",
        "confidence": "high",
        "zone": "perimeter",
        "truckGate": true,
        "guardShack": false,
        "remoteGs": true,
        "fastLaneOpportunity": true,
        "backupSensitive": false,
        "dropYard": true,
        "multipleFacilities": false,
        "scale": false,
        "shipRcvSeparate": false,
        "urbanRural": "Urban",
        "dockDoors": "25-50",
        "dropArea": "25-50",
        "yardMetrics": {
          "dockDoorCount": 40,
          "trailersVisible": 30,
          "trailerParkingCapacity": 50,
          "truckGateCount": 1,
          "buildingCount": 1,
          "siteAreaAcres": 28,
          "railServed": false
        }
      }
    },
    {
      "type": "Feature",
      "geometry": {
        "type": "Polygon",
        "coordinates": [
          [
            [
              -115.032073,
              36.262403
            ],
            [
              -115.032073,
              36.261628
            ],
            [
              -115.029327,
              36.261628
            ],
            [
              -115.029327,
              36.262403
            ],
            [
              -115.032073,
              36.262403
            ]
          ]
        ]
      },
      "properties": {
        "account": "niagara-bottling",
        "name": "Niagara Bottling - North Las Vegas NV",
        "type": "Bottling / Manufacturing Plant",
        "archetype": "#9",
        "archetypeName": "Gate + No GS (remote check-in)",
        "confidence": "high",
        "zone": "dropYard",
        "index": 1
      }
    },
    {
      "type": "Feature",
      "geometry": {
        "type": "Polygon",
        "coordinates": [
          [
            [
              -104.710129,
              39.745453
            ],
            [
              -104.710129,
              39.743922
            ],
            [
              -104.707726,
              39.743922
            ],
            [
              -104.707726,
              39.745453
            ],
            [
              -104.710129,
              39.745453
            ]
          ]
        ]
      },
      "properties": {
        "account": "niagara-bottling",
        "name": "Niagara Bottling - Aurora CO",
        "type": "Bottling / Manufacturing Plant",
        "archetype": "#9",
        "archetypeName": "Gate + No GS (remote check-in)",
        "confidence": "high",
        "zone": "perimeter",
        "truckGate": true,
        "guardShack": false,
        "remoteGs": true,
        "fastLaneOpportunity": true,
        "backupSensitive": false,
        "dropYard": true,
        "multipleFacilities": false,
        "scale": false,
        "shipRcvSeparate": false,
        "urbanRural": "Urban",
        "dockDoors": "25-50",
        "dropArea": "25-50",
        "yardMetrics": {
          "dockDoorCount": 36,
          "trailersVisible": 35,
          "trailerParkingCapacity": 45,
          "truckGateCount": 1,
          "buildingCount": 1,
          "siteAreaAcres": 26,
          "railServed": false
        }
      }
    },
    {
      "type": "Feature",
      "geometry": {
        "type": "Polygon",
        "coordinates": [
          [
            [
              -104.710335,
              39.745347
            ],
            [
              -104.710335,
              39.745136
            ],
            [
              -104.709923,
              39.745136
            ],
            [
              -104.709923,
              39.745347
            ],
            [
              -104.710335,
              39.745347
            ]
          ]
        ]
      },
      "properties": {
        "account": "niagara-bottling",
        "name": "Niagara Bottling - Aurora CO",
        "type": "Bottling / Manufacturing Plant",
        "archetype": "#9",
        "archetypeName": "Gate + No GS (remote check-in)",
        "confidence": "high",
        "zone": "truckGate"
      }
    },
    {
      "type": "Feature",
      "geometry": {
        "type": "Polygon",
        "coordinates": [
          [
            [
              -104.710061,
              39.744344
            ],
            [
              -104.710061,
              39.743922
            ],
            [
              -104.707726,
              39.743922
            ],
            [
              -104.707726,
              39.744344
            ],
            [
              -104.710061,
              39.744344
            ]
          ]
        ]
      },
      "properties": {
        "account": "niagara-bottling",
        "name": "Niagara Bottling - Aurora CO",
        "type": "Bottling / Manufacturing Plant",
        "archetype": "#9",
        "archetypeName": "Gate + No GS (remote check-in)",
        "confidence": "high",
        "zone": "dropYard",
        "index": 1
      }
    },
    {
      "type": "Feature",
      "geometry": {
        "type": "Polygon",
        "coordinates": [
          [
            [
              -112.043799,
              41.512847
            ],
            [
              -112.043799,
              41.510739
            ],
            [
              -112.040709,
              41.510739
            ],
            [
              -112.040709,
              41.512847
            ],
            [
              -112.043799,
              41.512847
            ]
          ]
        ]
      },
      "properties": {
        "account": "niagara-bottling",
        "name": "Niagara Bottling - Brigham City UT",
        "type": "Bottling / Manufacturing Plant",
        "archetype": "#9",
        "archetypeName": "Gate + No GS (remote check-in)",
        "confidence": "high",
        "zone": "perimeter",
        "truckGate": true,
        "guardShack": false,
        "remoteGs": true,
        "fastLaneOpportunity": true,
        "backupSensitive": false,
        "dropYard": true,
        "multipleFacilities": false,
        "scale": false,
        "shipRcvSeparate": false,
        "urbanRural": "Rural",
        "dockDoors": "25-50",
        "dropArea": "25-50",
        "yardMetrics": {
          "dockDoorCount": 34,
          "trailersVisible": 32,
          "trailerParkingCapacity": 45,
          "truckGateCount": 1,
          "buildingCount": 1,
          "siteAreaAcres": 30,
          "railServed": false
        }
      }
    },
    {
      "type": "Feature",
      "geometry": {
        "type": "Polygon",
        "coordinates": [
          [
            [
              -112.044417,
              41.51223
            ],
            [
              -112.044417,
              41.511973
            ],
            [
              -112.043799,
              41.511973
            ],
            [
              -112.043799,
              41.51223
            ],
            [
              -112.044417,
              41.51223
            ]
          ]
        ]
      },
      "properties": {
        "account": "niagara-bottling",
        "name": "Niagara Bottling - Brigham City UT",
        "type": "Bottling / Manufacturing Plant",
        "archetype": "#9",
        "archetypeName": "Gate + No GS (remote check-in)",
        "confidence": "high",
        "zone": "truckGate"
      }
    },
    {
      "type": "Feature",
      "geometry": {
        "type": "Polygon",
        "coordinates": [
          [
            [
              -112.043799,
              41.512744
            ],
            [
              -112.043799,
              41.512384
            ],
            [
              -112.041877,
              41.512384
            ],
            [
              -112.041877,
              41.512744
            ],
            [
              -112.043799,
              41.512744
            ]
          ]
        ]
      },
      "properties": {
        "account": "niagara-bottling",
        "name": "Niagara Bottling - Brigham City UT",
        "type": "Bottling / Manufacturing Plant",
        "archetype": "#9",
        "archetypeName": "Gate + No GS (remote check-in)",
        "confidence": "high",
        "zone": "dropYard",
        "index": 1
      }
    },
    {
      "type": "Feature",
      "geometry": {
        "type": "Polygon",
        "coordinates": [
          [
            [
              -112.043799,
              41.512384
            ],
            [
              -112.043799,
              41.512179
            ],
            [
              -112.041877,
              41.512179
            ],
            [
              -112.041877,
              41.512384
            ],
            [
              -112.043799,
              41.512384
            ]
          ]
        ]
      },
      "properties": {
        "account": "niagara-bottling",
        "name": "Niagara Bottling - Brigham City UT",
        "type": "Bottling / Manufacturing Plant",
        "archetype": "#9",
        "archetypeName": "Gate + No GS (remote check-in)",
        "confidence": "high",
        "zone": "dockApron",
        "index": 1
      }
    },
    {
      "type": "Feature",
      "geometry": {
        "type": "Polygon",
        "coordinates": [
          [
            [
              -122.357585,
              47.077106
            ],
            [
              -122.357585,
              47.075001
            ],
            [
              -122.354701,
              47.075001
            ],
            [
              -122.354701,
              47.077106
            ],
            [
              -122.357585,
              47.077106
            ]
          ]
        ]
      },
      "properties": {
        "account": "niagara-bottling",
        "name": "Niagara Bottling - Puyallup (Frederickson) WA",
        "type": "Bottling / Manufacturing Plant",
        "archetype": "#9",
        "archetypeName": "Gate + No GS (remote check-in)",
        "confidence": "high",
        "zone": "perimeter",
        "truckGate": true,
        "guardShack": false,
        "remoteGs": true,
        "fastLaneOpportunity": true,
        "backupSensitive": false,
        "dropYard": true,
        "multipleFacilities": false,
        "scale": false,
        "shipRcvSeparate": true,
        "urbanRural": "Urban",
        "dockDoors": "25-50",
        "dropArea": "25-50",
        "yardMetrics": {
          "dockDoorCount": 42,
          "trailersVisible": 40,
          "trailerParkingCapacity": 55,
          "truckGateCount": 1,
          "buildingCount": 1,
          "siteAreaAcres": 32,
          "railServed": false
        }
      }
    },
    {
      "type": "Feature",
      "geometry": {
        "type": "Polygon",
        "coordinates": [
          [
            [
              -122.35786,
              47.076264
            ],
            [
              -122.35786,
              47.07603
            ],
            [
              -122.357448,
              47.07603
            ],
            [
              -122.357448,
              47.076264
            ],
            [
              -122.35786,
              47.076264
            ]
          ]
        ]
      },
      "properties": {
        "account": "niagara-bottling",
        "name": "Niagara Bottling - Puyallup (Frederickson) WA",
        "type": "Bottling / Manufacturing Plant",
        "archetype": "#9",
        "archetypeName": "Gate + No GS (remote check-in)",
        "confidence": "high",
        "zone": "truckGate"
      }
    },
    {
      "type": "Feature",
      "geometry": {
        "type": "Polygon",
        "coordinates": [
          [
            [
              -122.357448,
              47.076872
            ],
            [
              -122.357448,
              47.076591
            ],
            [
              -122.354839,
              47.076591
            ],
            [
              -122.354839,
              47.076872
            ],
            [
              -122.357448,
              47.076872
            ]
          ]
        ]
      },
      "properties": {
        "account": "niagara-bottling",
        "name": "Niagara Bottling - Puyallup (Frederickson) WA",
        "type": "Bottling / Manufacturing Plant",
        "archetype": "#9",
        "archetypeName": "Gate + No GS (remote check-in)",
        "confidence": "high",
        "zone": "dockApron",
        "index": 1
      }
    },
    {
      "type": "Feature",
      "geometry": {
        "type": "Polygon",
        "coordinates": [
          [
            [
              -94.555897,
              38.854718
            ],
            [
              -94.555897,
              38.851403
            ],
            [
              -94.552876,
              38.851403
            ],
            [
              -94.552876,
              38.854718
            ],
            [
              -94.555897,
              38.854718
            ]
          ]
        ]
      },
      "properties": {
        "account": "niagara-bottling",
        "name": "Niagara Bottling - Kansas City MO (149th St)",
        "type": "Bottling / Manufacturing Plant",
        "archetype": "#3",
        "archetypeName": "No Gate / No GS",
        "confidence": "medium",
        "zone": "perimeter",
        "truckGate": false,
        "guardShack": false,
        "remoteGs": false,
        "fastLaneOpportunity": true,
        "backupSensitive": false,
        "dropYard": true,
        "multipleFacilities": false,
        "scale": false,
        "shipRcvSeparate": true,
        "urbanRural": "Urban",
        "dockDoors": "50+",
        "dropArea": "25-50",
        "yardMetrics": {
          "dockDoorCount": 55,
          "trailersVisible": 28,
          "trailerParkingCapacity": 70,
          "truckGateCount": 1,
          "buildingCount": 2,
          "siteAreaAcres": 22,
          "railServed": false
        }
      }
    },
    {
      "type": "Feature",
      "geometry": {
        "type": "Polygon",
        "coordinates": [
          [
            [
              -94.556035,
              38.851831
            ],
            [
              -94.556035,
              38.851563
            ],
            [
              -94.555485,
              38.851563
            ],
            [
              -94.555485,
              38.851831
            ],
            [
              -94.556035,
              38.851831
            ]
          ]
        ]
      },
      "properties": {
        "account": "niagara-bottling",
        "name": "Niagara Bottling - Kansas City MO (149th St)",
        "type": "Bottling / Manufacturing Plant",
        "archetype": "#3",
        "archetypeName": "No Gate / No GS",
        "confidence": "medium",
        "zone": "truckGate"
      }
    },
    {
      "type": "Feature",
      "geometry": {
        "type": "Polygon",
        "coordinates": [
          [
            [
              -94.555897,
              38.853649
            ],
            [
              -94.555897,
              38.851617
            ],
            [
              -94.555623,
              38.851617
            ],
            [
              -94.555623,
              38.853649
            ],
            [
              -94.555897,
              38.853649
            ]
          ]
        ]
      },
      "properties": {
        "account": "niagara-bottling",
        "name": "Niagara Bottling - Kansas City MO (149th St)",
        "type": "Bottling / Manufacturing Plant",
        "archetype": "#3",
        "archetypeName": "No Gate / No GS",
        "confidence": "medium",
        "zone": "dockApron",
        "index": 1
      }
    },
    {
      "type": "Feature",
      "geometry": {
        "type": "Polygon",
        "coordinates": [
          [
            [
              -94.676711,
              39.302844
            ],
            [
              -94.678359,
              39.299231
            ],
            [
              -94.673552,
              39.298275
            ],
            [
              -94.671904,
              39.301888
            ],
            [
              -94.676711,
              39.302844
            ]
          ]
        ]
      },
      "properties": {
        "account": "niagara-bottling",
        "name": "Niagara Bottling - Kansas City MO (Airworld Dr)",
        "type": "Bottling / Manufacturing Plant",
        "archetype": "#3",
        "archetypeName": "No Gate / No GS",
        "confidence": "medium",
        "zone": "perimeter",
        "truckGate": false,
        "guardShack": false,
        "remoteGs": false,
        "fastLaneOpportunity": true,
        "backupSensitive": false,
        "dropYard": true,
        "multipleFacilities": false,
        "scale": false,
        "shipRcvSeparate": false,
        "urbanRural": "Rural",
        "dockDoors": "50+",
        "dropArea": "50+",
        "yardMetrics": {
          "dockDoorCount": 95,
          "trailersVisible": 62,
          "trailerParkingCapacity": 120,
          "truckGateCount": 1,
          "buildingCount": 2,
          "siteAreaAcres": 31,
          "railServed": false
        }
      }
    },
    {
      "type": "Feature",
      "geometry": {
        "type": "Polygon",
        "coordinates": [
          [
            [
              -94.676299,
              39.299125
            ],
            [
              -94.676573,
              39.298487
            ],
            [
              -94.6752,
              39.298168
            ],
            [
              -94.674925,
              39.298806
            ],
            [
              -94.676299,
              39.299125
            ]
          ]
        ]
      },
      "properties": {
        "account": "niagara-bottling",
        "name": "Niagara Bottling - Kansas City MO (Airworld Dr)",
        "type": "Bottling / Manufacturing Plant",
        "archetype": "#3",
        "archetypeName": "No Gate / No GS",
        "confidence": "medium",
        "zone": "truckGate"
      }
    },
    {
      "type": "Feature",
      "geometry": {
        "type": "Polygon",
        "coordinates": [
          [
            [
              -94.677947,
              39.299869
            ],
            [
              -94.678221,
              39.299337
            ],
            [
              -94.673415,
              39.298381
            ],
            [
              -94.67314,
              39.298912
            ],
            [
              -94.677947,
              39.299869
            ]
          ]
        ]
      },
      "properties": {
        "account": "niagara-bottling",
        "name": "Niagara Bottling - Kansas City MO (Airworld Dr)",
        "type": "Bottling / Manufacturing Plant",
        "archetype": "#3",
        "archetypeName": "No Gate / No GS",
        "confidence": "medium",
        "zone": "dockApron",
        "index": 1
      }
    },
    {
      "type": "Feature",
      "geometry": {
        "type": "Polygon",
        "coordinates": [
          [
            [
              -85.677609,
              38.381084
            ],
            [
              -85.677609,
              38.379039
            ],
            [
              -85.673077,
              38.379685
            ],
            [
              -85.673215,
              38.380761
            ],
            [
              -85.677609,
              38.381084
            ]
          ]
        ]
      },
      "properties": {
        "account": "niagara-bottling",
        "name": "Niagara Bottling - Jeffersonville IN",
        "type": "Bottling / Manufacturing Plant",
        "archetype": "#3",
        "archetypeName": "No Gate / No GS",
        "confidence": "high",
        "zone": "perimeter",
        "truckGate": false,
        "guardShack": false,
        "remoteGs": false,
        "fastLaneOpportunity": true,
        "backupSensitive": false,
        "dropYard": true,
        "multipleFacilities": false,
        "scale": false,
        "shipRcvSeparate": false,
        "urbanRural": "Rural",
        "dockDoors": "50+",
        "dropArea": "50+",
        "yardMetrics": {
          "dockDoorCount": 100,
          "trailersVisible": 110,
          "trailerParkingCapacity": 150,
          "truckGateCount": 1,
          "buildingCount": 1,
          "siteAreaAcres": 34,
          "railServed": false
        }
      }
    },
    {
      "type": "Feature",
      "geometry": {
        "type": "Polygon",
        "coordinates": [
          [
            [
              -85.678845,
              38.379685
            ],
            [
              -85.678845,
              38.379146
            ],
            [
              -85.677747,
              38.379146
            ],
            [
              -85.677747,
              38.379685
            ],
            [
              -85.678845,
              38.379685
            ]
          ]
        ]
      },
      "properties": {
        "account": "niagara-bottling",
        "name": "Niagara Bottling - Jeffersonville IN",
        "type": "Bottling / Manufacturing Plant",
        "archetype": "#3",
        "archetypeName": "No Gate / No GS",
        "confidence": "high",
        "zone": "truckGate"
      }
    },
    {
      "type": "Feature",
      "geometry": {
        "type": "Polygon",
        "coordinates": [
          [
            [
              -85.677747,
              38.379685
            ],
            [
              -85.677747,
              38.378608
            ],
            [
              -85.673627,
              38.378608
            ],
            [
              -85.673627,
              38.379685
            ],
            [
              -85.677747,
              38.379685
            ]
          ]
        ]
      },
      "properties": {
        "account": "niagara-bottling",
        "name": "Niagara Bottling - Jeffersonville IN",
        "type": "Bottling / Manufacturing Plant",
        "archetype": "#3",
        "archetypeName": "No Gate / No GS",
        "confidence": "high",
        "zone": "dropYard",
        "index": 1
      }
    },
    {
      "type": "Feature",
      "geometry": {
        "type": "Polygon",
        "coordinates": [
          [
            [
              -85.677609,
              38.379792
            ],
            [
              -85.677609,
              38.379362
            ],
            [
              -85.673489,
              38.379362
            ],
            [
              -85.673489,
              38.379792
            ],
            [
              -85.677609,
              38.379792
            ]
          ]
        ]
      },
      "properties": {
        "account": "niagara-bottling",
        "name": "Niagara Bottling - Jeffersonville IN",
        "type": "Bottling / Manufacturing Plant",
        "archetype": "#3",
        "archetypeName": "No Gate / No GS",
        "confidence": "high",
        "zone": "dockApron",
        "index": 1
      }
    },
    {
      "type": "Feature",
      "geometry": {
        "type": "Polygon",
        "coordinates": [
          [
            [
              -86.353395,
              39.68891
            ],
            [
              -86.353395,
              39.684472
            ],
            [
              -86.348313,
              39.684472
            ],
            [
              -86.348313,
              39.68891
            ],
            [
              -86.353395,
              39.68891
            ]
          ]
        ]
      },
      "properties": {
        "account": "niagara-bottling",
        "name": "Niagara Bottling - Plainfield IN",
        "type": "Bottling / Manufacturing Plant",
        "archetype": "#9",
        "archetypeName": "Gate + No GS (remote check-in)",
        "confidence": "medium",
        "zone": "perimeter",
        "truckGate": true,
        "guardShack": false,
        "remoteGs": true,
        "fastLaneOpportunity": true,
        "backupSensitive": false,
        "dropYard": true,
        "multipleFacilities": false,
        "scale": false,
        "shipRcvSeparate": false,
        "urbanRural": "Rural",
        "dockDoors": "50+",
        "dropArea": "25-50",
        "yardMetrics": {
          "dockDoorCount": 58,
          "trailersVisible": 35,
          "trailerParkingCapacity": 80,
          "truckGateCount": 1,
          "buildingCount": 1,
          "siteAreaAcres": 30,
          "railServed": false
        }
      }
    },
    {
      "type": "Feature",
      "geometry": {
        "type": "Polygon",
        "coordinates": [
          [
            [
              -86.350099,
              39.68817
            ],
            [
              -86.350099,
              39.684789
            ],
            [
              -86.348313,
              39.684789
            ],
            [
              -86.348313,
              39.68817
            ],
            [
              -86.350099,
              39.68817
            ]
          ]
        ]
      },
      "properties": {
        "account": "niagara-bottling",
        "name": "Niagara Bottling - Plainfield IN",
        "type": "Bottling / Manufacturing Plant",
        "archetype": "#9",
        "archetypeName": "Gate + No GS (remote check-in)",
        "confidence": "medium",
        "zone": "dropYard",
        "index": 1
      }
    },
    {
      "type": "Feature",
      "geometry": {
        "type": "Polygon",
        "coordinates": [
          [
            [
              -86.350373,
              39.68817
            ],
            [
              -86.350373,
              39.684789
            ],
            [
              -86.349961,
              39.684789
            ],
            [
              -86.349961,
              39.68817
            ],
            [
              -86.350373,
              39.68817
            ]
          ]
        ]
      },
      "properties": {
        "account": "niagara-bottling",
        "name": "Niagara Bottling - Plainfield IN",
        "type": "Bottling / Manufacturing Plant",
        "archetype": "#9",
        "archetypeName": "Gate + No GS (remote check-in)",
        "confidence": "medium",
        "zone": "dockApron",
        "index": 1
      }
    },
    {
      "type": "Feature",
      "geometry": {
        "type": "Polygon",
        "coordinates": [
          [
            [
              -89.607899,
              34.979125
            ],
            [
              -89.607899,
              34.975862
            ],
            [
              -89.60474,
              34.975862
            ],
            [
              -89.60474,
              34.979125
            ],
            [
              -89.607899,
              34.979125
            ]
          ]
        ]
      },
      "properties": {
        "account": "niagara-bottling",
        "name": "Niagara Bottling - Byhalia MS",
        "type": "Bottling / Manufacturing Plant",
        "archetype": "#9",
        "archetypeName": "Gate + No GS (remote check-in)",
        "confidence": "high",
        "zone": "perimeter",
        "truckGate": true,
        "guardShack": false,
        "remoteGs": true,
        "fastLaneOpportunity": true,
        "backupSensitive": false,
        "dropYard": true,
        "multipleFacilities": false,
        "scale": false,
        "shipRcvSeparate": true,
        "urbanRural": "Rural",
        "dockDoors": "50+",
        "dropArea": "50+",
        "yardMetrics": {
          "dockDoorCount": 110,
          "trailersVisible": 72,
          "trailerParkingCapacity": 150,
          "truckGateCount": 1,
          "buildingCount": 1,
          "siteAreaAcres": 48,
          "railServed": false
        }
      }
    },
    {
      "type": "Feature",
      "geometry": {
        "type": "Polygon",
        "coordinates": [
          [
            [
              -89.607899,
              34.978563
            ],
            [
              -89.607899,
              34.978
            ],
            [
              -89.607075,
              34.978
            ],
            [
              -89.607075,
              34.978563
            ],
            [
              -89.607899,
              34.978563
            ]
          ]
        ]
      },
      "properties": {
        "account": "niagara-bottling",
        "name": "Niagara Bottling - Byhalia MS",
        "type": "Bottling / Manufacturing Plant",
        "archetype": "#9",
        "archetypeName": "Gate + No GS (remote check-in)",
        "confidence": "high",
        "zone": "truckGate"
      }
    },
    {
      "type": "Feature",
      "geometry": {
        "type": "Polygon",
        "coordinates": [
          [
            [
              -89.607761,
              34.979013
            ],
            [
              -89.607761,
              34.97845
            ],
            [
              -89.604877,
              34.97845
            ],
            [
              -89.604877,
              34.979013
            ],
            [
              -89.607761,
              34.979013
            ]
          ]
        ]
      },
      "properties": {
        "account": "niagara-bottling",
        "name": "Niagara Bottling - Byhalia MS",
        "type": "Bottling / Manufacturing Plant",
        "archetype": "#9",
        "archetypeName": "Gate + No GS (remote check-in)",
        "confidence": "high",
        "zone": "dropYard",
        "index": 1
      }
    },
    {
      "type": "Feature",
      "geometry": {
        "type": "Polygon",
        "coordinates": [
          [
            [
              -89.607761,
              34.97845
            ],
            [
              -89.607761,
              34.978
            ],
            [
              -89.604877,
              34.978
            ],
            [
              -89.604877,
              34.97845
            ],
            [
              -89.607761,
              34.97845
            ]
          ]
        ]
      },
      "properties": {
        "account": "niagara-bottling",
        "name": "Niagara Bottling - Byhalia MS",
        "type": "Bottling / Manufacturing Plant",
        "archetype": "#9",
        "archetypeName": "Gate + No GS (remote check-in)",
        "confidence": "high",
        "zone": "dockApron",
        "index": 1
      }
    },
    {
      "type": "Feature",
      "geometry": {
        "type": "Polygon",
        "coordinates": [
          [
            [
              -82.82496,
              39.996889
            ],
            [
              -82.82496,
              39.995153
            ],
            [
              -82.820634,
              39.995153
            ],
            [
              -82.820634,
              39.996889
            ],
            [
              -82.82496,
              39.996889
            ]
          ]
        ]
      },
      "properties": {
        "account": "niagara-bottling",
        "name": "Niagara Bottling - Gahanna OH",
        "type": "Bottling / Manufacturing Plant",
        "archetype": "#3",
        "archetypeName": "No Gate / No GS",
        "confidence": "high",
        "zone": "perimeter",
        "truckGate": false,
        "guardShack": false,
        "remoteGs": false,
        "fastLaneOpportunity": true,
        "backupSensitive": false,
        "dropYard": true,
        "multipleFacilities": false,
        "scale": false,
        "shipRcvSeparate": false,
        "urbanRural": "Urban",
        "dockDoors": "25-50",
        "dropArea": "50+",
        "yardMetrics": {
          "dockDoorCount": 40,
          "trailersVisible": 55,
          "trailerParkingCapacity": 70,
          "truckGateCount": 1,
          "buildingCount": 1,
          "siteAreaAcres": 11,
          "railServed": false
        }
      }
    },
    {
      "type": "Feature",
      "geometry": {
        "type": "Polygon",
        "coordinates": [
          [
            [
              -82.825097,
              39.995416
            ],
            [
              -82.825097,
              39.995153
            ],
            [
              -82.824548,
              39.995153
            ],
            [
              -82.824548,
              39.995416
            ],
            [
              -82.825097,
              39.995416
            ]
          ]
        ]
      },
      "properties": {
        "account": "niagara-bottling",
        "name": "Niagara Bottling - Gahanna OH",
        "type": "Bottling / Manufacturing Plant",
        "archetype": "#3",
        "archetypeName": "No Gate / No GS",
        "confidence": "high",
        "zone": "truckGate"
      }
    },
    {
      "type": "Feature",
      "geometry": {
        "type": "Polygon",
        "coordinates": [
          [
            [
              -82.824823,
              39.996784
            ],
            [
              -82.824823,
              39.995837
            ],
            [
              -82.823587,
              39.995837
            ],
            [
              -82.823587,
              39.996784
            ],
            [
              -82.824823,
              39.996784
            ]
          ]
        ]
      },
      "properties": {
        "account": "niagara-bottling",
        "name": "Niagara Bottling - Gahanna OH",
        "type": "Bottling / Manufacturing Plant",
        "archetype": "#3",
        "archetypeName": "No Gate / No GS",
        "confidence": "high",
        "zone": "dropYard",
        "index": 1
      }
    },
    {
      "type": "Feature",
      "geometry": {
        "type": "Polygon",
        "coordinates": [
          [
            [
              -82.823587,
              39.996679
            ],
            [
              -82.823587,
              39.996468
            ],
            [
              -82.82084,
              39.996468
            ],
            [
              -82.82084,
              39.996679
            ],
            [
              -82.823587,
              39.996679
            ]
          ]
        ]
      },
      "properties": {
        "account": "niagara-bottling",
        "name": "Niagara Bottling - Gahanna OH",
        "type": "Bottling / Manufacturing Plant",
        "archetype": "#3",
        "archetypeName": "No Gate / No GS",
        "confidence": "high",
        "zone": "dockApron",
        "index": 1
      }
    },
    {
      "type": "Feature",
      "geometry": {
        "type": "Polygon",
        "coordinates": [
          [
            [
              -80.788147,
              35.630039
            ],
            [
              -80.78952,
              35.625798
            ],
            [
              -80.786087,
              35.625463
            ],
            [
              -80.784713,
              35.629705
            ],
            [
              -80.788147,
              35.630039
            ]
          ]
        ]
      },
      "properties": {
        "account": "niagara-bottling",
        "name": "Niagara Bottling - Mooresville NC",
        "type": "Bottling / Manufacturing Plant",
        "archetype": "#3",
        "archetypeName": "No Gate / No GS",
        "confidence": "medium",
        "zone": "perimeter",
        "truckGate": false,
        "guardShack": false,
        "remoteGs": false,
        "fastLaneOpportunity": true,
        "backupSensitive": false,
        "dropYard": true,
        "multipleFacilities": false,
        "scale": false,
        "shipRcvSeparate": false,
        "urbanRural": "Urban",
        "dockDoors": "25-50",
        "dropArea": "50+",
        "yardMetrics": {
          "dockDoorCount": 35,
          "trailersVisible": 60,
          "trailerParkingCapacity": 80,
          "truckGateCount": 1,
          "buildingCount": 1,
          "siteAreaAcres": 22,
          "railServed": false
        }
      }
    },
    {
      "type": "Feature",
      "geometry": {
        "type": "Polygon",
        "coordinates": [
          [
            [
              -80.788559,
              35.626356
            ],
            [
              -80.788696,
              35.625686
            ],
            [
              -80.787323,
              35.625463
            ],
            [
              -80.787185,
              35.626133
            ],
            [
              -80.788559,
              35.626356
            ]
          ]
        ]
      },
      "properties": {
        "account": "niagara-bottling",
        "name": "Niagara Bottling - Mooresville NC",
        "type": "Bottling / Manufacturing Plant",
        "archetype": "#3",
        "archetypeName": "No Gate / No GS",
        "confidence": "medium",
        "zone": "truckGate"
      }
    },
    {
      "type": "Feature",
      "geometry": {
        "type": "Polygon",
        "coordinates": [
          [
            [
              -80.788833,
              35.628254
            ],
            [
              -80.788971,
              35.627584
            ],
            [
              -80.785537,
              35.627249
            ],
            [
              -80.7854,
              35.627919
            ],
            [
              -80.788833,
              35.628254
            ]
          ]
        ]
      },
      "properties": {
        "account": "niagara-bottling",
        "name": "Niagara Bottling - Mooresville NC",
        "type": "Bottling / Manufacturing Plant",
        "archetype": "#3",
        "archetypeName": "No Gate / No GS",
        "confidence": "medium",
        "zone": "dockApron",
        "index": 1
      }
    },
    {
      "type": "Feature",
      "geometry": {
        "type": "Polygon",
        "coordinates": [
          [
            [
              -84.760723,
              33.407764
            ],
            [
              -84.761272,
              33.4057
            ],
            [
              -84.756603,
              33.405127
            ],
            [
              -84.756053,
              33.40719
            ],
            [
              -84.760723,
              33.407764
            ]
          ]
        ]
      },
      "properties": {
        "account": "niagara-bottling",
        "name": "Niagara Bottling - Newnan GA (Coweta County)",
        "type": "Bottling / Manufacturing Plant",
        "archetype": "#3",
        "archetypeName": "No Gate / No GS",
        "confidence": "medium",
        "zone": "perimeter",
        "truckGate": false,
        "guardShack": false,
        "remoteGs": false,
        "fastLaneOpportunity": true,
        "backupSensitive": false,
        "dropYard": true,
        "multipleFacilities": false,
        "scale": false,
        "shipRcvSeparate": false,
        "urbanRural": "Urban",
        "dockDoors": "25-50",
        "dropArea": "50+",
        "yardMetrics": {
          "dockDoorCount": 45,
          "trailersVisible": 70,
          "trailerParkingCapacity": 90,
          "truckGateCount": 1,
          "buildingCount": 1,
          "siteAreaAcres": 32,
          "railServed": false
        }
      }
    },
    {
      "type": "Feature",
      "geometry": {
        "type": "Polygon",
        "coordinates": [
          [
            [
              -84.757152,
              33.407305
            ],
            [
              -84.757289,
              33.406732
            ],
            [
              -84.756053,
              33.406617
            ],
            [
              -84.755916,
              33.40719
            ],
            [
              -84.757152,
              33.407305
            ]
          ]
        ]
      },
      "properties": {
        "account": "niagara-bottling",
        "name": "Niagara Bottling - Newnan GA (Coweta County)",
        "type": "Bottling / Manufacturing Plant",
        "archetype": "#3",
        "archetypeName": "No Gate / No GS",
        "confidence": "medium",
        "zone": "truckGate"
      }
    },
    {
      "type": "Feature",
      "geometry": {
        "type": "Polygon",
        "coordinates": [
          [
            [
              -84.760997,
              33.406502
            ],
            [
              -84.761135,
              33.406044
            ],
            [
              -84.756603,
              33.405471
            ],
            [
              -84.756465,
              33.405929
            ],
            [
              -84.760997,
              33.406502
            ]
          ]
        ]
      },
      "properties": {
        "account": "niagara-bottling",
        "name": "Niagara Bottling - Newnan GA (Coweta County)",
        "type": "Bottling / Manufacturing Plant",
        "archetype": "#3",
        "archetypeName": "No Gate / No GS",
        "confidence": "medium",
        "zone": "dockApron",
        "index": 1
      }
    },
    {
      "type": "Feature",
      "geometry": {
        "type": "Polygon",
        "coordinates": [
          [
            [
              -77.331273,
              37.355401
            ],
            [
              -77.332784,
              37.349724
            ],
            [
              -77.329213,
              37.349397
            ],
            [
              -77.327703,
              37.355073
            ],
            [
              -77.331273,
              37.355401
            ]
          ]
        ]
      },
      "properties": {
        "account": "niagara-bottling",
        "name": "Niagara Bottling - Chester VA",
        "type": "Bottling / Manufacturing Plant",
        "archetype": "#3",
        "archetypeName": "No Gate / No GS",
        "confidence": "high",
        "zone": "perimeter",
        "truckGate": false,
        "guardShack": false,
        "remoteGs": false,
        "fastLaneOpportunity": true,
        "backupSensitive": false,
        "dropYard": true,
        "multipleFacilities": false,
        "scale": false,
        "shipRcvSeparate": false,
        "urbanRural": "Urban",
        "dockDoors": "50+",
        "dropArea": "50+",
        "yardMetrics": {
          "dockDoorCount": 50,
          "trailersVisible": 65,
          "trailerParkingCapacity": 90,
          "truckGateCount": 1,
          "buildingCount": 1,
          "siteAreaAcres": 35,
          "railServed": false
        }
      }
    },
    {
      "type": "Feature",
      "geometry": {
        "type": "Polygon",
        "coordinates": [
          [
            [
              -77.330999,
              37.355292
            ],
            [
              -77.331136,
              37.354746
            ],
            [
              -77.330037,
              37.354637
            ],
            [
              -77.3299,
              37.355182
            ],
            [
              -77.330999,
              37.355292
            ]
          ]
        ]
      },
      "properties": {
        "account": "niagara-bottling",
        "name": "Niagara Bottling - Chester VA",
        "type": "Bottling / Manufacturing Plant",
        "archetype": "#3",
        "archetypeName": "No Gate / No GS",
        "confidence": "high",
        "zone": "truckGate"
      }
    },
    {
      "type": "Feature",
      "geometry": {
        "type": "Polygon",
        "coordinates": [
          [
            [
              -77.331548,
              37.3542
            ],
            [
              -77.331685,
              37.353654
            ],
            [
              -77.328389,
              37.353327
            ],
            [
              -77.328252,
              37.353873
            ],
            [
              -77.331548,
              37.3542
            ]
          ]
        ]
      },
      "properties": {
        "account": "niagara-bottling",
        "name": "Niagara Bottling - Chester VA",
        "type": "Bottling / Manufacturing Plant",
        "archetype": "#3",
        "archetypeName": "No Gate / No GS",
        "confidence": "high",
        "zone": "dockApron",
        "index": 1
      }
    },
    {
      "type": "Feature",
      "geometry": {
        "type": "Polygon",
        "coordinates": [
          [
            [
              -72.725279,
              41.861109
            ],
            [
              -72.72473,
              41.859524
            ],
            [
              -72.721228,
              41.860086
            ],
            [
              -72.721777,
              41.861672
            ],
            [
              -72.725279,
              41.861109
            ]
          ]
        ]
      },
      "properties": {
        "account": "niagara-bottling",
        "name": "Niagara Bottling - Bloomfield CT",
        "type": "Bottling / Manufacturing Plant",
        "archetype": "#3",
        "archetypeName": "No Gate / No GS",
        "confidence": "medium",
        "zone": "perimeter",
        "truckGate": false,
        "guardShack": false,
        "remoteGs": false,
        "fastLaneOpportunity": true,
        "backupSensitive": false,
        "dropYard": true,
        "multipleFacilities": false,
        "scale": false,
        "shipRcvSeparate": true,
        "urbanRural": "Urban",
        "dockDoors": "25-50",
        "dropArea": "25-50",
        "yardMetrics": {
          "dockDoorCount": 45,
          "trailersVisible": 60,
          "trailerParkingCapacity": 80,
          "truckGateCount": 1,
          "buildingCount": 1,
          "siteAreaAcres": 24,
          "railServed": false
        }
      }
    },
    {
      "type": "Feature",
      "geometry": {
        "type": "Polygon",
        "coordinates": [
          [
            [
              -72.726035,
              41.861416
            ],
            [
              -72.725966,
              41.86116
            ],
            [
              -72.725417,
              41.861263
            ],
            [
              -72.725485,
              41.861518
            ],
            [
              -72.726035,
              41.861416
            ]
          ]
        ]
      },
      "properties": {
        "account": "niagara-bottling",
        "name": "Niagara Bottling - Bloomfield CT",
        "type": "Bottling / Manufacturing Plant",
        "archetype": "#3",
        "archetypeName": "No Gate / No GS",
        "confidence": "medium",
        "zone": "truckGate"
      }
    },
    {
      "type": "Feature",
      "geometry": {
        "type": "Polygon",
        "coordinates": [
          [
            [
              -72.725348,
              41.861211
            ],
            [
              -72.725279,
              41.860956
            ],
            [
              -72.721846,
              41.861467
            ],
            [
              -72.721915,
              41.861723
            ],
            [
              -72.725348,
              41.861211
            ]
          ]
        ]
      },
      "properties": {
        "account": "niagara-bottling",
        "name": "Niagara Bottling - Bloomfield CT",
        "type": "Bottling / Manufacturing Plant",
        "archetype": "#3",
        "archetypeName": "No Gate / No GS",
        "confidence": "medium",
        "zone": "dockApron",
        "index": 1
      }
    },
    {
      "type": "Feature",
      "geometry": {
        "type": "Polygon",
        "coordinates": [
          [
            [
              -81.828997,
              30.138382
            ],
            [
              -81.829959,
              30.133631
            ],
            [
              -81.8268,
              30.133275
            ],
            [
              -81.825839,
              30.138025
            ],
            [
              -81.828997,
              30.138382
            ]
          ]
        ]
      },
      "properties": {
        "account": "niagara-bottling",
        "name": "Niagara Bottling - Middleburg FL",
        "type": "Bottling / Manufacturing Plant",
        "archetype": "#7",
        "archetypeName": "Gate + GS (not BU sens.) + fast lane opp",
        "confidence": "high",
        "zone": "perimeter",
        "truckGate": true,
        "guardShack": true,
        "remoteGs": false,
        "fastLaneOpportunity": true,
        "backupSensitive": false,
        "dropYard": true,
        "multipleFacilities": false,
        "scale": false,
        "shipRcvSeparate": false,
        "urbanRural": "Rural",
        "dockDoors": "50+",
        "dropArea": "25-50",
        "yardMetrics": {
          "dockDoorCount": 65,
          "trailersVisible": 60,
          "trailerParkingCapacity": 90,
          "truckGateCount": 1,
          "buildingCount": 1,
          "siteAreaAcres": 56,
          "railServed": false
        }
      }
    },
    {
      "type": "Feature",
      "geometry": {
        "type": "Polygon",
        "coordinates": [
          [
            [
              -81.828723,
              30.133987
            ],
            [
              -81.82886,
              30.133393
            ],
            [
              -81.827212,
              30.133156
            ],
            [
              -81.827075,
              30.13375
            ],
            [
              -81.828723,
              30.133987
            ]
          ]
        ]
      },
      "properties": {
        "account": "niagara-bottling",
        "name": "Niagara Bottling - Middleburg FL",
        "type": "Bottling / Manufacturing Plant",
        "archetype": "#7",
        "archetypeName": "Gate + GS (not BU sens.) + fast lane opp",
        "confidence": "high",
        "zone": "truckGate"
      }
    },
    {
      "type": "Feature",
      "geometry": {
        "type": "Polygon",
        "coordinates": [
          [
            [
              -81.829272,
              30.135056
            ],
            [
              -81.829409,
              30.134581
            ],
            [
              -81.826251,
              30.134225
            ],
            [
              -81.826113,
              30.1347
            ],
            [
              -81.829272,
              30.135056
            ]
          ]
        ]
      },
      "properties": {
        "account": "niagara-bottling",
        "name": "Niagara Bottling - Middleburg FL",
        "type": "Bottling / Manufacturing Plant",
        "archetype": "#7",
        "archetypeName": "Gate + GS (not BU sens.) + fast lane opp",
        "confidence": "high",
        "zone": "dockApron",
        "index": 1
      }
    },
    {
      "type": "Feature",
      "geometry": {
        "type": "Polygon",
        "coordinates": [
          [
            [
              -81.828461,
              28.640224
            ],
            [
              -81.828461,
              28.637874
            ],
            [
              -81.82647,
              28.637874
            ],
            [
              -81.82647,
              28.640224
            ],
            [
              -81.828461,
              28.640224
            ]
          ]
        ]
      },
      "properties": {
        "account": "niagara-bottling",
        "name": "Niagara Bottling - Groveland FL",
        "type": "Bottling / Manufacturing Plant",
        "archetype": "#1",
        "archetypeName": "Gate + GS (not BU sens.)",
        "confidence": "high",
        "zone": "perimeter",
        "truckGate": true,
        "guardShack": true,
        "remoteGs": false,
        "fastLaneOpportunity": false,
        "backupSensitive": false,
        "dropYard": true,
        "multipleFacilities": false,
        "scale": false,
        "shipRcvSeparate": false,
        "urbanRural": "Rural",
        "dockDoors": "50+",
        "dropArea": "10-25",
        "yardMetrics": {
          "dockDoorCount": 55,
          "trailersVisible": 40,
          "trailerParkingCapacity": 70,
          "truckGateCount": 1,
          "buildingCount": 1,
          "siteAreaAcres": 42,
          "railServed": false
        }
      }
    },
    {
      "type": "Feature",
      "geometry": {
        "type": "Polygon",
        "coordinates": [
          [
            [
              -81.828599,
              28.638115
            ],
            [
              -81.828599,
              28.637814
            ],
            [
              -81.828049,
              28.637814
            ],
            [
              -81.828049,
              28.638115
            ],
            [
              -81.828599,
              28.638115
            ]
          ]
        ]
      },
      "properties": {
        "account": "niagara-bottling",
        "name": "Niagara Bottling - Groveland FL",
        "type": "Bottling / Manufacturing Plant",
        "archetype": "#1",
        "archetypeName": "Gate + GS (not BU sens.)",
        "confidence": "high",
        "zone": "truckGate"
      }
    },
    {
      "type": "Feature",
      "geometry": {
        "type": "Polygon",
        "coordinates": [
          [
            [
              -81.828324,
              28.639983
            ],
            [
              -81.828324,
              28.638115
            ],
            [
              -81.826607,
              28.638115
            ],
            [
              -81.826607,
              28.639983
            ],
            [
              -81.828324,
              28.639983
            ]
          ]
        ]
      },
      "properties": {
        "account": "niagara-bottling",
        "name": "Niagara Bottling - Groveland FL",
        "type": "Bottling / Manufacturing Plant",
        "archetype": "#1",
        "archetypeName": "Gate + GS (not BU sens.)",
        "confidence": "high",
        "zone": "dropYard",
        "index": 1
      }
    },
    {
      "type": "Feature",
      "geometry": {
        "type": "Polygon",
        "coordinates": [
          [
            [
              -81.828461,
              28.640104
            ],
            [
              -81.828461,
              28.639863
            ],
            [
              -81.82647,
              28.639863
            ],
            [
              -81.82647,
              28.640104
            ],
            [
              -81.828461,
              28.640104
            ]
          ]
        ]
      },
      "properties": {
        "account": "niagara-bottling",
        "name": "Niagara Bottling - Groveland FL",
        "type": "Bottling / Manufacturing Plant",
        "archetype": "#1",
        "archetypeName": "Gate + GS (not BU sens.)",
        "confidence": "high",
        "zone": "dockApron",
        "index": 1
      }
    },
    {
      "type": "Feature",
      "geometry": {
        "type": "Polygon",
        "coordinates": [
          [
            [
              -80.285442,
              26.905463
            ],
            [
              -80.285305,
              26.903626
            ],
            [
              -80.282627,
              26.904116
            ],
            [
              -80.282901,
              26.90577
            ],
            [
              -80.285442,
              26.905463
            ]
          ]
        ]
      },
      "properties": {
        "account": "niagara-bottling",
        "name": "Niagara Bottling - Jupiter FL",
        "type": "Bottling / Manufacturing Plant",
        "archetype": "#1",
        "archetypeName": "Gate + GS (not BU sens.)",
        "confidence": "high",
        "zone": "perimeter",
        "truckGate": true,
        "guardShack": true,
        "remoteGs": false,
        "fastLaneOpportunity": false,
        "backupSensitive": false,
        "dropYard": true,
        "multipleFacilities": false,
        "scale": false,
        "shipRcvSeparate": false,
        "urbanRural": "Rural",
        "dockDoors": "50+",
        "dropArea": "50+",
        "yardMetrics": {
          "dockDoorCount": 75,
          "trailersVisible": 90,
          "trailerParkingCapacity": 110,
          "truckGateCount": 1,
          "buildingCount": 1,
          "siteAreaAcres": 60,
          "railServed": false
        }
      }
    },
    {
      "type": "Feature",
      "geometry": {
        "type": "Polygon",
        "coordinates": [
          [
            [
              -80.285785,
              26.904606
            ],
            [
              -80.285785,
              26.9043
            ],
            [
              -80.285373,
              26.9043
            ],
            [
              -80.285373,
              26.904606
            ],
            [
              -80.285785,
              26.904606
            ]
          ]
        ]
      },
      "properties": {
        "account": "niagara-bottling",
        "name": "Niagara Bottling - Jupiter FL",
        "type": "Bottling / Manufacturing Plant",
        "archetype": "#1",
        "archetypeName": "Gate + GS (not BU sens.)",
        "confidence": "high",
        "zone": "truckGate"
      }
    },
    {
      "type": "Feature",
      "geometry": {
        "type": "Polygon",
        "coordinates": [
          [
            [
              -80.285579,
              26.903994
            ],
            [
              -80.285648,
              26.903688
            ],
            [
              -80.282833,
              26.903565
            ],
            [
              -80.282764,
              26.903871
            ],
            [
              -80.285579,
              26.903994
            ]
          ]
        ]
      },
      "properties": {
        "account": "niagara-bottling",
        "name": "Niagara Bottling - Jupiter FL",
        "type": "Bottling / Manufacturing Plant",
        "archetype": "#1",
        "archetypeName": "Gate + GS (not BU sens.)",
        "confidence": "high",
        "zone": "dockApron",
        "index": 1
      }
    },
    {
      "type": "Feature",
      "geometry": {
        "type": "Polygon",
        "coordinates": [
          [
            [
              -76.068444,
              40.93333
            ],
            [
              -76.06762,
              40.930217
            ],
            [
              -76.059655,
              40.931255
            ],
            [
              -76.060479,
              40.934367
            ],
            [
              -76.068444,
              40.93333
            ]
          ]
        ]
      },
      "properties": {
        "account": "niagara-bottling",
        "name": "Niagara Bottling - Hazle Township PA",
        "type": "Bottling / Manufacturing Plant",
        "archetype": "#10",
        "archetypeName": "Ship/Rcv Separate (Gate+GS)",
        "confidence": "medium",
        "zone": "perimeter",
        "truckGate": true,
        "guardShack": true,
        "remoteGs": false,
        "fastLaneOpportunity": true,
        "backupSensitive": false,
        "dropYard": true,
        "multipleFacilities": false,
        "scale": false,
        "shipRcvSeparate": true,
        "urbanRural": "Rural",
        "dockDoors": "50+",
        "dropArea": "50+",
        "yardMetrics": {
          "dockDoorCount": 120,
          "trailersVisible": 110,
          "trailerParkingCapacity": 160,
          "truckGateCount": 1,
          "buildingCount": 1,
          "siteAreaAcres": 110,
          "railServed": false
        }
      }
    },
    {
      "type": "Feature",
      "geometry": {
        "type": "Polygon",
        "coordinates": [
          [
            [
              -76.068307,
              40.933019
            ],
            [
              -76.068169,
              40.9325
            ],
            [
              -76.060341,
              40.933537
            ],
            [
              -76.060479,
              40.934056
            ],
            [
              -76.068307,
              40.933019
            ]
          ]
        ]
      },
      "properties": {
        "account": "niagara-bottling",
        "name": "Niagara Bottling - Hazle Township PA",
        "type": "Bottling / Manufacturing Plant",
        "archetype": "#10",
        "archetypeName": "Ship/Rcv Separate (Gate+GS)",
        "confidence": "medium",
        "zone": "dockApron",
        "index": 1
      }
    },
    {
      "type": "Feature",
      "geometry": {
        "type": "Polygon",
        "coordinates": [
          [
            [
              -80.297893,
              40.442841
            ],
            [
              -80.296657,
              40.439914
            ],
            [
              -80.293086,
              40.440646
            ],
            [
              -80.294322,
              40.443572
            ],
            [
              -80.297893,
              40.442841
            ]
          ]
        ]
      },
      "properties": {
        "account": "niagara-bottling",
        "name": "Niagara Bottling - Imperial PA (Findlay Township)",
        "type": "Bottling / Manufacturing Plant",
        "archetype": "#3",
        "archetypeName": "No Gate / No GS",
        "confidence": "high",
        "zone": "perimeter",
        "truckGate": false,
        "guardShack": false,
        "remoteGs": false,
        "fastLaneOpportunity": false,
        "backupSensitive": false,
        "dropYard": true,
        "multipleFacilities": false,
        "scale": false,
        "shipRcvSeparate": false,
        "urbanRural": "Rural",
        "dockDoors": "50+",
        "dropArea": "50+",
        "yardMetrics": {
          "dockDoorCount": 65,
          "trailersVisible": 75,
          "trailerParkingCapacity": 95,
          "truckGateCount": 1,
          "buildingCount": 1,
          "siteAreaAcres": 50,
          "railServed": false
        }
      }
    },
    {
      "type": "Feature",
      "geometry": {
        "type": "Polygon",
        "coordinates": [
          [
            [
              -80.297618,
              40.443363
            ],
            [
              -80.297481,
              40.442841
            ],
            [
              -80.296519,
              40.44305
            ],
            [
              -80.296657,
              40.443572
            ],
            [
              -80.297618,
              40.443363
            ]
          ]
        ]
      },
      "properties": {
        "account": "niagara-bottling",
        "name": "Niagara Bottling - Imperial PA (Findlay Township)",
        "type": "Bottling / Manufacturing Plant",
        "archetype": "#3",
        "archetypeName": "No Gate / No GS",
        "confidence": "high",
        "zone": "truckGate"
      }
    },
    {
      "type": "Feature",
      "geometry": {
        "type": "Polygon",
        "coordinates": [
          [
            [
              -80.296794,
              40.441691
            ],
            [
              -80.296657,
              40.441168
            ],
            [
              -80.293361,
              40.441795
            ],
            [
              -80.293498,
              40.442318
            ],
            [
              -80.296794,
              40.441691
            ]
          ]
        ]
      },
      "properties": {
        "account": "niagara-bottling",
        "name": "Niagara Bottling - Imperial PA (Findlay Township)",
        "type": "Bottling / Manufacturing Plant",
        "archetype": "#3",
        "archetypeName": "No Gate / No GS",
        "confidence": "high",
        "zone": "dockApron",
        "index": 1
      }
    },
    {
      "type": "Feature",
      "geometry": {
        "type": "Polygon",
        "coordinates": [
          [
            [
              -75.615861,
              40.571622
            ],
            [
              -75.615861,
              40.569118
            ],
            [
              -75.612977,
              40.569118
            ],
            [
              -75.612977,
              40.571622
            ],
            [
              -75.615861,
              40.571622
            ]
          ]
        ]
      },
      "properties": {
        "account": "niagara-bottling",
        "name": "Niagara Bottling - Upper Macungie (Allentown) PA",
        "type": "Bottling / Manufacturing Plant",
        "archetype": "#3",
        "archetypeName": "No Gate / No GS",
        "confidence": "medium",
        "zone": "perimeter",
        "truckGate": false,
        "guardShack": false,
        "remoteGs": false,
        "fastLaneOpportunity": true,
        "backupSensitive": false,
        "dropYard": true,
        "multipleFacilities": false,
        "scale": false,
        "shipRcvSeparate": true,
        "urbanRural": "Urban",
        "dockDoors": "50+",
        "dropArea": "50+",
        "yardMetrics": {
          "dockDoorCount": 55,
          "trailersVisible": 60,
          "trailerParkingCapacity": 90,
          "truckGateCount": 1,
          "buildingCount": 1,
          "siteAreaAcres": 38,
          "railServed": false
        }
      }
    },
    {
      "type": "Feature",
      "geometry": {
        "type": "Polygon",
        "coordinates": [
          [
            [
              -75.615999,
              40.569848
            ],
            [
              -75.615999,
              40.569327
            ],
            [
              -75.615175,
              40.569327
            ],
            [
              -75.615175,
              40.569848
            ],
            [
              -75.615999,
              40.569848
            ]
          ]
        ]
      },
      "properties": {
        "account": "niagara-bottling",
        "name": "Niagara Bottling - Upper Macungie (Allentown) PA",
        "type": "Bottling / Manufacturing Plant",
        "archetype": "#3",
        "archetypeName": "No Gate / No GS",
        "confidence": "medium",
        "zone": "truckGate"
      }
    },
    {
      "type": "Feature",
      "geometry": {
        "type": "Polygon",
        "coordinates": [
          [
            [
              -75.615724,
              40.571517
            ],
            [
              -75.615724,
              40.5711
            ],
            [
              -75.613115,
              40.5711
            ],
            [
              -75.613115,
              40.571517
            ],
            [
              -75.615724,
              40.571517
            ]
          ]
        ]
      },
      "properties": {
        "account": "niagara-bottling",
        "name": "Niagara Bottling - Upper Macungie (Allentown) PA",
        "type": "Bottling / Manufacturing Plant",
        "archetype": "#3",
        "archetypeName": "No Gate / No GS",
        "confidence": "medium",
        "zone": "dockApron",
        "index": 1
      }
    },
    {
      "type": "Feature",
      "geometry": {
        "type": "Polygon",
        "coordinates": [
          [
            [
              -79.696197,
              34.266221
            ],
            [
              -79.696197,
              34.264519
            ],
            [
              -79.690704,
              34.264519
            ],
            [
              -79.690704,
              34.266221
            ],
            [
              -79.696197,
              34.266221
            ]
          ]
        ]
      },
      "properties": {
        "account": "niagara-bottling",
        "name": "Niagara Bottling - Florence SC",
        "type": "Bottling / Manufacturing Plant",
        "archetype": "#3",
        "archetypeName": "No Gate / No GS",
        "confidence": "medium",
        "zone": "perimeter",
        "truckGate": false,
        "guardShack": false,
        "remoteGs": false,
        "fastLaneOpportunity": true,
        "backupSensitive": false,
        "dropYard": true,
        "multipleFacilities": false,
        "scale": false,
        "shipRcvSeparate": false,
        "urbanRural": "Rural",
        "dockDoors": "50+",
        "dropArea": "50+",
        "yardMetrics": {
          "dockDoorCount": 70,
          "trailersVisible": 65,
          "trailerParkingCapacity": 110,
          "truckGateCount": 1,
          "buildingCount": 1,
          "siteAreaAcres": 42,
          "railServed": false
        }
      }
    },
    {
      "type": "Feature",
      "geometry": {
        "type": "Polygon",
        "coordinates": [
          [
            [
              -79.696747,
              34.265994
            ],
            [
              -79.696747,
              34.265427
            ],
            [
              -79.695923,
              34.265427
            ],
            [
              -79.695923,
              34.265994
            ],
            [
              -79.696747,
              34.265994
            ]
          ]
        ]
      },
      "properties": {
        "account": "niagara-bottling",
        "name": "Niagara Bottling - Florence SC",
        "type": "Bottling / Manufacturing Plant",
        "archetype": "#3",
        "archetypeName": "No Gate / No GS",
        "confidence": "medium",
        "zone": "truckGate"
      }
    },
    {
      "type": "Feature",
      "geometry": {
        "type": "Polygon",
        "coordinates": [
          [
            [
              -79.695923,
              34.26486
            ],
            [
              -79.695923,
              34.264065
            ],
            [
              -79.692352,
              34.264065
            ],
            [
              -79.692352,
              34.26486
            ],
            [
              -79.695923,
              34.26486
            ]
          ]
        ]
      },
      "properties": {
        "account": "niagara-bottling",
        "name": "Niagara Bottling - Florence SC",
        "type": "Bottling / Manufacturing Plant",
        "archetype": "#3",
        "archetypeName": "No Gate / No GS",
        "confidence": "medium",
        "zone": "dropYard",
        "index": 1
      }
    },
    {
      "type": "Feature",
      "geometry": {
        "type": "Polygon",
        "coordinates": [
          [
            [
              -79.695923,
              34.265087
            ],
            [
              -79.695923,
              34.264746
            ],
            [
              -79.690979,
              34.264746
            ],
            [
              -79.690979,
              34.265087
            ],
            [
              -79.695923,
              34.265087
            ]
          ]
        ]
      },
      "properties": {
        "account": "niagara-bottling",
        "name": "Niagara Bottling - Florence SC",
        "type": "Bottling / Manufacturing Plant",
        "archetype": "#3",
        "archetypeName": "No Gate / No GS",
        "confidence": "medium",
        "zone": "dockApron",
        "index": 1
      }
    },
    {
      "type": "Feature",
      "geometry": {
        "type": "Polygon",
        "coordinates": [
          [
            [
              -97.355135,
              31.15868
            ],
            [
              -97.355959,
              31.154567
            ],
            [
              -97.352526,
              31.154215
            ],
            [
              -97.351565,
              31.158328
            ],
            [
              -97.355135,
              31.15868
            ]
          ]
        ]
      },
      "properties": {
        "account": "niagara-bottling",
        "name": "Niagara Bottling - Temple TX",
        "type": "Bottling / Manufacturing Plant",
        "archetype": "#3",
        "archetypeName": "No Gate / No GS",
        "confidence": "medium",
        "zone": "perimeter",
        "truckGate": false,
        "guardShack": false,
        "remoteGs": false,
        "fastLaneOpportunity": true,
        "backupSensitive": false,
        "dropYard": true,
        "multipleFacilities": true,
        "scale": false,
        "shipRcvSeparate": true,
        "urbanRural": "Rural",
        "dockDoors": "50+",
        "dropArea": "50+",
        "yardMetrics": {
          "dockDoorCount": 90,
          "trailersVisible": 85,
          "trailerParkingCapacity": 140,
          "truckGateCount": 2,
          "buildingCount": 2,
          "siteAreaAcres": 78,
          "railServed": false
        }
      }
    },
    {
      "type": "Feature",
      "geometry": {
        "type": "Polygon",
        "coordinates": [
          [
            [
              -97.355685,
              31.155507
            ],
            [
              -97.355822,
              31.15492
            ],
            [
              -97.354723,
              31.154802
            ],
            [
              -97.354586,
              31.15539
            ],
            [
              -97.355685,
              31.155507
            ]
          ]
        ]
      },
      "properties": {
        "account": "niagara-bottling",
        "name": "Niagara Bottling - Temple TX",
        "type": "Bottling / Manufacturing Plant",
        "archetype": "#3",
        "archetypeName": "No Gate / No GS",
        "confidence": "medium",
        "zone": "truckGate"
      }
    },
    {
      "type": "Feature",
      "geometry": {
        "type": "Polygon",
        "coordinates": [
          [
            [
              -97.355547,
              31.156095
            ],
            [
              -97.355685,
              31.155507
            ],
            [
              -97.352251,
              31.155155
            ],
            [
              -97.352114,
              31.155742
            ],
            [
              -97.355547,
              31.156095
            ]
          ]
        ]
      },
      "properties": {
        "account": "niagara-bottling",
        "name": "Niagara Bottling - Temple TX",
        "type": "Bottling / Manufacturing Plant",
        "archetype": "#3",
        "archetypeName": "No Gate / No GS",
        "confidence": "medium",
        "zone": "dockApron",
        "index": 1
      }
    },
    {
      "type": "Feature",
      "geometry": {
        "type": "Polygon",
        "coordinates": [
          [
            [
              -97.982271,
              29.589036
            ],
            [
              -97.981721,
              29.586528
            ],
            [
              -97.976915,
              29.587006
            ],
            [
              -97.977464,
              29.589514
            ],
            [
              -97.982271,
              29.589036
            ]
          ]
        ]
      },
      "properties": {
        "account": "niagara-bottling",
        "name": "Niagara Bottling - Seguin TX",
        "type": "Bottling / Manufacturing Plant",
        "archetype": "#3",
        "archetypeName": "No Gate / No GS",
        "confidence": "medium",
        "zone": "perimeter",
        "truckGate": false,
        "guardShack": false,
        "remoteGs": false,
        "fastLaneOpportunity": true,
        "backupSensitive": false,
        "dropYard": true,
        "multipleFacilities": false,
        "scale": false,
        "shipRcvSeparate": false,
        "urbanRural": "Rural",
        "dockDoors": "50+",
        "dropArea": "50+",
        "yardMetrics": {
          "dockDoorCount": 65,
          "trailersVisible": 55,
          "trailerParkingCapacity": 100,
          "truckGateCount": 1,
          "buildingCount": 1,
          "siteAreaAcres": 32,
          "railServed": false
        }
      }
    },
    {
      "type": "Feature",
      "geometry": {
        "type": "Polygon",
        "coordinates": [
          [
            [
              -97.982133,
              29.588678
            ],
            [
              -97.981996,
              29.588081
            ],
            [
              -97.977327,
              29.588558
            ],
            [
              -97.977464,
              29.589156
            ],
            [
              -97.982133,
              29.588678
            ]
          ]
        ]
      },
      "properties": {
        "account": "niagara-bottling",
        "name": "Niagara Bottling - Seguin TX",
        "type": "Bottling / Manufacturing Plant",
        "archetype": "#3",
        "archetypeName": "No Gate / No GS",
        "confidence": "medium",
        "zone": "dockApron",
        "index": 1
      }
    },
    {
      "type": "Feature",
      "geometry": {
        "type": "Polygon",
        "coordinates": [
          [
            [
              -93.288431,
              44.565996
            ],
            [
              -93.287309,
              44.568158
            ],
            [
              -93.290677,
              44.569058
            ],
            [
              -93.291799,
              44.566896
            ],
            [
              -93.288431,
              44.565996
            ]
          ]
        ]
      },
      "properties": {
        "account": "niagara-bottling",
        "name": "Niagara Bottling - Elko New Market MN",
        "type": "Bottling / Manufacturing Plant",
        "archetype": "#3",
        "archetypeName": "No Gate / No GS",
        "confidence": "low",
        "zone": "perimeter",
        "truckGate": false,
        "guardShack": false,
        "remoteGs": false,
        "fastLaneOpportunity": false,
        "backupSensitive": false,
        "dropYard": false,
        "multipleFacilities": false,
        "scale": false,
        "shipRcvSeparate": false,
        "urbanRural": "Rural",
        "dockDoors": "NONE",
        "dropArea": "NONE",
        "yardMetrics": {
          "dockDoorCount": 0,
          "trailersVisible": 0,
          "trailerParkingCapacity": 0,
          "truckGateCount": 1,
          "buildingCount": 1,
          "siteAreaAcres": 36,
          "railServed": false
        }
      }
    },
    {
      "type": "Feature",
      "geometry": {
        "type": "Polygon",
        "coordinates": [
          [
            [
              -93.289752,
              44.569113
            ],
            [
              -93.28962,
              44.569368
            ],
            [
              -93.289974,
              44.569463
            ],
            [
              -93.290106,
              44.569208
            ],
            [
              -93.289752,
              44.569113
            ]
          ]
        ]
      },
      "properties": {
        "account": "niagara-bottling",
        "name": "Niagara Bottling - Elko New Market MN",
        "type": "Bottling / Manufacturing Plant",
        "archetype": "#3",
        "archetypeName": "No Gate / No GS",
        "confidence": "low",
        "zone": "truckGate"
      }
    },
    {
      "type": "Feature",
      "geometry": {
        "type": "Polygon",
        "coordinates": [
          [
            [
              -93.287028,
              44.567468
            ],
            [
              -93.28694,
              44.567638
            ],
            [
              -93.289126,
              44.568222
            ],
            [
              -93.289214,
              44.568052
            ],
            [
              -93.287028,
              44.567468
            ]
          ]
        ]
      },
      "properties": {
        "account": "niagara-bottling",
        "name": "Niagara Bottling - Elko New Market MN",
        "type": "Bottling / Manufacturing Plant",
        "archetype": "#3",
        "archetypeName": "No Gate / No GS",
        "confidence": "low",
        "zone": "dockApron",
        "index": 1
      }
    }
  ]
}
