id,name,domain,tier,segment,contacts
55459594314,"3M Co",,A,building_materials_industrial,0
55459167804,"ABF Freight System Inc.",,A,3pl_carrier,0
55554511382,"Advance Auto Parts Distribution Center",,A,automotive_heavy_mfg,0
55459616578,"Advance Auto Parts Distribution Center Kutztown",,A,automotive_heavy_mfg,0
55459352909,"Albertsons Manufacturing Plant",,A,retail_grocery,0
55459515213,"ALDI Distribution Center",,A,retail_grocery,0
55459572368,"ALDI Distribution Center truck entrance",,A,retail_grocery,0
55459224700,"Amcor Flexibles Madison",,A,paper_packaging,0
55459534944,"Amcor plastic",,A,paper_packaging,0
55459441213,"Amcor Rigid Plastics",,A,paper_packaging,0
55459491461,"Americold Cold Storage",,A,cold_chain,0
55554498689,"Americold Logistics",,A,cold_chain,0
55459528820,"Americold Logistics - Grand Rapids",,A,cold_chain,0
55459238161,"Americold Logistics Anaheim",,A,cold_chain,0
55459291311,"Americold Logistics Baytown",,A,cold_chain,0
55459560546,"Americold Logistics Brighton",,A,cold_chain,0
55459540383,"Americold Logistics C of I 14890",,A,cold_chain,0
55459311433,"Americold Logistics Dallas",,A,cold_chain,0
55459540378,"Americold Logistics Hatfield",,A,cold_chain,0
55459217707,"Americold Logistics Houston",,A,cold_chain,0
55459213729,"Americold Logistics Indianapolis",,A,cold_chain,0
55459272983,"Americold Logistics Jefferson",,A,cold_chain,0
55459240026,"Americold Logistics Leesport",,A,cold_chain,0
55459285673,"Americold Logistics Meacham Ft Worth",,A,cold_chain,0
55459220016,"Americold Logistics N Little Rock",,A,cold_chain,0
55459235444,"Americold Logistics Plant City",,A,cold_chain,0
55459540400,"Americold Logistics Russellville 324",,A,cold_chain,0
55459508080,"Americold Logistics Russellville Elmira",,A,cold_chain,0
55459581609,"Americold Logistics Tampa Maple",,A,cold_chain,0
55459253920,"Americold Logistics, Allentown - Snowdrift",,A,cold_chain,0
55459461003,"Ashley HomeStore Distribution Center",,A,wholesale_distribution,0
55459295048,"AutoZone Distribution",,A,retail_grocery,0
55459544942,"AutoZone Distribution Center",,A,retail_grocery,0
55459545000,"Ball Metal Beverage Container",,A,paper_packaging,0
55459238225,"Ball Metal Beverage Packaging",,A,paper_packaging,0
55459276439,"BASF Corporation",,A,chemicals_plastics,0
55459992605,"BASF Palmer Logistics",,A,chemicals_plastics,0
55459583875,"BASF Warehouse",,A,chemicals_plastics,0
55459607423,"Bell Container International Paper",,A,paper_packaging,0
55459307431,"Ben E. Keith Foods Gulf Coast Distribution Center",,A,wholesale_distribution,0
55459310084,"Ben E. Keith Foods Mid-South Distribution Center",,A,wholesale_distribution,0
55459558521,"Best Buy Distribution Center",,A,ecommerce_parcel,0
55459289655,"Best Buy Warehouse",,A,retail_grocery,0
55459217530,"Best Buy Warehouse Ontario",,A,retail_grocery,0
55459544954,"Best Buy Warehouse, Polk City",,A,retail_grocery,0
55459217497,"Bimbo Bakeries Distribution Center",,A,cpg_food_beverage,0
55459447409,"Bimbo Bakeries-Sara Lee Distribution Center",,A,cpg_food_beverage,0
55459546004,"Bridgestone Americas Distribution Center",,A,wholesale_distribution,0
55459249457,"Bridgestone Distribution Center",,A,automotive_heavy_mfg,0
55459515208,"Bridgestone Firestone Distribution Center",,A,wholesale_distribution,0
55459515188,"Cardinal Health at Home Distribution Center",,A,wholesale_distribution,0
9883041416,"Carhartt",,A,retail_grocery,0
55459169966,"Ceva Freight",,A,3pl_carrier,0
55459540349,"CEVA Logistics - Pelican Distribution Center",,A,3pl_carrier,0
55459469669,"Chewy Fulfillment Center CFC1",,A,ecommerce_parcel,0
55459988488,"Chewy Fulfillment Center CLT1",,A,ecommerce_parcel,0
55459542651,"Chewy Fulfillment Center DAY1",,A,ecommerce_parcel,0
55459255656,"Chewy Fulfillment Center DFW1",,A,ecommerce_parcel,0
55459484682,"Chewy Fulfillment Center HOU1",,A,ecommerce_parcel,0
55459548834,"Chewy Fulfillment Center MCO1",,A,ecommerce_parcel,0
55459482710,"Chewy Fulfillment Center MDT1",,A,ecommerce_parcel,0
55459584095,"Chewy Fulfillment Center, RNO1",,A,ecommerce_parcel,0
55459508119,"Clay Distribution Center: Gordon Food Service",,A,wholesale_distribution,0
55459566745,"Clorox Products Houston",,A,chemicals_plastics,0
55459434374,"Conagra Brands - Russellville",,A,cpg_food_beverage,0
55459247535,"Crete Carrier Corporation",,A,3pl_carrier,0
55459224898,"Crown Packaging Corp. - Little Rock, Arkansas Office",,A,paper_packaging,0
55459572329,"Cummins Regional Distribution Center - Dallas",,A,automotive_heavy_mfg,0
55459273119,"CVS Distribution Center of Greenfield IN",,A,retail_grocery,0
55459461040,"Damascus Warehouse (SONOCO)",,A,paper_packaging,0
55459607402,"DHL Bow Distribution Center (Formerly EXEL)",,A,3pl_carrier,0
55459224504,"DHL Warehouse Verizon",,A,3pl_carrier,0
55459560549,"Dick's Sporting Goods Distribution Center",,A,retail_grocery,0
55459513765,"Dollar General Distribution Center OTR Truck Gate",,A,retail_grocery,0
55459296868,"Dollar General Receiving",,A,retail_grocery,0
55459534984,"Dollar Tree Distribution Center",,A,retail_grocery,0
55459238257,"Dow Chemical Co",,A,chemicals_plastics,0
55459587712,"DSC",,A,3pl_carrier,0
55459231343,"DSV Silutions Shell warehouse Panalpina",,A,3pl_carrier,0
55459238219,"Dupont Industrial Center",,A,chemicals_plastics,0
55459212351,"Family Dollar Distribution Center",,A,retail_grocery,0
55554491905,"Fastenal Canada Fulfillment Center",,A,wholesale_distribution,0
55554492993,"Fastenal Canada Fulfillment Center",,A,wholesale_distribution,0
55459578136,"Fastenal Fulfillment Center",,A,wholesale_distribution,0
55554492178,"Fastenal Fulfillment Center",,A,wholesale_distribution,0
55554494883,"Fastenal Fulfillment Center",,A,wholesale_distribution,0
55459282441,"Fastenal Fulfillment Center - Appointment Only",,A,wholesale_distribution,0
55459525294,"Flexport Denver",,A,3pl_carrier,0
55459456880,"Flexport DFW1 Fulfillment Center",,A,ecommerce_parcel,0
55459249294,"Flexport EWR1 Fulfillment Center",,A,ecommerce_parcel,0
55459259979,"Flexport LAX1 Fulfillment Center",,A,ecommerce_parcel,0
55459616612,"Florida food service Ben E Keith Foods Florida",,A,cpg_food_beverage,0
55459985165,"Fort Worth Distribution Center for tractor supply",,A,retail_grocery,0
54758074021,"FTAI Infrastructure",fipinc.com,A,ports_intermodal,0
44999187298,"GCT Terminals",gctglobalcontainerterminals.com,A,ports_intermodal,0
55459209861,"GEODIS | Contract Logistics",,A,3pl_carrier,0
55554497633,"GEODIS logistic.",,A,3pl_carrier,0
55554495666,"Geodis Logistics",,A,3pl_carrier,0
55459251998,"Geodis Logistics (H&M)",,A,3pl_carrier,0
55459564962,"Goodyear Logistics Center- Operated by DHL",,A,3pl_carrier,0
55459594248,"Gordon Food Service Freezer Warehouse",,A,cold_chain,0
55459284398,"Grainger Distribution Center",,A,wholesale_distribution,0
55459518485,"Grainger Industrial Supply",,A,wholesale_distribution,0
55459529090,"Graphic Packaging",,A,paper_packaging,0
54727912064,"Grupo Elektra",marcaone.com,A,retail_grocery,0
55459562934,"Hershey Foods West Distribution",,A,cpg_food_beverage,0
55459493944,"Hershey's Annville Fulfillment Center",,A,cpg_food_beverage,0
55459533075,"Hershey's Weaver Popcorn Manufacturing",,A,cpg_food_beverage,0
55459558581,"Home Depot Distribution",,A,building_materials_industrial,0
55459304727,"Home Depot Flatbed Distribution Center #5856",,A,retail_grocery,0
55459532937,"Home Depot warehouse",,A,retail_grocery,0
55459182259,"Hood Packaging Corporation",,A,paper_packaging,0
55459552432,"ICDC(check in at Pepsi Warehouse Guard)",,A,cpg_food_beverage,0
55459215499,"IKEA Distribution Center",,A,retail_grocery,0
55459522053,"International Paper - Beltline Container Plant",,A,paper_packaging,0
55459982904,"International Paper - Dallas Container Plant",,A,paper_packaging,0
55459463350,"International Paper Co",,A,paper_packaging,0
55459294760,"J.B. Hunt Transport - Dallas East Terminal",,A,3pl_carrier,0
55554494646,"J.B. Hunt Transport Services, Inc.",,A,3pl_carrier,0
55459505219,"KeHE Distributors-LHV",,A,wholesale_distribution,0
55459236376,"Kellogg Co",,A,cpg_food_beverage,0
55459272828,"Kellogg's APL Logistics",,A,cpg_food_beverage,0
54774365620,"Kerry Group PLC",kerrygroup.com,A,cpg_food_beverage,0
45014826357,"Knight-Swift",knightswift.com,A,3pl_carrier,0
55459614538,"Knob Creek Bottling Plant",,A,cpg_food_beverage,0
55459326101,"Kohl's Distribution Center",,A,retail_grocery,0
55459990351,"Kohler Distribution Center",,A,building_materials_industrial,0
55554498382,"Kuehne + Nagel",,A,3pl_carrier,0
55459299628,"Land O' Lakes- Purina Distribution Center",,A,cpg_food_beverage,0
55459500864,"LINEAGE LOGISTICS - LANCASTER, TX",,A,cold_chain,0
55459344201,"Lineage Logistics Jacksonville West",,A,cold_chain,0
55459585635,"LKQ Refinish Distribution Center",,A,automotive_heavy_mfg,0
55459572365,"Lowe's Distribution Center",,A,building_materials_industrial,0
55459489591,"Lowe's Flatbed Distribution Center MyJob",,A,retail_grocery,0
55459489663,"Lowe's Regional Distribution Center",,A,retail_grocery,0
9981245821,"Maersk",,A,ports_intermodal,0
55459489637,"MARS PETCARE WAREHOUSE",,A,cpg_food_beverage,0
10054275351,"Martin Marietta Aggregates - Via CSca;e",,A,building_materials_industrial,0
55459278256,"Medline Industries Distribution Center",,A,wholesale_distribution,0
55459304790,"Meijer Distribution Center - DC 86",,A,retail_grocery,0
55459533209,"Meijer Distribution Center - DC 92",,A,retail_grocery,0
55459981098,"Meijer Distribution Center - DC 93",,A,retail_grocery,0
55459222186,"Nestle Bottled Water Delivery Dallas",,A,cpg_food_beverage,0
55554507127,"Nestle Distribution Center (Truck Entrance)",,A,cpg_food_beverage,0
55459183886,"Nestle Water North America",,A,cpg_food_beverage,0
55554512226,"Nestle Waters",,A,cpg_food_beverage,0
55459278205,"Nestle Waters North America",,A,cpg_food_beverage,0
55459264521,"Newell Logistics",,A,wholesale_distribution,0
55459415891,"Ocean Spray",,A,cpg_food_beverage,0
55554494372,"Old Dominion Freight Line",,A,3pl_carrier,0
55459261528,"Old Dominion Freight Line Fuel Station",,A,3pl_carrier,0
55459235439,"Owens & Minor - Houston Distribution Center",,A,wholesale_distribution,0
55459296930,"Owens Corning Warehouse",,A,building_materials_industrial,0
54773568618,"OWENS-ILLINOIS",owensillinois.com,A,building_materials_industrial,0
55459299733,"Ozburn-Hessey Logistics",,A,3pl_carrier,0
55459261559,"Packaging Corporation of America (PCA)",,A,paper_packaging,0
55459484470,"Penske Logistics",,A,3pl_carrier,0
55459460949,"PENSKE WAREHOUSE",,A,3pl_carrier,0
55459222298,"Pepsi Beverages Co",,A,cpg_food_beverage,0
55554496049,"Pepsi Beverages Company",,A,cpg_food_beverage,0
55459241821,"Pepsi Beverages Company - PBC",,A,cpg_food_beverage,0
55459992588,"Pepsi Bottling Group",,A,cpg_food_beverage,0
55554500693,"Pepsi Bottling Group - Truck Entrance",,A,cpg_food_beverage,0
55554492169,"Pepsi Co. Inc",,A,cpg_food_beverage,0
55459473762,"Pepsi Truck Entrance / Exit",,A,cpg_food_beverage,0
55459215512,"Pepsi-Cola",,A,cpg_food_beverage,0
55459508125,"Pepsi-Cola Co",,A,cpg_food_beverage,0
55554492427,"Pepsi-Cola Co",,A,cpg_food_beverage,0
55459456847,"Pepsico - truck entrance",,A,cpg_food_beverage,0
55459576083,"Pepsico Gatorade satellite warehouse",,A,cpg_food_beverage,0
55459486807,"PepsiCo Mt. Creek",,A,cpg_food_beverage,0
45012661428,"Performance Team (Maersk)",performanceteam-us.com,A,3pl_carrier,0
45069961302,"Pilgrim’s Pride Corp.",pilgrimscorp.com,A,cpg_food_beverage,0
55554492985,"PPG Industries Inc",,A,chemicals_plastics,0
55459268169,"PPG Paints Distribution Center",,A,chemicals_plastics,0
55459312793,"PRIME/CHROBINSON Warehouse",,A,3pl_carrier,0
55459607213,"Procter & Gamble Co",,A,cpg_food_beverage,0
55459291508,"R & L Carriers Inc",,A,3pl_carrier,0
55459532894,"R+L Carriers",,A,3pl_carrier,0
55459552407,"R+L Carriers Norristown",,A,3pl_carrier,0
55459493956,"Red Bull Distribution center",,A,cpg_food_beverage,0
55459578148,"Red Bull Indianapolis",,A,cpg_food_beverage,0
55459259929,"Regal Beloit Logistics",,A,building_materials_industrial,0
55459256999,"Ross Stores Distribution Center",,A,retail_grocery,0
55459473746,"Ryder Distribution Center",,A,3pl_carrier,0
55459299512,"Ryder Integrated Logistics",,A,3pl_carrier,0
55459556768,"Ryder Logistics",,A,3pl_carrier,0
55459252035,"Ryder Truck Terminal",,A,3pl_carrier,0
55459521937,"Ryder Warehouse",,A,3pl_carrier,0
55459224586,"Ryder/Whiplash E-commerce fulfillment node",,A,ecommerce_parcel,0
55459299640,"Saddle Creek Distribution Warehouse",,A,3pl_carrier,0
45067947084,"Saddle Creek Logistics",saddlecreeklogistics.com,A,3pl_carrier,0
55554494382,"Saddle Creek Logistics Services",,A,3pl_carrier,0
55554494638,"Saia LTL Freight",,A,3pl_carrier,0
55554494879,"Saia LTL Freight",,A,3pl_carrier,0
55459159158,"Schneider",,A,3pl_carrier,0
55459296667,"Schneider cross dock",,A,3pl_carrier,0
55459238042,"Schneider National Operating Center",,A,3pl_carrier,0
55459447859,"Schreiber",,A,cpg_food_beverage,0
55459268414,"Shamrock Foods Delivery, Receiving & Distribution Center",,A,wholesale_distribution,0
55459254089,"Sherwin Williams Aurora Distribution Service Center",,A,building_materials_industrial,0
55459549019,"Sherwin-Williams Florida Distribution Center",,A,building_materials_industrial,0
55459249455,"Sherwin-Williams Wheeling Manufacturing Plant",,A,chemicals_plastics,0
55459344253,"Smithfield Foods Distribution Center",,A,cpg_food_beverage,0
55459506537,"Smurfit Westrock Conway Folding Carton Plant",,A,paper_packaging,0
55459601805,"Smurfit Westrock Denver Container Plant",,A,paper_packaging,0
55459584093,"Smurfit Westrock Hazleton Fold-Pak Plant",,A,paper_packaging,0
55459469680,"Smurfit Westrock Houston Sheet Plant",,A,paper_packaging,0
55459441194,"Smurfit Westrock Longview",,A,paper_packaging,0
55459307553,"Sonoco Products Co",,A,paper_packaging,0
55459352916,"Sonoco Products Co Gate 9",,A,paper_packaging,0
55459467688,"Sonoco Recycling",,A,paper_packaging,0
55459550222,"Sonoco Trailer Lot",,A,paper_packaging,0
55459554867,"Sonoco Tubes & Cores",,A,paper_packaging,0
55459256918,"Staples Fulfillment Center",,A,ecommerce_parcel,0
55459238200,"Swift Transportation",,A,3pl_carrier,0
55459266700,"Swift Transportation - Ocala Terminal",,A,3pl_carrier,0
55459312967,"Swift Transportation drop yard",,A,3pl_carrier,0
55459482656,"Swift Transportation Terminal II",,A,3pl_carrier,0
55459219978,"Sysco Albany - Food Distributor & Restaurant Supplies",,A,wholesale_distribution,0
55459243847,"Sysco Arkansas - Food Distributor & Restaurant Supplies",,A,wholesale_distribution,0
55459980920,"Sysco Baraboo - Food Distributor & Restaurant Supplies",,A,cpg_food_beverage,0
55459456929,"Sysco Central Florida - Food Distributor & Restaurant Supplies",,A,wholesale_distribution,0
55459465081,"Sysco Cold Storage",,A,cold_chain,0
55459326210,"Sysco East Texas - Food Distributor & Restaurant Supplies",,A,wholesale_distribution,0
55459232635,"Sysco Houston - Food Distributor & Restaurant Supplies",,A,wholesale_distribution,0
55459299666,"Sysco Jacksonville - Food Distributor & Restaurant Supplies",,A,wholesale_distribution,0
55459498543,"Sysco Northern New England - Food Distributor & Restaurant Supplies",,A,wholesale_distribution,0
55459550084,"Sysco Riverside - Food Distributor & Restaurant Supplies",,A,cpg_food_beverage,0
55459263234,"Sysco To Go- Houston Medical Centre",,A,wholesale_distribution,0
55459245886,"Sysco warehouse",,A,wholesale_distribution,0
55459542603,"Sysco West Coast Florida - Food Distributor & Restaurant Supplies",,A,wholesale_distribution,0
55459467597,"SYSCO-ALACHUA FL",,A,wholesale_distribution,0
55459506528,"TJ Maxx Distribution Center",,A,retail_grocery,0
55459985196,"Tom Thumb/Randalls/Albertsons Distribution Center",,A,retail_grocery,0
55459491489,"Tractor Supply Co Distribution",,A,retail_grocery,0
55459489708,"Tractor Supply Company - Longview Distribution Center",,A,retail_grocery,0
55459441226,"Tractor Supply Company Distribution Center",,A,retail_grocery,0
55459589998,"Trane Distribution Center",,A,building_materials_industrial,0
55459558575,"Tyson Food Haltom City Distribution Center truck entrance",,A,cpg_food_beverage,0
55459282491,"Tyson Foods - Barber Foods",,A,cpg_food_beverage,0
55459326102,"Tyson Foods Distribution Center",,A,cpg_food_beverage,0
55459583744,"Tyson Foods South",,A,cpg_food_beverage,0
55459486839,"Tyson Foods, Russellville Distribution Center",,A,cpg_food_beverage,0
55459484676,"Tyson Processing Plant Monroe, N.C.",,A,cpg_food_beverage,0
55459344434,"Uline Shipping Supplies - X1",,A,wholesale_distribution,0
55459538230,"United States Postal Service",,A,ecommerce_parcel,0
55459264441,"United Supermarkets/Albertsons Distribution Center",,A,retail_grocery,0
55459484519,"UPS United Parcel Service Offices & Warehouse",,A,ecommerce_parcel,0
55459280258,"US Foods - Allentown Distribution Center",,A,wholesale_distribution,0
55459562678,"Wakefern Food Truck Gate",,A,retail_grocery,0
55459241800,"Wakefern Foods",,A,retail_grocery,0
55459525432,"Walgreens Distribution Center",,A,retail_grocery,0
55459270066,"Walgreens Micro Fulfillment Center",,A,retail_grocery,0
55459157352,"Werner Enterprises",,A,3pl_carrier,0
55459245938,"WestRock - Corrugated Container",,A,paper_packaging,0
55459352882,"Whirlpool Distribution Center",,A,wholesale_distribution,0
55459610987,"Williams-Sonoma Distribution Center",,A,ecommerce_parcel,0
55459545102,"XPO Global Logistics (XGL)",,A,3pl_carrier,0
55459181828,"Xpo Logistics",,A,3pl_carrier,0
55459182226,"XPO Logistics Columbia",,A,3pl_carrier,0
55459289669,"Yusen Logistics IND4 Warehouse",,A,3pl_carrier,0
54696455960,"",external.danone.com,A,cpg_food_beverage,1
54714445749,"",intl.pepsico.com,A,cpg_food_beverage,1
54756924330,"",fmcmail.com,A,chemicals_plastics,1
54756942101,"",fluids.ittind.com,A,building_materials_industrial,1
54756991669,"",demoulasmarketbasket.com,A,retail_grocery,1
54758440253,"",plastipak.eu,A,paper_packaging,1
54762232160,"",emea.donaldson.com,A,building_materials_industrial,1
54762232165,"",kellogg.com.cn,A,cpg_food_beverage,1
54762596491,"",sttxna.com,A,building_materials_industrial,1
54771804473,"",adusaprocurement.com,A,retail_grocery,1
54771844241,"",gc.logistec.com,A,ports_intermodal,1
54771938895,"",theandersons.com,A,agriculture_food_processing,1
54771998571,"",motion-ind.com,A,wholesale_distribution,1
54772621240,"",tiem.toyota-industries.com,A,automotive_heavy_mfg,1
54772710947,"",gbpcoated.com,A,paper_packaging,1
54772736910,"",johnstonenw.com,A,wholesale_distribution,1
54772737844,"",wescoinc.com,A,wholesale_distribution,1
54773692330,"",ups.co.il,A,3pl_carrier,1
54773775947,"",van.sysco.ca,A,wholesale_distribution,1
54774126695,"",ewingos.com,A,wholesale_distribution,1
54774564221,"",jpgould.com,A,paper_packaging,1
54784237697,"",penskecorp.com,A,3pl_carrier,1
54784270126,"",almo-corp.com,A,wholesale_distribution,1
54784279183,"",tti-fc.com,A,wholesale_distribution,1
54784284215,"",eur.crowncork.com,A,paper_packaging,1
54784317464,"",bmwna.com,A,automotive_heavy_mfg,1
54784340248,"",ssg.petsmart.com,A,retail_grocery,1
54784346939,"",us.imptob.com,A,cpg_food_beverage,1
54784395789,"",fr.estee.com,A,cpg_food_beverage,1
54784395848,"",il.estee.com,A,cpg_food_beverage,1
54784402956,"",chart-ind.com,A,chemicals_plastics,1
54784424078,"",chn.dupont.com,A,chemicals_plastics,1
54784434203,"",compassminerals.co.uk,A,chemicals_plastics,1
54784482365,"",conti-na.com,A,automotive_heavy_mfg,1
54784527174,"",semgroup.com,A,chemicals_plastics,1
54784714402,"",arcelik.com,A,building_materials_industrial,1
54784812406,"",bunzlretailusa.com,A,wholesale_distribution,1
54784814138,"",dollartreestores.com,A,retail_grocery,1
54785040690,"",be.estee.com,A,cpg_food_beverage,1
54785041286,"",eu.spectrumbrands.com,A,cpg_food_beverage,1
54785058991,"",plastipak.com.br,A,paper_packaging,1
54785080737,"",nidec-mk.com,A,automotive_heavy_mfg,1
54785126405,"",qfci.com,A,retail_grocery,1
54785128566,"",bmwnaext.com,A,automotive_heavy_mfg,1
54785198172,"",genieind.com,A,building_materials_industrial,1
54799663128,"",ftpc.fpcusa.com,A,chemicals_plastics,1
54800194205,"",canforpulp.com,A,paper_packaging,1
54800219041,"",ae.estee.com,A,cpg_food_beverage,1
54872795443,"",premiumbrandsgroup.com,A,cpg_food_beverage,1
55289996352,"",goodyearcorp.onmicrosoft.com,A,automotive_heavy_mfg,1
55332399757,"",campofriofg.com,A,cpg_food_beverage,1
55341295640,"",ap.hasbro.com,A,cpg_food_beverage,1
55341295718,"",resmed.com.sg,A,wholesale_distribution,1
55341323630,"",jp.estee.com,A,cpg_food_beverage,1
55349787433,"",navistarinc.onmicrosoft.com,A,automotive_heavy_mfg,1
55411966977,"",awards.cma-cgm.com,A,ports_intermodal,1
9453667485,"ABB",,A,building_materials_industrial,1
9462285177,"Adidas",,A,retail_grocery,1
54773646220,"Agrium",agrium.com,A,agriculture_food_processing,1
8981928040,"AGRO Merchants",argomerchants.com,A,cold_chain,1
54785433459,"Ahold Nederland",ahold.com,A,retail_grocery,1
54784791329,"Aisin",aisindrive.com,A,automotive_heavy_mfg,1
55508428443,"Allen Distribution",allendistribution.com,A,3pl_carrier,1
9177675127,"Altria",,A,cpg_food_beverage,1
9636329119,"American Axle",,A,automotive_heavy_mfg,1
54784451106,"AmerisourceBergen",amerisourcebergen.com,A,wholesale_distribution,1
54784821112,"Amphenol",fci.com,A,building_materials_industrial,1
54762166446,"Amphenol FCI",amphenol-fci.com,A,automotive_heavy_mfg,1
54773730179,"Arc",arc-intl.com,A,cpg_food_beverage,1
9636609361,"Arvato Supply Chain Solutions",,A,3pl_carrier,1
9399702686,"Avantor",,A,,1
54784085026,"Avient",polyone.com,A,chemicals_plastics,1
9338066833,"BakeMark",,A,cpg_food_beverage,1
55427829903,"Barilla",barilla.com,A,cpg_food_beverage,1
54784395047,"BASF Catalysts",basf-catalystsmetals.com,A,chemicals_plastics,1
55341959243,"BHP",bhp.com,A,building_materials_industrial,1
8974733420,"BIEWER LUMBER",biewerlogisticsllc.com,A,building_materials_industrial,1
54771949703,"Blue Bunny",bluebunny.com,A,cold_chain,1
54772749617,"Canada Post",postescanada.ca,A,3pl_carrier,1
55341868092,"Cardinal Logistics",cardlog.com,A,3pl_carrier,1
9178571033,"Carlton Scale",,A,retail_grocery,1
10210069156,"Catalent Pharma Solutions",,A,wholesale_distribution,1
54784406668,"Cementos Moctezuma",cmoctezuma.com.mx,A,building_materials_industrial,1
55233717262,"Cencora",cencora.com,A,wholesale_distribution,1
55382573228,"Coca-Cola European Partners",ccep.com,A,cpg_food_beverage,1
54707346442,"Coca-Cola Southwest Beverages",cocacolaswb.com,A,cpg_food_beverage,1
54797274251,"Colgate",colgate.com,A,cpg_food_beverage,1
9636345617,"Constellation Brands",,A,cpg_food_beverage,1
54784392032,"Cox Automotive",coxautoinc.com,A,automotive_heavy_mfg,1
9636507775,"Dayco",,A,automotive_heavy_mfg,1
9337770642,"Diageo",,A,cpg_food_beverage,1
54773716823,"Dover",dover.com,A,building_materials_industrial,1
54784438952,"Dreyer's",dreyers.com,A,cpg_food_beverage,1
54755794801,"DRiV",driv.com,A,automotive_heavy_mfg,1
9462286505,"Eaton",,A,building_materials_industrial,1
9636345449,"Ebsco Industries",,A,wholesale_distribution,1
55342665904,"Eli Lilly",lilly.com,A,cpg_food_beverage,1
54784832806,"Emerson Process Management",emersonprocess.com,A,building_materials_industrial,1
54800229449,"ESAB",esab.ru,A,building_materials_industrial,1
9417393693,"FANUC America Corporation",,A,automotive_heavy_mfg,1
54707346451,"Federal Express Corporation",,A,3pl_carrier,1
54784482684,"FinishMaster",finishmaster.com,A,wholesale_distribution,1
9417717877,"Forvia",,A,automotive_heavy_mfg,1
54772741689,"Franz Bakery Outlet Store",usbakery.com,A,cpg_food_beverage,1
9636507793,"FXI",,A,building_materials_industrial,1
9637319487,"GE",,A,building_materials_industrial,1
54785035072,"General Cable",generalcable.com,A,building_materials_industrial,1
9361575535,"Gkn Automative",gknautomative.com,A,automotive_heavy_mfg,1
9400299674,"Goodyear",,A,automotive_heavy_mfg,1
54700172544,"Great Dane",greatdane.com,A,building_materials_industrial,1
54785014026,"Grupo Phoenix",grupophoenix.com,A,paper_packaging,1
9497491571,"Guardian Industries",,A,building_materials_industrial,1
55341843063,"Hanes",hanes.com,A,cpg_food_beverage,1
9407692339,"Hanon Systems",,A,automotive_heavy_mfg,1
54771923730,"Harvest Sherwood Food Distributors",harvestsherwood.com,A,cold_chain,1
9636329271,"Henkel",,A,chemicals_plastics,1
54776190581,"Hitachi",hitachi.com,A,automotive_heavy_mfg,1
54784198400,"HollyFrontier",hollyfrontier.com,A,chemicals_plastics,1
54785074301,"Hunt Energy",huntenergy.com,A,chemicals_plastics,1
9178570379,"Hyvee",,A,cpg_food_beverage,1
54784452491,"Ienova",ienova.com.mx,A,chemicals_plastics,1
54785163951,"Indel",indelinc.com,A,building_materials_industrial,1
54800235174,"Indorama Ventures",indoramaventures.com,A,chemicals_plastics,1
9497511541,"Infineon Technologies",,A,automotive_heavy_mfg,1
54784753057,"Ingram Micro Services",ingrammicroservices.com,A,wholesale_distribution,1
55527956402,"Intersnack",intersnackgroup.com,A,cpg_food_beverage,1
55341834766,"ITW Global Brands",itwgb.com,A,building_materials_industrial,1
9438766596,"JAS Forwarding Worldwide",,A,3pl_carrier,1
9438787584,"Johns Manville",,A,building_materials_industrial,1
55354290016,"Johns Manville",jm.com,A,building_materials_industrial,1
9185931778,"KAG Logistics",,A,retail_grocery,1
9408557716,"Kerry",,A,cpg_food_beverage,1
54783939460,"KION Group",kiongroup.com,A,automotive_heavy_mfg,1
54706737488,"Koch",kochcompanies.com,A,chemicals_plastics,1
54775407289,"Komatsu Mining",mining.komatsu,A,automotive_heavy_mfg,1
9186567436,"Kyndryl Warm Introductions",,A,3pl_carrier,1
54799681463,"L Brands",lb.com,A,retail_grocery,1
45070118561,"Lazerspot",lazerspot.com,A,3pl_carrier,1
9438851939,"Lear",,A,automotive_heavy_mfg,1
54784293895,"Lindt Chocolate",lindt.com,A,cpg_food_beverage,1
54773709062,"Looking for a New Challenge",weirminerals.com,A,building_materials_industrial,1
54783727682,"Luxottica Group S.p.A.",luxotticaretail.com,A,wholesale_distribution,1
55341745686,"Mars",wrigley.com,A,cpg_food_beverage,1
10210404956,"McKesson",,A,wholesale_distribution,1
55333316404,"Mead Johnson Nutrition",mjn.com,A,cpg_food_beverage,1
9178986340,"Meijer",,A,retail_grocery,1
55413844097,"Mercedes-Benz",mbusa.com,A,automotive_heavy_mfg,1
9636507558,"Meritor",,A,automotive_heavy_mfg,1
54799464850,"Metsä Group",metsagroup.com,A,paper_packaging,1
9636694178,"Mohawk Industries",,A,building_materials_industrial,1
9453544300,"Molex",,A,automotive_heavy_mfg,1
9636508232,"Pactiv Evergreen",,A,paper_packaging,1
54784534444,"Pilot Flying J",pilotflyingj.com,A,3pl_carrier,1
54726254714,"Quality Distribution",qualitydistribution.com,A,3pl_carrier,1
54771920445,"Repsol",repsol.com,A,chemicals_plastics,1
9417717528,"Republic Services",,A,,1
54776183431,"Rio Tinto",riotinto.com,A,building_materials_industrial,1
10036757775,"Road Runner",,A,3pl_carrier,1
54785173938,"RockTenn",rocktenn.com,A,paper_packaging,1
54784282439,"Rolls-Royce",rolls-royce.com,A,automotive_heavy_mfg,1
55341905666,"Royal Canin USA",royalcanin.com,A,cpg_food_beverage,1
54774531378,"Samsung Electronics",samsung.com,A,automotive_heavy_mfg,1
9636345481,"SC Johnson",,A,cpg_food_beverage,1
54784521794,"Shaw Industries",shawindustry.com,A,building_materials_industrial,1
54784467258,"Silgan",silgan.com,A,paper_packaging,1
54773649202,"Silgan PFC",silganpfc.com,A,paper_packaging,1
54771931260,"Snapple",snapple.com,A,cpg_food_beverage,1
54411777148,"Sony",am.sony.com,A,building_materials_industrial,1
9417595661,"Sun Chemical",,A,chemicals_plastics,1
9337172774,"Superior Play",,A,chemicals_plastics,1
54772717350,"SWM",swmintl.com,A,paper_packaging,1
9636746573,"Syncreon.US",,A,3pl_carrier,1
55530052017,"Tessenderlo",tessenderlo.com,A,agriculture_food_processing,1
54785164037,"The Home Depot México",homedepot.com.mx,A,retail_grocery,1
54701592928,"thyssenkrupp Supply Chain Services",thyssenkrupp-supply-chain.com,A,3pl_carrier,1
54784749832,"TOTO GLOBAL SITE",toto.com,A,building_materials_industrial,1
54785100165,"Toyota Motor Europe",toyota-europe.com,A,automotive_heavy_mfg,1
9636609792,"Tupperware Brands",,A,wholesale_distribution,1
54771911768,"Unimin",unimin.com,A,building_materials_industrial,1
9345845594,"UNIS",unisco.com,A,3pl_carrier,1
9408557376,"Universal Logistics Holdings",,A,3pl_carrier,1
55332399624,"UPS Healthcare",bomigroup.com,A,wholesale_distribution,1
54762165850,"Utility Trailer Manufacturing Co.",utm.com,A,automotive_heavy_mfg,1
54859925021,"Valvoline",valvoline.com,A,chemicals_plastics,1
9636346013,"Vector Pipeline",,A,cpg_food_beverage,1
9347568914,"Venture Logistics",,A,3pl_carrier,1
54853106024,"Vertiv Co.",vertivco.com,A,building_materials_industrial,1
54777213829,"voestalpine",voestalpine.com,A,building_materials_industrial,1
9637000319,"Wabtec",,A,automotive_heavy_mfg,1
54406697353,"Walwil",walwil.com,A,3pl_carrier,1
54776517278,"Wincanton",wincanton.co.uk,A,3pl_carrier,1
54784515211,"Würth Industry North America",wurthindustry.com,A,wholesale_distribution,1
54755299678,"",reg.sysco.ca,A,wholesale_distribution,2
54756992543,"",ap.pall.com,A,building_materials_industrial,2
54773768107,"",hmausa.com,A,automotive_heavy_mfg,2
54774487863,"",lennoxind.com,A,building_materials_industrial,2
54774546268,"",mtl.sysco.ca,A,wholesale_distribution,2
54784113486,"",contractor.conocophillips.com,A,chemicals_plastics,2
54784163411,"",mfrm.com,A,retail_grocery,2
54784188779,"",tmhu.toyota-industries.com,A,automotive_heavy_mfg,2
54784379716,"",femsa.com.mx,A,cpg_food_beverage,2
54785016969,"",it.toyota-industries.eu,A,automotive_heavy_mfg,2
54785122312,"",steelwarehouse.net,A,building_materials_industrial,2
54785357843,"",us.sumiriko.com,A,automotive_heavy_mfg,2
54786145162,"",pbhcorp.com,A,cpg_food_beverage,2
54799526325,"",krugerproducts.com,A,paper_packaging,2
54866831659,"",fr.mccormick.com,A,cpg_food_beverage,2
54869693362,"",pa.estee.com,A,cpg_food_beverage,2
54431027545,"Agc",us.agc.com,A,building_materials_industrial,2
54784190062,"Anthropologie",anthropologie.com,A,retail_grocery,2
9497567569,"Aptiv",,A,automotive_heavy_mfg,2
9399965599,"Ashland",,A,chemicals_plastics,2
54773784741,"Barry-Wehmiller",psangelus.com,A,building_materials_industrial,2
9438113901,"Bayer Crop Science",,A,agriculture_food_processing,2
54773714099,"BMW Deutschland",bmw.de,A,automotive_heavy_mfg,2
54784180076,"Boots",boots.co.uk,A,retail_grocery,2
54784474260,"Braskem Sa",braskem.com,A,chemicals_plastics,2
9437963574,"Bridgestone",,A,automotive_heavy_mfg,2
54784816488,"Burlington Stores,",burlingtonstores.com,A,retail_grocery,2
54784804907,"Calvin Klein",ck.com,A,retail_grocery,2
9400257814,"Catalent Pharma Solutions",,A,wholesale_distribution,2
54784399959,"Clipper Group",clippergroup.co.uk,A,3pl_carrier,2
55554507561,"Coca Cola",cocacola.co.il,A,cpg_food_beverage,2
9445160363,"Covestro",,A,chemicals_plastics,2
54040284544,"Covestro",covestro.com,A,chemicals_plastics,2
9497532800,"Danone",,A,cpg_food_beverage,2
9445220693,"Day & Ross",,A,3pl_carrier,2
54784241738,"Doosan",doosan.com,A,automotive_heavy_mfg,2
9453495379,"DSV Global Transport & Logistics",,A,3pl_carrier,2
54785090117,"EJ Gallo",ejgallo.com,A,cpg_food_beverage,2
9408329228,"Flex-N-Gate",,A,automotive_heavy_mfg,2
54784800815,"gsicommerce",gsicommerce.com,A,ecommerce_parcel,2
9392926102,"Henkel",,A,chemicals_plastics,2
55460581753,"Hershey",hershey.com,A,cpg_food_beverage,2
54784406101,"INDORAMA POLYPET INDONESIA",indorama.net,A,chemicals_plastics,2
9438457469,"Kenco Logistic Services",,A,3pl_carrier,2
54784512589,"Lactalis",parmalat.ca,A,cpg_food_beverage,2
9408559752,"Maersk",,A,ports_intermodal,2
9400376590,"Matson Logistics",,A,3pl_carrier,2
54773730681,"McCormick & Company",mccormick.co.uk,A,cpg_food_beverage,2
54784202419,"Mexichem",mexichem.com,A,chemicals_plastics,2
54774569840,"Mosaic",mosaic.com,A,chemicals_plastics,2
54947358230,"National Motor Freight Traffic Association",nmfta.org,A,cold_chain,2
9417594288,"Navistar Inc",,A,automotive_heavy_mfg,2
54784162393,"NSK China",nsk.com,A,automotive_heavy_mfg,2
55460976455,"O'Reilly Auto Parts",corporate.oreillyauto.com,A,retail_grocery,2
9438457092,"Oxy Corporation",,A,chemicals_plastics,2
54785005680,"PAM",pamt.com,A,3pl_carrier,2
55545684644,"Penske",gopenske.com,A,3pl_carrier,2
54799581580,"Praxair,",praxair.com,A,chemicals_plastics,2
9636329379,"Ryder Supply Chain Solutions",,A,3pl_carrier,2
55227836840,"Schaeffler",schaeffler.com,A,automotive_heavy_mfg,2
55382685485,"Solvay",solvay.com,A,chemicals_plastics,2
54773804610,"Superior Essex",spsx.com,A,building_materials_industrial,2
55399214085,"Syensqo",syensqo.com,A,chemicals_plastics,2
54784394649,"Teledyne Technologies",teledyne.com,A,building_materials_industrial,2
9461730156,"Tesla",,A,automotive_heavy_mfg,2
54784299394,"Volvo",volvo.com,A,automotive_heavy_mfg,2
54430098532,"WK Kellogg Co",wkkellogg.com,A,cpg_food_beverage,2
54784180771,"Yageo",yageo.com,A,building_materials_industrial,2
8974635547,"YANFENG",yanfeng.com,A,automotive_heavy_mfg,2
54772590196,"Yellow",yrcw.com,A,3pl_carrier,2
55459980902,"A&M LOGISTICS INC",,B,3pl_carrier,0
45011576959,"Ahold Delhaize",aholddelhaize.com,B,retail_grocery,0
55459270057,"Aker BioMarine Manufacturing",,B,cpg_food_beverage,0
55459518875,"AM Logistics Group",,B,3pl_carrier,0
55442138179,"Americold Logistics Allentown - Ambassador",,B,cold_chain,0
55459144854,"Americold Logistics Mansfield",,B,cold_chain,0
55443092327,"Americold Logistics Ontario 5401",,B,cold_chain,0
55459151248,"Americold Logistics Ontario CA",,B,cold_chain,0
55459144843,"Americold Logistics Portland",,B,cold_chain,0
45065317172,"Atlantic Intermodal",atlantic-intermodal.com,B,ports_intermodal,0
55459546151,"Baxter Packaging, LLC.",,B,paper_packaging,0
55459352832,"Ben E Keith Foods",,B,wholesale_distribution,0
55459254276,"Berner Food & Beverage Distribution Center",,B,cpg_food_beverage,0
55459170371,"Bison Transport USA",,B,3pl_carrier,0
55459259810,"Blue Eagle Logistics, Inc.",,B,3pl_carrier,0
55459540350,"Cart.com Longview Fulfillment Center",,B,ecommerce_parcel,0
54774317317,"Chedraui Mundo E",chedraui.com.mx,B,retail_grocery,0
55459175245,"Chewy Fullfillment Center AVP1",,B,ecommerce_parcel,0
55459557219,"Cold Stream Storage",,B,cold_chain,0
55441565450,"ContiTech USA, Inc Warehouse",,B,building_materials_industrial,0
55459489624,"Corrugated Concepts & Packaging",,B,paper_packaging,0
55459522059,"CROSSDOCK 24/365",,B,3pl_carrier,0
55459515265,"Crossdock in Elk Grove Village",,B,3pl_carrier,0
55441408861,"CVS Health Distribution Center",,B,retail_grocery,0
55443694489,"CVS Warehouse Distribution Center",,B,retail_grocery,0
55459280441,"CWC Logistics",,B,3pl_carrier,0
54774274590,"DILLONS",dillons.com,B,retail_grocery,0
55441703464,"Dollar General Distribution Center",,B,retail_grocery,0
55459535018,"Earnest Machine",,B,wholesale_distribution,0
55459282439,"Empire Container Freight Station - Export",,B,ports_intermodal,0
55459084660,"Exchange Logistics",,B,3pl_carrier,0
55459169963,"Exel/Owens Corning Warehouse",,B,building_materials_industrial,0
55459616589,"Freight Station",,B,3pl_carrier,0
55459181874,"Geodis 1602",,B,3pl_carrier,0
55459140438,"Geodis Allentown",,B,3pl_carrier,0
55442005634,"Geodis logistic 1624",,B,3pl_carrier,0
55459598134,"Greenfield Manufacturing Co",,B,chemicals_plastics,0
55459476375,"Highland Packaging Solutions (A TOPPAN Company)",,B,paper_packaging,0
55441096231,"Home Depot Distribution Center",,B,retail_grocery,0
55459193782,"Home Depot FDC Flatbed Distribution Center 5824",,B,retail_grocery,0
55459522847,"Hoosier freight and warehouse",,B,3pl_carrier,0
9337172881,"Interstate Plastics",,B,chemicals_plastics,0
55459222797,"JAXPORT Blount Island Marine Terminal",,B,ports_intermodal,0
55441408837,"Kellogg's Snacks",,B,cpg_food_beverage,0
55459143023,"Kwik Trip Distribution Center-DeForest",,B,retail_grocery,0
55459589809,"Landmark Express",,B,3pl_carrier,0
55443545890,"Lennox Distribution Center",,B,building_materials_industrial,0
10054309274,"Luck Stone - via CScale",,B,building_materials_industrial,0
55554498359,"MD Logistics, Inc.",,B,3pl_carrier,0
55459501101,"Meijer Roasting & Packaging",,B,retail_grocery,0
55459568708,"Meridian Foods",,B,cpg_food_beverage,0
55459540542,"Mohawk Global",,B,3pl_carrier,0
55459184010,"MSI Express, Inc.",,B,cpg_food_beverage,0
55459513858,"Multicell North Inc.",,B,paper_packaging,0
55459126883,"NAMIC® Medline",,B,wholesale_distribution,0
55459311423,"National Carriers Inc",,B,3pl_carrier,0
55459533076,"Neway Packaging Corporation",,B,paper_packaging,0
55459224659,"Next Carriers",,B,3pl_carrier,0
55459174763,"NicePak Customer Fulfillment Center",,B,cpg_food_beverage,0
55459291936,"Nikel Precision Group",,B,building_materials_industrial,0
55459205424,"O'Reilly Auto Parts Distribution Center",,B,automotive_heavy_mfg,0
55459159378,"Owens Corning warehouse ""logisticsone""",,B,building_materials_industrial,0
55459447455,"P & B Cold Storage, Georgia",,B,cold_chain,0
55459114915,"P&G Chemicals",,B,chemicals_plastics,0
55459289724,"Peer Foods: Greenfield",,B,cpg_food_beverage,0
55459268373,"Pegasus Foods Inc",,B,cpg_food_beverage,0
55459122239,"Penske Work",,B,3pl_carrier,0
55459217822,"Pepsi Beverage of North America/Ocala FL",,B,cpg_food_beverage,0
55459548714,"Pepsi Beverages Co. Tyler tx",,B,cpg_food_beverage,0
55459212300,"Pepsi Bottling Facility",,B,cpg_food_beverage,0
55459476345,"Pepsi Bottling Ventures, LLC",,B,cpg_food_beverage,0
55459441023,"Pepsi bottling warehouse",,B,cpg_food_beverage,0
55459307439,"Pepsi Cola Bottling of Bennettsville",,B,cpg_food_beverage,0
55459126784,"Pepsi off site",,B,cpg_food_beverage,0
55459469609,"Pepsi Tampa",,B,cpg_food_beverage,0
55441857172,"Pepsi TRUCK ENTRANCE",,B,cpg_food_beverage,0
55459198358,"Pepsi Warehouse Guard Shack",,B,cpg_food_beverage,0
55459434341,"Pepsi-Cola of Florence, LLC",,B,cpg_food_beverage,0
55459465274,"Pioneer Cold Logistic Services",,B,cold_chain,0
55459326096,"PL Cold Inc.",,B,cold_chain,0
55459554696,"Praxis Packaging",,B,paper_packaging,0
55442932409,"Prime Distribution Services, An Ascent Global Logistics Company",,B,3pl_carrier,0
55459126832,"Procter & Gamble Tambrands",,B,cpg_food_beverage,0
55459517474,"Progressive Logistics Inc",,B,3pl_carrier,0
45061372758,"R&R Express",rrexpress.com,B,3pl_carrier,0
55459191978,"Roadtex shopping office",,B,cold_chain,0
55459307440,"Roadtex Transportation",,B,3pl_carrier,0
55459513766,"Shamrock Foodservice Warehouse",,B,wholesale_distribution,0
55459447671,"Shamrock Foodservice Warehouse Denver",,B,wholesale_distribution,0
55459184251,"Sherwin-Williams Distribution Center",,B,building_materials_industrial,0
55459179625,"Sherwin-Williams Garland-Shiloh Manufacturing Site",,B,building_materials_industrial,0
55459202486,"Sherwin-Williams Manufacturing Plant",,B,building_materials_industrial,0
55459159384,"Sherwin-Williams Manufacturing Plant & Distribution Center",,B,building_materials_industrial,0
55442299397,"Shorr Packaging Corp",,B,paper_packaging,0
55442138408,"Smurfit Kappa Fort Worth Packaging Solutions",,B,paper_packaging,0
55459159413,"Smurfit Westrock Columbus Container Plant",,B,paper_packaging,0
55459259832,"Superior Carriers Inc",,B,3pl_carrier,0
55459183901,"Swift Transportation - Denver Terminal",,B,3pl_carrier,0
55441703685,"Swift Transportation - Detroit/New Boston Terminal",,B,3pl_carrier,0
55459138578,"Swift Transportation - Jonestown Terminal",,B,3pl_carrier,0
55459174942,"Swift Transportation - Jurupa Valley Terminal",,B,3pl_carrier,0
55459114858,"Swift Transportation - Lancaster Terminal",,B,3pl_carrier,0
55459186462,"Sysco Denver - Food Distributor & Restaurant Supplies",,B,cpg_food_beverage,0
55459119744,"Sysco Frozen Warehouse",,B,cold_chain,0
55459144866,"Sysco Grand Rapids - Food Distributor & Restaurant Supplies",,B,cpg_food_beverage,0
55442932063,"Sysco Indianapolis - Food Distributor & Restaurant Supplies",,B,cpg_food_beverage,0
55459183903,"Sysco Indianapolis Shipping and Receiving",,B,cpg_food_beverage,0
55459163728,"Sysco Sacramento - Food Distributor & Restaurant Supplies",,B,cpg_food_beverage,0
55459550211,"Temco Logistics 5224",,B,3pl_carrier,0
55459186742,"Total Logistics eCommerce Fulfillment Solutions",,B,3pl_carrier,0
55442005829,"Tractor Supply Company - Pendleton Distribution Center",,B,retail_grocery,0
55443545528,"Tyson Foods, Indianapolis Distribution Center",,B,cpg_food_beverage,0
55459207782,"Universe Carrier Warehouse - Cross-docking, Fulfilment, Kitting, Delivery",,B,3pl_carrier,0
55459193780,"US Foods CHEF'STORE",,B,cpg_food_beverage,0
55459533199,"UTZ Quality Foods Inc",,B,cpg_food_beverage,0
45010032130,"VSS Transportation Group",vsstransportation.com,B,3pl_carrier,0
55459182201,"Walgreens Warehouse Distribution Center",,B,retail_grocery,0
55459266601,"Western Export Services Inc",,B,ports_intermodal,0
55443389978,"WestRock Secondary Warehouse",,B,paper_packaging,0
55442138406,"Weyerhaeuser Distribution Center",,B,building_materials_industrial,0
44998572395,"",macombertrans.com,B,3pl_carrier,1
45002449009,"",rti1.com,B,3pl_carrier,1
45006775142,"",neweralog.net,B,3pl_carrier,1
45010032642,"",pridegrouplogistics.com,B,3pl_carrier,1
45014826810,"",freedomtsi.com,B,3pl_carrier,1
45127963492,"",daiminc.com,B,3pl_carrier,1
45139997621,"",primelogisticsolutions.com,B,3pl_carrier,1
54723055385,"",us.nifco.com,B,automotive_heavy_mfg,1
54755356065,"",nssa.us.nsk.com,B,automotive_heavy_mfg,1
54762657175,"",hendrickson.com.au,B,automotive_heavy_mfg,1
54770648755,"",mail.crateandbarrel.com,B,retail_grocery,1
54770649118,"",kasai-group.com,B,automotive_heavy_mfg,1
54771911742,"",imasenusa.com,B,automotive_heavy_mfg,1
54771920515,"",johnstonesoutx.com,B,wholesale_distribution,1
54771947192,"",txlogistics.com,B,3pl_carrier,1
54772556545,"",ceresglobalag.com,B,agriculture_food_processing,1
54772671827,"",silverlinewindow.com,B,building_materials_industrial,1
54772714056,"",harleymarine.com,B,3pl_carrier,1
54773480571,"",icecreamspecialties.com,B,cold_chain,1
54773753921,"",ohmstede.net,B,chemicals_plastics,1
54773810262,"",norrisfoodservices.com,B,cpg_food_beverage,1
54773863272,"",step2.net,B,cpg_food_beverage,1
54774514468,"",gregpoole.com,B,wholesale_distribution,1
54774546275,"",sugar-creek.com,B,cpg_food_beverage,1
54774569997,"",pmall.com,B,ecommerce_parcel,1
54783773301,"",austinpowder.at,B,chemicals_plastics,1
54784084905,"",robertetusa.com,B,cpg_food_beverage,1
54784138791,"",accuridecorp.de,B,automotive_heavy_mfg,1
54784157783,"",kjmail.com,B,cpg_food_beverage,1
54784180314,"",ttihq.com,B,wholesale_distribution,1
54784210769,"",arrowheadep.de,B,wholesale_distribution,1
54784233009,"",pashalogistics.com,B,3pl_carrier,1
54784297778,"",hafele.us,B,building_materials_industrial,1
54784307579,"",sscoop.com,B,agriculture_food_processing,1
54784337430,"",paqinc.com,B,retail_grocery,1
54784372511,"",in.interplex.com,B,building_materials_industrial,1
54784376440,"",wpg.sysco.ca,B,wholesale_distribution,1
54784449351,"",ntnusa.com,B,wholesale_distribution,1
54784450398,"",centralgp.com,B,paper_packaging,1
54784510617,"",petrogascorp.com,B,chemicals_plastics,1
54784527527,"",au.tronox.com,B,chemicals_plastics,1
54784738152,"",agreliant.com,B,agriculture_food_processing,1
54784809996,"",ca.yusen-logistics.com,B,3pl_carrier,1
54786121008,"",johnstoneoc.com,B,wholesale_distribution,1
54796376498,"",tempofreightsystems.com,B,3pl_carrier,1
54799688602,"",us.hyosung.com,B,building_materials_industrial,1
54800238892,"",ascentgl.net,B,3pl_carrier,1
54800299111,"",hiltonfoodgroup.com,B,cpg_food_beverage,1
54800329003,"",johnstonesupply39.com,B,wholesale_distribution,1
55225459624,"",acehardware4.onmicrosoft.com,B,wholesale_distribution,1
55341729565,"",inxeurope.com,B,paper_packaging,1
55341937470,"",border-states.com,B,wholesale_distribution,1
55342209941,"",redwoodscs.com,B,3pl_carrier,1
54784223417,"ABC Technologies",abcgrp.com,B,automotive_heavy_mfg,1
54429169534,"AIM Transportation Solutions",aimtransportation.net,B,3pl_carrier,1
9392959597,"AJM Packaging",,B,paper_packaging,1
55354265960,"Aliaxis",aliaxis.com,B,building_materials_industrial,1
44998572423,"AM Transport",shipamt.com,B,3pl_carrier,1
9462286891,"American Furukawa",,B,automotive_heavy_mfg,1
54784507186,"American Packaging",ampkcorp.com,B,paper_packaging,1
54772556818,"Amphenol TCS",amphenol-tcs.com,B,automotive_heavy_mfg,1
54734205339,"Anchor Packaging",anchorpac.com,B,paper_packaging,1
45144000681,"Andrus Transportation",andrustrans.com,B,3pl_carrier,1
54774542374,"Apergy",apergy.com,B,chemicals_plastics,1
45005228291,"Arnold Transportation Services",arnoldtrans.com,B,3pl_carrier,1
54707346447,"Ashley Distribution Services",drive4ashleydistribution.com,B,3pl_carrier,1
54784324455,"Assa Abloy Dss",assaabloydss.com,B,building_materials_industrial,1
49751997974,"Atlanta Bonded Warehouse",atlantabonded.com,B,3pl_carrier,1
9636609549,"Atlas Trucking",,B,3pl_carrier,1
54784408581,"Aurora Casket",auroracasket.com,B,wholesale_distribution,1
55341856517,"Auto Express Frontera Norte S.A",afn.com.mx,B,3pl_carrier,1
54784151345,"B&H Photo Video",bhphotovideo.com,B,ecommerce_parcel,1
54799547815,"Bar-S Foods",bar-s.com,B,cpg_food_beverage,1
54785123728,"Bearing Distributors,",bdiworldwide.com,B,wholesale_distribution,1
9497378619,"Becker Logistics",,B,3pl_carrier,1
54879046585,"Bella+Canvas",bellacanvas.com,B,cpg_food_beverage,1
45002749289,"Bettaway Logistics",bettaway.com,B,3pl_carrier,1
54762166441,"Bilstein Shock Absorbers",bilsteinus.com,B,automotive_heavy_mfg,1
54785036306,"Bluestem Brands",bluestembrands.com,B,ecommerce_parcel,1
54785391156,"BODYARMOR",drinkbodyarmor.com,B,cpg_food_beverage,1
54772596145,"Budco",budco.com,B,3pl_carrier,1
54784325950,"C&J Energy Services",cjenergy.com,B,chemicals_plastics,1
54723039352,"Caesarstone Int.",caesarstone.com,B,building_materials_industrial,1
9497567779,"Cali Bamboo",,B,building_materials_industrial,1
54784304167,"Ceres Solutions",ceres.coop,B,agriculture_food_processing,1
9497162108,"CFI",,B,3pl_carrier,1
9337110389,"Chemson",,B,3pl_carrier,1
54784440442,"CIRCON Environmental",circonenviro.com,B,chemicals_plastics,1
45000897345,"CMF Transportation",cmftl.com,B,3pl_carrier,1
54774592807,"CO-OP CRS",nccoop.ca,B,retail_grocery,1
54784209473,"Columbus McKinnon EMEA",cmco.eu,B,automotive_heavy_mfg,1
54784406789,"conmet.com.mx",conmet.com.mx,B,automotive_heavy_mfg,1
9911648678,"Consolidated Systems",,B,3pl_carrier,1
54776446261,"Craft Brew Alliance",craftbrew.com,B,cpg_food_beverage,1
54784375900,"Crown Cork",crowncork.com.mx,B,paper_packaging,1
54771853648,"CURT Group",curtgroup.com,B,automotive_heavy_mfg,1
45140762112,"DAIM Logistics",daimlogistics.com,B,3pl_carrier,1
9337110428,"Daniel Paul Chairs",,B,chemicals_plastics,1
54784203144,"DHP Furniture",dhpfurniture.com,B,wholesale_distribution,1
54785432098,"Diamond Crystal Brands",dcbrands.com,B,cpg_food_beverage,1
54784523178,"Dorel Industries",dorel.com.br,B,wholesale_distribution,1
54871247389,"DPI Specialty Foods",dpispecialtyfoods.com,B,wholesale_distribution,1
55526329753,"DSI Logistics",dsicompanies.com,B,3pl_carrier,1
55529346845,"DutchX",dutchx.com,B,ecommerce_parcel,1
9417856292,"Eberspacher",,B,automotive_heavy_mfg,1
55341208468,"Elevations Design Studios",pb-supply.com,B,building_materials_industrial,1
54784332415,"Ellwood Specialty Metals",elwd.com,B,building_materials_industrial,1
9453543560,"England Logistics",,B,3pl_carrier,1
45132295169,"Equity Transportation",equityinc.info,B,3pl_carrier,1
54784386188,"Esab India Limited - Sales Office",esab.co.in,B,building_materials_industrial,1
9400439196,"Esco Corporation",,B,building_materials_industrial,1
55534349341,"Exchange Logistics",exchange-logistics.com,B,3pl_carrier,1
54414049846,"Experior Global",experiorglobal.com,B,3pl_carrier,1
54785491490,"FIFCO",fifco.com,B,cpg_food_beverage,1
55523684949,"Flex Logistics",flexlogistics.com,B,3pl_carrier,1
9497473054,"Flexe",,B,3pl_carrier,1
54800203654,"Foxworth-Galbraith Lumber Company",foxgal.com,B,building_materials_industrial,1
54774352953,"FRAM",fram.com,B,automotive_heavy_mfg,1
45147869868,"Fremont Contract Carriers",fcc-inc.com,B,3pl_carrier,1
55518685184,"Frontier Logistics",frontierlogistics.com,B,3pl_carrier,1
9445220174,"Fulfillment Plus Inc.",,B,ecommerce_parcel,1
55341228864,"Gate Precast",gateprecast.com,B,building_materials_industrial,1
54772681053,"GEHR",gehr.com,B,building_materials_industrial,1
54771947183,"Geosynthetics",tencategeo.com,B,building_materials_industrial,1
9453668178,"Global Logistics Services (GLS)",,B,3pl_carrier,1
9638885701,"Global Transportation Group",,B,cold_chain,1
54236390710,"Go2 Logistics",go2.us,B,3pl_carrier,1
54407528373,"Gorilla Glue",gorillaglue.com,B,cpg_food_beverage,1
45059821693,"Grand Island Express",giexpress.com,B,3pl_carrier,1
54785011317,"Great Lakes Wine & Spirits",glwas.com,B,cpg_food_beverage,1
54784373629,"Grupo Bafar",bafar.com.mx,B,cpg_food_beverage,1
54862485036,"GSO - Golden State Overnight",gso.com,B,3pl_carrier,1
45008787861,"HAP Group",hapgroup.com,B,ports_intermodal,1
55341959303,"HelloFresh",hellofresh.ca,B,ecommerce_parcel,1
55406058034,"Hikma",hikma.com,B,cpg_food_beverage,1
54784395825,"Hogan Transportation Companies",hogan1.com,B,3pl_carrier,1
9438787194,"Hollingsworth",,B,3pl_carrier,1
54784307844,"Houchens Industries",houchensindustries.com,B,retail_grocery,1
54784358991,"Hover",molycop.ca,B,building_materials_industrial,1
54785071397,"Howard Power Solutions",howard-ind.com,B,building_materials_industrial,1
54799242246,"INOAC CORPORATION",inoac.co.jp,B,automotive_heavy_mfg,1
55520172862,"Inteva Products",intevaproducts.com,B,automotive_heavy_mfg,1
54409389467,"Island Harvest",islandharvest.org,B,retail_grocery,1
55341309281,"ITW Commercial Construction",itwccna.com,B,building_materials_industrial,1
54771709520,"Jacob Holm",jacob-holm.com,B,paper_packaging,1
54857908657,"JMP Solutions",jmpsolutions.com,B,building_materials_industrial,1
45013749295,"John J Jerue Companies",jerue.com,B,3pl_carrier,1
8974744978,"JSR SUPPLY CHAIN SOLUTIONS",jsrsupplychain.com,B,3pl_carrier,1
54784272929,"JUST Egg",ju.st,B,cpg_food_beverage,1
45059821696,"K&B Transportation",kbtransportation.com,B,3pl_carrier,1
45058596099,"Keltic Transport",keltictransportation.com,B,3pl_carrier,1
54771986604,"Keytronicems",keytronicems.com,B,automotive_heavy_mfg,1
54800216185,"KG Process Innovations",kochglitsch.com,B,chemicals_plastics,1
54762315886,"KLX Energy",klxenergy.com,B,chemicals_plastics,1
54707346450,"Koch Companies",kochtrucking.us,B,3pl_carrier,1
45010657326,"Kodiak Transportation",kodiak-trans.com,B,3pl_carrier,1
9637319512,"L & R Group",,B,3pl_carrier,1
55554508321,"LaserShip",lasership.com,B,3pl_carrier,1
9462285890,"Leaf Logistics",,B,3pl_carrier,1
9417393516,"Leprino Foods",,B,cpg_food_beverage,1
54701592932,"LiDestri Foods",lidestrifoods.com,B,cpg_food_beverage,1
54784400516,"Lite House Blue Cheese Factory",litehouseinc.com,B,cpg_food_beverage,1
54764118451,"Litehouse Foodservice",litehousefoodservice.com,B,cpg_food_beverage,1
9348368157,"LiVe Logistics",livelogisticscorp.com,B,3pl_carrier,1
9453667681,"Load One",,B,3pl_carrier,1
54771862632,"LoadDelivered",loaddelivered.com,B,3pl_carrier,1
9462285409,"Logistics+",,B,3pl_carrier,1
54785471306,"Lopez Foods",lopezfoods.com,B,cpg_food_beverage,1
54799610154,"Luck Stone",luckstone.com,B,building_materials_industrial,1
54785005142,"Lumber Liquidators",lumliq.com,B,building_materials_industrial,1
54774155857,"Luxco",luxco.com,B,cpg_food_beverage,1
45146042460,"M&W Logistics",mwlginc.com,B,3pl_carrier,1
9155838267,"Maccaferri",,B,building_materials_industrial,1
54784453179,"Mallinckrodt Pharmaceuticals",mallinckrodt.com,B,wholesale_distribution,1
55522152567,"Marco Polo",marcopoloig.com,B,chemicals_plastics,1
54773757825,"Marmon Keystone Can",mkcanada.com,B,building_materials_industrial,1
9337710860,"Marsh Industries",,B,3pl_carrier,1
54784514947,"Martignetti Enterprises",martignetti.us,B,cpg_food_beverage,1
54784381991,"Massey Builders Supply",masseybuilders.com,B,building_materials_industrial,1
54785115315,"Maxxis Canada",maxxiscanada.com,B,wholesale_distribution,1
54772672028,"MBM Foodservice",mbmfoodservice.com,B,wholesale_distribution,1
54785219181,"McEntire Produce",mcentireproduce.com,B,agriculture_food_processing,1
54409544775,"MerchSource",merchsource.com,B,wholesale_distribution,1
45144155556,"Metropolitan Trucking",mtrk.com,B,3pl_carrier,1
9461731501,"Michigan Paving & Materials",,B,building_materials_industrial,1
54784461119,"Midwest Warehouse",midwestwarehouse.com,B,3pl_carrier,1
45146816035,"Millis Transfer",millistransfer.com,B,3pl_carrier,1
54785470034,"Mitsubishi Electric | Technology Incubation, Acceleration, and Product Commercialization",mea.com,B,building_materials_industrial,1
54717078609,"Monterey Mushrooms",montmush.com,B,agriculture_food_processing,1
54700172471,"Monterey Mushrooms, LLC",montereymushrooms.com,B,agriculture_food_processing,1
9400079460,"Mount Franklin Foods",,B,cpg_food_beverage,1
55550065179,"MSI Express",msiexpress.com,B,cpg_food_beverage,1
45146351644,"National Carriers",nationalcarriers.com,B,3pl_carrier,1
9438764924,"National Food Group",,B,cpg_food_beverage,1
54873726542,"Natumi AG / Hain-Celestial Europe",hain-celestial.eu,B,cpg_food_beverage,1
9408559399,"NBHX Trim Group",,B,automotive_heavy_mfg,1
55342179090,"New Target+",primowatercorp.com,B,cpg_food_beverage,1
55518911005,"Next Carriers",nextcarriers.com,B,3pl_carrier,1
9445159264,"NEXT Trucking",,B,3pl_carrier,1
54799681568,"NFI Cal Cartage",calcartage.com,B,3pl_carrier,1
54799598240,"Noble",noble.ca,B,wholesale_distribution,1
54784270234,"Novexco.com",novexco.com,B,wholesale_distribution,1
54871092372,"NutriCorp",nutricorp.com,B,cpg_food_beverage,1
55342192515,"Ohio Intermodal Services",ohiointermodalservices.com,B,ports_intermodal,1
10036812912,"One Rail",,B,ports_intermodal,1
9345856140,"Opermex",,B,3pl_carrier,1
54773727337,"OPWGlobal",opwglobal.com,B,building_materials_industrial,1
54785460839,"OSI Systems",osi-systems.com,B,building_materials_industrial,1
54771954870,"Pacific Sunwear Of California",pacificsunwear.com,B,retail_grocery,1
45003995171,"Paper Transport",papertransport.com,B,3pl_carrier,1
9453667640,"Paslin",,B,automotive_heavy_mfg,1
54784261531,"PCMC",pcmc.com,B,paper_packaging,1
9791096139,"Perfection Pet Foods",,B,cpg_food_beverage,1
54785393795,"PetSafe Brand",petsafe.net,B,wholesale_distribution,1
54784016151,"Phifer Industries",phiferindustriesinc.com,B,building_materials_industrial,1
54772621576,"Plastic Industries",plasticind.com,B,chemicals_plastics,1
54734205014,"Playtex",playtex.com,B,cpg_food_beverage,1
54784474177,"Polar Speed - A UPS",polarspeed.com,B,cold_chain,1
55530646966,"Power Distributors",powerdistributors.com,B,wholesale_distribution,1
54785229489,"Prince International",princecorp.com,B,chemicals_plastics,1
9445159597,"Propak Logistics",,B,3pl_carrier,1
55354327454,"Puratos Group",puratos.com,B,cpg_food_beverage,1
54784264355,"Quaker Chemical",quakerchem.com,B,chemicals_plastics,1
54785034410,"Quality Beverage",qblp.com,B,cpg_food_beverage,1
9400542362,"Quantix",,B,chemicals_plastics,1
45140762131,"R&R Express",shiprrexp.com,B,3pl_carrier,1
9462286759,"Radiant Logistics Inc.",,B,3pl_carrier,1
45065015559,"Ralph Moyle",ralphmoyle.com,B,3pl_carrier,1
55341858849,"Raymond Building Supply",rbsc.net,B,building_materials_industrial,1
54865745158,"RDS Technology",rdstec.com,B,agriculture_food_processing,1
54771872904,"Reading Truck Group",readingbody.com,B,automotive_heavy_mfg,1
54784464752,"Red River Co-op",rrcoop.com,B,retail_grocery,1
9461731100,"Reliable Carriers Inc.",,B,3pl_carrier,1
54786118762,"Restoration Hardware Holdings",restorationhardware.com,B,retail_grocery,1
54784556665,"Revere Industries",revereindustries.com,B,building_materials_industrial,1
54785173916,"Ridout Lumber",ridoutlumber.com,B,building_materials_industrial,1
9417725985,"Robopac USA",,B,building_materials_industrial,1
54785462960,"Rose Acre Farms",roseacre.com,B,agriculture_food_processing,1
54777063316,"RPE",rpespud.com,B,agriculture_food_processing,1
54784134031,"S. Walter Packaging",swalter.com,B,paper_packaging,1
54784474411,"Sage Automotive Interiors",sageai.com,B,automotive_heavy_mfg,1
54772633871,"Saladino's",saladinos.com,B,wholesale_distribution,1
54784261290,"Sanderson Farms",sandersonfarms.com,B,agriculture_food_processing,1
54784357524,"Santa Cruz Nutritionals",santacruznutritionals.com,B,cpg_food_beverage,1
54784402495,"Schweid & Sons",schweidandsons.com,B,cpg_food_beverage,1
45141999198,"Scott Logistics",scottlogistics.com,B,3pl_carrier,1
54772701029,"SDR Distribution",sdrdistribution.com,B,3pl_carrier,1
54800238932,"Select Energy Services",selectenergyservices.com,B,chemicals_plastics,1
54773654938,"Sequa",sequa.com,B,building_materials_industrial,1
9461730668,"SFL Companies",,B,3pl_carrier,1
55538006679,"Shorr",shorr.com,B,paper_packaging,1
55341845163,"Simon Roofing Products",simonroofingproducts.com,B,building_materials_industrial,1
54410073454,"Sloanvalve",sloanvalve.com,B,building_materials_industrial,1
45013125658,"Smith Transport",smithtransport.com,B,3pl_carrier,1
45014826834,"SPC Transport",spctran.com,B,3pl_carrier,1
54777063314,"Specialty Building Products",sbp.com,B,building_materials_industrial,1
9462285666,"Steam Logistics",,B,3pl_carrier,1
45144620095,"Stryder",go-stryder.com,B,3pl_carrier,1
55520199257,"Superior Carriers",superior-carriers.com,B,3pl_carrier,1
54785153295,"SYLVANIA General Lighting",sylvania.com,B,wholesale_distribution,1
54784384431,"Taiga Building Products",exteriorwood.com,B,building_materials_industrial,1
54784510899,"Tenere",tenere.com,B,building_materials_industrial,1
54800315732,"The BoxMaker",boxmaker.com,B,paper_packaging,1
45014826842,"The Evans Network",evansdelivery.com,B,3pl_carrier,1
54784298664,"Tilray",tilraybeer.com,B,cpg_food_beverage,1
54785376261,"Total Logistics",totallogistics.com,B,3pl_carrier,1
45144000688,"Traffix",traffix.com,B,3pl_carrier,1
45131833014,"TransAm Trucking",transamtruck.com,B,3pl_carrier,1
45000123968,"TransPak",transpak.com,B,3pl_carrier,1
9637000192,"Transportation Solutions Inc.",,B,3pl_carrier,1
54784367446,"Tree of Life",treeoflife.com,B,wholesale_distribution,1
54723055761,"Tyman Plc",tymanplc.com,B,building_materials_industrial,1
54771943959,"U.S. Oil",usoil.com,B,chemicals_plastics,1
51557609832,"UACL Logistics",uacl.com,B,3pl_carrier,1
54785090711,"United Engines",unitedengines.com,B,building_materials_industrial,1
9497511854,"United Road Services",,B,3pl_carrier,1
54784727464,"Upstate Niagara Cooperative",upstateniagara.com,B,cpg_food_beverage,1
54784449450,"USSCO",ussco.com,B,wholesale_distribution,1
54784268070,"Veeder-Root",veeder.com,B,chemicals_plastics,1
54785148254,"Verder Group",verder.com,B,building_materials_industrial,1
55344345505,"Vesuvius Plc",vesuvius.com,B,building_materials_industrial,1
54784774300,"VinFast",vinfastauto.us,B,automotive_heavy_mfg,1
45002749318,"VSS Transportation Group",vsstransportationgroup.com,B,3pl_carrier,1
55545516605,"WCS Distribution",wcsdistribution.com,B,3pl_carrier,1
9392926891,"Whiplash",,B,3pl_carrier,1
9345941594,"Workhorse Group Inc",,B,automotive_heavy_mfg,1
54785140375,"Young's Market Co AZ",youngsmarket.com,B,wholesale_distribution,1
54784495764,"Zeeland Lumber & Supply",zeelandlumber.com,B,building_materials_industrial,1
54784380444,"ZEP Europe",zepeurope.com,B,chemicals_plastics,1
54697231114,"Zipline",zipline.com,B,3pl_carrier,1
54755794760,"",matthewsintl.com,B,building_materials_industrial,2
54763837500,"",ryobi.com,B,building_materials_industrial,2
54772524441,"",de.ttiinc.com,B,wholesale_distribution,2
54772601878,"",cfpwood.com,B,paper_packaging,2
54772682787,"",us.ebmpapst.com,B,building_materials_industrial,2
54772704011,"",saq.qc.ca,B,retail_grocery,2
54773698649,"",xtra.com,B,3pl_carrier,2
54774218604,"",chassix.com,B,automotive_heavy_mfg,2
54776350904,"",bogopausa.com,B,retail_grocery,2
54784016024,"",weberstephen.com,B,cpg_food_beverage,2
54784157863,"",matheson-trigas.com,B,chemicals_plastics,2
54784223642,"",petsafebrands.com,B,cpg_food_beverage,2
54784257708,"",mduresources.com,B,building_materials_industrial,2
54784286854,"",pharmavite.net,B,cpg_food_beverage,2
54784791604,"",dassaultfalconjet.com,B,automotive_heavy_mfg,2
54784837235,"",distributionintl.com,B,wholesale_distribution,2
54799634944,"",elsuper.org,B,retail_grocery,2
55554506836,"",hasbro.co.uk,B,cpg_food_beverage,2
9438765624,"AA Warehousing & Logistics",,B,3pl_carrier,2
54771917401,"ADAC Automotive",adacautomotive.com,B,automotive_heavy_mfg,2
9446478721,"AGC Automotive Americas",,B,automotive_heavy_mfg,2
54784468283,"AirBorn",airborn.com,B,building_materials_industrial,2
9438458736,"Airport Trucking & Warehousing",,B,3pl_carrier,2
54776522016,"All Weather Windows",allweatherwindows.com,B,building_materials_industrial,2
45002449029,"American National Logistics",anlinc.com,B,3pl_carrier,2
54735414067,"American Standard Brands",americanstandard.com,B,building_materials_industrial,2
9392925702,"Ancor Automotive",,B,automotive_heavy_mfg,2
54785387151,"Aphria",aphria.com,B,cpg_food_beverage,2
54784398433,"Arrow Building Center",abc-clc.com,B,building_materials_industrial,2
9497473135,"ASAP Express & Logistics Inc.",,B,3pl_carrier,2
9438455127,"Auto Warehousing Company Inc.",,B,automotive_heavy_mfg,2
9497567293,"Autokiniton",,B,automotive_heavy_mfg,2
9461729969,"Axis Group",,B,automotive_heavy_mfg,2
54772570184,"B. Braun",bbraun.com,B,wholesale_distribution,2
54188151193,"Ben Keith",benkeith.com,B,wholesale_distribution,2
9400258410,"Better Made",,B,cpg_food_beverage,2
45057819392,"Big M Transportation",bigm.com,B,3pl_carrier,2
54784223598,"BlueScope Buildings",bsbna.com,B,building_materials_industrial,2
9453542992,"Brasscraft Mfg",,B,building_materials_industrial,2
9461730933,"Bravo Logistics",,B,3pl_carrier,2
45013904137,"Bulldog and Sons Transport",bulldogandsons.ca,B,3pl_carrier,2
54755299485,"Byrne Dairy",byrnedairy.com,B,cpg_food_beverage,2
54784383119,"Central Alberta Co-op",centralab.coop,B,retail_grocery,2
9408558352,"Chassix",,B,automotive_heavy_mfg,2
54774523566,"Cimarron Energy",cimarronenergy.com,B,chemicals_plastics,2
9399965258,"Classic Transportation & Warehousing",,B,3pl_carrier,2
54785066304,"Co-Alliance",co-alliance.com,B,agriculture_food_processing,2
9453544461,"Constellum",,B,building_materials_industrial,2
9497339268,"Corrigan Air & Sea Cargo",,B,3pl_carrier,2
54688617729,"Depot Connect International",depotconnect.com,B,ports_intermodal,2
54784830282,"Design Group Americas",dgamericas.com,B,cpg_food_beverage,2
54771943538,"Diamond Pet Foods",diamondpet.com,B,cpg_food_beverage,2
9408674140,"DNC Logistics",,B,3pl_carrier,2
55554509153,"Driscoll's",driscolls.eu,B,agriculture_food_processing,2
9497378198,"Driveway Automotive Logistics",,B,automotive_heavy_mfg,2
9438514978,"Durex Products Inc.",,B,automotive_heavy_mfg,2
9497532592,"Edge Logistics",,B,3pl_carrier,2
9453543211,"Elberta Logistics International",,B,3pl_carrier,2
55554491150,"ESAB Europe",esab.pl,B,building_materials_industrial,2
55399071091,"Etex",etexgroup.com,B,building_materials_industrial,2
9408560216,"First Logistics Management Services",,B,3pl_carrier,2
9438456719,"Fontaine Modification Company",,B,automotive_heavy_mfg,2
9417423913,"Foremost Farms USA",,B,agriculture_food_processing,2
45146042432,"Fraley and Schilling",fraleyandschilling.com,B,3pl_carrier,2
54772663440,"Frozen Food Express",ffex.net,B,cold_chain,2
54774531451,"Fruitist",agrovisioncorp.com,B,agriculture_food_processing,2
9438786172,"Garden Fresh Gourmet",,B,cpg_food_beverage,2
45005078147,"Garner Trucking",garnertrucking.com,B,3pl_carrier,2
54434432532,"Gefco",gefco.net,B,3pl_carrier,2
9497393772,"Gen Oil Company",,B,chemicals_plastics,2
9967704089,"Gerdau",,B,building_materials_industrial,2
9446423715,"Ghost",,B,cpg_food_beverage,2
45134235011,"Giltner Transportation",giltner.com,B,3pl_carrier,2
9453494570,"Graymont",,B,building_materials_industrial,2
9453445182,"Grupo Antolin",,B,automotive_heavy_mfg,2
9438787731,"HARMAN International",,B,wholesale_distribution,2
45004451120,"Hartt Transportation Systems",hartt-trans.com,B,3pl_carrier,2
9446619924,"HBPO North America",,B,automotive_heavy_mfg,2
9453667410,"HMS Mfg Co",,B,building_materials_industrial,2
9462285710,"Hoogwegt US",,B,cold_chain,2
9417718122,"Indiana Sugars",,B,cpg_food_beverage,2
54773784733,"Inductotherm",inductotherm.com,B,building_materials_industrial,2
9438515343,"International Extrusions",,B,building_materials_industrial,2
45008950392,"J&R Schugel Trucking",jrschugel.com,B,3pl_carrier,2
45002449051,"James Transportation",jamestransportation.com,B,3pl_carrier,2
54784830299,"Jamieson Vitamins",jamiesonvitamins.com,B,cpg_food_beverage,2
54785088815,"Janus International",janus-international.com,B,building_materials_industrial,2
9400257899,"JBS Logistics & Warehousing",,B,3pl_carrier,2
9497532849,"Kari-Out",,B,cpg_food_beverage,2
54777875255,"KaVo Kerr",kavokerr.com,B,building_materials_industrial,2
45058595982,"Keller Logistics Group",kellerlogistics.com,B,3pl_carrier,2
9417393933,"Kuka",,B,automotive_heavy_mfg,2
54784668975,"Lantic",lantic.ca,B,cpg_food_beverage,2
54774427978,"Lasco Products",laskoproducts.com,B,building_materials_industrial,2
54784810163,"Leclerc",leclercfoods.com,B,cpg_food_beverage,2
9438458283,"Lipari Foods",,B,wholesale_distribution,2
54784785041,"Lund Food Holdings",lfhi.com,B,retail_grocery,2
54771862577,"Makita U.S.A.",makitausa.com,B,wholesale_distribution,2
9445159831,"Martinrea International",,B,automotive_heavy_mfg,2
9446619449,"Mayco International",,B,automotive_heavy_mfg,2
54771947278,"Merchants Distributors",merchantsdistributors.com,B,wholesale_distribution,2
9438457940,"Metal Ox Warehousing",,B,3pl_carrier,2
54784128081,"Micheldever",micheldever.co.uk,B,wholesale_distribution,2
9400377462,"Midwest Warehousing",,B,3pl_carrier,2
9497629490,"Morgan Corporation",,B,building_materials_industrial,2
9408312701,"Multimatic Inc",,B,automotive_heavy_mfg,2
9417594162,"National Food Group",,B,cpg_food_beverage,2
9497567039,"NDLX Logistics",,B,3pl_carrier,2
54763839136,"Neenah Foundry",neenahenterprises.com,B,building_materials_industrial,2
9445221962,"Newell Brands",,B,wholesale_distribution,2
9400376191,"North American Warehousing Company",,B,3pl_carrier,2
54784395168,"Northern Offshore",nofltd.com,B,chemicals_plastics,2
54785153197,"Oil States Industries",oilstates.com,B,chemicals_plastics,2
54776347809,"OK Foods,",okfoods.com,B,agriculture_food_processing,2
54785089804,"OMEGA Engineering",omega.com,B,building_materials_industrial,2
45058130455,"OutWest Express",outwestexpress.com,B,3pl_carrier,2
9438455461,"PACE Inc.",,B,automotive_heavy_mfg,2
54784283720,"Pacific Logistics",pacific-logistics.com,B,3pl_carrier,2
54771955084,"Pacific Seafood",pacseafood.com,B,cold_chain,2
9453495720,"PCS Company",,B,building_materials_industrial,2
9438766748,"Pellerito Foods",,B,cpg_food_beverage,2
54758440288,"PGT Industries",pgtindustries.com,B,building_materials_industrial,2
54771978326,"PIM Brands",promotioninmotion.com,B,cpg_food_beverage,2
9497629192,"Piston Automotive",,B,automotive_heavy_mfg,2
54784368163,"PLZ Aeroscience",plzaeroscience.com,B,chemicals_plastics,2
54784523799,"QuickChek",qchek.com,B,retail_grocery,2
9438516324,"RedE Parts Inc.",,B,automotive_heavy_mfg,2
9461730103,"Renaissance Global Logistics",,B,3pl_carrier,2
54763838272,"Royal Building Products",royalbuildingproducts.com,B,building_materials_industrial,2
55403368318,"SalSon Logistics",salson.com,B,3pl_carrier,2
54784297537,"Schnitzer Steel Industries",schn.com,B,building_materials_industrial,2
55554506847,"Senior Flexonics Czech",seniorflexonics.cz,B,automotive_heavy_mfg,2
9408329001,"Serta Simmons Bedding",,B,wholesale_distribution,2
9445950296,"Stanley",,B,wholesale_distribution,2
54773822271,"Stant Manufacturing",stantinc.com,B,automotive_heavy_mfg,2
54771909509,"Superior Plus Energy Services",superiorplusenergy.com,B,wholesale_distribution,2
9446423938,"Temco",,B,3pl_carrier,2
45063695659,"Tenaxx Group",tenaxxgroup.com,B,3pl_carrier,2
9400027257,"Torn & Glasser",,B,cpg_food_beverage,2
9445221015,"United Steel Storage Inc.",,B,3pl_carrier,2
54785461067,"United Supermarkets",unitedtexas.com,B,retail_grocery,2
9497567860,"Visscher-Caravelle",,B,automotive_heavy_mfg,2
45003061156,"Western Flyer Xpress",westernflyerexpress.com,B,3pl_carrier,2
54762181667,"Western States Equipment",wseco.com,B,wholesale_distribution,2
45010493185,"Wiley Sanders Truck Lines",wsanders.com,B,3pl_carrier,2
9453544339,"Wolverine Packing Co.",,B,cold_chain,2
54784155967,"Ziegler Companies",zieglercompanies.com,B,building_materials_industrial,2
54755953781,"#1 Cochran Youngstown",cochrancars.com,C,automotive_heavy_mfg,0
15729538741,"3T Event",,C,3pl_carrier,0
15729539097,"4flow iTMS",,C,3pl_carrier,0
55441565738,"A-1 Creative Packaging Corporation Plant-4",,C,paper_packaging,0
54774333770,"A. M. Castle",castlemetals.com,C,building_materials_industrial,0
54773571363,"Acme Brick",brick.com,C,building_materials_industrial,0
54774353824,"Acme Truck Line",acmetruck.com,C,3pl_carrier,0
54773361203,"AEP Industries",aepinc.com,C,paper_packaging,0
54774308786,"Aera Energy",aeraenergy.com,C,chemicals_plastics,0
54726918992,"AESSEAL",aesseal.us,C,automotive_heavy_mfg,0
54774237010,"Ahresty Mexicana",ahresty.co.jp,C,building_materials_industrial,0
54773431193,"AISAN AUTOPARTES MÉXICO S.A. DE C.V",aisan-ind.co.jp,C,automotive_heavy_mfg,0
54774271333,"AISIN North Carolina",aisinnc.com,C,automotive_heavy_mfg,0
10055331177,"Albertsons",,C,retail_grocery,0
54774239054,"ALCANNA",sndlgroup.com,C,retail_grocery,0
54762482070,"Alere",alere.com,C,building_materials_industrial,0
54734218424,"Alfa Corporativo",alfa.com.mx,C,agriculture_food_processing,0
54773546508,"Aliments ULTIMA Foods",ultimayog.ca,C,building_materials_industrial,0
54756458247,"Alliance Packaging",alliancepackaging.net,C,paper_packaging,0
54773408537,"Allied Building Products",alliedbuilding.com,C,building_materials_industrial,0
54728249701,"Allied Electronics & Automation",alliedelec.com,C,automotive_heavy_mfg,0
54774247012,"Allied Motion",alliedmotion.com,C,automotive_heavy_mfg,0
54773408520,"Allsteel",allsteeloffice.com,C,wholesale_distribution,0
54774365609,"Aloha Petroleum",alohagas.com,C,chemicals_plastics,0
15728845218,"Alpega",,C,3pl_carrier,0
54773535621,"Alstar Group",alstargroup.ca,C,chemicals_plastics,0
54774365602,"Aluminum Dynamics",aluminumdynamicsllc.com,C,building_materials_industrial,0
9312774670,"Amcor",,C,paper_packaging,0
54774290346,"America's Best Contacts & Eyeglasses",americasbest.com,C,retail_grocery,0
54764080223,"American Building Supply",abs-abs.com,C,building_materials_industrial,0
54774211603,"American Mitsuba",americanmitsuba.com,C,automotive_heavy_mfg,0
54773548089,"AmeriMark Direct",amerimark.com,C,retail_grocery,0
54773198452,"AmeriPride Services",ameripride.com,C,wholesale_distribution,0
54774260024,"AMG Critical Materials N.V",amg-nv.com,C,building_materials_industrial,0
54774262934,"Ampco-Pittsburgh",ampcopgh.com,C,building_materials_industrial,0
54773603761,"ampm",ampm.com,C,retail_grocery,0
54773489283,"Amsted Industries",amsted.com,C,automotive_heavy_mfg,0
54774184482,"Amware Fulfillment",staciamericas.com,C,3pl_carrier,0
54773472895,"AMX",amx.com,C,automotive_heavy_mfg,0
54756458155,"Anadarko Petroleum",anadarko.com,C,chemicals_plastics,0
54773346419,"Angelalign",angelalign.com,C,building_materials_industrial,0
54728423024,"Anker Innovations",anker-in.com,C,automotive_heavy_mfg,0
45057818970,"APM Terminals (US)",apmterminals.com,C,ports_intermodal,0
54773481501,"Appvion",appvion.com,C,paper_packaging,0
54773472891,"Aquatic Bath",aquaticbath.com,C,building_materials_industrial,0
54774333774,"Aramark México",aramark.com.mx,C,cpg_food_beverage,0
54723051546,"Architectural Surfaces",arcsurfaces.com,C,building_materials_industrial,0
54773516394,"ARKO Corp. (NASDAQ",arkocorp.com,C,retail_grocery,0
54773542935,"Armstrong Flooring™",armstrongflooring.com,C,building_materials_industrial,0
54728249703,"ARROW HOME GROUP",arrowgroup.com.cn,C,building_materials_industrial,0
54773568605,"Art Van Furniture",artvan.com,C,wholesale_distribution,0
54774132330,"ArthroCare",arthrocare.com,C,building_materials_industrial,0
15728844110,"Ascend",,C,3pl_carrier,0
54774254744,"ASCO Power",ascopower.com,C,automotive_heavy_mfg,0
54774353823,"Athleta",athleta.com,C,retail_grocery,0
54773478577,"Atlantic Superstore",atlanticsuperstore.ca,C,retail_grocery,0
54774147079,"Atwood Oceanics",atwd.com,C,chemicals_plastics,0
54774271341,"Auffenberg Dealer Group",auffenberg.com,C,automotive_heavy_mfg,0
54773548087,"Autlán",autlan.com.mx,C,building_materials_industrial,0
54774249904,"Auto Plus Auto Parts",autoplusap.com,C,automotive_heavy_mfg,0
54773542932,"Auto Truck Group",autotruck.com,C,3pl_carrier,0
54774304088,"Auto.com",auto.com,C,automotive_heavy_mfg,0
54774247019,"Automotive Industries",ai-online.com,C,automotive_heavy_mfg,0
9145485885,"Avery Dennison",,C,wholesale_distribution,0
54726919005,"Avondale Food Stores",avondalestores.com,C,retail_grocery,0
54773460520,"Axis Boats",axiswake.com,C,automotive_heavy_mfg,0
54774279083,"Axonics",axonics.com,C,building_materials_industrial,0
54773565559,"BakerCorp",bakercorp.com,C,3pl_carrier,0
54774161688,"Baldwin Technology",baldwintech.com,C,automotive_heavy_mfg,0
54773563469,"Balise Motor Sales",baliseauto.com,C,automotive_heavy_mfg,0
54725620596,"Barista",baristaoncampus.com,C,cpg_food_beverage,0
54754341449,"Barnes",onebarnes.com,C,automotive_heavy_mfg,0
54774336923,"Bartell Drugs",bartelldrugs.com,C,retail_grocery,0
55442932278,"Bartush Schnitzius Foods Company",,C,cpg_food_beverage,0
54756938594,"Basic Energy Services",basices.com,C,chemicals_plastics,0
55459284333,"Baxter Brewing Co.",,C,cpg_food_beverage,0
45012047029,"Bay & Bay",bayandbay.com,C,3pl_carrier,0
54773512526,"BEALLS OUTLET",,C,retail_grocery,0
54756458153,"Beaulieu Of America",beaulieu-usa.com,C,building_materials_industrial,0
54774300843,"Beautycounter",beautycounter.com,C,retail_grocery,0
54773417555,"Bed Bath & Beyond",bedbathandbeyond.com,C,retail_grocery,0
54774300847,"BelGioioso Cheese",belgioioso.com,C,agriculture_food_processing,0
54734998419,"Benzer Pharmacy",benzerpharmacy.com,C,retail_grocery,0
54774325001,"Berger Group",aberger.com,C,building_materials_industrial,0
55442932070,"Best Carrier Tampa Warehouse & Transload",,C,3pl_carrier,0
54727912063,"BevMo!",bevmo.com,C,retail_grocery,0
54774293608,"Big River Industries",bigriverindustries.com.au,C,building_materials_industrial,0
54774293607,"Big Sandy Superstore",bigsandysuperstore.com,C,retail_grocery,0
54773422767,"Big Tex Trailers",bigtextrailers.com,C,building_materials_industrial,0
54774287790,"Billabong",billabong.com,C,retail_grocery,0
54774169216,"Billings Tire & Service",valvolinetireandauto.com,C,retail_grocery,0
54773516387,"Bio Pappel SAB de CV",biopappel.com,C,paper_packaging,0
45003994546,"Birds Eye",birdseye.com,C,cpg_food_beverage,0
54773478564,"bisco industries",biscoind.com,C,automotive_heavy_mfg,0
54756458240,"Blockbuster",blockbuster.com,C,retail_grocery,0
54755312263,"Blue Bell Creameries",bluebell.com,C,building_materials_industrial,0
9144848667,"Blue Triton",,C,wholesale_distribution,0
15728729267,"Blue Yonder",,C,3pl_carrier,0
15728730255,"BluJay Solutions",,C,3pl_carrier,0
54720630851,"BMC",buildwithbmc.com,C,building_materials_industrial,0
9761703979,"BNSF",,C,3pl_carrier,0
10032371553,"Boa Logistics",,C,3pl_carrier,0
54774279175,"BOGE Rubber & Plastics Group",boge.tech,C,automotive_heavy_mfg,0
54726918987,"Borden",bordendairy.com,C,cpg_food_beverage,0
54773565542,"Bosch Automotive NA",,C,automotive_heavy_mfg,0
54773366953,"Bosch México",bosch.com.mx,C,automotive_heavy_mfg,0
54756458161,"Bralco Metals ~ Reliance Steel and Aluminum",,C,building_materials_industrial,0
54773548084,"BRUH.™",bruhshop.com,C,retail_grocery,0
54756938581,"Buc-ee's",buc-ees.com,C,retail_grocery,0
54774129956,"Buckeye Corrugated",bcipkg.com,C,paper_packaging,0
54774239059,"Buehler Food Markets",buehlers.com,C,retail_grocery,0
54773367047,"Bulk Barn Foods",bulkbarn.ca,C,cpg_food_beverage,0
54758074013,"Bumper To Bumper Auto Parts",btbautoparts.com,C,automotive_heavy_mfg,0
54728423011,"Bureau en Gros",bureauengros.ca,C,retail_grocery,0
54755953760,"Bureau of Engraving and Printing",bep.gov,C,paper_packaging,0
54726267193,"Burkes Outlet Store",burkesoutlet.com,C,retail_grocery,0
54756610613,"BURNDY",burndy.com,C,automotive_heavy_mfg,0
54773422764,"Burnham Holdings",burnhamholdings.com,C,automotive_heavy_mfg,0
54758386042,"Busche Performance Group",buschegroup.com,C,automotive_heavy_mfg,0
54762609786,"buybuy BABY",buybuybaby.com,C,retail_grocery,0
54773560106,"C-Innovation",c-innovation.com,C,chemicals_plastics,0
15728730280,"C.H Robinson Navisphere",,C,3pl_carrier,0
54728249697,"Cable Dahmer Automotive Group",cabledahmer.com,C,automotive_heavy_mfg,0
54774298720,"CADENA COMERCIAL OXXO SA DE CV",scoxxo.com,C,retail_grocery,0
54773432602,"Cadillac",cadillac.com,C,automotive_heavy_mfg,0
54773432613,"Cal Dive International",caldive.com,C,ports_intermodal,0
54773565555,"California Steel Industries",californiasteel.com,C,building_materials_industrial,0
54762178374,"Camaco",camacollc.com,C,automotive_heavy_mfg,0
45066708897,"Campbell Soup Company",campbellsoupcompany.com,C,cpg_food_beverage,0
8536612025,"Camrett Logistics",camrett.com,C,3pl_carrier,0
54773486637,"Canac",canac.ca,C,retail_grocery,0
54774147000,"Canada Solar",canadiansolar.com,C,building_materials_industrial,0
54720485270,"Canberra Industries",canberra.com,C,automotive_heavy_mfg,0
54734376299,"Canopus",canopus.com,C,automotive_heavy_mfg,0
9481640708,"Capstone",,C,3pl_carrier,0
54774256908,"Cardiovascular",csi360.com,C,building_materials_industrial,0
15729539086,"Cargobase",,C,3pl_carrier,0
54774274600,"Carlisle Brake & Friction",carlislecbf.com,C,building_materials_industrial,0
54774254771,"Carlisle FoodService Products",carlislefsp.com,C,chemicals_plastics,0
54755807921,"Carolina Herrera",carolinaherrera.com,C,retail_grocery,0
54774229425,"Carrix",carrix.com,C,3pl_carrier,0
54774194332,"Carso Perforación",carso.com.mx,C,chemicals_plastics,0
54773417569,"Carter Lumber",carterlumber.com,C,building_materials_industrial,0
54773361198,"CASE Construction Equipment",casece.com,C,automotive_heavy_mfg,0
54774295842,"Caterpillar",caterpillar.com,C,automotive_heavy_mfg,0
54774333773,"Cavco",cavco.com,C,wholesale_distribution,0
54774203260,"Celadon Group",celadontrucking.com,C,3pl_carrier,0
54728423026,"Cementation Americas",cementation.com,C,building_materials_industrial,0
54755953780,"CEMENTOS MOCTEZUMA SA DE CV",,C,building_materials_industrial,0
54774333781,"Ceradyne",ceradyne.com,C,building_materials_industrial,0
54762328331,"Cerestar",foodnavigator-usa.com,C,automotive_heavy_mfg,0
54734218498,"Cerro Flow Products",cerro.com,C,building_materials_industrial,0
55459232775,"Chambers Warehouse",,C,3pl_carrier,0
54773571345,"Champion",champion.com,C,retail_grocery,0
54773478571,"Charlotte Russe",charlotterusse.com,C,retail_grocery,0
54774266025,"Charming Charlie",charmingcharlie.com,C,retail_grocery,0
54726918998,"Chengxin Lithium",cxlithium.com,C,chemicals_plastics,0
54734689094,"Chevron Fuels and Renewable Solutions",regi.com,C,chemicals_plastics,0
54726267210,"Childers Oil Company/double kwik",doublekwik.com,C,chemicals_plastics,0
54773565564,"CHINA GOLD INTERNATIONAL RESOURCES",chinagoldintl.com,C,building_materials_industrial,0
54774300935,"China Ocean Shipping Company",cosco.com,C,3pl_carrier,0
54773475628,"Chongqing Brewery Co",carlsbergchina.com.cn,C,agriculture_food_processing,0
54774266014,"Christensen Farms",christensenfarms.com,C,agriculture_food_processing,0
54758074007,"Chromalox",chromalox.com,C,automotive_heavy_mfg,0
45015289877,"CHS Inc.",chsinc.com,C,agriculture_food_processing,0
54754706300,"ClearStream Energy Services",,C,chemicals_plastics,0
54758074038,"CLOTH",ourclothshop.com,C,retail_grocery,0
45062927762,"CMA",cma-cgm.com,C,ports_intermodal,0
54753018287,"Co-op Atlantic",coopatlantic.ca,C,wholesale_distribution,0
54755953765,"Coburn Supply",coburns.com,C,wholesale_distribution,0
9481642417,"Coca Cola Bottling",,C,cpg_food_beverage,0
9257145652,"Cold Summit Development",,C,cpg_food_beverage,0
54753770055,"Coleman Cable",colemancable.com,C,automotive_heavy_mfg,0
54756458160,"Collado Industries by Grupo Collado",colladoindustries.com,C,building_materials_industrial,0
54773453435,"Colson Group",colsongroupusa.com,C,retail_grocery,0
54773422745,"Columbia Sportswear",columbiasportswearcompany.com,C,retail_grocery,0
15728730180,"Comdata",,C,3pl_carrier,0
54762609781,"Command Transportation",commandtransportation.com,C,3pl_carrier,0
54773460501,"CompUSA",compusa.com,C,retail_grocery,0
45006156352,"Conagra Brands",conagrabrands.com,C,cpg_food_beverage,0
54756610598,"Consultec International",consultec.co,C,chemicals_plastics,0
54773531904,"Cooper Marine",cooper-marine.com,C,ports_intermodal,0
54774249897,"Cornelius",cornelius.com,C,cpg_food_beverage,0
55459198619,"CORNERSTONE ORGANIC FEED LLC",,C,agriculture_food_processing,0
54773498016,"Corporación El Rosado S.A",elrosado.com,C,retail_grocery,0
54754706305,"Corporativo Bimbo",grupobimbo.com.mx,C,agriculture_food_processing,0
54773557271,"CosmoProf Beauty",cosmoprofbeauty.com,C,retail_grocery,0
54726919004,"Costco México",costco.com.mx,C,retail_grocery,0
54774239061,"CPG",com.tn,C,building_materials_industrial,0
54774287791,"Crane Merchandising",cranems.com,C,automotive_heavy_mfg,0
54774290349,"Crane NXT",cranenxt.com,C,automotive_heavy_mfg,0
55459194142,"CRC Indiana, LLC",,C,3pl_carrier,0
54762328326,"Crescent Electric",,C,wholesale_distribution,0
54774260027,"Crescent Point Energy",crescentpointenergy.com,C,chemicals_plastics,0
15010313830,"Crocs",,C,retail_grocery,0
55443694599,"Crown Packaging Corp. - Indianapolis, Indiana Office",,C,paper_packaging,0
54734689078,"CSM Bakery Supplies Europe is now CSM Bakery Solutions",csmbakerysolutions.com,C,agriculture_food_processing,0
54774277264,"CTB",ctbinc.com,C,agriculture_food_processing,0
55459236360,"Culinaire Foods",,C,cpg_food_beverage,0
54728249704,"Culligan",,C,3pl_carrier,0
54762328321,"CVS Pharmacy",cvs.com,C,retail_grocery,0
54773539445,"Cycle Gear",cyclegear.com,C,retail_grocery,0
54774161692,"D.H. Griffin Companies",dhgriffin.com,C,3pl_carrier,0
54754706299,"Daicel Safety Systems Americas",daicel.com,C,automotive_heavy_mfg,0
54773417558,"Daimay Automotive Interior",daimay.com,C,building_materials_industrial,0
54758074015,"Daktronics",daktronics.com,C,building_materials_industrial,0
45002291573,"Danone North America",danonenorthamerica.com,C,wholesale_distribution,0
54774266022,"Danos",danos.com,C,chemicals_plastics,0
54773516384,"Danube Building Materials",danubebuildingmaterials.com,C,building_materials_industrial,0
45012661429,"Daseke Inc.",daseke.com,C,3pl_carrier,0
45014052356,"Day & Ross",dayross.com,C,3pl_carrier,0
45127962996,"DCLI",dcli.com,C,3pl_carrier,0
54773367040,"DDS DISCOUNTS",ddsdiscounts.com,C,retail_grocery,0
54773455663,"De Rucci International",deruccica.com,C,wholesale_distribution,0
9354478489,"Deckers",,C,wholesale_distribution,0
54774200350,"Delta Apparel",deltaapparel.com,C,retail_grocery,0
54774171938,"Demand Detroit",demanddetroit.com,C,automotive_heavy_mfg,0
54773521836,"Detroit Manufacturing",dmsna.com,C,building_materials_industrial,0
54773505601,"DHL Express México",,C,3pl_carrier,0
54774164030,"Dickies®",dickies.com,C,retail_grocery,0
10055453953,"Dillards",,C,retail_grocery,0
54774266017,"Dingsheng Aluminum Group",dingshengxincai.com,C,building_materials_industrial,0
54774317327,"Direct Lift by Rotary Solutions",directlift.com,C,automotive_heavy_mfg,0
54756257182,"Ditch Witch",ditchwitch.com,C,automotive_heavy_mfg,0
54769741716,"Dockers",dockers.com,C,retail_grocery,0
54774290357,"Donlim",donlim.com,C,chemicals_plastics,0
55459542644,"Double A Logistics",,C,3pl_carrier,0
54774279090,"Dragon Products",dragonproductsltd.com,C,chemicals_plastics,0
54773458811,"Drybar",thedrybar.com,C,retail_grocery,0
54773469834,"DSW Designer Shoe Warehouse",dsw.com,C,retail_grocery,0
54774279172,"Dulux Paints",dulux.ca,C,chemicals_plastics,0
54774211601,"Duocal",neocate.com,C,cpg_food_beverage,0
54750360174,"Dupré Logistics",duprelogistics.com,C,3pl_carrier,0
54751057203,"Dutchmen Manufacturing",dutchmen.com,C,wholesale_distribution,0
15728844545,"e2open",,C,3pl_carrier,0
54773478562,"EACO",eacocorp.com,C,automotive_heavy_mfg,0
54773431188,"EAGLE RAILCAR SERVICES",eaglerailcar.com,C,3pl_carrier,0
44999343973,"Eagle Systems Drayage",eaglesystems.net,C,3pl_carrier,0
54750360175,"Earthbound Farm",earthboundfarm.com,C,agriculture_food_processing,0
54774200347,"ECOLE PRIMAIRE",ecoleprimairenyc.com,C,wholesale_distribution,0
54774279169,"Eddie Bauer",eddiebauer.com,C,retail_grocery,0
54720795457,"EECOL Electric",eecol.com,C,wholesale_distribution,0
54774244205,"EG Industries",egindustries.com,C,chemicals_plastics,0
15729538943,"Elemica Eyefreight Transportation",,C,3pl_carrier,0
54773509558,"Elkay Manufacturing",elkay.com,C,building_materials_industrial,0
54774147073,"ElringKlinger México",elringklinger.de,C,automotive_heavy_mfg,0
54774293599,"EMO Trans",emotrans-global.com,C,3pl_carrier,0
54758202510,"Enterprise Truck Rental",enterprisetrucks.com,C,3pl_carrier,0
54773398041,"Epson Latinoamérica",epson.com,C,automotive_heavy_mfg,0
54774171930,"Equinox Gold",,C,building_materials_industrial,0
54773455665,"Equitrans Midstream",equitransmidstream.com,C,chemicals_plastics,0
54727912048,"ERIKS North America",eriksna.com,C,wholesale_distribution,0
10055331201,"Estee Lauder",,C,wholesale_distribution,0
54774241960,"Etcetera",etcetera.com,C,retail_grocery,0
54728423020,"ETRON MEXICO",etron.cn,C,automotive_heavy_mfg,0
54727912062,"Exactech",exac.com,C,building_materials_industrial,0
54773374262,"Excel Modular Scaffold",excelscaffold.com,C,chemicals_plastics,0
54774290356,"Exco Technologies Limited (TSX",excocorp.com,C,automotive_heavy_mfg,0
54773565552,"Exide",exide.com,C,automotive_heavy_mfg,0
54773436216,"Exterran",enerflex.com,C,chemicals_plastics,0
54773557272,"Extron",extron.com,C,automotive_heavy_mfg,0
54773548094,"EZVIZ",ezviz.com,C,automotive_heavy_mfg,0
54773453428,"F & P America",fandp.com,C,automotive_heavy_mfg,0
54755807911,"Fabick Cat",fabickcat.com,C,automotive_heavy_mfg,0
54755807916,"Fairway Market",fairwaymarket.com,C,retail_grocery,0
54774260020,"Famous Footwear",famousfootwear.com,C,retail_grocery,0
54720485266,"Fangda Carbon New Material",fdtsgs.com,C,building_materials_industrial,0
54773507216,"Farmacia del ahorro",fahorro.com,C,cpg_food_beverage,0
54774304091,"Farmacias Guadalajara",farmaciasguadalajara.com.mx,C,retail_grocery,0
54774277262,"Farmacias Guadalajara Atracción de Talento",farmaciasguadalajara.com,C,retail_grocery,0
54773565540,"Farmer John",farmerjohn.com,C,agriculture_food_processing,0
54774161665,"Fastprint Circuit",chinafastprint.com,C,automotive_heavy_mfg,0
54774203269,"Federal-Mogul Motorparts",fmmotorparts.com,C,automotive_heavy_mfg,0
54774333764,"Ferguson plc",fergusonplc.com,C,building_materials_industrial,0
54773492099,"FERROMEX",ferromex.com.mx,C,3pl_carrier,0
54774279081,"Fieldale Farms",fieldale.com,C,agriculture_food_processing,0
54773529120,"Firestone",firestonetire.com,C,automotive_heavy_mfg,0
54773527990,"Fisher-Price",fisherpricetoystore.com,C,building_materials_industrial,0
11204479304,"Five Below",,C,retail_grocery,0
45071362834,"FlexiVan",flexivan.com,C,3pl_carrier,0
54774287794,"Fluid Delivery Solutions",fdsllc.com,C,chemicals_plastics,0
54774147072,"FOCKE & CO Packaging Solutions",focke.com,C,automotive_heavy_mfg,0
54756112433,"Food Giant Supermarkets",foodgiant.com,C,retail_grocery,0
54773382713,"Foodland",foodland.ca,C,retail_grocery,0
54774171913,"Foodliner",foodliner.com,C,3pl_carrier,0
54762328323,"Ford Pro",fordpro.com,C,automotive_heavy_mfg,0
54769741701,"Foss Maritime Company",foss.com,C,3pl_carrier,0
54773516396,"Foster Electric",foster-electric.com,C,automotive_heavy_mfg,0
54774377043,"Freeport-McMoRan Oil & Gas",fcx.com,C,chemicals_plastics,0
54774262929,"Fresh & Easy",freshandeasy.com,C,retail_grocery,0
54774277278,"FRESHCO",freshco.co,C,retail_grocery,0
54773592682,"Fry Communications",frycomm.com,C,paper_packaging,0
54773415322,"FS",fscooperatives.com,C,agriculture_food_processing,0
54773346437,"FTS International",ftsi.com,C,chemicals_plastics,0
54774171943,"Fujian Raynen Technology",raynendrive.com,C,automotive_heavy_mfg,0
54762482069,"Fun Town RV",funtownrv.com,C,retail_grocery,0
54773464639,"Furniture Mart USA",furnituremartusa.com,C,wholesale_distribution,0
54773458814,"G Mining Ventures",gmin.gold,C,building_materials_industrial,0
54773563459,"G-Tekt America",g-tekt.jp,C,automotive_heavy_mfg,0
9145485839,"Galderma",,C,wholesale_distribution,0
54773469850,"Ganahl Lumber",ganahllumber.com,C,building_materials_industrial,0
54774324920,"Gander Outdoors",ganderoutdoors.com,C,wholesale_distribution,0
54774132336,"Gas and Supply",gasandsupply.com,C,wholesale_distribution,0
54754706302,"GCP",gcpat.com,C,building_materials_industrial,0
54773374263,"GE Current a Daintree company",gecurrent.com,C,automotive_heavy_mfg,0
54752278629,"GE Water & Process",gewater.com,C,3pl_carrier,0
54774237023,"General Mills Foodservice",generalmillsfoodservice.com,C,wholesale_distribution,0
54773366960,"Geokinetics",geokinetics.com,C,chemicals_plastics,0
54736059265,"Georgsmarienhütte",gmh.de,C,automotive_heavy_mfg,0
54774164015,"Gerber Scientific",gerberscientific.net,C,building_materials_industrial,0
54774333765,"Gexpro",gexpro.com,C,automotive_heavy_mfg,0
54773450529,"GGEC America",ggec.com,C,automotive_heavy_mfg,0
54774161675,"Giantplus Technology Co",giantplus.com.tw,C,automotive_heavy_mfg,0
54773425267,"Glidden Professional",gliddenprofessional.com,C,chemicals_plastics,0
54773563463,"Global Brass & Copper",gbcholdings.com,C,building_materials_industrial,0
54773422756,"Globe Union Services",globeunion.com,C,building_materials_industrial,0
54773363830,"GO Transit",gotransit.com,C,3pl_carrier,0
54773427864,"Gold Coast Beverage",goldcoastbeverage.com,C,cpg_food_beverage,0
55459263536,"Good Food Made Simple",,C,cpg_food_beverage,0
54774295867,"Grain & Protein",,C,automotive_heavy_mfg,0
45002748837,"Green Giant",greengiant.com,C,cpg_food_beverage,0
54774251956,"Green Mountain Coffee Roasters",,C,building_materials_industrial,0
55459205396,"Greenfield Manufacturing Inc.",,C,chemicals_plastics,0
54773431196,"Greenstone Gold Mines",greenstonegoldmines.com,C,building_materials_industrial,0
55459175227,"Griot's Garage Distribution & Manufacturing Center",,C,building_materials_industrial,0
54773439140,"Grocers Supply",grocerssupply.com,C,wholesale_distribution,0
54774300939,"Groot Industries",groot.com,C,3pl_carrier,0
54773326510,"Grossinger Auto Group",grossinger.com,C,automotive_heavy_mfg,0
9145484934,"Growmark",,C,3pl_carrier,0
54773529114,"Grupo Bachoco",bachoco.com,C,agriculture_food_processing,0
54762178380,"Grupo Cemix",cemix.com,C,building_materials_industrial,0
54734998420,"Grupo Gigante",gigante.com.mx,C,retail_grocery,0
54773503107,"Grupo Kuo",kuo.com.mx,C,building_materials_industrial,0
54773565548,"Grupo PINSA",pinsa.com,C,agriculture_food_processing,0
54734998424,"Grupo Pochteca",pochteca.net,C,wholesale_distribution,0
54774194342,"GRUPO SIMEC MÉXICO",gsimec.com.mx,C,building_materials_industrial,0
54773560109,"Guangdong Vanward New Electric",vanward.com,C,automotive_heavy_mfg,0
54773417578,"Gymboree",gymboree.com,C,retail_grocery,0
54774295841,"Haagen Dazs",haagen-dazs.com,C,cpg_food_beverage,0
54773531832,"Habegger",habeggercorp.com,C,wholesale_distribution,0
54774365600,"Haddon House Food Products",haddonhouse.com,C,cpg_food_beverage,0
54723051550,"Hagiwara America",hagiwara.co.jp,C,automotive_heavy_mfg,0
54774333778,"Handi-Foil",handi-foil.com,C,wholesale_distribution,0
15010313812,"Hanesbrands",,C,retail_grocery,0
54773565543,"Hans Segmüller Polstermöbelfabrik",segmueller.de,C,wholesale_distribution,0
54774239050,"Harlan Bakeries",harlanbakeries.com,C,agriculture_food_processing,0
54753018289,"Harris Products Group",harrisproductsgroup.com,C,automotive_heavy_mfg,0
54773581389,"Hart & Cooley",hartandcooley.com,C,building_materials_industrial,0
54752278627,"Harvey Building Products",harveybuildingproducts.com,C,building_materials_industrial,0
54773458817,"HeartWare",heartware.com,C,building_materials_industrial,0
9146050566,"Heineken",,C,wholesale_distribution,0
54726267203,"Helena Agri-Enterprises",helenaagri.com,C,agriculture_food_processing,0
54720630841,"Henry a Carlisle Company",henry.com,C,building_materials_industrial,0
54773366954,"Hensall Co-op",hensallco-op.ca,C,agriculture_food_processing,0
54773404774,"Hercules Offshore",herculesoffshore.com,C,chemicals_plastics,0
54774271343,"Hillphoenix",hillphoenix.com,C,retail_grocery,0
54755953784,"Hillyard",hillyard.com,C,chemicals_plastics,0
54774239055,"HILONG GROUP OF COMPANIES",hilonggroup.com,C,chemicals_plastics,0
54773346441,"Hiossen",hiossen.com,C,building_materials_industrial,0
54758202487,"HiTouch Business Services",hitouchbusinessservices.com,C,retail_grocery,0
54773458830,"HL Mando Corporation Mexico",mando.com,C,automotive_heavy_mfg,0
54755808014,"Hodogaya Chemical",hodogaya.co.jp,C,chemicals_plastics,0
54774147074,"Hog Slat",hogslat.com,C,automotive_heavy_mfg,0
54720795443,"Home Depot/Your Other Warehouse",yourotherwarehouse.com,C,retail_grocery,0
54773326506,"Honda of Canada Mfg",,C,automotive_heavy_mfg,0
54720485280,"Honda R&D Americas",hondaresearch.com,C,automotive_heavy_mfg,0
54751057176,"HP Hood",hood.com,C,agriculture_food_processing,0
54773366965,"HSN",hsn.com,C,retail_grocery,0
54774161588,"Hubbell Lighting",hubbelllighting.com,C,automotive_heavy_mfg,0
54774203259,"Huttig Building Products",woodgraindistribution.com,C,building_materials_industrial,0
54754706308,"Hwashin America",hwashin-usa.com,C,automotive_heavy_mfg,0
54774256918,"Hyundai GLOVIS",glovis.net,C,3pl_carrier,0
54762609771,"Hyundai Green Food",hyundaigreenfood.com,C,cpg_food_beverage,0
54773597965,"Hyundai MOBIS Alabama",mobisalabamallc.com,C,automotive_heavy_mfg,0
54754341448,"Hyundai Translead",hyundaitranslead.com,C,3pl_carrier,0
54753770058,"IC Bus",icbus.com,C,automotive_heavy_mfg,0
54726267202,"ICI Paints",ici.com,C,chemicals_plastics,0
45003060779,"Idahoan Foods",idahoan.com,C,agriculture_food_processing,0
54774317325,"IGA",iga.com,C,retail_grocery,0
54774368401,"IMDEX",techdirectional.com,C,building_materials_industrial,0
54774277279,"IMG Models",imgmodels.com,C,retail_grocery,0
15729550433,"iMpact TMS",,C,3pl_carrier,0
54774368408,"Impella",impella.com,C,building_materials_industrial,0
54774234373,"Imperial Oil",imperialoil.ca,C,chemicals_plastics,0
54756938592,"IMT Group",imtcorporation.com,C,automotive_heavy_mfg,0
54773431198,"Inabata México SA de CV",inabata.co.jp,C,3pl_carrier,0
54774266023,"Industrias CH SAB de CV",industriasch.com.mx,C,automotive_heavy_mfg,0
54773469842,"Industrias Tajín",tajin.com,C,cpg_food_beverage,0
55459548775,"Infinity Bottling",,C,cpg_food_beverage,0
15666669468,"Ingram Industries",,C,automotive_heavy_mfg,0
54774298719,"Ingram Marine",ingrammarinegroup.com,C,ports_intermodal,0
54773539439,"Interbake Foods",interbake.com,C,agriculture_food_processing,0
54773404755,"Interline Brands",interlinebrands.com,C,3pl_carrier,0
54774295861,"International Equipment Solutions",iesholdings.com,C,automotive_heavy_mfg,0
54774377040,"International Textile Group",itg-global.com,C,wholesale_distribution,0
54773516382,"IPG",itape.com,C,paper_packaging,0
54774219886,"ISSEMYM",issemym.gob.mx,C,retail_grocery,0
54774271349,"ISU Petasys",isupetasys.com,C,automotive_heavy_mfg,0
54773366967,"IT'SUGAR",itsugar.com,C,retail_grocery,0
10029410484,"ITF Group",,C,3pl_carrier,0
54773518234,"Ivanhoe Mines",ivanhoemines.com,C,building_materials_industrial,0
54774304108,"J. G. Boswell Company",jgboswell.com,C,agriculture_food_processing,0
54773505595,"JA",jamericatlg.com,C,retail_grocery,0
55459289780,"JacksonFill Contract Manufacturing",,C,building_materials_industrial,0
54726918997,"Jatco Mexico",jatco.com.mx,C,automotive_heavy_mfg,0
10029566241,"JB Hunt",,C,3pl_carrier,0
54752278613,"JBL Professional",jblpro.com,C,automotive_heavy_mfg,0
9145485385,"JBS",,C,agriculture_food_processing,0
54773363818,"JCS",jarden.com,C,automotive_heavy_mfg,0
54755808000,"Jeep",jeep.com,C,automotive_heavy_mfg,0
54773509561,"Jelly Belly Candy Company",jellybelly.com,C,agriculture_food_processing,0
54752278614,"Jennie-O Turkey Store",jennieo.com,C,agriculture_food_processing,0
54757284220,"JFE Holdings",jfe-holdings.co.jp,C,building_materials_industrial,0
54773551469,"JFLA Holdings",j-fla.com,C,cpg_food_beverage,0
54773597958,"Jiffy Lube International",jiffylube.com,C,automotive_heavy_mfg,0
54774256824,"JNBY CHINA",jnby.com,C,retail_grocery,0
54756938588,"Johnson Health Tech",johnsonfitness.com.tw,C,wholesale_distribution,0
54773439232,"Jones & Frank",jones-frank.com,C,chemicals_plastics,0
54773581401,"Jordano's Foodservice",jordanos.com,C,cpg_food_beverage,0
54773581404,"Jos. A. Bank Clothiers",josbank.com,C,retail_grocery,0
54727912047,"K&G Fashion Superstore",kgstores.com,C,retail_grocery,0
54773398020,"Kaeser Compressors USA",kaeser.com,C,automotive_heavy_mfg,0
54774266003,"Kaman Distribution",kamandirect.com,C,automotive_heavy_mfg,0
54720795461,"Kangnam Jevisco Co",jevisco.com,C,chemicals_plastics,0
54773537440,"Kawasaki Motors Manufacturing Corp. U.S.A",kawasakicareers.com,C,building_materials_industrial,0
54774308785,"Kawasaki Rail Car",kawasakirailcar.com,C,3pl_carrier,0
54774277256,"Kawneer Company",kawneer.com,C,building_materials_industrial,0
54773546514,"Kay Jewelers",kay.com,C,wholesale_distribution,0
54754528343,"KAYU",kayudesign.com,C,retail_grocery,0
54773439143,"KBR/Energo Engineering",energoeng.com,C,chemicals_plastics,0
54773571342,"KCC Glass",kccglass.co.kr,C,building_materials_industrial,0
55554511392,"Kellogg Company",kelloggs.com,C,cpg_food_beverage,0
54774321756,"Ken Ganley Automotive Group",kenganleyauto.com,C,automotive_heavy_mfg,0
54774249895,"KEPCO E&C",kepco-enc.com,C,automotive_heavy_mfg,0
54756458151,"Kerry Foodservice",kerryfoodservice.com,C,cpg_food_beverage,0
15066875797,"Keurig",,C,cpg_food_beverage,0
54773568608,"Keurig Green Mountain",,C,cpg_food_beverage,0
54774211600,"Key Safety",keysafetyinc.com,C,automotive_heavy_mfg,0
54711198571,"Kingof Freight",kingsoffreight.com,C,3pl_carrier,0
54762328347,"Kingold Jewelry",kingoldjewelry.com,C,wholesale_distribution,0
54773518244,"Kings Super Markets",kingsfoodmarkets.com,C,retail_grocery,0
54773425244,"Kintetsu World Express",kweusa.com,C,3pl_carrier,0
54751057181,"KITZ JAPAN",kitz.com,C,automotive_heavy_mfg,0
54728249706,"Knoll",knoll.com,C,wholesale_distribution,0
54753018296,"Koch Enterprises",kochenterprises.com,C,automotive_heavy_mfg,0
54773411903,"KORAIL",korail.go.kr,C,3pl_carrier,0
54773581388,"Korea Electronic Power Industrial Development",kepid.co.kr,C,building_materials_industrial,0
54774247024,"Korea Petrochemical Ind Co",kpic.co.kr,C,chemicals_plastics,0
54773467975,"Korea Refractories Co",fskrc.co.kr,C,building_materials_industrial,0
15728730192,"Kronos",,C,3pl_carrier,0
15728730160,"Kuebix",,C,3pl_carrier,0
54774283163,"Kumiai Chemical Industry Co",kumiai-chem.co.jp,C,automotive_heavy_mfg,0
55459590001,"Kutztown Bottling Works",,C,cpg_food_beverage,0
54773503086,"KWIK FILL",kwikfill.com,C,cpg_food_beverage,0
54773518238,"Kwik Shop",kwikshop.com,C,retail_grocery,0
54774241959,"L&W Supply",lwsupply.com,C,building_materials_industrial,0
54774311786,"La Coop fédérée",lacoop.coop,C,agriculture_food_processing,0
54773450540,"LA Sanitation & Environment",lacitysan.org,C,3pl_carrier,0
54773548076,"La Senza",lasenza.com,C,retail_grocery,0
10405824342,"La-Z-Boy",,C,retail_grocery,0
54757122946,"Lafarge Africa Plc",com.ng,C,building_materials_industrial,0
54773489259,"Laitram",laitram.com,C,automotive_heavy_mfg,0
54758202490,"Lallemand Plant Care EMEA",,C,agriculture_food_processing,0
54773475632,"Lancaster Colony",lancastercolony.com,C,agriculture_food_processing,0
54774169223,"Lee",lee.com,C,retail_grocery,0
54774260026,"Letica",letica.com,C,paper_packaging,0
54774262924,"Levapan",levapan.com,C,agriculture_food_processing,0
54773361210,"Lewis Energy Group",lewisenergy.com,C,chemicals_plastics,0
54774219907,"Link-Belt Cranes",linkbelt.com,C,automotive_heavy_mfg,0
54774298724,"LINN Energy",linnenergy.com,C,chemicals_plastics,0
54773489255,"Logan Aluminum",logan-aluminum.com,C,building_materials_industrial,0
15729538979,"LogiNext Mile",,C,3pl_carrier,0
45001974542,"Long Beach Container Terminal",lbct.com,C,3pl_carrier,0
54773535604,"Longo Toyota",longotoyota.com,C,automotive_heavy_mfg,0
54754706303,"Lord & Taylor",lordandtaylor.com,C,retail_grocery,0
54774203283,"Lordco Auto Parts",lordco.com,C,automotive_heavy_mfg,0
54773458835,"Los Angeles County Sanitation Districts",lacsd.org,C,3pl_carrier,0
54774260025,"Louisiana Cat",louisianacat.com,C,automotive_heavy_mfg,0
54774132340,"Lozier",lozier.com,C,building_materials_industrial,0
54755312270,"LTD Commodities",,C,retail_grocery,0
54774192913,"Lucky's Market",luckysmarket.com,C,retail_grocery,0
15728845355,"Luminate Logistics (Blue Yonder?)",,C,3pl_carrier,0
54774244200,"Lundin Gold",lundingold.com,C,building_materials_industrial,0
11221938215,"Luxottica",,C,wholesale_distribution,0
54754341443,"Mabuchi Motor",mabuchi-motor.com,C,automotive_heavy_mfg,0
54773581410,"Mac Tools",mactools.com,C,automotive_heavy_mfg,0
54720630839,"MacDon Industries",macdon.com,C,automotive_heavy_mfg,0
54773546509,"Madison Industries",madison.net,C,building_materials_industrial,0
15728844706,"Manhattan",,C,3pl_carrier,0
54773427860,"MARSHALLS",marshalls.com,C,retail_grocery,0
54774368392,"Martin Midstream Partners L.P",mmlp.com,C,chemicals_plastics,0
54773472881,"Maruchan",maruchan.com,C,agriculture_food_processing,0
54773571346,"Mast Global",,C,retail_grocery,0
54773486639,"Matcor-Matsu Group",matcor-matsu.com,C,automotive_heavy_mfg,0
54755807929,"Material Handling",mhsglobal.com,C,automotive_heavy_mfg,0
54769741719,"Mathis Home",mathishome.com,C,wholesale_distribution,0
54773537444,"Mayer",mayerelectric.com,C,wholesale_distribution,0
54773411913,"Mazak North America",mazakusa.com,C,automotive_heavy_mfg,0
54762328337,"Mazda de México Vehicle Operation",mazda.com,C,automotive_heavy_mfg,0
54773507233,"Mazda Toyota Manufacturing",mazdatoyota.com,C,automotive_heavy_mfg,0
45008014720,"McCain Foods USA",mccain.com,C,cpg_food_beverage,0
15728729005,"McLeod",,C,3pl_carrier,0
54774200334,"MegaMex Foods",megamexfoods.com,C,cpg_food_beverage,0
54774336929,"Meherrin Agricultural and Chemical Company",meherrinag.com,C,chemicals_plastics,0
54773411915,"Meiko Electonics",meiko-elec.com,C,automotive_heavy_mfg,0
55554489379,"MENARDS",menard-inc.com,C,building_materials_industrial,0
15728729239,"Mercury Gate",,C,3pl_carrier,0
54773439138,"Meridian Lightweight",meridian-mag.com,C,automotive_heavy_mfg,0
54773565562,"Metals USA",metalsusa.com,C,building_materials_industrial,0
54774262927,"Mewbourne Oil Company",mewbourne.com,C,chemicals_plastics,0
54774239053,"Mexico Huazhong Automotive Technology",cn-huazhong.com,C,automotive_heavy_mfg,0
54773475634,"MGS a Coesia company",mgsmachine.com,C,automotive_heavy_mfg,0
54774241947,"Midwest Manufacturing",midwestmanufacturing.com,C,building_materials_industrial,0
45145577256,"Midwest Motor Express",mmeinc.com,C,3pl_carrier,0
54774200354,"Mii Brand Import",victoriassecretandco.com,C,retail_grocery,0
54773571359,"Miller Industries",millerind.com,C,automotive_heavy_mfg,0
54774357284,"Minera Frisco",minerafrisco.com.mx,C,building_materials_industrial,0
54773367044,"Minnesota Rubber and Plastics Trelleborg Sealing Solutions",mnrubber.com,C,chemicals_plastics,0
54773439147,"Minsa",minsa.com,C,agriculture_food_processing,0
54773408531,"Mitsuba",mitsuba.co.jp,C,automotive_heavy_mfg,0
54774300938,"Mitsubishi Chemical America",mitsubishi-chemical.com,C,chemicals_plastics,0
54773475635,"Mitsuboshi Belting",mitsuboshi.com,C,automotive_heavy_mfg,0
54728423015,"Mitsui High-tec",mitsui-high-tec.com,C,automotive_heavy_mfg,0
54725620583,"Modell's Sporting Goods",modells.com,C,retail_grocery,0
54774241954,"Modere",modere.com,C,retail_grocery,0
54774247010,"Monarch Beverage",monarch-beverage.com,C,wholesale_distribution,0
54773478569,"Monster Beverage",monsterbevcorp.com,C,cpg_food_beverage,0
54774254766,"Motus Integrated",motusintegrated.com,C,automotive_heavy_mfg,0
54774194323,"MP",unkownsuccession.com,C,automotive_heavy_mfg,0
54774377042,"Mullen Group",mullen-group.com,C,3pl_carrier,0
54773484614,"NACCO Natural Resources",nacco.com,C,building_materials_industrial,0
54764080219,"Nadex Mexicana",nadex.co.jp,C,automotive_heavy_mfg,0
54773486622,"Nalco Champion An Ecolab Company",,C,chemicals_plastics,0
54727912052,"National Water Supply and Drainage Board",waterboard.lk,C,chemicals_plastics,0
54726267212,"Nautica",nautica.com,C,retail_grocery,0
54773548081,"Navarro Discount Pharmacy",navarro.com,C,retail_grocery,0
54773492111,"Navien México",kdnavien.com,C,paper_packaging,0
54773597973,"NBHX Trim Mexico S de RL de CV",nbhx-trim.com,C,building_materials_industrial,0
54734998410,"NDK America",ndk.com,C,automotive_heavy_mfg,0
54773408528,"NEBS",deluxe.ca,C,paper_packaging,0
54711198573,"Neenah",neenah.com,C,building_materials_industrial,0
54736059264,"NEMF",nemf.com,C,3pl_carrier,0
54774237028,"Neovia group",,C,agriculture_food_processing,0
54773539432,"Nestlé México",nestle.com.mx,C,cpg_food_beverage,0
54754341452,"Neutrogena",neutrogena.com,C,building_materials_industrial,0
54774345133,"New Britain Palm Oil",com.pg,C,agriculture_food_processing,0
54773484625,"New Gold",newgold.com,C,building_materials_industrial,0
54773489266,"New Hampshire Liquor Commission",liquorandwineoutlets.com,C,retail_grocery,0
54773363811,"New Penn Motor Express",newpenn.com,C,3pl_carrier,0
54756257190,"Newfield Exploration",newfield.com,C,chemicals_plastics,0
10435017608,"NewLab",,C,3pl_carrier,0
55459546223,"Nfinity Courier And Logistics, Inc",,C,3pl_carrier,0
54774244203,"Nichirei",nichirei.co.jp,C,cpg_food_beverage,0
54773422760,"Nine West Group",ninewest.com,C,retail_grocery,0
54773516383,"Nissei ASB Company",nisseiasb.co.jp,C,automotive_heavy_mfg,0
54774304105,"No Fear",nofear.com,C,retail_grocery,0
54774161691,"Noble Energy",nblenergy.com,C,chemicals_plastics,0
54754528336,"Nongshim America",nongshimusa.com,C,agriculture_food_processing,0
54769741697,"Noranda Aluminum",norandaaluminum.com,C,building_materials_industrial,0
54773568611,"Norandex Building Products",norandex.com,C,building_materials_industrial,0
54774357282,"NORMA Lebensmittelfilialbetrieb Stiftung & Co. KG",norma-online.de,C,retail_grocery,0
54773486633,"North American Hoganas",nah.com,C,building_materials_industrial,0
54773518231,"Northwest Natural Holding Company",nwnaturalholdings.com,C,building_materials_industrial,0
15729538891,"nShift TMS",,C,3pl_carrier,0
11813210654,"Nucor",,C,building_materials_industrial,0
54773361202,"Nucor Building",nucorbuildingsystems.com,C,building_materials_industrial,0
54756257194,"NUEVA WALMART DE MEXICO",walmartmexico.com.mx,C,retail_grocery,0
45140454958,"Nussbaum Transportation",nussbaum.com,C,3pl_carrier,0
54774283162,"Nutraceutical",nutraceutical.com,C,building_materials_industrial,0
54773398019,"NWPX Infrastructure",nwpx.com,C,building_materials_industrial,0
17368472837,"oatey",,C,building_materials_industrial,0
54774203261,"Obara",obara.co.jp,C,retail_grocery,0
54750793828,"OC Transpo",octranspo.com,C,3pl_carrier,0
54773436222,"OILES America",oilesglobal.com,C,automotive_heavy_mfg,0
10223888537,"Old Dominion",,C,3pl_carrier,0
54774368379,"Olympic Group",,C,retail_grocery,0
54758074034,"Olympus IMS",olympus-ims.com,C,automotive_heavy_mfg,0
54773481499,"OM Group",omgi.com,C,chemicals_plastics,0
54774277277,"OMNOVA",omnova.com,C,chemicals_plastics,0
54773529105,"ONEBURRIS",oneburris.com,C,3pl_carrier,0
15728729721,"Oracle",,C,3pl_carrier,0
45133927749,"Ore-Ida",oreida.com,C,cpg_food_beverage,0
54774336943,"OrthoLite",ortholite.com,C,building_materials_industrial,0
54773450517,"OTOKI America",otoki.com,C,cpg_food_beverage,0
54774229430,"Ottogi",ottogi.co.kr,C,cpg_food_beverage,0
54726918993,"Overstock",overstock.com,C,retail_grocery,0
54773503109,"OWNER-OPERATOR",schneiderowneroperators.com,C,retail_grocery,0
54773548088,"P&K Equipment",pkequipment.com,C,retail_grocery,0
9333551988,"Paccar",,C,3pl_carrier,0
54773415302,"Pacific Manufacturing Ohio",pacific-ind.co.jp,C,automotive_heavy_mfg,0
54774368380,"Pakistan Railways",pakrail.com,C,3pl_carrier,0
54773478578,"Paladin",industrialtoolsandattachments.com,C,building_materials_industrial,0
54756610612,"Paleteria La Michoacana",michoacana.com,C,agriculture_food_processing,0
54773431195,"Pan International USA",panintl.com,C,building_materials_industrial,0
54773542919,"Panther Premium Logistics",joinpanther.com,C,3pl_carrier,0
54773563452,"PAPIER-METTLER",papier-mettler.com,C,paper_packaging,0
54773507221,"Park Place Dealerships",parkplace.com,C,automotive_heavy_mfg,0
54756257183,"Passion Parties",passionparties.com,C,retail_grocery,0
54774317313,"Patrick Morin",patrickmorin.com,C,retail_grocery,0
54756938587,"Patterson Veterinary Supply",pattersonvet.com,C,building_materials_industrial,0
8536611588,"Pepsi",pepsi.com,C,cpg_food_beverage,0
54762609770,"Peterbilt Motors Company",peterbilt.com,C,3pl_carrier,0
54762482060,"Petro-Canada Lubricants",petrocanadalubricants.com,C,chemicals_plastics,0
54750793813,"Phoenix Metals",phoenixmetals.com,C,building_materials_industrial,0
54774333756,"PhoenixBev",phoenixbev.mu,C,cpg_food_beverage,0
54773382717,"PIC Group",picgroupinc.com,C,chemicals_plastics,0
54756610592,"Pick 'n Save",picknsave.com,C,cpg_food_beverage,0
54773411904,"Pier 1",pier1.com,C,retail_grocery,0
54734689083,"Piercing Pagoda",banter.com,C,retail_grocery,0
54774277289,"PILOT",pilot.co.jp,C,building_materials_industrial,0
54774161682,"Piolax",piolaxusa.com,C,automotive_heavy_mfg,0
54774271351,"Pioneer Electronics",usa.pioneer,C,automotive_heavy_mfg,0
54773507214,"Piston Interiors",irvinproducts.com,C,automotive_heavy_mfg,0
54773361217,"Plains Marketing",plainsmarketing.com,C,chemicals_plastics,0
54734689089,"Play It Again Sports",playitagainsportswoodinville.com,C,wholesale_distribution,0
54773475612,"POOLCORP",poolcorp.com,C,wholesale_distribution,0
54773475609,"Port of Los Angeles",portoflosangeles.org,C,ports_intermodal,0
10032371609,"Port of Virginia",,C,3pl_carrier,0
54764080214,"Pottery Barn",potterybarn.com,C,retail_grocery,0
54773432609,"Praxair",,C,chemicals_plastics,0
54720795459,"Preferred Pump & Equipment",preferredpump.com,C,wholesale_distribution,0
54762328340,"Prime Automotive Group",driveprime.com,C,automotive_heavy_mfg,0
54773346439,"Pringles",pringles.com,C,cpg_food_beverage,0
9145484982,"Procter & Gamble",,C,wholesale_distribution,0
54725620588,"Propex",propexglobal.com,C,wholesale_distribution,0
54773489260,"PTSolutions",pts-tools.com,C,automotive_heavy_mfg,0
54773374253,"PulteGroup",pultegroupinc.com,C,wholesale_distribution,0
54774353833,"Pyung Hwa",ph.co.kr,C,automotive_heavy_mfg,0
54756112446,"QEWC",qewc.com,C,chemicals_plastics,0
54773411907,"Quadra Ingredients",quadraingredients.ca,C,cpg_food_beverage,0
54773492097,"Quality Integrated Services",qisinspection.com,C,chemicals_plastics,0
54756112436,"Quiksilver",quiksilver.com,C,retail_grocery,0
54720630854,"R Associates",r-associates.com,C,wholesale_distribution,0
54774161678,"R.P. Lumber Company",rplumber.com,C,building_materials_industrial,0
54774132326,"Randalls Food Market",randalls.com,C,cpg_food_beverage,0
54774164021,"Ratner Companies",ratnerco.com,C,retail_grocery,0
55459200655,"Raybestos Powertrain - Manufacturing Plant",,C,automotive_heavy_mfg,0
54728423016,"Raychem",chemelex.com,C,automotive_heavy_mfg,0
54774252037,"RCM",,C,automotive_heavy_mfg,0
54773472880,"Ready Pac Foods",readypac.com,C,agriculture_food_processing,0
54773603762,"Redi Carpet",redicarpet.com,C,building_materials_industrial,0
54773581390,"Remington 1816",remington.com,C,retail_grocery,0
54773361195,"Remy International",remyinc.com,C,automotive_heavy_mfg,0
54773455642,"Rheon USA",rheon.com,C,automotive_heavy_mfg,0
10302115374,"Richmond Foods",,C,cpg_food_beverage,0
55459434420,"Rios Packaging Corporation, LLC",,C,paper_packaging,0
54762609769,"RoadOne Intermodal",notjustdrayage.com,C,3pl_carrier,0
54774324993,"Roadrunner",rrshuttle.com,C,3pl_carrier,0
54773425256,"ROBAM",robam.com,C,automotive_heavy_mfg,0
54755807917,"RoboSense",robosense.ai,C,automotive_heavy_mfg,0
54756938597,"Roc Oil Company",e2coste1.info,C,chemicals_plastics,0
54736059282,"Roche Diabetes Care",rochediabetes.com,C,building_materials_industrial,0
54773505590,"Rolls-Royce Solutions",,C,automotive_heavy_mfg,0
15728730235,"Route4ME",,C,3pl_carrier,0
54773415317,"Roxgold",roxgold.com,C,building_materials_industrial,0
54773460508,"RSI Home Products",rsihomeproducts.com,C,paper_packaging,0
54773548102,"RTS Packaging",rtspackaging.com,C,paper_packaging,0
54774247021,"Rubbermaid Home Products",rubbermaid.com,C,wholesale_distribution,0
54773415318,"rue21",rue21.com,C,retail_grocery,0
54774203263,"RumbleOn",ridenow.com,C,automotive_heavy_mfg,0
54773481510,"RUSH TRUCK CENTER",petetrucks.com,C,3pl_carrier,0
54756112449,"RWC Group",rwcgroup.com,C,3pl_carrier,0
54720630849,"SABORMEX",sabormex.com.mx,C,cpg_food_beverage,0
54774328444,"SAC Wireless",sacw.com,C,building_materials_industrial,0
54774353835,"Sahuayo",sahuayo.com.mx,C,wholesale_distribution,0
54773529115,"Saint-Gobain Asia-Pacific",saint-gobain.com.cn,C,building_materials_industrial,0
54773507232,"Saks Fifth Avenue Stores",careersatsfa.com,C,retail_grocery,0
54773551470,"Sally Beauty",sallybeautyholdings.com,C,retail_grocery,0
54774132345,"Samson Resources",samson.com,C,chemicals_plastics,0
54774271342,"Sanoh America",sanoh-america.com,C,automotive_heavy_mfg,0
15728844812,"SAP",,C,3pl_carrier,0
54773512546,"Saskatoon Co-operative Association",saskatoonco-op.crs,C,retail_grocery,0
54774311783,"Savanna Energy",savannaenergy.com,C,chemicals_plastics,0
54773382710,"Scentsy",simon.us,C,building_materials_industrial,0
54773436205,"Schneider Electric Industrial Services",schneiderelectricrepair.com,C,automotive_heavy_mfg,0
54773427855,"Schwan's Home Delivery",,C,cpg_food_beverage,0
54774161694,"SCP",scppool.com,C,retail_grocery,0
54773374260,"Seacoast Investor Services",seacoastbanking.com,C,3pl_carrier,0
54750793815,"Seal For Life Industries",sealforlife.com,C,chemicals_plastics,0
54774266026,"Sears Hometown and Outlet Stores",shos.com,C,retail_grocery,0
54723051556,"Sears México",sears.com.mx,C,retail_grocery,0
54774266004,"SECO International",secote.com,C,automotive_heavy_mfg,0
54774345122,"Sedano's Supermarket",sedanos.com,C,retail_grocery,0
54773597956,"Sensient Food Color",sensientfoodcolors.com,C,cpg_food_beverage,0
54774295851,"SEOYON E-HWA AUTOMOTIVE SLOVAKIA s.r.o",seoyoneh.sk,C,automotive_heavy_mfg,0
54773363822,"Shaffer Trucking",driveshaffer.com,C,3pl_carrier,0
54774274597,"Shaw Contract",shawcontract.com,C,wholesale_distribution,0
54734689085,"Shawcor",shawcor.com,C,building_materials_industrial,0
54727671152,"Sheehan Family Companies",sheehanfamilycompanies.com,C,cpg_food_beverage,0
15728845227,"ShipHawk",,C,3pl_carrier,0
15728845382,"Shiptify",,C,3pl_carrier,0
15728730248,"Shipwell",,C,3pl_carrier,0
54756112443,"Shoppers World",shoppersworldusa.com,C,retail_grocery,0
54773484612,"Sierra",sierra.com,C,retail_grocery,0
54773464626,"Silvercorp Metals",silvercorpmetals.com,C,building_materials_industrial,0
54773346418,"Simpson Manufacturing Company",simpsonmfg.com,C,building_materials_industrial,0
54752278628,"Sinarmas Agribusiness and Food",sinarmas-agri.com.cn,C,agriculture_food_processing,0
54753770045,"SL Tennessee",sl-america.com,C,automotive_heavy_mfg,0
54756257185,"Sleepy's The Mattress Professionals",sleepys.com,C,retail_grocery,0
54774308793,"SmartStyle Salons",smartstyle.com,C,retail_grocery,0
54774252041,"Smith's Food & Drug Centers",smithsfoodanddrug.com,C,retail_grocery,0
9145485607,"Smithfield",,C,agriculture_food_processing,0
54774241946,"So.Farma.Morra Group",sofarmamorra.it,C,3pl_carrier,0
54773446282,"SoftMoc",softmoc.com,C,retail_grocery,0
54773560108,"Soma",soma.com,C,retail_grocery,0
54774368381,"SONGMICS HOME",songmicshomeb2b.com,C,wholesale_distribution,0
54773374256,"Southern Motion",southernmotion.com,C,wholesale_distribution,0
54773326503,"Southern Tire Mart",stmtires.com,C,automotive_heavy_mfg,0
55442005661,"Southwark Metal Manufacturing Co",,C,building_materials_industrial,0
54736059269,"Specs Liqour",,C,retail_grocery,0
54773450544,"Spectranetics",spectranetics.com,C,building_materials_industrial,0
54774321774,"Sperry",sperry.com,C,building_materials_industrial,0
54720630843,"Sport Chalet",sportchalet.shop,C,retail_grocery,0
54773568612,"Sporting Life",sportinglife.ca,C,retail_grocery,0
54750360183,"STANLEY Access",stanleyaccess.com,C,building_materials_industrial,0
54773455652,"Stanton Optical",stantonoptical.com,C,retail_grocery,0
54774147001,"Starcrest Products of California",starcrest.com,C,retail_grocery,0
55441703723,"Stearns Packaging Corporation",,C,paper_packaging,0
17368856845,"Steel Dynamics",,C,building_materials_industrial,0
54774241942,"Stein Mart",steinmart.com,C,retail_grocery,0
54774249894,"Stella D'oro",stelladoro.com,C,agriculture_food_processing,0
54774353828,"Sterilite",sterilite.com,C,wholesale_distribution,0
54762482056,"Stewart's Shops",stewartsshops.com,C,retail_grocery,0
54774247013,"Stimson Lumber Company",stimsonlumber.com,C,paper_packaging,0
54774171936,"STOCKMEIER Group",stockmeier.com,C,chemicals_plastics,0
54774200339,"STOLL by KARL MAYER",stoll.com,C,automotive_heavy_mfg,0
54774321760,"StoneCo",stoneco.co,C,building_materials_industrial,0
54773495587,"Stornoway Diamonds",stornowaydiamonds.com,C,building_materials_industrial,0
54773446285,"STRACK & VAN TIL SUPER MARKETS",strackandvantil.com,C,cpg_food_beverage,0
54773404782,"Stripes Convenience Stores",stripesstores.com,C,retail_grocery,0
54774321773,"STURM FOODS INC a Treehouse Foods Company",sturmfoods.com,C,cpg_food_beverage,0
54774147078,"SuKarne",sukarne.com,C,agriculture_food_processing,0
54774256910,"Sullair",sullair.com,C,automotive_heavy_mfg,0
54774314513,"Sullivan Tire And Auto Service",sullivantire.com,C,automotive_heavy_mfg,0
54762328330,"Sumitomo Electric Wiring",sewsus.com,C,automotive_heavy_mfg,0
54773531912,"Summit Polymers",summitpolymers.com,C,automotive_heavy_mfg,0
54773551479,"Summit Racing Equipment",summitracing.com,C,retail_grocery,0
54757284227,"Sungwoo Hitech México",swhitech.com,C,automotive_heavy_mfg,0
54774317314,"Sunny Delight Beverages",sunnyd.com,C,cpg_food_beverage,0
54773478583,"Sunshine Guojian Pharmaceutical",3s-guojian.com,C,chemicals_plastics,0
54728423018,"Sunsweet Ingredients",,C,agriculture_food_processing,0
54773374249,"Super Ego Holding",superegoholding.com,C,3pl_carrier,0
54734689092,"SuperValu",supervalu.ie,C,retail_grocery,0
54751057184,"SupplyWorks Facility Maintenance",supplyworks.com,C,wholesale_distribution,0
54755808004,"Swanson Group",swansongroup.biz,C,paper_packaging,0
54773422750,"Swiss Chalet Fine Foods",scff.com,C,cpg_food_beverage,0
9333517928,"Sysco",,C,cpg_food_beverage,0
54774256900,"Systems Control",systemscontrol.com,C,automotive_heavy_mfg,0
54774164004,"Ta Chen Stainless Pipe Co",tachen.com.tw,C,building_materials_industrial,0
54734218504,"TAG Truck Center",tntxtruck.com,C,3pl_carrier,0
9463102568,"Tamko",,C,building_materials_industrial,0
54773467967,"Tanguay",tanguay.ca,C,retail_grocery,0
9144849203,"Target",,C,retail_grocery,0
54773507220,"Target Optical",targetoptical.com,C,retail_grocery,0
54773571343,"Teavana",teavana.com,C,retail_grocery,0
54774298737,"TechStyleOS",,C,retail_grocery,0
54756938589,"Tembec",rayonieram.com,C,paper_packaging,0
54725620586,"Tension Envelope & Print",tensionenvelope.com,C,paper_packaging,0
54773417563,"Tervita",tervita.com,C,3pl_carrier,0
54764080209,"Texaco",texaco.com,C,chemicals_plastics,0
9761704014,"TForce",,C,3pl_carrier,0
54774304100,"TG Missouri",tgmissouri.com,C,automotive_heavy_mfg,0
54762482055,"The",thelimited.com,C,retail_grocery,0
54773361215,"The Avon Company",avon.com,C,building_materials_industrial,0
54774353832,"The Bountiful Company",bountifulcompany.com,C,building_materials_industrial,0
54750793808,"The Coleman Company",coleman.com,C,building_materials_industrial,0
54773535624,"The Doe Run Company",doerun.com,C,building_materials_industrial,0
54774247026,"The Gorman Rupp Company",gormanrupp.com,C,automotive_heavy_mfg,0
54773453443,"The Great Atlantic & Pacific Tea Company",aptea.com,C,retail_grocery,0
54773453437,"The Hillman Group",hillmanremotes.com,C,automotive_heavy_mfg,0
54773417574,"The Mike's Hard Lemonade Company",mikeshard.com,C,cpg_food_beverage,0
54773535627,"THE ONEIDA GROUP",theoneidagroup.com,C,building_materials_industrial,0
55459247637,"The Storage Guy, LLC - Schneider Storage",,C,3pl_carrier,0
54773563453,"The Suburban Collection",suburbancollection.com,C,automotive_heavy_mfg,0
54720485265,"The Yankee Candle Company",yankeecandle.com,C,retail_grocery,0
54773382715,"Thomas Built Buses",thomasbuiltbuses.com,C,automotive_heavy_mfg,0
54774132344,"Thompson Tractor Company",thompsontractor.com,C,automotive_heavy_mfg,0
54727671155,"Thoratec now a part of St. Jude Medical",thoratec.com,C,building_materials_industrial,0
54756257203,"Tide To Go",,C,wholesale_distribution,0
54773436208,"Tillys",tillys.com,C,retail_grocery,0
54774241950,"Timberland",timberland.com,C,retail_grocery,0
10055330980,"Tinicum",,C,building_materials_industrial,0
54773592683,"Tires Plus Total Car Care",tiresplus.com,C,retail_grocery,0
54773535628,"Tito's Handmade Vodka",titosvodka.com,C,agriculture_food_processing,0
15728844824,"TMC - A Divison of CH Robinson",,C,3pl_carrier,0
54762178368,"TMC a division of C.H. Robinson",mytmc.com,C,3pl_carrier,0
54774314507,"Tmobile Dealer",t-mobiledealerordering.com,C,retail_grocery,0
45134234505,"TNT Holdings",tntholding.com,C,3pl_carrier,0
54774284858,"Tokyo Steel",tokyosteel.co.jp,C,automotive_heavy_mfg,0
54773431179,"Tootsie Roll Industries",tootsie.com,C,cpg_food_beverage,0
54774200344,"Topre Autoparts México",topre.co.jp,C,automotive_heavy_mfg,0
54773581409,"Toys""R""Us",toysrus.com,C,retail_grocery,0
54774254746,"TPR America",tpr.co.jp,C,automotive_heavy_mfg,0
54728423017,"Tractor Supply",orschelnfarmhome.com,C,retail_grocery,0
54774307391,"TransForce",transforce.com,C,3pl_carrier,0
54774219902,"TRANSMISIONES Y EQUIPOS MECANICOS TREMEC KUO",kuo.com,C,automotive_heavy_mfg,0
9354716241,"Transplace",,C,3pl_carrier,0
15728844883,"Transplace",,C,3pl_carrier,0
15728729370,"Transporean",,C,3pl_carrier,0
55459304821,"Transport Arthur Cuming Inc",,C,3pl_carrier,0
54773568603,"Treasure Factory Co",treasurefactory.co.jp,C,wholesale_distribution,0
54774164012,"Trend Offset Printing",trendoffset.com,C,paper_packaging,0
54774262931,"Tresmontes Lucchetti",tmluc-nutresa.mx,C,cpg_food_beverage,0
54756112438,"Trexon",trexon.com,C,automotive_heavy_mfg,0
54773432592,"Triumph Market Insights",triumph.io,C,3pl_carrier,0
54774304109,"Trussway Manufacturing",trussway.com,C,building_materials_industrial,0
54750360177,"Tuopu USA",tuopu.com,C,automotive_heavy_mfg,0
54774171939,"Tupperware",gottwbowls.com,C,retail_grocery,0
54773374258,"Turkey Hill Minit Markets",turkeyhillcstores.com,C,retail_grocery,0
15728730119,"Turvo (Lineage Logistics)",,C,3pl_carrier,0
54774279096,"TXC Technology",txccorp.com,C,automotive_heavy_mfg,0
54773374277,"U.S. Polo Assn. Retail",uspoloassn.com,C,retail_grocery,0
54762609778,"Uber Eats",ubereats.com,C,cpg_food_beverage,0
15728730258,"UberFreight TMS",,C,3pl_carrier,0
54726267217,"Ultium Cells",ultiumcell.com,C,building_materials_industrial,0
54762328332,"Ultramar",ultramar.ca,C,chemicals_plastics,0
54774353836,"Unified Grocers",unifiedgrocers.com,C,wholesale_distribution,0
9145485457,"Unilever",,C,wholesale_distribution,0
45008949880,"Unilever USA",unileverusa.com,C,wholesale_distribution,0
54773467968,"UNIPRES MEXICANA SA DE CV",unipres.co.jp,C,automotive_heavy_mfg,0
45005077595,"United Cargo Logistics",uclinc.com,C,3pl_carrier,0
54774260030,"United Furniture Industries",,C,wholesale_distribution,0
54773455640,"United Refrigeration",uri.com,C,wholesale_distribution,0
54774287800,"Upper Crust",uppercrust.com,C,agriculture_food_processing,0
54774304098,"Urban Planet Fashion",urban-planet.com,C,retail_grocery,0
54773439137,"US Auto Sales",usautosales.info,C,automotive_heavy_mfg,0
54773560090,"USNR",usnr.com,C,automotive_heavy_mfg,0
54774293597,"Valbruna Group USA",valbrunastainless.com,C,building_materials_industrial,0
54756938600,"Valhi",valhi.net,C,chemicals_plastics,0
54773542920,"Valley Agronomics",valleyag.com,C,agriculture_food_processing,0
54773527986,"Vector Marketing",thevectorimpact.com,C,building_materials_industrial,0
54774328445,"Veolus",veolus.com,C,3pl_carrier,0
54774353831,"Veren",vrn.com,C,chemicals_plastics,0
55459986736,"Vesana Logistics LLC",,C,3pl_carrier,0
54754706307,"Victor® Pest",victorpest.com,C,building_materials_industrial,0
54774277267,"Victoria´s Secret",vs.com,C,wholesale_distribution,0
54725620581,"Victory Packaging",,C,paper_packaging,0
54774209037,"Visible Supply Chain Management",visiblescm.com,C,3pl_carrier,0
54757284217,"Visual Comfort &",cir.ca,C,retail_grocery,0
54773464640,"VOLCOM",volcom.com,C,retail_grocery,0
55459278756,"Volk Packaging Corporation",,C,paper_packaging,0
54773535616,"Volkswagen Chattanooga Operations",volkswagengroupofamerica.com,C,automotive_heavy_mfg,0
54774200355,"VONS",vons.com,C,retail_grocery,0
54773495584,"Vyaire Medical",vyaire.com,C,building_materials_industrial,0
12137834138,"Wakefern",,C,retail_grocery,0
54773346429,"Waste Connections of Canada",wasteconnectionscanada.com,C,3pl_carrier,0
54773425251,"Wausau Paper",wausaupaper.com,C,paper_packaging,0
54773427859,"Wayne Fueling",,C,automotive_heavy_mfg,0
54769741702,"WCA Waste",wcawaste.com,C,3pl_carrier,0
54757284219,"Welch Allyn",welchallyn.com,C,building_materials_industrial,0
55459255674,"Western Logistics Inc - Specialized Furniture Carrier",,C,3pl_carrier,0
54773557276,"Westlake Chemical",wlkpartners.com,C,chemicals_plastics,0
54728423013,"Westlake Royal Roofing Solutions",westlakeroyalroofing.com,C,building_materials_industrial,0
54774277269,"Wilbur-Ellis Agribusiness",wilburellisagribusiness.com,C,chemicals_plastics,0
45142300417,"Wilson Logistics",wilsonlogistics.com,C,3pl_carrier,0
54773512540,"Wilsons Leather",wilsonsleather.com,C,retail_grocery,0
54773492101,"Wine Warehouse California",winewarehouse.com,C,agriculture_food_processing,0
54773404777,"Winston Retail",winstonretail.com,C,retail_grocery,0
54773537450,"Wittur Group",wittur.com,C,automotive_heavy_mfg,0
54750793827,"WoodCrafters",woodcrafters-tx.com,C,wholesale_distribution,0
54774324997,"Worldwide Oilfield Machine",womgroup.com,C,chemicals_plastics,0
54774247030,"Wrangler",wrangler.com,C,retail_grocery,0
54773489274,"Wright Service",wrightservicecorp.com,C,3pl_carrier,0
54762328324,"Wurth USA",wurthusa.com,C,automotive_heavy_mfg,0
54774295857,"WYOMING DEPARTMENT OF TRANSPORTATION",wy.us,C,3pl_carrier,0
54726918990,"Xinquan México Automotive Trim Ags",xinquan.cn,C,automotive_heavy_mfg,0
54774260028,"XTO Energy",xtoenergy.com,C,chemicals_plastics,0
54773326504,"Yamana Gold",panamericansilver.com,C,building_materials_industrial,0
54764080218,"YM",ym-inc.com,C,retail_grocery,0
54720485261,"Yonz Technology",yonz.com,C,building_materials_industrial,0
54773458816,"Your Mom's House",yourmoms.com,C,retail_grocery,0
45008485773,"Yusen Terminals",yti.com,C,ports_intermodal,0
54773453429,"ZALES JEWELERS",,C,retail_grocery,0
9744159110,"Zebra",,C,wholesale_distribution,0
54773450522,"Zhejiang Wanfeng Auto Wheel",wfaw.com.cn,C,automotive_heavy_mfg,0
54727912046,"Zhejiang Yonghe Refrigerant",qhyh.com,C,chemicals_plastics,0
54774357283,"Zhongyu Energy Holdings",zhongyuenergy.com,C,chemicals_plastics,0
54774203271,"ZOLTEK",zoltek.com,C,wholesale_distribution,0
54734689077,"Zulily",zulily.com,C,retail_grocery,0
54773427868,"東洋電機製造株式会社",toyodenki.co.jp,C,building_materials_industrial,0
54774219888,"沪上阿姨AUNTEA JENNY",aunteajenny.us,C,cpg_food_beverage,0
54762609777,"統一速達股份有限公司",t-cat.com.tw,C,3pl_carrier,0
54799584847,"",seaboardtrinidad.com,C,agriculture_food_processing,1
15728729443,"3GTMS",,C,3pl_carrier,1
15729539073,"3SC Platform",,C,3pl_carrier,1
54773382716,"A123",a123systems.com,C,3pl_carrier,1
9417594229,"A2B Logistics Inc",,C,3pl_carrier,1
54407219031,"AAA Freight",aaafreight.net,C,3pl_carrier,1
54429169535,"AB Vista",abvista.com,C,agriculture_food_processing,1
54772681301,"ABC Warehouse",abcwarehouse.com,C,retail_grocery,1
8974700086,"ABSOPURE WATER",absopure.com,C,cpg_food_beverage,1
54755808009,"Abt",abt.com,C,retail_grocery,1
54407528370,"ABX Packaging",abxpackaging.com,C,paper_packaging,1
54774345131,"Academy Bus",academybus.com,C,3pl_carrier,1
54425079130,"Acer",acer.com,C,wholesale_distribution,1
54774211587,"Acorn Stairlifts",acornstairlifts.com,C,building_materials_industrial,1
55554513985,"ADESA",adesa.com,C,automotive_heavy_mfg,1
54423530766,"ADirect Holdings",adirectholdings.com,C,agriculture_food_processing,1
54773498014,"Aéropostale",aeropostale.com,C,retail_grocery,1
54774208952,"Aesculap",aesculapusa.com,C,building_materials_industrial,1
54756610600,"Ag-Pro Companies",agproco.com,C,agriculture_food_processing,1
54408148116,"Agrati",agrati.com,C,automotive_heavy_mfg,1
54774237007,"Agri Beef",agribeef.com,C,agriculture_food_processing,1
54774219894,"AGS Automotive",agsautomotive.com,C,automotive_heavy_mfg,1
54755808019,"AGT Food and Ingredients",agtfoods.com,C,agriculture_food_processing,1
55554449065,"Aiphone",aiphone.com,C,automotive_heavy_mfg,1
54773198445,"Air International Thermal",ai-thermal.com,C,automotive_heavy_mfg,1
9238141840,"AISIN SEIKI",aisin.com,C,automotive_heavy_mfg,1
54772598605,"Aisin U.S.A. Mfg",aisinusa.com,C,automotive_heavy_mfg,1
54774321762,"AISIN World Corp. of America",aisinworld.com,C,automotive_heavy_mfg,1
54774317329,"AJC Group",ajcgroup.com,C,cpg_food_beverage,1
54772726957,"Alaska Commercial Company",alaskacommercial.com,C,retail_grocery,1
9249270566,"Alco Plastics",alcoplastics.com,C,chemicals_plastics,1
54774247011,"Aleris",aleris.com,C,building_materials_industrial,1
54773411911,"Ali Group",aligroup.com,C,automotive_heavy_mfg,1
54758074033,"All Surfaces",allsurfaces.com,C,building_materials_industrial,1
54412656215,"Allyn International",allynintl.com,C,3pl_carrier,1
54754696834,"Alro Steel",alro.com,C,building_materials_industrial,1
54403698818,"Alstom",alstom.com,C,3pl_carrier,1
54410073452,"Amante 1530",amante1530.com,C,cpg_food_beverage,1
9438787434,"AMB Logistic",,C,3pl_carrier,1
54407219024,"American Greetings",amgreetings.com,C,wholesale_distribution,1
8929380616,"American Specialty Oils",americanspecialtyoils.com,C,agriculture_food_processing,1
54774268466,"American Vanguard",american-vanguard.com,C,chemicals_plastics,1
54774279091,"Amick Farms",amickfarms.com,C,agriculture_food_processing,1
54906108163,"Amigo Mobility International",myamigo.com,C,wholesale_distribution,1
54773478584,"Amphenol CIT",amphenol-cit.com,C,automotive_heavy_mfg,1
54434432536,"Anadolu Efes",anadoluefes.com,C,cpg_food_beverage,1
54773516374,"Anchor Fabrication",anchorfabrication.com,C,building_materials_industrial,1
54734674955,"Anchor Packaging",anchorpackaging.com,C,paper_packaging,1
54774147077,"Andean Precious Metals",andeanpm.com,C,building_materials_industrial,1
54772737322,"Andeavor",andeavor.com,C,chemicals_plastics,1
9155784291,"Anderson Material Handling",,C,building_materials_industrial,1
54773467962,"Angel Aligner",angelaligner.com,C,building_materials_industrial,1
54405401752,"Antelope Pets",antelopepets.com,C,wholesale_distribution,1
54727912050,"Anthony",anthonyintl.com,C,building_materials_industrial,1
54774237029,"Arbon Equipment",,C,automotive_heavy_mfg,1
54774266013,"ARC Document Solutions",itrepro.com,C,paper_packaging,1
55554518356,"Ardene",ardenecorporate.com,C,retail_grocery,1
54751057193,"Ardyss International",ardyss.com,C,wholesale_distribution,1
54774262916,"Argonaut Gold",argonautgold.com,C,building_materials_industrial,1
54419196991,"Ariat",ariat.com,C,retail_grocery,1
54432884063,"Arrow Electronics",arrow.com,C,automotive_heavy_mfg,1
54401685669,"Arrowxl",arrowxl.co.uk,C,3pl_carrier,1
54753018372,"ASARCO",asarco.com,C,building_materials_industrial,1
54773475625,"Ashley Furniture",ashleyfurnitureindustriesllc.com,C,wholesale_distribution,1
54409918888,"ASICS",asics.com,C,retail_grocery,1
54420436228,"Atlanta Community Food Bank",acfb.org,C,agriculture_food_processing,1
54407219027,"Atlantic Relocation",atlanticrelocation.com,C,3pl_carrier,1
9348405913,"Atlantis Trucking",,C,3pl_carrier,1
8974274191,"ATLAS COPCO",atlascopco.com,C,automotive_heavy_mfg,1
54407528368,"Atrium",atrium.ltd.uk,C,automotive_heavy_mfg,1
54757112590,"Atwoods Ranch & Home",atwoods.com,C,retail_grocery,1
54773346427,"Aurora Casket Company",auroraadvantage.com,C,paper_packaging,1
54774251960,"Autopart International",autopartintl.com,C,automotive_heavy_mfg,1
9345942609,"Autos in Motion",,C,3pl_carrier,1
54431182895,"Avolta",avoltaworld.com,C,retail_grocery,1
54405711453,"Awaytravel",awaytravel.com,C,retail_grocery,1
54773458837,"Axiall a Westlake Company",westlakeglobalcompounds.com,C,chemicals_plastics,1
54433193758,"Axionlog",axionlog.com,C,3pl_carrier,1
9347584050,"Axis Global Logistics",,C,3pl_carrier,1
54774239075,"B&R Stores",brstores.com,C,retail_grocery,1
54772615953,"B2Gold",b2gold.com,C,building_materials_industrial,1
54774277292,"Balluff Americas",balluff.com,C,automotive_heavy_mfg,1
54773455658,"Bartlett Tree Experts",bartlett.com,C,3pl_carrier,1
54430563422,"Bauhaus",bauhaus.cz,C,building_materials_industrial,1
54773439161,"Baxter Auto",baxterauto.com,C,automotive_heavy_mfg,1
9400299902,"Bay Logistics Inc.",,C,3pl_carrier,1
54774208945,"Bealls",beallsflorida.com,C,retail_grocery,1
54762482078,"BeavEx",beavex.com,C,3pl_carrier,1
54422293793,"Becker Logistics",beckerlogistics.com,C,3pl_carrier,1
54774287795,"BEL USA",belusallc.com,C,paper_packaging,1
54773427863,"Ben & Jerry's",benjerry.com,C,building_materials_industrial,1
54403853868,"Benestar Brands",benestarbrands.com,C,wholesale_distribution,1
54785383976,"Bentek",bentek.com,C,building_materials_industrial,1
54728249692,"Betterware Mexico",betterware.com.mx,C,retail_grocery,1
54406388073,"BFG Supply",bfgsupply.com,C,wholesale_distribution,1
54756458166,"Big Heart Pet Brands",bigheartpet.com,C,wholesale_distribution,1
54774164024,"Big Y World Class Market",bigy.com,C,retail_grocery,1
54771862586,"BILSTEIN of America",bilsteinrocks.com,C,automotive_heavy_mfg,1
54773439142,"Biosense Webster",biosensewebsterlogin.com,C,building_materials_industrial,1
54429479540,"Bird Buddy",mybirdbuddy.com,C,wholesale_distribution,1
54784343703,"BituCore",bitucore.com,C,building_materials_industrial,1
54409234791,"Bkbeauty",bkbeauty.com,C,retail_grocery,1
54773422749,"Blessey Marine Services",blessey.com,C,ports_intermodal,1
54773432603,"Blue Buffalo",bluebuffalo.com,C,agriculture_food_processing,1
55542057493,"Blue Eagle Logistics",blueeaglelogistics.com,C,3pl_carrier,1
54727912041,"Blue Nile",bluenile.com,C,retail_grocery,1
54771933189,"Blue Ridge Beverage Company",blueridgebeverage.com,C,wholesale_distribution,1
54429324681,"Blueair",blueair.com,C,wholesale_distribution,1
54755953767,"BlueOval SK",blueovalsk.com,C,automotive_heavy_mfg,1
15729538964,"BlueRock TMS",,C,3pl_carrier,1
45149491288,"BOA Logistics",boalogistics.com,C,3pl_carrier,1
55554508091,"Bommarito Automotive Group",bommarito.com,C,automotive_heavy_mfg,1
54752278618,"Bonnell Aluminum",bonnellaluminum.com,C,building_materials_industrial,1
54407528365,"Bosch Rexroth",boschrexroth.co.uk,C,building_materials_industrial,1
54774192914,"Boucher Automotive Group",boucher.com,C,automotive_heavy_mfg,1
9361883958,"BrandFX Body",brandfxbody.com,C,automotive_heavy_mfg,1
54773361207,"Branding Iron Holding",bih-us.com,C,wholesale_distribution,1
54773542937,"BrandsMart USA",brandsmartusa.com,C,retail_grocery,1
54774209031,"Braum's",braums.com,C,cpg_food_beverage,1
9636329248,"Bravo Transportation",,C,3pl_carrier,1
54774260036,"Breitburn Energy",breitburn.com,C,chemicals_plastics,1
9347585407,"Bridgewater Interiors",bridgewater-interiors.com,C,automotive_heavy_mfg,1
54771853589,"Brighton Collectibles",brighton.com,C,retail_grocery,1
9438456133,"Brighton Express LLC",,C,3pl_carrier,1
9636346167,"Bronco Transportation",,C,3pl_carrier,1
54774161591,"Brown-Forman",brown-forman.com,C,agriculture_food_processing,1
54774268461,"Bryce",brycecorp.com,C,paper_packaging,1
54774271354,"Builders First Source",alpinelumber.com,C,building_materials_industrial,1
54412242014,"Bungii",bungii.com,C,3pl_carrier,1
54750793821,"Burgundy Diamond Mines",burgundydiamonds.com,C,building_materials_industrial,1
9313735172,"BUTCHER & PACKER SUPPLY CO.",butcher-packer.com,C,wholesale_distribution,1
54419971341,"ButcherBox",butcherbox.com,C,cpg_food_beverage,1
54727912055,"Butler Manufacturing",butlermfg.com,C,building_materials_industrial,1
54773425266,"BYD MÉXICO",bydpolanco.com.mx,C,automotive_heavy_mfg,1
54773432594,"Cabela's",cabelas.com,C,retail_grocery,1
54774260040,"Calgon Carbon",calgoncarbon.com,C,3pl_carrier,1
9361993807,"California Freight Sales",,C,3pl_carrier,1
54736059276,"CAMPBELL COMPANIES",campbellcompanies.com,C,automotive_heavy_mfg,1
54403698820,"Campbell’s",campbells.com,C,agriculture_food_processing,1
54773455659,"Canadian Energy Services",cesenergysolutions.com,C,chemicals_plastics,1
54774279084,"Cannondale",cannondale.com,C,wholesale_distribution,1
55341291304,"Capital Seaboard",capitalseaboard.com,C,cold_chain,1
54429169529,"Capri Holdings",capriholdings.com,C,retail_grocery,1
54402923930,"Cargo Transporters",cargotransporters.com,C,3pl_carrier,1
54404007989,"CargoSprint",cargosprint.com,C,3pl_carrier,1
54723051552,"Carlex Glass America",carlex.com,C,automotive_heavy_mfg,1
54409918886,"Carlsberg",carlsberg.com,C,cpg_food_beverage,1
54408770208,"Cart",cart.com,C,retail_grocery,1
54407373874,"Carter Logistics",carter-logistics.com,C,3pl_carrier,1
54410228907,"Cartken",cartken.com,C,automotive_heavy_mfg,1
9337711395,"Carvana",carvana.com,C,automotive_heavy_mfg,1
54773453424,"Cassens Transport Company",cassens.com,C,3pl_carrier,1
54433813103,"Castlery",castlery.com,C,wholesale_distribution,1
54774368386,"CASTRO",castro.com,C,retail_grocery,1
54432111507,"Catalent",catalent.com,C,chemicals_plastics,1
54772582677,"Catalyst Paper",catalystpaper.com,C,paper_packaging,1
54774200353,"CED",cedcareers.com,C,wholesale_distribution,1
54412656214,"Cedo",cedo.com,C,wholesale_distribution,1
54754528344,"Central Steel & Wire",centralsteel.com,C,building_materials_industrial,1
54407219030,"Central Transport",centraltransport.com,C,3pl_carrier,1
54756458167,"Century 21 Stores",c21stores.com,C,retail_grocery,1
54427621451,"Cfidrive",cfidrive.com,C,3pl_carrier,1
54417456396,"Cfl",cfl.aero,C,3pl_carrier,1
54764080215,"Champion Laboratories",champlabs.com,C,automotive_heavy_mfg,1
54773464637,"Champs Sports",champssports.com,C,retail_grocery,1
54773548075,"Chesterman Co. Coca-Cola",chesterman.com,C,cpg_food_beverage,1
54755807922,"Chevrolet",chevrolet.com,C,automotive_heavy_mfg,1
54434432534,"Chiquita Brands",chiquitabrands.com,C,cpg_food_beverage,1
54773431197,"Christopher and Banks",christopherandbanks.com,C,retail_grocery,1
54756112440,"CILICON",ciliconplus.com,C,automotive_heavy_mfg,1
54773450525,"CIMCO Refrigeration",cimcorefrigeration.com,C,automotive_heavy_mfg,1
54412966577,"Circle Delivers",circledelivers.com,C,3pl_carrier,1
54720630850,"CJ America",cj.net,C,agriculture_food_processing,1
9438851657,"CK Power",,C,building_materials_industrial,1
54424304969,"Claires",claires.com,C,retail_grocery,1
54411622754,"Clasquin",clasquin.com,C,3pl_carrier,1
54774277260,"Classic Chevrolet",classicchevrolet.com,C,automotive_heavy_mfg,1
55554509737,"Claxton Poultry Farms",claxonpoultry.com,C,cpg_food_beverage,1
54773597875,"CleanNet USA Commercial Cleaning Services",cleannetusa.com,C,3pl_carrier,1
54734376308,"Clearwater Seafoods LP",clearwater.ca,C,agriculture_food_processing,1
54430563412,"Clevon",clevon.com,C,automotive_heavy_mfg,1
15728844180,"Cloud Logistics",,C,3pl_carrier,1
10032257603,"CMA CGM",,C,3pl_carrier,1
9314574421,"CMAC TRANSPORTATION, LLC",cmactrans.com,C,3pl_carrier,1
54413740813,"Coats",coats.com,C,retail_grocery,1
54728423012,"Cocacola North America",,C,building_materials_industrial,1
9392378221,"Cold Heading",coldheading.com,C,automotive_heavy_mfg,1
54773537437,"Coleman Worldwide Moving",colemanallied.com,C,3pl_carrier,1
54422139037,"Collective Arts Brewing",collectiveartsbrewing.com,C,cpg_food_beverage,1
54430717724,"Columbia Logistics",columbialogistics.com,C,3pl_carrier,1
54728423036,"Commonwealth Plywood",commonwealthplywood.com,C,building_materials_industrial,1
54433038927,"Conagra Foods",conagrafoods.com,C,agriculture_food_processing,1
54434122796,"Concept Medical",conceptmedical.com,C,building_materials_industrial,1
54422603402,"Concordia Freight",concordiafreight.com,C,3pl_carrier,1
8982350509,"Conestoga Cold Storage",coldstorage.com,C,3pl_carrier,1
54774234376,"Conn's HomePlus",conns.com,C,retail_grocery,1
54773509641,"Conrail",conrail.com,C,3pl_carrier,1
54774293603,"CONSOL Energy",corenaturalresources.com,C,building_materials_industrial,1
55531406163,"Consolidated Bonded Warehouse Co",consolidatedbondedwarehouses.com,C,building_materials_industrial,1
54429789102,"ContainerPort Group",containerport.com,C,3pl_carrier,1
54774146994,"Contec",contecinc.com,C,wholesale_distribution,1
54773489272,"Control4",control4.com,C,automotive_heavy_mfg,1
54773455645,"CooperCompanies",coopercos.com,C,building_materials_industrial,1
54431182899,"Copeland Furniture",copelandfurniture.com,C,wholesale_distribution,1
54434432528,"Coreforce",coreforce.com,C,3pl_carrier,1
54727912061,"Corporación Moctezuma",moctezuma.com.mx,C,building_materials_industrial,1
54774211598,"Correct Craft",correctcraft.com,C,ports_intermodal,1
54409544772,"Cost Plus Drugs",costplusdrugs.com,C,chemicals_plastics,1
54412656212,"Costa",costa.co.uk,C,cpg_food_beverage,1
54772737325,"Crescent Crown Distributing",crescentcrown.com,C,cpg_food_beverage,1
54773551482,"Cruise",getcruise.com,C,automotive_heavy_mfg,1
54772681304,"CSX Transportation Intermodal",intermodal.com,C,3pl_carrier,1
54421829495,"Ctsi Global",ctsi-global.com,C,3pl_carrier,1
54773458828,"Cub",cub.com,C,retail_grocery,1
54431182893,"Cufflinks.com",cufflinksinc.com,C,retail_grocery,1
54401066408,"Curri",curri.com,C,3pl_carrier,1
54727662879,"CUTCO Cutlery",cutco.com,C,building_materials_industrial,1
54773521837,"CYDSA",cydsa.com,C,chemicals_plastics,1
54720630855,"Cynosure",cynosure.com,C,building_materials_industrial,1
9313954423,"D&M Management",dmmgmt.com,C,building_materials_industrial,1
54430872909,"Dachser",dachser.com,C,3pl_carrier,1
54762482072,"Dakkota Integrated",dakkota.com,C,automotive_heavy_mfg,1
54773422763,"DCI",diversifiedconveyors.com,C,3pl_carrier,1
15729550192,"DDS Shipper",,C,3pl_carrier,1
54773548100,"Delaware River Port Authority",drpa.org,C,3pl_carrier,1
54774377036,"Delphi",,C,automotive_heavy_mfg,1
8974722087,"DELTA CHILDREN",deltachildren.com,C,retail_grocery,1
54762482067,"Demoulas Super Markets",shopmarketbasket.com,C,retail_grocery,1
54412242011,"Dentsply Sirona",dentsplysirona.com,C,building_materials_industrial,1
54773382709,"DENYO MANUFACTURING",denyo.co.jp,C,automotive_heavy_mfg,1
15728844627,"Descartes",,C,3pl_carrier,1
54407064650,"Dfds",dfds.com,C,ports_intermodal,1
54771978908,"Diamond Comic Distributors",diamondcomics.com,C,building_materials_industrial,1
9355192335,"Dick's Sporting Goods",dickssportinggoods.com,C,wholesale_distribution,1
54773417551,"Dietz and Watson",dietzandwatson.com,C,agriculture_food_processing,1
9437970782,"Direct Warehousing Inc",,C,3pl_carrier,1
54773439152,"Doman Building Materials Group",domanbm.com,C,building_materials_industrial,1
54756112434,"Dominion Dealer Solutions",drivedominion.com,C,automotive_heavy_mfg,1
54774247007,"Dominion Questar",questar.com,C,chemicals_plastics,1
54785142169,"Dormont Manufacturing",dormont.com,C,building_materials_industrial,1
9438786841,"Dray Depot",,C,ports_intermodal,1
54774194324,"Dreyer's Grand Ice Cream",dreyersgrandicecream.com,C,building_materials_industrial,1
54419506851,"DripDrop ORS",dripdropors.com,C,wholesale_distribution,1
54774254745,"Dynacor Group",dynacor.com,C,building_materials_industrial,1
54424614578,"Dyper",dyper.com,C,wholesale_distribution,1
54419971345,"Dyson",dyson.com,C,wholesale_distribution,1
54415134538,"E 80 Group",e80group.com,C,3pl_carrier,1
54773432606,"E-ONE",e-one.com,C,automotive_heavy_mfg,1
54773374250,"Eagle Express Lines",10roadsexpress.com,C,3pl_carrier,1
54774277275,"Earnhardt Auto Centers",earnhardt.com,C,automotive_heavy_mfg,1
54417957940,"Eclipseia",eclipseia.com,C,3pl_carrier,1
9400028028,"Eco Energy LLC - VOC Carrier",,C,chemicals_plastics,1
54773458840,"Ecolab Purolite Resins",purolite.com,C,building_materials_industrial,1
54404163391,"ECOS",shopecossentials.com,C,wholesale_distribution,1
54774237008,"Edgen Murray",edgenmurray.com,C,chemicals_plastics,1
54734998411,"Edscha",edscha.com,C,automotive_heavy_mfg,1
54427776567,"EFC International",efc-intl.com,C,automotive_heavy_mfg,1
54414049847,"Efl",efl.global,C,3pl_carrier,1
54433348611,"Einride",einride.tech,C,3pl_carrier,1
54734987682,"EJ",ejco.com,C,building_materials_industrial,1
54434432531,"Elida Beauty",elidabeauty.com,C,cpg_food_beverage,1
54752278616,"Elliott Electric Supply",elliottelectric.com,C,automotive_heavy_mfg,1
54774147083,"ELLWOOD",ellwoodgroup.com,C,automotive_heavy_mfg,1
54773495579,"Empire Merchants",empiremerchants.com,C,agriculture_food_processing,1
54727671170,"Enbi Group",enbigroup.com,C,automotive_heavy_mfg,1
54431492387,"EndoQuest Robotics",endoquestrobotics.com,C,building_materials_industrial,1
54753770050,"Enel North America",enelnorthamerica.com,C,building_materials_industrial,1
55554515047,"Enesco",enescobusiness.com,C,building_materials_industrial,1
54408457335,"Enroute",enroute.ai,C,3pl_carrier,1
54412086583,"Enstructure",enstructure.com,C,3pl_carrier,1
54772671887,"ERCO Worldwide",ercoworldwide.com,C,chemicals_plastics,1
54773542917,"ESCO",escotechnologies.com,C,building_materials_industrial,1
54428241022,"ESM Fulfillment",esmfulfillment.com,C,3pl_carrier,1
54734376290,"Establecimiento Las Marias",lasmarias.com.ar,C,cpg_food_beverage,1
54756257198,"Estes Logistics",esteslogistics.com,C,3pl_carrier,1
54720630838,"Ethicon",ethicon.com,C,building_materials_industrial,1
54773527987,"Evergreen Shipping Agency",evergreen-shipping.us,C,ports_intermodal,1
54773198449,"EverZinc",everzinc.com,C,chemicals_plastics,1
54408148117,"Evgo",evgo.com,C,automotive_heavy_mfg,1
54754528351,"Ewing Outdoor Supply",ewingoutdoorsupply.com,C,wholesale_distribution,1
55554505507,"Exceldor coopérative avicole",exceldor.ca,C,agriculture_food_processing,1
9338099847,"Exo Freight",exofreight.com,C,3pl_carrier,1
8974315390,"FANATICS",fanatics.com,C,retail_grocery,1
54773518242,"Farm Boy",farmboy.ca,C,retail_grocery,1
54421519636,"Farylrobin",farylrobin.com,C,retail_grocery,1
54403853869,"Fasteners Inc.",fastenerslv.com,C,building_materials_industrial,1
8974714771,"FAURECIA",faurecia.com,C,automotive_heavy_mfg,1
54411312769,"Fecrwy",fecrwy.com,C,automotive_heavy_mfg,1
55554506810,"Fellowes Brands",fellowes.com,C,building_materials_industrial,1
54728423021,"Ferman Automotive Group",fermanauto.com,C,automotive_heavy_mfg,1
9355800225,"Ferrero",ferreronorthamerica.com,C,cpg_food_beverage,1
54422293790,"Fetch Package",fetchpackage.com,C,3pl_carrier,1
54734674961,"Fiera Foods",fierafoods.com,C,agriculture_food_processing,1
54727671157,"FIFCO USA",fifcousa.com,C,cpg_food_beverage,1
54433193760,"Finesse",finesse.us,C,retail_grocery,1
54773539437,"FinishMaster",lkq-refinish.com,C,chemicals_plastics,1
54774328449,"FKG Oil Company",mymotomart.com,C,retail_grocery,1
54429169537,"Floship",floship.com,C,3pl_carrier,1
54415908278,"Forceget",forceget.com,C,3pl_carrier,1
54771960234,"Forge Lumber",forgelumber.com,C,building_materials_industrial,1
9347376716,"Fori Automation",foriauto.com,C,building_materials_industrial,1
54773415314,"Forman Mills",formanmills.com,C,retail_grocery,1
54773489253,"Fort Dearborn Company",fortdearborn.com,C,paper_packaging,1
54762315633,"Fortiline Waterworks",fortiline.com,C,wholesale_distribution,1
54771954796,"Foster Farms",fosterfarms.com,C,agriculture_food_processing,1
54762328325,"Fox Racing",foxracing.com,C,retail_grocery,1
54799555104,"Foxconn Ohio FEVSYS",fevsys.com,C,automotive_heavy_mfg,1
55554491912,"FPL Food",fplfood.net,C,agriculture_food_processing,1
54771988614,"francesca’s®",francescas.com,C,retail_grocery,1
54772765365,"Franz Family Bakery",franzbakery.com,C,agriculture_food_processing,1
54424924282,"Free 2 Move",free2move.com,C,3pl_carrier,1
54412501841,"Freight Claims Management",freightclaims.com,C,3pl_carrier,1
54423840430,"FreightMango",freightmango.com,C,3pl_carrier,1
15728845238,"FreightPOP",,C,3pl_carrier,1
54419196989,"Freshrealm",freshrealm.com,C,cpg_food_beverage,1
54410538247,"Fsfresh Foods",fsfreshfoods.com,C,cpg_food_beverage,1
54774287801,"Furniture Row Companies",furniturerow.com,C,retail_grocery,1
54773505588,"G&K Services",gkservices.com,C,retail_grocery,1
54422758299,"Garailways",garailways.com,C,3pl_carrier,1
54774256905,"Garber Automotive Group",garberauto.com,C,automotive_heavy_mfg,1
54772020514,"Gate Petroleum Company",gatepetro.com,C,retail_grocery,1
54412242013,"Gatik",gatik.ai,C,3pl_carrier,1
54401685667,"Gelita",gelita.com,C,chemicals_plastics,1
54756257193,"Genco Shipping & Trading",gencoshipping.com,C,ports_intermodal,1
15729538992,"Generix TMS",,C,3pl_carrier,1
54413275670,"Ghent",ghent.com,C,wholesale_distribution,1
54785443921,"Gil-Bar",gil-bar.com,C,wholesale_distribution,1
54411003160,"Gkn Automotive",gknautomotive.com,C,automotive_heavy_mfg,1
9347336212,"Global Logistics and Fulfillment LLC",,C,3pl_carrier,1
54429324684,"Global Organics",global-organics.com,C,chemicals_plastics,1
54773450536,"GMC",gmc.com,C,automotive_heavy_mfg,1
9636345762,"GMT Logistics",,C,3pl_carrier,1
54773417568,"Golf Galaxy",golfgalaxy.com,C,retail_grocery,1
54405401754,"Goodwipes",goodwipes.com,C,wholesale_distribution,1
54403698819,"Gopher Electronics",gopherelectronics.com,C,automotive_heavy_mfg,1
54413895336,"Gopro Freight",goprofreight.com,C,3pl_carrier,1
54771957688,"GR Energy Services",grenergyservices.com,C,chemicals_plastics,1
54433813104,"Grace Bay Pharmacy",gracebaypharmacy.com,C,chemicals_plastics,1
54773568616,"Grease Monkey International",greasemonkey.com,C,automotive_heavy_mfg,1
54773464625,"Greater Cleveland RTA",riderta.com,C,3pl_carrier,1
54774251951,"Greene's Energy Group",greenesenergy.com,C,chemicals_plastics,1
54773509636,"Gregory Poole Equipment Company",gregorypoole.com,C,automotive_heavy_mfg,1
54756938591,"Griffon",griffon.com,C,building_materials_industrial,1
54799506548,"Groupe AGF",acieragf.com,C,building_materials_industrial,1
54773565565,"Grupo Bafar",grupobafar.com,C,agriculture_food_processing,1
54773198454,"Grupo Omnilife-Chivas",omnilife.com,C,cpg_food_beverage,1
54773568601,"GRUPO SID",traxion.global,C,3pl_carrier,1
54774317237,"H&S Bakery",hsbakery.com,C,cpg_food_beverage,1
54774304095,"Habermaass Firmenfamilie",habermaass.de,C,building_materials_industrial,1
54774300848,"Häfele America",hafele.com,C,wholesale_distribution,1
54755808002,"Haggar Clothing",haggar.com,C,retail_grocery,1
54410073453,"Hain Celestial",hain-celestial.com,C,cpg_food_beverage,1
8928750620,"Hankook Tire",hankooktire.com,C,automotive_heavy_mfg,1
9408645816,"Hanzo Logistics",,C,3pl_carrier,1
54773198446,"Harps Food Stores",harpsfood.com,C,retail_grocery,1
54727671168,"Harry Winston",harrywinston.com,C,wholesale_distribution,1
54774247014,"Hastings Entertainment",gohastings.com,C,retail_grocery,1
54773542922,"Heilind Electronics",heilind.com,C,automotive_heavy_mfg,1
54734376307,"Helios",heliostechnologies.com,C,automotive_heavy_mfg,1
55554500163,"Henry Schein Canada",henryschein.ca,C,building_materials_industrial,1
54772680609,"HEPACO",hepaco.com,C,3pl_carrier,1
54773529111,"hhgregg",hhgregg.com,C,retail_grocery,1
55554493823,"Hi-Crush",hicrushinc.com,C,chemicals_plastics,1
54406542506,"Highjump",highjump.com,C,3pl_carrier,1
55554494090,"Highland Ventures",highlandventuresltd.com,C,retail_grocery,1
54430253626,"Highline Warren",highlinewarren.com,C,automotive_heavy_mfg,1
54773431190,"Himalaya Wellness USA",himalayausa.com,C,building_materials_industrial,1
54773539424,"HMT",hmttank.com,C,chemicals_plastics,1
54773374254,"Hobart Food Equipment and Service",hobartservice.com,C,retail_grocery,1
8981963894,"Holt Logistics",holtlogistics.com,C,3pl_carrier,1
54773361199,"Honeywell UOP",uop.com,C,chemicals_plastics,1
54429169531,"Hoppecke",hoppecke.com,C,automotive_heavy_mfg,1
54772023691,"Horizon Global",horizonglobal.com,C,automotive_heavy_mfg,1
54774377038,"Hoya",hoya.com,C,building_materials_industrial,1
54406697357,"Hoyer Group",hoyer-group.com,C,3pl_carrier,1
54419351596,"HP",hp.co.in,C,wholesale_distribution,1
54774219890,"HS Hyosung USA",hshyosungadvancedmaterials.com,C,wholesale_distribution,1
54420899884,"Hscpoly",hscpoly.com,C,chemicals_plastics,1
54757111829,"Hub1",hub1.com,C,3pl_carrier,1
54433658275,"Humano",humano.net,C,3pl_carrier,1
54773568602,"HUNTINGTON INGALLS",hii-nns.com,C,automotive_heavy_mfg,1
54773521843,"Hunton Group",huntongroup.com,C,automotive_heavy_mfg,1
54409234788,"Hurley",hurley.com,C,retail_grocery,1
54418113289,"Hydraforce",hydraforce.com,C,automotive_heavy_mfg,1
9452872539,"HyperTherm",,C,automotive_heavy_mfg,1
54774304094,"HyPro",hypro.com,C,automotive_heavy_mfg,1
54774314511,"Hyster",hyster.com,C,automotive_heavy_mfg,1
54774283153,"Hyundai America Technical Center",hatci.com,C,automotive_heavy_mfg,1
54773481496,"Hyundai Motor Manufacturing Alabama",hmmausa.com,C,automotive_heavy_mfg,1
54774262939,"HYUNDAI WIA",hyundai-wia.com,C,automotive_heavy_mfg,1
54407683727,"Ifpcorp",ifpcorp.com,C,paper_packaging,1
9345845027,"iGPS",igps.net,C,3pl_carrier,1
54773551472,"IGS Energy",igs.com,C,chemicals_plastics,1
54751048077,"Imasen Bucyrus Technology",imasen.co.jp,C,automotive_heavy_mfg,1
54419506852,"Impactinnovates",impactinnovates.com,C,chemicals_plastics,1
54774244202,"Impala Canada",impalacanada.com,C,building_materials_industrial,1
9497378348,"Imperium Logistics",,C,3pl_carrier,1
54773563471,"Inari Medical",inarimedical.com,C,building_materials_industrial,1
54711198587,"Indian Motorcycle Company",indianmotorcycle.com,C,automotive_heavy_mfg,1
54773439146,"Inductotherm Group",inductothermgroup.com,C,automotive_heavy_mfg,1
54773374269,"Industrial Scientific",indsci.com,C,automotive_heavy_mfg,1
54754706309,"INFRA",naturalfoodretailers.com,C,retail_grocery,1
54773366955,"Ingersoll Rand Compressor Systems & Services",ingersollrand.com,C,automotive_heavy_mfg,1
54771833772,"Ingram Book Company",ingrambook.com,C,wholesale_distribution,1
54423375938,"Ingram Micro",ingrammicro.com,C,automotive_heavy_mfg,1
54774277252,"Ingram Micro Commerce & Lifecycle Services",shipwire.com,C,3pl_carrier,1
54427776570,"Innoviom",innoviom.com,C,cpg_food_beverage,1
54727912040,"Insteel Industries",insteel.com,C,building_materials_industrial,1
54773505592,"INTECH Automation & Intelligence",intechww.com,C,automotive_heavy_mfg,1
9361575808,"Integrity Welding & Fabrication",,C,building_materials_industrial,1
9238095997,"Intel",intel.com,C,wholesale_distribution,1
54771907401,"Inteplast Group",inteplast.com,C,chemicals_plastics,1
54756610607,"Interlake Mecalux",interlakemecalux.com,C,3pl_carrier,1
54774184475,"International Seaways",intlseas.com,C,ports_intermodal,1
9408313229,"iShared Transportation",,C,3pl_carrier,1
54430563420,"itselectric",itselectric.us,C,building_materials_industrial,1
54771833730,"ITW EAE",itweae.com,C,automotive_heavy_mfg,1
54754341464,"J.B. Poindexter",jbpoindexter.com,C,automotive_heavy_mfg,1
54773489268,"Jackery",jackery.com,C,3pl_carrier,1
54774300844,"JAE Electronics",jae.com,C,automotive_heavy_mfg,1
54773450524,"Jared Jewelers",jared.com,C,wholesale_distribution,1
54774200345,"JATCO",jatco.co.jp,C,automotive_heavy_mfg,1
9408646688,"JCL Integrated Logistics",,C,3pl_carrier,1
54773505593,"JCM Global",jcmglobal.com,C,automotive_heavy_mfg,1
54773404784,"JD",jdsports.com,C,retail_grocery,1
54773453432,"Jean Coutu",jeancoutu.com,C,retail_grocery,1
54424924278,"Jenis",jenis.com,C,cpg_food_beverage,1
54774277251,"Jets Pizza",jetspizza.com,C,cpg_food_beverage,1
54755953762,"JFC International",jfc.com,C,wholesale_distribution,1
54771933192,"JOANN Stores",joann.com,C,retail_grocery,1
55554511136,"JOH",joh.com,C,cpg_food_beverage,1
54757284209,"John Christner Trucking",johnchristner.com,C,3pl_carrier,1
54774266011,"John Zink",johnzink.com,C,chemicals_plastics,1
54774271340,"Johnston & Murphy",johnstonmurphy.com,C,retail_grocery,1
54411312764,"Jordan’s Skinny Mixes",skinnymixes.com,C,cpg_food_beverage,1
54773455655,"Jose Cuervo",cuervo.com.mx,C,agriculture_food_processing,1
54408925200,"JustFoodForDogs",justfoodfordogs.com,C,agriculture_food_processing,1
54771780202,"JVIS USA",jvis.us,C,automotive_heavy_mfg,1
54419971344,"K 18 Hair",k18hair.com,C,cpg_food_beverage,1
54736059281,"K92 Mining",k92mining.com,C,building_materials_industrial,1
54773464629,"Kadant",kadant.com,C,automotive_heavy_mfg,1
54425233987,"Kaleo",kaleo.com,C,chemicals_plastics,1
54772680596,"Karat® by Lollicup™",karatpackaging.com,C,cpg_food_beverage,1
54774311787,"Kasai North America",kasai-na.com,C,automotive_heavy_mfg,1
54754519570,"Keihin North America",keihin-na.com,C,automotive_heavy_mfg,1
54720786462,"Kemps",kemps.com,C,agriculture_food_processing,1
54773571351,"Kendall-Jackson Wine Estates",kj.com,C,agriculture_food_processing,1
54773417552,"Kenworth Truck",kenworth.com,C,3pl_carrier,1
54774314505,"KERN-LIEBERS MEXICO",kern-liebers.com,C,automotive_heavy_mfg,1
54423375943,"Kerry",kerry.com,C,cpg_food_beverage,1
54410383672,"Keysight",keysight.com,C,automotive_heavy_mfg,1
54771909151,"KI",ki.com,C,wholesale_distribution,1
54774192931,"Kimball Midwest",kimballmidwest.com,C,wholesale_distribution,1
54773361214,"Kimberly-Clark de México",kimberly-clark.com.mx,C,building_materials_industrial,1
54753770044,"Kimberly-Clark Professional",kcprofessional.com,C,building_materials_industrial,1
9361574812,"Kinetic FT",,C,3pl_carrier,1
54774311781,"King County Metro Transit",,C,3pl_carrier,1
54410228909,"Kingof Freight",kingoffreight.com,C,3pl_carrier,1
54431337041,"Kinimatic",kinimatic.com,C,3pl_carrier,1
54773581412,"Kirkland's",kirklands.com,C,retail_grocery,1
54406078247,"Kla",kla.com,C,chemicals_plastics,1
54762178375,"Kmart",kmart.com,C,retail_grocery,1
54751057188,"KMG",kmgchemicals.com,C,chemicals_plastics,1
54773557264,"Koch-Glitsch",koch-glitsch.com,C,chemicals_plastics,1
9337711893,"Kopf Logistics Group",,C,building_materials_industrial,1
54406697355,"Kpi Logistics",kpilogistics.com,C,3pl_carrier,1
54410538249,"Kronesusa",kronesusa.com,C,automotive_heavy_mfg,1
9408674336,"Krystal Transport",,C,3pl_carrier,1
54773548099,"KYOCERA AVX Components",kyocera-avx.com,C,automotive_heavy_mfg,1
54774268459,"La Comer",lacomer.com.mx,C,retail_grocery,1
9348405626,"LaBudde Group",labudde.com,C,agriculture_food_processing,1
54750360184,"Lacks Enterprises",lacksenterprises.com,C,chemicals_plastics,1
54754341461,"Laird Performance Materials",laird.com,C,automotive_heavy_mfg,1
54415753505,"Lam Research",lamresearch.com,C,chemicals_plastics,1
54771853696,"Lancer Worldwide",lancerworldwide.com,C,cpg_food_beverage,1
54758202495,"Larry H. Miller Dealerships",lhmauto.com,C,automotive_heavy_mfg,1
54772623694,"LeMans",lemanscorporation.com,C,wholesale_distribution,1
54774279089,"LensCrafters",lenscrafters.com,C,retail_grocery,1
45011110791,"Leonard’s Express",leonardsexpress.com,C,3pl_carrier,1
54408770209,"Lgt Logistics",lgtlogistics.com.tr,C,3pl_carrier,1
54785116681,"liberty-packaging",libertypackaginginc.com,C,paper_packaging,1
54735414088,"Lilly Pulitzer",lillypulitzer.com,C,retail_grocery,1
54409389470,"Lima Logistics",limalogistics.com,C,3pl_carrier,1
54720795453,"Lindt & Sprüngli USA",lindtusa.com,C,building_materials_industrial,1
54773441839,"LL Flooring",llflooring.com,C,retail_grocery,1
54412656210,"Lob",lob.com,C,wholesale_distribution,1
54408770213,"Logistics Xpress",logisticsxpress.com,C,3pl_carrier,1
54771873396,"Longview Fibre Paper and Packaging",kapstonepaper.com,C,paper_packaging,1
54773458831,"Lopez Dorada",lopezdorada.com,C,agriculture_food_processing,1
54421829494,"Ltapparel",ltapparel.com,C,retail_grocery,1
54415134537,"Lularoe",lularoe.com,C,retail_grocery,1
54411312770,"Lumistella",lumistella.com,C,wholesale_distribution,1
54773425261,"Luxshare-Tech",luxshare-tech.com,C,automotive_heavy_mfg,1
54773597962,"Lynden",lynden.com,C,3pl_carrier,1
54405711454,"Lynx Nsw",lynx-nsw.com,C,retail_grocery,1
54754706295,"MAC Trailer",mactrailer.com,C,3pl_carrier,1
54774277268,"Mack Molding Company",mack.com,C,chemicals_plastics,1
54407006809,"Made by Gather",madebygather.com,C,wholesale_distribution,1
54431956537,"Magicspoon",magicspoon.com,C,agriculture_food_processing,1
45003525552,"Maher Terminals",maherterminals.com,C,ports_intermodal,1
54774164016,"Main Electric Supply",mainelectricsupply.com,C,building_materials_industrial,1
54424150115,"Malca Amit",malca-amit.com,C,3pl_carrier,1
54773326516,"Mallory Safety and Supply",mallory.com,C,3pl_carrier,1
54403698814,"Manifest",manifest.eco,C,3pl_carrier,1
54408925201,"Manvesta",manvesta.lt,C,3pl_carrier,1
54755953771,"MAPCO Express",mapcorewards.com,C,retail_grocery,1
54773486614,"Mariano's",marianos.com,C,cpg_food_beverage,1
54773408542,"MarkWest Energy Partners L.P",markwest.com,C,chemicals_plastics,1
54774247025,"Maxxam Analytics",,C,3pl_carrier,1
54434277672,"Mayvenn",mayvenn.com,C,retail_grocery,1
54413275664,"Mblock",mblock.com,C,3pl_carrier,1
54772001602,"MBM",mbmcareers.com,C,3pl_carrier,1
54720786521,"McElroy Metal",mcelroymetal.com,C,building_materials_industrial,1
54406388078,"McElroy Truck Lines",mcelroytrucklines.com,C,3pl_carrier,1
54427621447,"Mcgc",mcgc.com,C,chemicals_plastics,1
54723051541,"McLarty Automotive Group",mclartyautomotivegroup.com,C,automotive_heavy_mfg,1
54774365608,"McNeilus Steel",mcneilus.com,C,building_materials_industrial,1
54415598483,"Mcrsafety",mcrsafety.com,C,wholesale_distribution,1
54753770047,"Mead Johnson Nutrition",meadjohnson.com,C,building_materials_industrial,1
54421984081,"Mejuri",mejuri.com,C,wholesale_distribution,1
54774300937,"Melissa & Doug",melissaanddoug.com,C,building_materials_industrial,1
54774254750,"Men's Wearhouse",menswearhouse.com,C,retail_grocery,1
54430563416,"Menskin",menskin.co,C,wholesale_distribution,1
54418113295,"Merz",merz.com,C,chemicals_plastics,1
45001199144,"Mesilla Valley Transportation",m-v-t.com,C,3pl_carrier,1
54757284212,"Metsä Board Americas",metsaboard.com,C,paper_packaging,1
54773581400,"MFLEX",mflex.com,C,automotive_heavy_mfg,1
54269433935,"Micfood",micfood.com,C,agriculture_food_processing,1
54771939159,"Mid-Cape Home Centers",midcape.net,C,building_materials_industrial,1
54774254752,"MidwayUSA",midwayusa.com,C,retail_grocery,1
54720786988,"Midwest Petroleum",midwestpetro.com,C,retail_grocery,1
8982338349,"Midwest Refrigerated Services Inc",midwestrefrigerated.com,C,3pl_carrier,1
54431492386,"MillerCoors",millercoors.com,C,cpg_food_beverage,1
54754341462,"Minova",minovaglobal.com,C,building_materials_industrial,1
54774194328,"Minsa",minsa.com.mx,C,agriculture_food_processing,1
54758202492,"Minuteman Press",minuteman.com,C,paper_packaging,1
54413430685,"Miocar",miocar.org,C,3pl_carrier,1
54408457339,"Mirlog",mirlog.com.tr,C,3pl_carrier,1
54428241020,"Misfits Market",misfitsmarket.com,C,cpg_food_beverage,1
54753770035,"Missouri Department of Transportation",modot.org,C,3pl_carrier,1
54431182897,"Mitsubishi Logisnext Americas",amermhi.com,C,building_materials_industrial,1
54734218502,"Mitsubishi Motors North America",mitsubishicars.com,C,automotive_heavy_mfg,1
54407219029,"Mn 8 Energy",mn8energy.com,C,building_materials_industrial,1
54774161589,"MOBILITY ADO",mobilityado.com,C,3pl_carrier,1
9314528631,"Modular Transportation",modulartrans.com,C,3pl_carrier,1
55554515807,"Mohawk",mohawkpaper.com,C,paper_packaging,1
54773535610,"Monrovia Plants",monrovia.com,C,wholesale_distribution,1
54774161677,"Mor Furniture for Less",morfurniture.com,C,wholesale_distribution,1
54416837702,"Motorad",motorad.com,C,retail_grocery,1
54774169225,"Mount Vernon Mills",mvmills.com,C,wholesale_distribution,1
54420436233,"Mpac Group",mpac-group.com,C,building_materials_industrial,1
54773478579,"MSL",sss.com,C,automotive_heavy_mfg,1
8981963895,"MTC Logistics",mtccold.com,C,3pl_carrier,1
54415598485,"Mtstrans",mtstrans.com,C,3pl_carrier,1
54734376311,"Multisorb",multisorb.com,C,paper_packaging,1
54764080212,"Murdoch's Ranch & Home Supply",murdochs.com,C,retail_grocery,1
54773361194,"Murphy-Hoffman Company",mhc.com,C,3pl_carrier,1
54762482076,"Mustang Cat",mustangcat.com,C,automotive_heavy_mfg,1
54405556262,"Myfbaprep",myfbaprep.com,C,3pl_carrier,1
54774229433,"Neapco",neapco.com,C,automotive_heavy_mfg,1
54754706313,"Nebraska Furniture Mart",nfm.com,C,retail_grocery,1
54434432533,"Nestle Nespresso",nestle-nespresso.com,C,cpg_food_beverage,1
54774298733,"Nevada Gold Mines",nevadagoldmines.com,C,building_materials_industrial,1
54774194321,"New Jersey Turnpike Authority",njta.com,C,3pl_carrier,1
55539474321,"Neway Packaging",newaypkg.com,C,paper_packaging,1
54773346417,"NewMarket",newmarket.com,C,chemicals_plastics,1
54421674054,"Nextera Packaging",nexterapackaging.com,C,retail_grocery,1
54754341445,"NextStar Energy",nextstar-energy.com,C,building_materials_industrial,1
54774239051,"Nifco America",nifcousa.com,C,automotive_heavy_mfg,1
54773551483,"Nipro Medical",nipro.com,C,building_materials_industrial,1
54421364390,"Nitusa",nitusa.com,C,3pl_carrier,1
55554495870,"NN",,C,automotive_heavy_mfg,1
54423375935,"Nolimit",nolimit.pl,C,3pl_carrier,1
54773492110,"Norco",norco-inc.com,C,retail_grocery,1
54773539426,"NORD Gear",nord.com,C,automotive_heavy_mfg,1
54773516390,"Norfolk Iron and Metal",norfolkiron.com,C,building_materials_industrial,1
54754528340,"North American Construction Group",nacg.ca,C,building_materials_industrial,1
9497511768,"North American Kitchen Solutions",,C,cpg_food_beverage,1
54773417579,"North American Rail Solutions",northamericanrailsolutions.com,C,3pl_carrier,1
54727902722,"North American Stainless",northamericanstainless.com,C,building_materials_industrial,1
54773498024,"North Central Co-op CRS",northcentralco-op.crs,C,retail_grocery,1
54734689098,"North Texas Tollway Authority",ntta.org,C,3pl_carrier,1
54429169538,"Norther Logistics",northerlogistics.com,C,3pl_carrier,1
54423685552,"Nosta Group",nosta-group.com,C,3pl_carrier,1
54412501840,"Nouryon",nouryon.com,C,chemicals_plastics,1
54773568617,"Nova Bus",novabus.com,C,automotive_heavy_mfg,1
54774254754,"Nova Scotia Liquor",mynslc.com,C,retail_grocery,1
54423375937,"Novoslabs",novoslabs.com,C,chemicals_plastics,1
54774279087,"Now Optics",nowoptics.com,C,retail_grocery,1
54773431205,"NTN Bearing",ntnamericas.com,C,automotive_heavy_mfg,1
54773489254,"NUTRINOR COOPÉRATIVE",nutrinor.com,C,agriculture_food_processing,1
54416217663,"Nuvocargo",nuvocargo.com,C,3pl_carrier,1
54410538253,"Ocasa",ocasa.com,C,3pl_carrier,1
54726267199,"Ohmstede",,C,chemicals_plastics,1
54773565561,"Omron Automation",omron.com,C,automotive_heavy_mfg,1
15728730396,"One Network NEO Platform",,C,3pl_carrier,1
54773489261,"OneSubsea",onesubsea.com,C,chemicals_plastics,1
54773505599,"OneWater Marine",onewatermarine.com,C,retail_grocery,1
54431337043,"Oocl Logistics",oocllogistics.com,C,3pl_carrier,1
54408770204,"Open Water",drinkopenwater.com,C,cpg_food_beverage,1
54774239048,"Orange County Transportation Authority",octa.net,C,3pl_carrier,1
54773432614,"Orezone Gold",orezone.com,C,building_materials_industrial,1
54413430688,"Orica",orica.com,C,chemicals_plastics,1
54774262923,"Ortho Clinical Diagnostics Holdings Plc",orthoclinicaldiagnostics.com,C,building_materials_industrial,1
15729550381,"oTMS",,C,3pl_carrier,1
54433658274,"Our Place",fromourplace.com,C,retail_grocery,1
54425233989,"Outerspace",outerspace.com,C,3pl_carrier,1
54428241024,"Over Haul",over-haul.com,C,3pl_carrier,1
54773417570,"OVOL USA/GOULD PAPER",gouldpaper.com,C,paper_packaging,1
8974722088,"OWENS & MINOR",owens-minor.com,C,building_materials_industrial,1
54774300839,"Pace Suburban Bus",,C,3pl_carrier,1
54773436224,"Pacific Maritime Association",pmanet.org,C,ports_intermodal,1
54405401755,"Pacifica Trucks",pacificatrucks.com,C,3pl_carrier,1
54421364393,"Pacorini",pacorini.com,C,3pl_carrier,1
9361994157,"Pahoa Express",,C,3pl_carrier,1
54407683728,"PalletTrader",pallettrader.com,C,retail_grocery,1
9361884224,"Panasonic Corporation of North America",automotive.panasonic.com,C,automotive_heavy_mfg,1
54415134539,"Pandora",pandora.net,C,wholesale_distribution,1
54773453433,"Papé Group",pape.com,C,automotive_heavy_mfg,1
54774345130,"Paper Converting Machine Company",bwconverting.com,C,automotive_heavy_mfg,1
54762328322,"Paper Source",papersource.com,C,retail_grocery,1
54773551474,"PAQ INC. Food 4 Less and Rancho San Miguel Markets",myfood4less.com,C,retail_grocery,1
54423840429,"Parcel Perform",parcelperform.com,C,3pl_carrier,1
54772616116,"Park Lane Jewelry",parklanejewelry.com,C,wholesale_distribution,1
54773529098,"ParkOhio Holding",pkoh.com,C,3pl_carrier,1
9348405284,"Patriot Star",patriotstartrucks.com,C,3pl_carrier,1
54773568613,"Paul Mueller Company",paulmueller.com,C,automotive_heavy_mfg,1
54419816375,"Pbleiner",pbleiner.com,C,cpg_food_beverage,1
54774211588,"PCH International",pchintl.com,C,automotive_heavy_mfg,1
54720630856,"PDC Energy",pdce.com,C,chemicals_plastics,1
54774241944,"Penoles Industries",penoles.com.mx,C,building_materials_industrial,1
54420590665,"Pepperidge Farm",pepperidgefarm.com,C,building_materials_industrial,1
54773411905,"Percheron",percheronllc.com,C,chemicals_plastics,1
54429169532,"Perf",perf.com,C,chemicals_plastics,1
54758074020,"Pet Supermarket",petsupermarket.com,C,retail_grocery,1
54773546517,"PFNonwovens",pfnonwovens.com,C,wholesale_distribution,1
54772698718,"PGT Custom Windows and Doors",pgtwindows.com,C,building_materials_industrial,1
54762178379,"Pharmasave Canada",pharmasave.com,C,retail_grocery,1
54774328461,"Phifer",phifer.com,C,building_materials_industrial,1
54431801962,"Philips",philips.com,C,automotive_heavy_mfg,1
54774184474,"Phillips Industries",phillipsind.com,C,3pl_carrier,1
54773411918,"Piggly Wiggly Midwest",shopthepig.com,C,retail_grocery,1
54720786278,"Pilgrim´s México",pilgrims.com.mx,C,cpg_food_beverage,1
54773581392,"Pioneer Natural Resources Company",pxd.com,C,chemicals_plastics,1
54773417581,"Platt Electric Supply",platt.com,C,wholesale_distribution,1
54772593567,"Playtex Products",playtexbaby.com,C,building_materials_industrial,1
54424924280,"Plezi",plezi.com,C,agriculture_food_processing,1
54774279174,"PLP",plp.com,C,automotive_heavy_mfg,1
54416217664,"Poclain",poclain.com,C,building_materials_industrial,1
54434587282,"Polb",polb.com,C,ports_intermodal,1
54755807913,"Poly-America LP",poly-america.com,C,chemicals_plastics,1
54418887278,"Portcast",portcast.io,C,3pl_carrier,1
54424924281,"Portland Leather Goods",portlandleathergoods.com,C,retail_grocery,1
54773475627,"Post-it",post-it.com,C,wholesale_distribution,1
54772651845,"Postal Center International®",pcibrands.com,C,3pl_carrier,1
54774314510,"PotlatchDeltic",potlatchdeltic.com,C,paper_packaging,1
54784563288,"Poulin Lumber",poulinlumber.com,C,building_materials_industrial,1
54774192930,"Praxair Surface",linde-amt.com,C,building_materials_industrial,1
54734204988,"Prime Wheel",primewheel.com,C,automotive_heavy_mfg,1
15728845419,"Princeton TMX",,C,3pl_carrier,1
54772664405,"PRIORITY 1 COURIER",p1courier.com,C,3pl_carrier,1
9361994323,"Priority Expedite",,C,3pl_carrier,1
54407528366,"Procon Pacific",proconpacific.com,C,paper_packaging,1
54727662880,"Producers Rice Mill",producersrice.com,C,agriculture_food_processing,1
54434277675,"Prometeon",prometeon.com,C,automotive_heavy_mfg,1
55554506013,"PTC",ptcsteel.com,C,building_materials_industrial,1
54774345125,"Puffer-Sweiven",puffer.com,C,automotive_heavy_mfg,1
54774262938,"QSL Tailor-Made Success",qsl.com,C,3pl_carrier,1
54772723823,"Quality Distribution",qualitycarriers.com,C,3pl_carrier,1
9497567084,"Quality Freight Logistics",,C,3pl_carrier,1
9355807005,"Quality Transport Inc. and Truck Rail Handling",qatp-trh.com,C,3pl_carrier,1
54403698816,"Quantum",quantum.com,C,wholesale_distribution,1
54400911503,"Queticollc",queticollc.com,C,3pl_carrier,1
54774324995,"Quill",quill.com,C,retail_grocery,1
54411003157,"Quinn Snacks",quinnsnacks.com,C,cpg_food_beverage,1
54421055080,"Qxo",qxo.com,C,building_materials_industrial,1
54423685555,"Raben Group",raben-group.com,C,3pl_carrier,1
54428860033,"Range",range.energy,C,chemicals_plastics,1
54428395578,"Rappi",rappi.com,C,3pl_carrier,1
54773432601,"Rastelli Foods Group",rastellifoodsgroup.com,C,agriculture_food_processing,1
54785450411,"Rastelli's",rastellis.com,C,cold_chain,1
54774208948,"Raven Industries",ravenind.com,C,agriculture_food_processing,1
54416217668,"Raven Transport",raventransport.com,C,3pl_carrier,1
54762328343,"RC Willey",rcwilley.com,C,retail_grocery,1
54774279080,"RDO Equipment",rdoequipment.com,C,automotive_heavy_mfg,1
54773460524,"Recochem",recochem.com,C,building_materials_industrial,1
54753018295,"Recurrent Energy",recurrentenergy.com,C,building_materials_industrial,1
54773529113,"Red Ambiental",redambiental.com,C,3pl_carrier,1
9355097659,"Red Cap Transportation",,C,3pl_carrier,1
54774203266,"Red River Co-op",redriverco-op.crs,C,retail_grocery,1
54773198433,"Reddaway",reddawayregional.com,C,3pl_carrier,1
54773537449,"REDPATH MINING",redpathmining.com,C,building_materials_industrial,1
54424924277,"Redwood Materials",redwoodmaterials.com,C,building_materials_industrial,1
54773361209,"Reeb Millwork",reeb.com,C,building_materials_industrial,1
54773518241,"Reebok",reebok.com,C,building_materials_industrial,1
54402149814,"Reship",reship.com,C,3pl_carrier,1
8536615574,"Ridgeline Oil & Asphalt",,C,chemicals_plastics,1
55539939602,"riospackaging",riospackagingcorp.com,C,paper_packaging,1
54773422759,"RITE AID",riteaid.com,C,retail_grocery,1
54786175910,"River States Truck",riverstates.com,C,3pl_carrier,1
54726267207,"Riverhead Building Supply",rbscorp.com,C,building_materials_industrial,1
54771950188,"Riviana Foods",riviana.com,C,agriculture_food_processing,1
9446619783,"RJ Logistics",,C,3pl_carrier,1
54413275666,"Rlhudson",rlhudson.com,C,automotive_heavy_mfg,1
54774345126,"RM Palmer Company",rmpalmer.com,C,building_materials_industrial,1
54774132333,"Robinson",robinsoninc.com,C,automotive_heavy_mfg,1
9497338983,"Rock City Logistics",,C,3pl_carrier,1
54774328453,"Rocky Mountain Equipment",rockymtn.com,C,automotive_heavy_mfg,1
55554512937,"Rogers Group",rogersgroupincint.com,C,building_materials_industrial,1
9430488699,"Romark Logistics",,C,3pl_carrier,1
54774241953,"Rose Acre Farms",goodegg.com,C,agriculture_food_processing,1
15729538921,"Rose Rocket TMS",,C,3pl_carrier,1
54771860114,"Roslyn Supply",roslynsupply.com,C,wholesale_distribution,1
54762609773,"Rossignol",rossignol.com,C,wholesale_distribution,1
54734376298,"Rotary Compressor",csicompressco.com,C,chemicals_plastics,1
54772655967,"Royal",royaltechnologies.com,C,chemicals_plastics,1
9408559537,"Royal 4 Systems",,C,3pl_carrier,1
54772703288,"Royal Farms",royalfarms.com,C,retail_grocery,1
9497472834,"Royalty Logistics LLC",,C,3pl_carrier,1
54403388819,"Rugsusa",rugsusa.com,C,wholesale_distribution,1
54772556800,"Runnings",runnings.com,C,retail_grocery,1
54774328452,"Russel Metals",russelmetals.com,C,building_materials_industrial,1
54428550292,"Rwb Trucking",rwbtrucking.com,C,3pl_carrier,1
9636346130,"Ryan Transportation",,C,3pl_carrier,1
54771958065,"SAADIA",saadia.com,C,retail_grocery,1
54771873060,"Sabra Dipping Company",sabra.com,C,cpg_food_beverage,1
54773363812,"Safavieh",safavieh.com,C,wholesale_distribution,1
54755312271,"Sage Automotive Interiors",sageautomotiveinteriors.com,C,automotive_heavy_mfg,1
54400911499,"Sakaralife",sakaralife.com,C,agriculture_food_processing,1
54773548080,"Sakata Seed America",sakata.com,C,wholesale_distribution,1
54728249694,"Saks OFF 5TH",saksoff5th.com,C,retail_grocery,1
54773568614,"SalMar",salmar.no,C,agriculture_food_processing,1
54421674053,"Sanofi",sanofi.com,C,chemicals_plastics,1
54773374271,"SaskEnergy",saskenergy.com,C,chemicals_plastics,1
54407528369,"Scangl",scangl.com,C,3pl_carrier,1
54412086582,"Schmitz Cargobull",cargobull.com,C,3pl_carrier,1
54774203265,"Schnitzer Steel",schnitzersteel.com,C,building_materials_industrial,1
54785009258,"Seaboard Solutions",seaboardsolutions.com,C,3pl_carrier,1
54774295868,"SEACOR Holdings",seacorholdings.com,C,ports_intermodal,1
54773568621,"Seaspan",seaspancorp.com,C,3pl_carrier,1
8959098227,"Sequoia Tool",sequoiatool.com,C,building_materials_industrial,1
54754697512,"Serta",serta.com,C,building_materials_industrial,1
54756610596,"Service",service-partners.com,C,building_materials_industrial,1
54406388079,"Sheer Logistics",sheerlogistics.com,C,3pl_carrier,1
9355097971,"Shell",shell.us,C,chemicals_plastics,1
54772669609,"Sherwood Food Distributors",sherwoodfoods.com,C,cpg_food_beverage,1
54431492389,"Shipinland",shipinland.com,C,3pl_carrier,1
54421519644,"Shipium",shipium.com,C,3pl_carrier,1
54421364398,"Shiplab",shiplab.com,C,3pl_carrier,1
15729538902,"ShipLinx",,C,3pl_carrier,1
54425079136,"Shipmonk",shipmonk.com,C,3pl_carrier,1
54421829493,"Shippeo",shippeo.com,C,3pl_carrier,1
15729550407,"Shipsy Route Planning and Optimization Software",,C,3pl_carrier,1
54417648546,"Shoes For Crews",shoesforcrews.com,C,retail_grocery,1
54409544774,"Shopjimmy",shopjimmy.com,C,wholesale_distribution,1
54774184491,"Silgan Holdings",silganholdings.com,C,paper_packaging,1
54754697311,"Silver Eagle Distributors Houston",silvereagle.com,C,cpg_food_beverage,1
54772556215,"Simonton Windows & Doors",simonton.com,C,building_materials_industrial,1
54422293794,"Simpletire",simpletire.com,C,wholesale_distribution,1
54774304111,"Sinclair Oil",sinclairoil.com,C,chemicals_plastics,1
9337709602,"Skretting",skretting.com,C,cpg_food_beverage,1
54774277284,"Skyjack",skyjack.com,C,automotive_heavy_mfg,1
54773512532,"Smiths Group plc",smiths.com,C,automotive_heavy_mfg,1
54773464635,"SoEnergy International",soenergy.com,C,3pl_carrier,1
54409389466,"Sol de Janeiro",soldejaneiro.com,C,cpg_food_beverage,1
54773408518,"Solar Turbines",solarturbines.com,C,chemicals_plastics,1
54773495565,"Solistica",solistica.com,C,3pl_carrier,1
54773431186,"Sollio Cooperative Group",sollio.coop,C,agriculture_food_processing,1
54774298723,"Solta Medical",solta.com,C,building_materials_industrial,1
54403388822,"Solvento",solvento.mx,C,3pl_carrier,1
54774277258,"Source Energy Services",sourceenergyservices.com,C,chemicals_plastics,1
54774271339,"South Coast Air Quality Management District",aqmd.gov,C,3pl_carrier,1
45147406000,"Southern States Coop",southernstates.com,C,agriculture_food_processing,1
54430717720,"Spartronics",spartronics.com,C,automotive_heavy_mfg,1
54774164027,"Specialty Building Products",specialtybuildingproducts.com,C,building_materials_industrial,1
8959077177,"Speedrack",speedrack.net,C,building_materials_industrial,1
54774256919,"Speedway",speedway.com,C,retail_grocery,1
54753770036,"Sport Chek",sportchek.ca,C,wholesale_distribution,1
54774129958,"Sports Authority",sportsauthority.com,C,retail_grocery,1
54773427861,"SPS Companies",spsci.com,C,building_materials_industrial,1
55341305196,"SRC of Lexington",srclexington.com,C,building_materials_industrial,1
54774304099,"SRG Global",srgglobal.com,C,automotive_heavy_mfg,1
54756458244,"SRK Consulting",srk.com,C,building_materials_industrial,1
55554513045,"St. Onge",stonge.com,C,3pl_carrier,1
54720786994,"Standex International",standex.com,C,building_materials_industrial,1
54711198578,"Stanley Tools",stanleytools.com,C,building_materials_industrial,1
54418732196,"Starwalker Industries",starwalkerindustries.com,C,cpg_food_beverage,1
55531620161,"Stearns Packaging",stearnspkg.com,C,paper_packaging,1
54773363813,"Stella & Dot",stelladot.com,C,retail_grocery,1
54771981183,"STIIIZY",stiiizy.com,C,building_materials_industrial,1
54771862583,"Stolle Machinery Company",stollemachinery.com,C,automotive_heavy_mfg,1
54720630853,"Stonyfield",stonyfield.com,C,agriculture_food_processing,1
54774328464,"Strathcona Resources",strathconaresources.com,C,chemicals_plastics,1
54773568598,"Summit Truck Group",summittruckgroup.com,C,3pl_carrier,1
54750793818,"Sun Hydraulics",sunhydraulics.com,C,automotive_heavy_mfg,1
54772556458,"Sun Pacific",sunpacific.com,C,cpg_food_beverage,1
54405401753,"Sunbelt Rentals Climate Control",heatmakessense.com,C,chemicals_plastics,1
54422603399,"Sundays for Dogs",sundaysfordogs.com,C,retail_grocery,1
54756610605,"Sunland Construction Inc. and Affiliates",sunlandconstruction.com,C,chemicals_plastics,1
54774161686,"Sunnova Energy",sunnova.com,C,building_materials_industrial,1
54785088620,"Sunrise Fresh Produce",sunrisefreshproduce.com,C,agriculture_food_processing,1
54753018290,"Sunroad Enterprises",sunroadenterprises.com,C,automotive_heavy_mfg,1
54758074029,"Sunshine Global Circuits",sunshinepcbgroup.com,C,automotive_heavy_mfg,1
54417456398,"Supercircle",supercircle.world,C,wholesale_distribution,1
54773455641,"Supercuts",supercuts.com,C,retail_grocery,1
9347335718,"Supreme Auto Transport",,C,3pl_carrier,1
9338066596,"Sure Shot Logistics",,C,3pl_carrier,1
54773539431,"Surya",surya.com,C,wholesale_distribution,1
54409234782,"Sutton Transport",suttontrans.com,C,3pl_carrier,1
54773521839,"Sybron Dental Specialties",sybrondental.com,C,building_materials_industrial,1
54434122799,"Symbia",symbia.com,C,3pl_carrier,1
54771981181,"Syncrude Canada",syncrude.ca,C,chemicals_plastics,1
54407683725,"Synergy ReCommerce",synergyrecommerce.com,C,retail_grocery,1
54774194341,"T.D. Williamson",tdwilliamson.com,C,chemicals_plastics,1
54774277271,"TA Instruments",tainstruments.com,C,automotive_heavy_mfg,1
55554511183,"TAIYO YUDEN",yuden.co.jp,C,automotive_heavy_mfg,1
54720795454,"Takata",takata.com,C,automotive_heavy_mfg,1
54420745871,"Takeda",takeda.com,C,chemicals_plastics,1
54772655973,"Talisman Energy",talisman-energy.com,C,chemicals_plastics,1
54408457330,"Tate & Lyle",tateandlyle.com,C,cpg_food_beverage,1
9347584394,"Technology Conservation Group",tcgrecycling.com,C,building_materials_industrial,1
54431182900,"Teeturtle",teeturtle.com,C,retail_grocery,1
54406388076,"Teknos",teknos.com,C,chemicals_plastics,1
54415908276,"Temperpack",temperpack.com,C,paper_packaging,1
54751057201,"Texas Pipe & Supply",texaspipe.com,C,chemicals_plastics,1
54774164028,"The Boring Company",boringcompany.com,C,automotive_heavy_mfg,1
55554514180,"The Dixie Group",thedixiegroup.com,C,wholesale_distribution,1
54773398033,"The Granite Group",thegranitegroup.com,C,wholesale_distribution,1
54773374275,"The Herb Chambers Companies",herbchambers.com,C,automotive_heavy_mfg,1
54774307398,"The Lee Company",theleeco.com,C,automotive_heavy_mfg,1
54774298721,"The Macomb Group",macombgroup.com,C,wholesale_distribution,1
45009260118,"The Port Group",portgroupusa.com,C,3pl_carrier,1
54416837707,"The Resource Group",theresourcegroup.com,C,3pl_carrier,1
54774279086,"The Royal Group",teamtrg.com,C,paper_packaging,1
54773475629,"The Shyft Group",theshyftgroup.com,C,automotive_heavy_mfg,1
54773489280,"The Step2 Company",step2.com,C,building_materials_industrial,1
54720485260,"Therma-Tru Doors",thermatru.com,C,building_materials_industrial,1
54735414166,"Thompson Creek Metals Company",auricometals.com,C,building_materials_industrial,1
54773539422,"Thor Explorations",thorexpl.com,C,building_materials_industrial,1
54728423023,"Thrifty White Pharmacy",thriftywhite.com,C,retail_grocery,1
9347584932,"Thumbprint Fulfillment",thumbprintfulfillment.com,C,3pl_carrier,1
8959228519,"Thyssen Krupp",thyssenkrupp.com,C,building_materials_industrial,1
54774300853,"TI Fluid",tifluidsystems.com,C,automotive_heavy_mfg,1
54756458145,"Tidewater",tdw.com,C,3pl_carrier,1
54764080217,"Tigercat Industries",tigercat.com,C,automotive_heavy_mfg,1
54410383664,"Tipco Tech",tipcotech.com,C,building_materials_industrial,1
15729550446,"TMSfirst",,C,3pl_carrier,1
54772736784,"Tom James Company",tomjames.com,C,retail_grocery,1
54773441857,"Topcon Healthcare",topconhealthcare.com,C,building_materials_industrial,1
54773404780,"Topcon Positioning",topconpositioning.com,C,automotive_heavy_mfg,1
54424304971,"Torrestir",torrestir.com,C,3pl_carrier,1
54772765362,"Total Energy Services",totalenergy.ca,C,chemicals_plastics,1
54773366961,"Touchstone Crystal",touchstonecrystal.com,C,retail_grocery,1
55554513021,"Town Fair Tire",townfairtire.com,C,retail_grocery,1
54774277288,"Town Pump Company",townpump.com,C,retail_grocery,1
54772698724,"Toyoda Gosei Americas",toyodagosei.com,C,automotive_heavy_mfg,1
54773551473,"Toyota Boshoku America",toyota-boshoku.com,C,automotive_heavy_mfg,1
54728249699,"Toyota Motor Manufacturing Canada",tmmc.ca,C,automotive_heavy_mfg,1
54773509635,"TP-Link",tp-link.com,C,automotive_heavy_mfg,1
54411467428,"Trafigura",trafigura.com,C,chemicals_plastics,1
9337172747,"Trafigura AG",,C,3pl_carrier,1
54410073457,"Transervice",transervamer.com,C,3pl_carrier,1
54432884064,"Transfix",transfix.io,C,3pl_carrier,1
54410848377,"Transworld Logistics",transworldlogistics.com,C,3pl_carrier,1
8974652244,"TRAVELPRO PRODUCTS",travelpro.com,C,retail_grocery,1
54771963543,"TravisMathew",travismathew.com,C,retail_grocery,1
54425233993,"Trax Tech",traxtech.com,C,3pl_carrier,1
54773481517,"Tredegar",tredegar.com,C,chemicals_plastics,1
54405401756,"TRI Chemicals",trichemicals.com,C,chemicals_plastics,1
54773453438,"Trinidad Benham",trinidadbenham.com,C,agriculture_food_processing,1
54773509633,"Trinidad Drilling",trinidaddrilling.com,C,chemicals_plastics,1
54785020299,"Trinity Logistics MN",trinitylogisticsmn.com,C,3pl_carrier,1
54772495286,"Trinity Services Group",trinityservicesgroup.com,C,cpg_food_beverage,1
54773565563,"Tripp Lite",tripplite.com,C,automotive_heavy_mfg,1
54774247017,"Triumph Foods L.L.C",triumphfoods.com,C,building_materials_industrial,1
54772663422,"Troy Design and Manufacturing",troydm.com,C,automotive_heavy_mfg,1
54771958045,"Truck Centers",truckcentersinc.com,C,3pl_carrier,1
54774178409,"TS Tech Americas",tstech.com,C,automotive_heavy_mfg,1
54427776571,"Tuckerco",tuckerco.com,C,3pl_carrier,1
54773453436,"Tuesday Morning",tuesdaymorning.com,C,retail_grocery,1
54413120637,"Tupperware",tupperware.com,C,wholesale_distribution,1
54419816377,"Turvo",turvo.com,C,3pl_carrier,1
54772709517,"TY",ty.com,C,building_materials_industrial,1
54772663943,"Tyson Fresh Meats",tysonfreshmeats.com,C,agriculture_food_processing,1
54773546516,"U.S. Pipeline",uspipeline.com,C,chemicals_plastics,1
54773565571,"UGG",ugg.com,C,retail_grocery,1
54422758296,"Uncagedinnovations",uncagedinnovations.com,C,chemicals_plastics,1
54750793825,"Unifi Manufacturing",unifi.com,C,wholesale_distribution,1
54773431203,"United Dairy Farmers",udfinc.com,C,retail_grocery,1
54772731413,"Unitex",unitex.com,C,wholesale_distribution,1
54771831956,"Universal Plant Services",universalplant.com,C,chemicals_plastics,1
54774304086,"Urban Science",urbanscience.com,C,automotive_heavy_mfg,1
54403388821,"Urbanxtracts",urbanxtracts.com,C,agriculture_food_processing,1
54773460509,"UroLift System",urolift.com,C,building_materials_industrial,1
54409234781,"Us",ihp.us.com,C,wholesale_distribution,1
54773458819,"Utilimaster",utilimaster.com,C,automotive_heavy_mfg,1
54762315612,"Utility Trailer Manufacturing Company",utilitytrailer.com,C,3pl_carrier,1
54412242012,"Vale",vale.com,C,building_materials_industrial,1
54734998414,"Valiant TMS",valianttms.com,C,automotive_heavy_mfg,1
54772736891,"Vallen México",vallen.com.mx,C,wholesale_distribution,1
54754706297,"Value City Furniture",vcf.com,C,retail_grocery,1
54777568134,"Vancouver Cross-Dock",vancouvercrossdock.com,C,3pl_carrier,1
54422603396,"Vanmoer",vanmoer.com,C,3pl_carrier,1
54404163396,"Vecnarobotics",vecnarobotics.com,C,building_materials_industrial,1
54432574365,"Vectorgl",vectorgl.com,C,3pl_carrier,1
54771909495,"VENUS Fashion",venus.com,C,retail_grocery,1
54773503089,"Veolia",veoliawatertech.com,C,3pl_carrier,1
54773571350,"VERDER SCIENTIFIC",verder-scientific.com,C,automotive_heavy_mfg,1
54784328456,"Verdun Oil",verdunoilco.com,C,chemicals_plastics,1
54726919001,"Vermilion Energy",vermilionenergy.com,C,chemicals_plastics,1
54774237019,"Village Super Market",myvillagesupermarket.com,C,cpg_food_beverage,1
54774321772,"VinFast US",,C,automotive_heavy_mfg,1
54422758300,"Vision Healthcare",visionhealthcare.eu,C,wholesale_distribution,1
54774304087,"Vista Outdoor",vistaoutdoor.com,C,building_materials_industrial,1
54422139035,"Vitacoco",vitacoco.com,C,cpg_food_beverage,1
54755808012,"Vital Materials",vitalchem.com,C,building_materials_industrial,1
54403853873,"Vivify Company",vivifycompany.com,C,chemicals_plastics,1
54773492106,"Von Maur",vonmaur.com,C,retail_grocery,1
15728845398,"vTradEx TMS",,C,3pl_carrier,1
54774293598,"W. W. Wood Products",wwwoodproducts.com,C,paper_packaging,1
54773542933,"W.S. Badcock",badcock.com,C,retail_grocery,1
54423840431,"Wadhams",wadhams.com,C,3pl_carrier,1
54727662878,"Walbro",walbro.com,C,automotive_heavy_mfg,1
9238142021,"Walker Edison",walkeredison.com,C,wholesale_distribution,1
54773535612,"Walmart eCommerce Mexico",walmart.com.mx,C,retail_grocery,1
54417456397,"Ward International Trucks",wardinihacompany.com,C,3pl_carrier,1
54434122800,"Washington Express",washingtonexpress.com,C,3pl_carrier,1
54773398030,"Waterway Carwash",waterway.com,C,retail_grocery,1
45058286921,"Waylanders",waylanders.com,C,3pl_carrier,1
54774146999,"Wayne Dalton",wayne-dalton.com,C,building_materials_industrial,1
54774239072,"Waypoint",acxion.com,C,cpg_food_beverage,1
54427930674,"Wbs",wbs.com,C,building_materials_industrial,1
54772675119,"WBTL",btl-auto.com,C,building_materials_industrial,1
54425079129,"Wdc",wdc.com,C,retail_grocery,1
54773495583,"Weather Shield Windows and Doors",weathershield.com,C,building_materials_industrial,1
55550310443,"website",jctlogisticsinc.com,C,3pl_carrier,1
54762178376,"Weisiger Group",weisigergroup.com,C,automotive_heavy_mfg,1
54772593568,"Wells Enterprises",wellsenterprisesinc.com,C,agriculture_food_processing,1
54771931429,"Wesco",gowesco.com,C,cpg_food_beverage,1
54726267216,"White House Black Market",whitehouseblackmarket.com,C,retail_grocery,1
54430872907,"Wild One",wildone.com,C,retail_grocery,1
54417648545,"Wildgrain",wildgrain.com,C,retail_grocery,1
54408770212,"Windigous",windigous.com,C,3pl_carrier,1
54269587305,"Winland Foods",winlandfoods.com,C,cpg_food_beverage,1
54414205071,"Wise Systems",wisesystems.com,C,3pl_carrier,1
54723051544,"WITRON Group",witron.de,C,3pl_carrier,1
54773425260,"Wolter",wolterinc.com,C,automotive_heavy_mfg,1
54774262922,"Woodman's Food Markets",woodmans-food.com,C,retail_grocery,1
54403853870,"Wuffes",wuffes.com,C,cpg_food_beverage,1
54420745868,"X Delivery",xdelivery.ai,C,3pl_carrier,1
54421364397,"Xerox",xerox.com,C,wholesale_distribution,1
54769741695,"Xpac",xpac.com,C,3pl_carrier,1
54773531911,"Y. Hata &",yhata.com,C,cpg_food_beverage,1
54429479541,"Yakima Chief Hops",yakimachief.com,C,cpg_food_beverage,1
54774254762,"Yesway",yesway.com,C,retail_grocery,1
54773565566,"Yihaodian",yihaodian.com,C,retail_grocery,1
55554510498,"Zebox",ze-box.io,C,3pl_carrier,1
54421829498,"Zencargo",zencargo.com,C,3pl_carrier,1
54409234790,"Zurich Transport",zurichtransportllc.com,C,3pl_carrier,1
54785485450,"ZWILLING J.A. Henckels Canada",zwilling.ca,C,wholesale_distribution,1
54774203264,"Zyia Active",zyiaactive.com,C,retail_grocery,1
54785100828,"",ehi.ca,C,wholesale_distribution,2
54773439157,"-X-",,C,agriculture_food_processing,2
54720795441,"407 ETR",407etr.com,C,3pl_carrier,2
54774171941,"99 Cents Only Stores",99only.com,C,retail_grocery,2
54753770052,"99 Ranch Market",99ranch.com,C,retail_grocery,2
54773581394,"a.k.a. Brands",aka-brands.com,C,retail_grocery,2
54756458158,"A.T. Cross Company",cross.com,C,wholesale_distribution,2
54771882649,"ABRA Auto Body & Glass",abraauto.com,C,automotive_heavy_mfg,2
54734218412,"Acelity",acelity.com,C,building_materials_industrial,2
54754519220,"ACS Group",acscorporate.com,C,automotive_heavy_mfg,2
54772698753,"Acument Global",fontanagruppoagtna.com,C,automotive_heavy_mfg,2
54771970933,"ADAC",adaccompanies.com,C,automotive_heavy_mfg,2
55554515624,"Adler Pelzer Group",adlerpelzer.com,C,automotive_heavy_mfg,2
54771909155,"Aerotech",aerotech.com,C,automotive_heavy_mfg,2
54757112593,"AES Drilling Fluids",aesfluids.com,C,chemicals_plastics,2
55554513529,"Agri-Mark",agrimark.coop,C,agriculture_food_processing,2
54773422748,"AGY",agy.com,C,building_materials_industrial,2
54772405252,"AIM-RECYCLING",aim-recycling.com,C,building_materials_industrial,2
54774311791,"Alex Lee",alexlee.com,C,retail_grocery,2
54756458164,"Algoma Steel",algoma.com,C,building_materials_industrial,2
54774283164,"Alliance One",aointl.com,C,agriculture_food_processing,2
54774284865,"Alliance Resource Partners L.P",arlp.com,C,building_materials_industrial,2
54750784317,"Alliance Shippers",alliance.com,C,3pl_carrier,2
54774274582,"Allient",allient.com,C,automotive_heavy_mfg,2
54774271350,"Alpha Assembly Solutions",alphaassembly.com,C,automotive_heavy_mfg,2
54774244193,"Alpha Baking",alphabaking.com,C,cpg_food_beverage,2
54723694917,"Altra Industrial Motion",altramotion.com,C,automotive_heavy_mfg,2
54771925675,"Amarr",amarr.com,C,building_materials_industrial,2
54771841428,"AMCON Distributing Company",amcon.com,C,3pl_carrier,2
54772706859,"American Crystal Sugar Company",crystalsugar.com,C,agriculture_food_processing,2
54772556459,"American Furniture Warehouse",afw.com,C,wholesale_distribution,2
54771844102,"American Standard Brands",americanstandard-us.com,C,building_materials_industrial,2
54772646809,"American Trim",amtrim.com,C,building_materials_industrial,2
54773484615,"AmesburyTruth",amesburytruth.com,C,building_materials_industrial,2
54773568609,"AMVAC U.S",amvac.com,C,chemicals_plastics,2
54774274585,"Applied Consultants",appliedconsultants.com,C,chemicals_plastics,2
9497473442,"Arden Companies",,C,wholesale_distribution,2
55554488694,"Aris Mining",,C,building_materials_industrial,2
54774266007,"AriZona Beverage",drinkarizona.com,C,cpg_food_beverage,2
54408457340,"Arkas Logistics",arkaslojistik.com.tr,C,3pl_carrier,2
54773455666,"Artemyn",artemyn.com,C,building_materials_industrial,2
54726267215,"Asbury Automotive Group",asburyauto.com,C,automotive_heavy_mfg,2
54421055082,"Ascena Retail",ascenaretail.com,C,retail_grocery,2
54751057187,"Asplundh Tree Expert",asplundh.com,C,3pl_carrier,2
54753018370,"ASRC Energy Services",asrcenergy.com,C,chemicals_plastics,2
54771902124,"Associated Milk Producers",ampi.com,C,agriculture_food_processing,2
54773537445,"AstenJohnson",astenjohnson.com,C,paper_packaging,2
54774129964,"Atlantic Packaging",atlanticpkg.com,C,paper_packaging,2
54756112450,"ATS Industrial Automation",atsindustrialautomation.com,C,automotive_heavy_mfg,2
54774239062,"Ball Horticultural Company",ballhort.com,C,agriculture_food_processing,2
54773415312,"Balls Foods",ballsfoods.com,C,retail_grocery,2
54757122945,"Banana Republic",bananarepublic.com,C,retail_grocery,2
54772706863,"Barcel USA",barcel-usa.com,C,cpg_food_beverage,2
54773460505,"Bargreen Ellingson",bargreen.com,C,wholesale_distribution,2
55554507371,"BDI",bdiexpress.com,C,wholesale_distribution,2
54428704802,"Beiersdorf",beiersdorf.com,C,wholesale_distribution,2
54417957938,"Bekaert",bekaert.com,C,automotive_heavy_mfg,2
54771920672,"Bergdorf Goodman",bergdorfgoodman.com,C,retail_grocery,2
54771909496,"Berry",bry.com,C,chemicals_plastics,2
54414979219,"Best Buy Canada",bestbuycanada.ca,C,wholesale_distribution,2
9497629614,"Better Choice Company",,C,cpg_food_beverage,2
54734998409,"BG Products",bgprod.com,C,automotive_heavy_mfg,2
54772616069,"Bi-Mart",bimart.com,C,retail_grocery,2
54771988918,"Big 5 Sporting Goods",big5sportinggoods.com,C,retail_grocery,2
45057819420,"Bigg Express",biggexpress.com,C,3pl_carrier,2
54419196993,"Biocair",biocair.com,C,3pl_carrier,2
54774192920,"BizLink Group",bizlinktech.com,C,automotive_heavy_mfg,2
54773565551,"BJ Energy Solutions",bjenergy.com,C,chemicals_plastics,2
54773597879,"BK Medical",bkmedical.com,C,building_materials_industrial,2
8958643594,"Blackhive",blackhivecorp.com,C,agriculture_food_processing,2
54771877430,"Blick Art Materials",dickblick.com,C,retail_grocery,2
54774262918,"Blue Apron",blueapron.com,C,cpg_food_beverage,2
54774164020,"BlueScope Buildings North America",bluescopebuildings.com,C,building_materials_industrial,2
54774353834,"Bluestem Brands",bluestem.com,C,retail_grocery,2
54774256896,"BMW Manufacturing",bmwusfactory.com,C,automotive_heavy_mfg,2
54736059271,"Bogopa Service Corp/ Food Bazaar Supermarket",foodbazaar.com,C,retail_grocery,2
54751048516,"Boise Paper",boisepaper.com,C,paper_packaging,2
54771750268,"Bomgaars Supply",bomgaars.com,C,retail_grocery,2
54736059275,"Brake Parts",brakepartsinc.com,C,automotive_heavy_mfg,2
54773472894,"Braskem Idesa",braskemidesa.com.mx,C,chemicals_plastics,2
54773539444,"BRAVA Energia",bravaenergia.com,C,chemicals_plastics,2
54774295860,"Bridgestone HosePower",hosepower.com,C,wholesale_distribution,2
54771974681,"Bristol Farms",bristolfarms.com,C,retail_grocery,2
54416837706,"Bristol Myers Squibb",bms.com,C,chemicals_plastics,2
54773411921,"Brock Solutions",brocksolutions.com,C,automotive_heavy_mfg,2
55554509675,"Brookshire Brothers",brookshirebrothers.com,C,retail_grocery,2
54720630844,"Building Material Distributors",bmdusa.com,C,building_materials_industrial,2
54771833780,"Bull Moose Tube",bullmoosetube.com,C,building_materials_industrial,2
54774192911,"C&K Market",ckmarket.com,C,cpg_food_beverage,2
54773531829,"CABB",cabb-chemicals.com,C,chemicals_plastics,2
54758386040,"Cactus Wellhead",cactuswellhead.com,C,chemicals_plastics,2
9399965342,"Cantoni",,C,wholesale_distribution,2
45140762034,"Capital Logistics Group",clgdelivers.com,C,3pl_carrier,2
54774171929,"CaptiveAire",captiveaire.com,C,automotive_heavy_mfg,2
54773527988,"Car Pros Automotive Group",carpros.com,C,automotive_heavy_mfg,2
54773458822,"Cardinal Glass Industries",cardinalcorp.com,C,building_materials_industrial,2
54771853590,"CARLS JR",carlsjr.com,C,cpg_food_beverage,2
54773467957,"Carolina Tractor",carolinacat.com,C,automotive_heavy_mfg,2
54772706861,"Carry-On Trailer",carry-ontrailer.com,C,building_materials_industrial,2
54735414084,"CarShield",carshield.com,C,automotive_heavy_mfg,2
9361573685,"Caterpillar",,C,automotive_heavy_mfg,2
54734998413,"CB2",cb2.com,C,retail_grocery,2
54771804301,"CCC Group,",cccgroupinc.com,C,building_materials_industrial,2
54754528339,"Central Alberta Co-op",centralalbertaco-op.crs,C,retail_grocery,2
54773374268,"Central Freight Lines",centralfreight.com,C,3pl_carrier,2
54773503096,"Central Market",centralmarket.com,C,retail_grocery,2
54773505597,"Central Valley Ag Cooperative",cvacoop.com,C,agriculture_food_processing,2
54773560103,"Challenge Manufacturing",challenge-mfg.com,C,automotive_heavy_mfg,2
54723051542,"Champion Iron",championiron.com,C,building_materials_industrial,2
54754697510,"Charger Logistics",chargerlogistics.com,C,3pl_carrier,2
54774229429,"Chesapeake Energy",chk.com,C,chemicals_plastics,2
54774237011,"Ciocca Automotive",cioccaautomotive.com,C,automotive_heavy_mfg,2
54774365606,"Citromax Group",citromax.com,C,cpg_food_beverage,2
54413120639,"Civicarx",civicarx.org,C,chemicals_plastics,2
9437963130,"Claw Freight",,C,3pl_carrier,2
54772640056,"Clif Bar",clifbar.com,C,building_materials_industrial,2
54756458245,"Cloverdale Paint",cloverdalepaint.com,C,chemicals_plastics,2
54774368390,"Coldspring",coldspringusa.com,C,building_materials_industrial,2
9400079391,"Columbia Sportswear",,C,retail_grocery,2
8981900402,"Confederation Freezers",gocold.ca,C,3pl_carrier,2
8982338351,"Congebec Logistics",congebec.com,C,3pl_carrier,2
54756257181,"Conrad Shipyard",conradindustries.com,C,ports_intermodal,2
54772627794,"Contura Energy",conturaenergy.com,C,building_materials_industrial,2
54771933822,"Coregistics",coregistics.com,C,3pl_carrier,2
54418113291,"Cornerstone Brands",cornerstonebrands.com,C,wholesale_distribution,2
54751057197,"Country Pure Foods",countrypure.com,C,agriculture_food_processing,2
45007705438,"Coyote Logistics",rxo.com,C,3pl_carrier,2
54754697526,"CP Kelco",cpkelco.com,C,building_materials_industrial,2
54773382700,"CPC Logistics",cpclogistics.com,C,3pl_carrier,2
54773431206,"Crane Company",craneco.com,C,building_materials_industrial,2
54774290344,"Crosby",thecrosbygroup.com,C,automotive_heavy_mfg,2
55554496565,"Culligan Quench",,C,retail_grocery,2
54774256903,"Curtis Instruments",curtisinstruments.com,C,automotive_heavy_mfg,2
54408457338,"Daimler",daimler.com,C,automotive_heavy_mfg,2
8974667833,"DAN HENRY DISTRIBUTING",danhenrydist.com,C,cpg_food_beverage,2
54734689090,"Dee Zee",deezee.com,C,automotive_heavy_mfg,2
54419661188,"Deliver It",deliver-it.com,C,3pl_carrier,2
54774256906,"Denbury",denbury.com,C,chemicals_plastics,2
9392925518,"DENSO",denso.com,C,automotive_heavy_mfg,2
54773518230,"Desgagnés",desgagnes.com,C,ports_intermodal,2
54419506853,"Deufol",deufol.com,C,3pl_carrier,2
54772627796,"Diamond Pet Foods",diamondpetcompany.com,C,agriculture_food_processing,2
54774321761,"Diamonds Direct",diamondsdirect.com,C,wholesale_distribution,2
54774237024,"Dierbergs Markets",dierbergs.com,C,retail_grocery,2
54757284200,"DMC Global",dmcglobal.com,C,building_materials_industrial,2
54405401758,"Dohrn",dohrn.com,C,3pl_carrier,2
54416837709,"Doleintl",doleintl.com,C,agriculture_food_processing,2
54773529121,"E.J. PAPADOPOULOS SA",papadopoulou.gr,C,agriculture_food_processing,2
54408148118,"Eagle Express Lines",eagleexpresslines.com,C,3pl_carrier,2
54774262932,"Earthbound Trading Company",earthboundtrading.com,C,retail_grocery,2
54409234789,"Ebay",ebay.com,C,retail_grocery,2
54774239067,"EchoPark Automotive",echopark.com,C,automotive_heavy_mfg,2
54774283159,"Eclipse Automation",eclipseautomation.com,C,automotive_heavy_mfg,2
54735414172,"Ecovyst",ecovyst.com,C,chemicals_plastics,2
54734376312,"Edison Chouest Offshore",chouest.com,C,ports_intermodal,2
54774234372,"El Super",elsupermarkets.com,C,retail_grocery,2
54773537439,"Elementis Global",elementis.com,C,chemicals_plastics,2
55554488702,"Elior North America",,C,cpg_food_beverage,2
54753770048,"Emery Oleochemicals",emeryoleo.com,C,chemicals_plastics,2
55341849170,"Emtek",emtek.com,C,building_materials_industrial,2
54734674958,"Enable Midstream",enablemidstream.com,C,chemicals_plastics,2
54772623624,"Endeavour Silver",edrsilver.com,C,building_materials_industrial,2
54772737319,"Endries International",endries.com,C,3pl_carrier,2
54773481513,"Energy Alloys Global Solutions",ealloys.com,C,chemicals_plastics,2
54773557277,"Ennis",ennis.com,C,paper_packaging,2
54774129970,"Enviri",,C,3pl_carrier,2
54429634054,"Epes Transport",epestransport.com,C,3pl_carrier,2
54751057202,"Evenflo Company",evenflo.com,C,building_materials_industrial,2
54409234785,"Everlane",everlane.com,C,retail_grocery,2
54773492109,"EVI Industries",evi-ind.com,C,wholesale_distribution,2
54428860034,"Expo Freight",expofreight.com,C,3pl_carrier,2
54774308784,"Factor_",factor75.com,C,cpg_food_beverage,2
54773411917,"Familiprix",familiprix.com,C,chemicals_plastics,2
54754528347,"Farmacias Benavides",benavides.com.mx,C,retail_grocery,2
54774271337,"Farwest Steel",farweststeel.com,C,building_materials_industrial,2
54774321751,"FCC Environmental Services",fccenvironmental.com,C,3pl_carrier,2
54405401757,"Fearofgod",fearofgod.com,C,retail_grocery,2
9402327810,"Fed Ex Freight",,C,3pl_carrier,2
54720786456,"Fedway Associates",fedway.com,C,cpg_food_beverage,2
54754696837,"FFE Transportation Services",ffeinc.com,C,3pl_carrier,2
54432729222,"Fhiworks",fhiworks.com,C,3pl_carrier,2
54773450542,"Fields Auto Group",fieldsauto.com,C,automotive_heavy_mfg,2
54723694674,"Filterbuy",filterbuy.com,C,building_materials_industrial,2
45146506264,"First Call Logistics",gofclogistics.com,C,3pl_carrier,2
54756610604,"First Quantum Minerals",first-quantum.com,C,building_materials_industrial,2
54774268467,"Fitzgerald Auto Mall",fitzmall.com,C,automotive_heavy_mfg,2
54773551475,"Fix Auto",fixauto.com,C,automotive_heavy_mfg,2
54700172546,"Flagstone Foods",flagstonefoods.com,C,agriculture_food_processing,2
8958682429,"Flintgrp",flintgrp.com,C,chemicals_plastics,2
54774249900,"Flow International",flowcorp.com,C,automotive_heavy_mfg,2
54772001580,"Formica Group North America",formica.com,C,building_materials_industrial,2
54774368403,"Formosa Plastics Corporation U.S.A",fpcusa.com,C,chemicals_plastics,2
54756450333,"Four Seasons Produce",fsproduce.com,C,wholesale_distribution,2
54773592680,"Fred Beans Automotive Group",fredbeans.com,C,automotive_heavy_mfg,2
54416217665,"Freightquote",freightquote.com,C,3pl_carrier,2
8982317488,"Frialsa Frigorificos S.A DE. C.V.",frialsa.com.mx,C,3pl_carrier,2
54772765366,"FRISA",frisa.com,C,building_materials_industrial,2
54774262921,"Fruitist",fruitist.com,C,cpg_food_beverage,2
54769741694,"G&J Pepsi-Cola Bottlers",gjpepsi.com,C,building_materials_industrial,2
54773481509,"GE Lighting a Savant company",gelighting.com,C,automotive_heavy_mfg,2
54771936139,"General Dynamics",gdbiw.com,C,automotive_heavy_mfg,2
9438516915,"General Trucking Inc.",,C,3pl_carrier,2
54774307392,"Genpak",genpak.com,C,paper_packaging,2
54773450532,"George Weston",weston.ca,C,retail_grocery,2
54774241941,"GES Logistics",geslogistics.com,C,3pl_carrier,2
54774254767,"Giant Tiger",gianttiger.com,C,retail_grocery,2
54771986509,"GLOBOCAM",globocam.ca,C,retail_grocery,2
54417147146,"Glossier",glossier.com,C,retail_grocery,2
54421364389,"Goat",goat.com,C,retail_grocery,2
54410693555,"Gobolt",gobolt.com,C,3pl_carrier,2
54726918991,"Godiva Chocolatier",pladisglobal.com,C,cpg_food_beverage,2
54773512543,"Gold Creek Foods",goldcreekfoods.com,C,agriculture_food_processing,2
55554493837,"Golf Town",joingolftown.com,C,retail_grocery,2
54773408521,"Good Foods Group",goodfoods.com,C,cpg_food_beverage,2
54431182906,"Goodr",goodr.com,C,wholesale_distribution,2
8974656869,"Got-Rack.com",got-rack.com,C,automotive_heavy_mfg,2
54774203284,"Grede Holdings",grede.com,C,automotive_heavy_mfg,2
54774229507,"Greene Tweed",gtweed.com,C,building_materials_industrial,2
54773431180,"Greyhound Lines",greyhound.com,C,3pl_carrier,2
54773436212,"GRUPO LAMOSA",grupolamosa.com,C,building_materials_industrial,2
54773460503,"GSP",gspnorthamerica.com,C,automotive_heavy_mfg,2
54772664183,"Gulf Companies",gulfcompanies.com,C,chemicals_plastics,2
54773398044,"Gypsum Management and Supply",gms.com,C,building_materials_industrial,2
55554514226,"HAC",agreatplaceto.work,C,retail_grocery,2
54756458150,"Hair Cuttery Family of Brands",haircuttery.com,C,retail_grocery,2
54774333766,"Hammond Lumber Company",hammondlumber.com,C,retail_grocery,2
54773548090,"Hamster",hamster.ca,C,wholesale_distribution,2
45148718118,"Hanover Foods",hanoverfoods.com,C,agriculture_food_processing,2
54773512550,"Hansel Auto Group",gohansel.com,C,automotive_heavy_mfg,2
54048857649,"Harbor Foods",harborfoods.com,C,cpg_food_beverage,2
54771851889,"Harbor Wholesale",harborwholesale.com,C,wholesale_distribution,2
54773481498,"Hardees",,C,cpg_food_beverage,2
54698035473,"Harris Ranch Beef Company",harrisranchbeef.com,C,agriculture_food_processing,2
54771864218,"Heatcraft Worldwide Refrigeration",heatcraftrpd.com,C,automotive_heavy_mfg,2
54773198437,"HEB México",hebmexico.com.mx,C,retail_grocery,2
54720485269,"Heinen's Grocery Store",heinens.com,C,retail_grocery,2
54774239064,"Heller Machine Tools",heller.biz,C,automotive_heavy_mfg,2
54773404760,"Henniges Automotive",hennigesautomotive.com,C,automotive_heavy_mfg,2
54413895335,"Hensley",hensley.com,C,wholesale_distribution,2
54773597966,"HEYDUDE",heydude.com,C,retail_grocery,2
54752278622,"High Tide",hightideinc.com,C,retail_grocery,2
54771852144,"Hiland Dairy Foods",hilanddairy.com,C,agriculture_food_processing,2
54773374274,"Hilcorp",hilcorp.com,C,chemicals_plastics,2
54771804285,"Hino Trucks",hino.com,C,3pl_carrier,2
45066091688,"Hoffman Transport",hoffmantransport.com,C,3pl_carrier,2
54774237034,"Holiday Stationstores",holidaystationstores.com,C,retail_grocery,2
54771914501,"Hollywood Feed",hollywoodfeed.com,C,retail_grocery,2
54773326515,"Hutson",hutsoninc.com,C,automotive_heavy_mfg,2
54773568599,"Hyundai Motor America",,C,automotive_heavy_mfg,2
54773455662,"idX",idxcorporation.com,C,building_materials_industrial,2
54774164025,"IG Design Group Americas",igdesigngroup-americas.com,C,building_materials_industrial,2
54424150116,"Impactfs",impactfs.com,C,3pl_carrier,2
54773581413,"Inpro",inprocorp.com,C,building_materials_industrial,2
54774171924,"Insta360",insta360.com,C,automotive_heavy_mfg,2
54774184483,"Interceramic",interceramic.com,C,building_materials_industrial,2
9497511499,"Interpower Induction USA",,C,building_materials_industrial,2
45070118552,"Interstate Transport",interstatetransport.com,C,3pl_carrier,2
54734689079,"Intralox",intralox.com,C,automotive_heavy_mfg,2
54415908281,"Inxpress",inxpress.com,C,3pl_carrier,2
54771831211,"Irving Shipbuilding",shipsforcanada.ca,C,automotive_heavy_mfg,2
54756938582,"Island Operating Company",islandoperating.com,C,chemicals_plastics,2
54727912054,"ITW Automotive",,C,automotive_heavy_mfg,2
54720795442,"ITW Food Equipment Group",itwfoodequipment.com,C,automotive_heavy_mfg,2
54754696833,"Jack Cooper Transport",jackcooper.com,C,3pl_carrier,2
54771950191,"Jacksons Food Stores",jacksons.com,C,retail_grocery,2
54433813100,"Jbtc",jbtc.com,C,agriculture_food_processing,2
54428241026,"Jerich",jerich.com,C,3pl_carrier,2
54711188900,"Jerry's Enterprises",jerrysfoods.com,C,retail_grocery,2
54758074006,"JM Eagle",jmeagle.com,C,chemicals_plastics,2
54773505600,"John Paul Mitchell",paulmitchell.com,C,cpg_food_beverage,2
54773431189,"John Soules Foods",soulesfoods.com,C,agriculture_food_processing,2
54720786457,"Journeys",journeys.com,C,retail_grocery,2
45139997605,"Jrw Trucking",jrwtrucking.com,C,3pl_carrier,2
54773563473,"K-Bro Linen",k-brolinen.com,C,3pl_carrier,2
54774368405,"Kenneth Cole Productions",kennethcole.com,C,retail_grocery,2
55554510217,"Key Food",keyfood.com,C,retail_grocery,2
54773460510,"King Kullen",kingkullen.com,C,retail_grocery,2
54773484608,"Kinney Drugs",kinneydrugs.com,C,retail_grocery,2
8974652243,"KNORR-BREMSE",knorr-bremse.com,C,automotive_heavy_mfg,2
54753770043,"Koons Automotive Companies",koons.com,C,automotive_heavy_mfg,2
54774256916,"KUBOTA Manufacturing of America",kubota-kma.com,C,automotive_heavy_mfg,2
8982375818,"Kuehne + Nagel North America",us.kuehne-nagel.com,C,3pl_carrier,2
54774234375,"La-Z-Boy Furniture Galleries",lazboy.com,C,retail_grocery,2
8974709021,"LABATT BREWING",labatt.com,C,cpg_food_beverage,2
54774293595,"Lamosa Porcelanite",lamosa.com,C,building_materials_industrial,2
54753018285,"Lantic",lanticrogers.com,C,agriculture_food_processing,2
9392377938,"Leeway Transport",,C,3pl_carrier,2
54774293593,"Leon's Furniture",leons.ca,C,wholesale_distribution,2
54774194336,"Levi Strauss",levi.ca,C,retail_grocery,2
54771963542,"Lexus",lexus.com,C,automotive_heavy_mfg,2
54771939137,"LiftOne",liftone.net,C,automotive_heavy_mfg,2
9463035457,"Lineage Logistics",,C,3pl_carrier,2
54771988992,"Lion Elastomers",lionelastomers.com,C,chemicals_plastics,2
54428550288,"Lixil",lixil.com,C,building_materials_industrial,2
45133928252,"LMB TRANSPORT",lmbtransport.com,C,3pl_carrier,2
54772711514,"Locke Supply Co",lockesupply.com,C,wholesale_distribution,2
54774328451,"London Drugs",londondrugs.com,C,retail_grocery,2
45123286805,"Lowes Foods",lowesfoods.com,C,retail_grocery,2
54407373875,"Ltgcargo",ltgcargo.lt,C,automotive_heavy_mfg,2
54771833774,"Lube-Tech",lubetech.com,C,chemicals_plastics,2
54774307405,"Lunds & Byerlys",lundsandbyerlys.com,C,retail_grocery,2
54773431194,"MA Labs",malabs.com,C,wholesale_distribution,2
54773464638,"MacDermid Enthone Industrial Solutions",macdermidenthone.com,C,chemicals_plastics,2
54774300855,"MACH Natural Resources",machnr.com,C,chemicals_plastics,2
54774333763,"MACY'S BACKSTAGE",macysbackstage.com,C,retail_grocery,2
54412501838,"Mallory Group",mallorygroup.com,C,3pl_carrier,2
54728423006,"Malnove Packaging Solutions",malnove.com,C,paper_packaging,2
9392926351,"Marathon Oil Corporation",marathon.com,C,chemicals_plastics,2
54720485259,"Martin Engineering",martin-eng.com,C,building_materials_industrial,2
54773484619,"Martin Sprocket & Gear",martinsprocket.com,C,automotive_heavy_mfg,2
54773346416,"Master Halco",masterhalco.com,C,building_materials_industrial,2
54772643154,"MasterCraft Boat Company",mastercraft.com,C,automotive_heavy_mfg,2
9155784517,"Matandy Steel",,C,building_materials_industrial,2
54735414168,"Matco Tools",matcotools.com,C,automotive_heavy_mfg,2
9497629804,"MCC Label",,C,paper_packaging,2
54772691049,"McCall Farms",mccallfarms.com,C,agriculture_food_processing,2
54698035472,"McCarthy Tire Service",mccarthytire.com,C,3pl_carrier,2
9337771776,"McClay's Logistics",,C,3pl_carrier,2
54771994758,"McCoy",mccoys.com,C,building_materials_industrial,2
54772729223,"McNaughton-McKay Electric Company",mc-mc.com,C,wholesale_distribution,2
54774365617,"McNeilus Truck and Manufacturing",mcneilusgarbagetrucks.com,C,automotive_heavy_mfg,2
54771986518,"Melton Truck Lines",meltontruck.com,C,3pl_carrier,2
54413275669,"Menzies Distribution",menziesdistribution.com,C,3pl_carrier,2
54762482071,"Mercedes-Benz Research & Development North America",mbrdna.com,C,automotive_heavy_mfg,2
54417456393,"Merck",merck.com,C,chemicals_plastics,2
9117313721,"Metafora",metafora.net,C,3pl_carrier,2
54773581411,"Metal",metal-technologies.com,C,building_materials_industrial,2
54773411906,"Metal Sales Manufacturing",us.com,C,building_materials_industrial,2
54773539442,"Meyer Distributing",meyerdistributing.com,C,wholesale_distribution,2
54771920763,"MFCP",mfcp.com,C,building_materials_industrial,2
54774241948,"Micheldever Tyre Services",micheldevergroup.co.uk,C,automotive_heavy_mfg,2
54408148115,"Milsped",milsped.com,C,3pl_carrier,2
54773431185,"Mitsubishi Electric Power Products",meppi.com,C,automotive_heavy_mfg,2
54772731410,"Moen",moen.com,C,building_materials_industrial,2
54751057191,"MOI",moii.com,C,wholesale_distribution,2
54774283146,"Molded Fiber Glass Companies",moldedfiberglass.com,C,chemicals_plastics,2
54773415304,"Mom's Meals",momsmeals.com,C,agriculture_food_processing,2
54773198444,"Monro",monro.com,C,automotive_heavy_mfg,2
54773529103,"Mother Parkers Tea & Coffee",mother-parkers.com,C,cpg_food_beverage,2
54774284861,"Motorcar Parts of America",motorcarparts.com,C,automotive_heavy_mfg,2
54758386044,"Mozarc Medical",mozarcmedical.com,C,building_materials_industrial,2
54431801965,"Msc",msc.com,C,ports_intermodal,2
54762609789,"Mueller Industries",muellerindustries.com,C,building_materials_industrial,2
54773441853,"Murgado Automotive Group",murgadoautomotivegroup.com,C,automotive_heavy_mfg,2
54753018292,"Music & Arts",musicarts.com,C,retail_grocery,2
54774328450,"Napleton Automotive Group",ednapleton.com,C,automotive_heavy_mfg,2
54769741700,"National Fuel Gas Company",nationalfuel.com,C,chemicals_plastics,2
54773458839,"National Office Furniture",nationalofficefurniture.com,C,wholesale_distribution,2
54774209034,"National Presto Industries",gopresto.com,C,building_materials_industrial,2
54774209024,"NatureSweet",naturesweet.com,C,building_materials_industrial,2
54774304113,"Natus Medical",natus.com,C,building_materials_industrial,2
54773472892,"Neenah Enterprises",groupnei.com,C,building_materials_industrial,2
54773603756,"Neo Performance Materials",neomaterials.com,C,chemicals_plastics,2
54723051538,"New Flyer",newflyer.com,C,building_materials_industrial,2
54771958047,"Newmar",newmarcorp.com,C,automotive_heavy_mfg,2
54774237027,"NFI Group",nfigroup.com,C,building_materials_industrial,2
8982350508,"Nor-Am Cold Storage",nor-am.com,C,3pl_carrier,2
54720786999,"Norcraft Companies",norcraftcompanies.com,C,building_materials_industrial,2
54773507223,"NuCO2",nuco2.com,C,cpg_food_beverage,2
54764080208,"Nugget Market",nuggetmarket.com,C,retail_grocery,2
54403388823,"Nyct",nyct.com,C,3pl_carrier,2
54774211597,"Oakley",oakley.com,C,retail_grocery,2
45148718117,"Oatey Co.",oatey.com,C,building_materials_industrial,2
54431027549,"Oec Group",oecgroup.com,C,3pl_carrier,2
54774314501,"Ohio Cat",ohiocat.com,C,automotive_heavy_mfg,2
54774241939,"Oil States",oilstatesintl.com,C,chemicals_plastics,2
54757284208,"OK Foods",bachocousa.com,C,agriculture_food_processing,2
54773425252,"Old Dutch Foods",olddutchfoods.com,C,agriculture_food_processing,2
54755943950,"OmniSource",omnisource.com,C,building_materials_industrial,2
54774283149,"Ophir Optics an MKS Brand",ophiropt.com,C,automotive_heavy_mfg,2
54774300940,"Orbia Fluor & Energy Materials",orbia-fem.com,C,chemicals_plastics,2
54774256902,"Orvis",orvis.com,C,retail_grocery,2
54771907405,"Oxford Industries",oxfordinc.com,C,retail_grocery,2
54723694670,"Pacific Coast Producers",pacificcoastproducers.com,C,agriculture_food_processing,2
54773432605,"Pacific Office Automation",pacificoffice.com,C,wholesale_distribution,2
54773507215,"Packers Sanitation Services",pssi.co,C,agriculture_food_processing,2
54429789101,"Pae",pae.com,C,building_materials_industrial,2
54773431181,"PalletOne",palletone.com,C,paper_packaging,2
54773521835,"Panolam Surface",panolam.com,C,building_materials_industrial,2
54774194330,"Paquetexpress",paquetexpress.com.mx,C,3pl_carrier,2
54762596979,"Parkland",parkland.ca,C,chemicals_plastics,2
9408674895,"Paschall Logistics",,C,3pl_carrier,2
54773455651,"Pavestone Company",pavestone.com,C,building_materials_industrial,2
54756257207,"Payless",payless.com,C,retail_grocery,2
54773521848,"PC Richard & Son",pcrichard.com,C,retail_grocery,2
54734364523,"PCB Piezotronics",pcb.com,C,automotive_heavy_mfg,2
54773475622,"Pennsylvania Department of Transportation",penndot.gov,C,3pl_carrier,2
54774271336,"Performance Auto Group",performance.ca,C,automotive_heavy_mfg,2
54774277263,"Peterson Cat",petersoncat.com,C,automotive_heavy_mfg,2
54755794339,"PetIQ",petiq.com,C,building_materials_industrial,2
54772598609,"PF Holdings",pfholdingscorp.com,C,chemicals_plastics,2
54774324915,"PFS",pfscommerce.com,C,3pl_carrier,2
54773551484,"PGT Innovations",pgtinnovations.com,C,building_materials_industrial,2
54774377037,"Phil Long Dealerships",phillong.com,C,automotive_heavy_mfg,2
55554507319,"PhosAgro AG",phosagro.com,C,chemicals_plastics,2
54772618788,"Pinchin in Canada",pinchin.com,C,3pl_carrier,2
54403698815,"Plus",plus.ai,C,3pl_carrier,2
54774284856,"Pneumatic Scale Angelus",,C,automotive_heavy_mfg,2
9155550787,"Polymet Alloys",,C,building_materials_industrial,2
8974643894,"Premium Distributors",premiumdistributorsofmi.com,C,cpg_food_beverage,2
54403388818,"Prigo",prigo.si,C,automotive_heavy_mfg,2
45010810504,"Prime",primeinc.com,C,3pl_carrier,2
54772643152,"Primex",primexplastics.com,C,chemicals_plastics,2
55554491656,"Princess Polly",princesspolly.com,C,retail_grocery,2
54771882646,"Propak",propaksystems.com,C,chemicals_plastics,2
54431182903,"Provia",provia.com,C,building_materials_industrial,2
54774340690,"Psycho Bunny",psychobunny.com,C,retail_grocery,2
54727912057,"PTW Energy Services",ptwenergy.com,C,chemicals_plastics,2
54752266671,"Quality Bicycle Products",qbp.com,C,wholesale_distribution,2
55554490891,"QuickChek",quickchek.com,C,cpg_food_beverage,2
54039040612,"Radixeng",radixeng.com,C,building_materials_industrial,2
54431027546,"Railcargo",railcargo.com,C,automotive_heavy_mfg,2
54769741710,"Rain Bird",rainbird.com,C,building_materials_industrial,2
54773469841,"Rainbow Apparel Co",rainbowshops.com,C,retail_grocery,2
54772562210,"Ralphs Grocery Company",ralphs.com,C,retail_grocery,2
54774377041,"Ramaco Resources",ramacoresources.com,C,building_materials_industrial,2
54764080210,"Randa Apparel & Accessories",,C,retail_grocery,2
54434587283,"Rangel",rangel.com,C,3pl_carrier,2
54773581414,"Raymond West",raymondwest.com,C,3pl_carrier,2
54773548078,"Real Alloy",realalloy.com,C,building_materials_industrial,2
54773198448,"Recology",recology.com,C,3pl_carrier,2
55554493842,"Red Gold",redgoldfoods.com,C,agriculture_food_processing,2
45066245180,"Reed TMS Logistics",reedtms.com,C,3pl_carrier,2
9408559166,"Rejoice International Corp",,C,wholesale_distribution,2
54773346431,"Renaud-Bray",renaud-bray.com,C,retail_grocery,2
9445159484,"Renk America",,C,building_materials_industrial,2
45142300418,"Repowr",repowr.com,C,3pl_carrier,2
9417856616,"Rexair LLC",,C,wholesale_distribution,2
54430407998,"Reynolds Brands",reynoldsbrands.com,C,wholesale_distribution,2
54771920761,"Richards Packaging",richardspackaging.com,C,paper_packaging,2
54774164002,"Richelieu Foods",richelieufoods.com,C,agriculture_food_processing,2
54726919010,"Rick Case Automotive Group",rickcase.com,C,automotive_heavy_mfg,2
54401685670,"Rjw Group",rjwgroup.com,C,3pl_carrier,2
54773441838,"Roche Bros. Supermarkets",rochebros.com,C,retail_grocery,2
54773472875,"Rocky Mountain",bikes.com,C,wholesale_distribution,2
54762178365,"RPC",rpc.net,C,chemicals_plastics,2
54415134540,"Rshughes",rshughes.com,C,wholesale_distribution,2
54773415313,"RTD",rtd-denver.com,C,3pl_carrier,2
54774146995,"RTP Company",rtpcompany.com,C,chemicals_plastics,2
54774266016,"Ruger Firearms",ruger.com,C,wholesale_distribution,2
54773363829,"Rumpke Waste & Recycling",rumpke.com,C,3pl_carrier,2
54773404773,"Ryobi Die Casting",ryobidiecasting.com,C,automotive_heavy_mfg,2
45010032658,"Sabal Transport",sabaltransport.com,C,3pl_carrier,2
54771914497,"Sacramento Regional Transit District",sacrt.com,C,3pl_carrier,2
54774307386,"San Francisco Municipal Transportation Agency",sfmta.com,C,3pl_carrier,2
54774251950,"San Mateo County Transit District",samtrans.com,C,3pl_carrier,2
54774298725,"Sanborns",solounete.com.mx,C,retail_grocery,2
54771877212,"Sapp Bros",sappbros.net,C,3pl_carrier,2
54774171934,"Sarantis Group",sarantisgroup.com,C,building_materials_industrial,2
54773408535,"SavATree",savatreecareers.com,C,3pl_carrier,2
54774277255,"Save-On-Foods",saveonfoods.com,C,retail_grocery,2
54754697310,"SC Fuels",scfuels.com,C,chemicals_plastics,2
54433813105,"Schneider Electric",se.com,C,automotive_heavy_mfg,2
54771935777,"Schwebel Baking Company",schwebels.com,C,agriculture_food_processing,2
54774244201,"Scientific Drilling",scientificdrilling.com,C,chemicals_plastics,2
54773495586,"Seaboard Marine",seaboardmarine.com,C,ports_intermodal,2
54736059283,"Sears Canada",sears.ca,C,retail_grocery,2
55554514502,"Second Nature Brands",secondnaturebrands.com,C,building_materials_industrial,2
54773417564,"SECURE",secure.ca,C,chemicals_plastics,2
45139997615,"Security Transport",securitytransport.com,C,3pl_carrier,2
54720485274,"SEGLO Logistics",schnellecke.com,C,3pl_carrier,2
54774249896,"Sendik's Food Market",sendiks.com,C,retail_grocery,2
54772695816,"Senior Flexonics",seniorflexonicsusa.com,C,automotive_heavy_mfg,2
54750360179,"Sensia Global",sensiaglobal.com,C,chemicals_plastics,2
54756610595,"Servco Pacific",servco.com,C,retail_grocery,2
54720485278,"Shane",shaneco.com,C,retail_grocery,2
54772588078,"Shaw’s and Star Market",shaws.com,C,retail_grocery,2
54773404775,"Sheehy Auto Stores",sheehycareers.com,C,automotive_heavy_mfg,2
54431027544,"Shipmolo",shipmolo.com,C,3pl_carrier,2
54772643153,"Sierra Pacific Industries",spi-ind.com,C,paper_packaging,2
54773427869,"Silent-Aire",silent-aire.com,C,automotive_heavy_mfg,2
9355799954,"Silgan Plastics",silganplastics.com,C,chemicals_plastics,2
54774256917,"Smith & Wesson",smith-wesson.com,C,retail_grocery,2
54750793811,"SOPREMA Canada",soprema.ca,C,building_materials_industrial,2
54774129959,"South Bow",southbow.com,C,3pl_carrier,2
54773535615,"Spartan Controls",spartancontrols.com,C,building_materials_industrial,2
54431182901,"Speedy Delivery",speedydeliveryllc.com,C,3pl_carrier,2
54771897185,"Spellman China",spellmanhv.cn,C,building_materials_industrial,2
54762482066,"Spraying",spray.com,C,automotive_heavy_mfg,2
54771853607,"SSW Advanced",sswtechnologies.com,C,wholesale_distribution,2
54773415316,"Stant",stant.com,C,automotive_heavy_mfg,2
54408770206,"Stat Overnight Delivery",statovernight.com,C,3pl_carrier,2
54773455647,"Steel Warehouse",steelwarehouse.com,C,building_materials_industrial,2
54758202489,"STEMCO Products",stemco.com,C,3pl_carrier,2
54773439139,"Stemilt Growers",stemilt.com,C,agriculture_food_processing,2
54762328327,"Steves & Sons",stevesdoors.com,C,building_materials_industrial,2
54773486640,"Stiles Machinery",stilesmachinery.com,C,automotive_heavy_mfg,2
54406388080,"Stord",stord.com,C,3pl_carrier,2
9497338899,"Stubbs Logistics",,C,3pl_carrier,2
54727912044,"Subaru of Indiana Automotive",subaru-sia.com,C,automotive_heavy_mfg,2
55554496335,"SumiRiko Ohio",,C,automotive_heavy_mfg,2
54771989042,"Summit Electric Supply",summit.com,C,wholesale_distribution,2
54412966573,"Sun Pharma",sunpharma.com,C,chemicals_plastics,2
54769729956,"Sunrise Coal",halladorenergy.com,C,building_materials_industrial,2
45067334473,"Sunrise Freight Systems",sunrisefreightsystems.com,C,3pl_carrier,2
54774132351,"Super C",superc.ca,C,retail_grocery,2
54774209038,"Superior Essex",superioressex.com,C,automotive_heavy_mfg,2
54762609774,"Superior Group of Companies",superiorgroupofcompanies.com,C,retail_grocery,2
54774161680,"Superior Plus",superiorplus.com,C,3pl_carrier,2
54773472887,"Sur La Table",surlatable.com,C,retail_grocery,2
54734376314,"Talen Energy",talenenergy.com,C,3pl_carrier,2
54416991814,"Talke",talke.com,C,3pl_carrier,2
54773512527,"TEAM Industries",team-ind.com,C,automotive_heavy_mfg,2
54771960225,"Teekay",teekay.com,C,ports_intermodal,2
54420436231,"Tempur-Pedic",tempurpedic.com,C,wholesale_distribution,2
54771885943,"Terrible's",terribles.com,C,chemicals_plastics,2
55554507922,"Testo",testo.com,C,automotive_heavy_mfg,2
54416063308,"Tetrapak",tetrapak.com,C,paper_packaging,2
54773542927,"TFI International",tfiintl.com,C,3pl_carrier,2
54774277276,"The Carlstar Group",carlstargroup.com,C,building_materials_industrial,2
54773535608,"The Duracell Company",duracell.com,C,building_materials_industrial,2
54754341444,"The Humberview Group",humberviewgroup.com,C,automotive_heavy_mfg,2
54728249687,"The Jel Sert Company",jelsert.com,C,cpg_food_beverage,2
54773495564,"The Larson Group",tlgtrucks.com,C,3pl_carrier,2
54771944610,"The Logistics Company",tlc-inc.net,C,3pl_carrier,2
54774132347,"The Master Lock Company",masterlock.com,C,building_materials_industrial,2
54774254768,"The Okonite Company",okonite.com,C,automotive_heavy_mfg,2
54756925338,"The PCA Companies",thepcacompanies.com,C,retail_grocery,2
54774300928,"The Tile Shop",tileshop.com,C,retail_grocery,2
54720786987,"The Topps Company",topps.com,C,building_materials_industrial,2
54410228903,"Thistle",thistle.co,C,cpg_food_beverage,2
54727902649,"thyssenkrupp Materials NA",thyssenkrupp-materials-na.com,C,building_materials_industrial,2
54773489282,"Timber Products",timberproducts.com,C,paper_packaging,2
54773521841,"TIME Manufacturing Company",timemfg.com,C,automotive_heavy_mfg,2
54772562215,"Tip Top Poultry",tiptoppoultry.com,C,agriculture_food_processing,2
54757122948,"Titan Machinery",titanmachinery.com,C,automotive_heavy_mfg,2
54771974278,"TNG – A Division of the Jim Pattison Group",accelerate360canada.com,C,3pl_carrier,2
54755299638,"Topco Associates",topco.com,C,retail_grocery,2
54774377035,"Tops Markets",topsmarkets.com,C,retail_grocery,2
54727671153,"Total Safety",totalsafety.com,C,chemicals_plastics,2
54771833737,"TPC Group",tpcgrp.com,C,chemicals_plastics,2
54773374257,"Tranter",tranter.com,C,automotive_heavy_mfg,2
8982394443,"Trenton Cold Storage, Inc.",trencold.com,C,3pl_carrier,2
54773597880,"Trico Products",tricoproducts.com,C,automotive_heavy_mfg,2
54756458157,"TRUMPF North America",,C,automotive_heavy_mfg,2
54771963545,"TTI Floor Care North America",ttifloorcare.com,C,building_materials_industrial,2
54773450539,"Two Men and A Truck",twomenandatruckmplsstpaul.com,C,3pl_carrier,2
54774266002,"TWO MEN AND A TRUCK®",twomenandatruck.com,C,3pl_carrier,2
54773484621,"U.S. LUMBER",uslumber.com,C,building_materials_industrial,2
54773408539,"UGN",ugn.com,C,automotive_heavy_mfg,2
54431182908,"Unipart",unipart.com,C,3pl_carrier,2
54773467966,"United Supermarkets",theunitedfamily.com,C,retail_grocery,2
54774129974,"US Farathane",usfarathane.com,C,automotive_heavy_mfg,2
54773503092,"US Vision",usvision.com,C,retail_grocery,2
54421984080,"Uship",uship.com,C,3pl_carrier,2
54417147145,"Usplayingcard",usplayingcard.com,C,wholesale_distribution,2
54774178408,"VB Spine",vbspineco.com,C,building_materials_industrial,2
54773557263,"VIA Metropolitan Transit",viainfo.net,C,3pl_carrier,2
54772710974,"Viking Yacht Company",vikingyachts.com,C,ports_intermodal,2
9446643349,"Virginia Tile Company",,C,building_materials_industrial,2
54774169213,"Vishay Precision Group",vpgsensors.com,C,automotive_heavy_mfg,2
54773603755,"Vitamix",vitamix.com,C,building_materials_industrial,2
54773404765,"Vitran Express",vitran.com,C,3pl_carrier,2
54773565541,"VIVACO groupe coopératif",vivaco.coop,C,agriculture_food_processing,2
9361573929,"Volkswagen of America",vw.com,C,automotive_heavy_mfg,2
45061843101,"Voyager Express",shipvoyager.com,C,3pl_carrier,2
54773198432,"VTA",vta.org,C,3pl_carrier,2
8982369896,"Warehouse Services",warehouseservices.com,C,3pl_carrier,2
54773346428,"Waupaca Foundry",waupacafoundry.com,C,building_materials_industrial,2
54772703244,"Welch Packaging",welchpkg.com,C,paper_packaging,2
54754696832,"Wellborn Cabinet",wellborn.com,C,building_materials_industrial,2
54755943952,"Werner",onewerner.com,C,wholesale_distribution,2
54772701359,"Werner Electric Supply",wernerelectric.com,C,wholesale_distribution,2
54774307393,"West Edmonton Mall Property",wem.ca,C,retail_grocery,2
54734218425,"Western Forest Products",westernforest.com,C,paper_packaging,2
54773557273,"Western States Equipment",westernstatescat.com,C,automotive_heavy_mfg,2
54753770039,"Westlake Ace Hardware",westlakehardware.com,C,retail_grocery,2
54773516380,"Wetzel's Pretzels",wetzels.com,C,cpg_food_beverage,2
54769741703,"Wheel Pros",wheelpros.com,C,automotive_heavy_mfg,2
54734689075,"Whiplash",whiplash.com,C,3pl_carrier,2
54774293605,"Wright Medical",wright.com,C,building_materials_industrial,2
54772601170,"Wright Tree Service",wrighttree.com,C,3pl_carrier,2
54772546195,"WSS",shopwss.com,C,retail_grocery,2
54728249705,"XTRA Lease",xtralease.com,C,3pl_carrier,2
54773560094,"Yamaha Motor Corporation USA",yamaha-motor.com,C,building_materials_industrial,2
54773450537,"Zales Jewelers",zales.com,C,retail_grocery,2
54773571354,"Zappos",zappos.com,C,retail_grocery,2
54723051549,"Zeigler Automotive Group",zeigler.com,C,automotive_heavy_mfg,2
54762178377,"Ziegler Caterpillar",zieglercat.com,C,automotive_heavy_mfg,2
54762609772,"Zippo Manufacturing Company",zippo.com,C,building_materials_industrial,2
54772633919,"ZWILLING J.A. Henckels",zwilling.com,C,building_materials_industrial,2