{
  "type": "FeatureCollection",
  "features": [
    {
      "type": "Feature",
      "geometry": {
        "type": "Polygon",
        "coordinates": [
          [
            [
              -79.697285,
              34.272603
            ],
            [
              -79.696049,
              34.269312
            ],
            [
              -79.692479,
              34.270447
            ],
            [
              -79.693577,
              34.273624
            ],
            [
              -79.697285,
              34.272603
            ]
          ]
        ]
      },
      "properties": {
        "account": "performance-food-group",
        "name": "Cheney Brothers - Florence SC (new cold DC)",
        "type": "Refrigerated/Freezer Distribution Center",
        "archetype": "#3",
        "archetypeName": "No Gate / No GS",
        "confidence": "low",
        "zone": "perimeter",
        "truckGate": false,
        "guardShack": false,
        "remoteGs": false,
        "fastLaneOpportunity": false,
        "backupSensitive": false,
        "dropYard": false,
        "multipleFacilities": false,
        "scale": false,
        "shipRcvSeparate": false,
        "urbanRural": "Rural",
        "dockDoors": "NONE",
        "dropArea": "NONE",
        "yardMetrics": {
          "dockDoorCount": 0,
          "trailersVisible": 0,
          "trailerParkingCapacity": 0,
          "truckGateCount": 1,
          "buildingCount": 0,
          "siteAreaAcres": 50,
          "railServed": false
        }
      }
    },
    {
      "type": "Feature",
      "geometry": {
        "type": "Polygon",
        "coordinates": [
          [
            [
              -79.696558,
              34.266185
            ],
            [
              -79.696421,
              34.264029
            ],
            [
              -79.690515,
              34.264142
            ],
            [
              -79.690653,
              34.266185
            ],
            [
              -79.696558,
              34.266185
            ]
          ]
        ]
      },
      "properties": {
        "account": "performance-food-group",
        "name": "Performance Foodservice - Florence SC (legacy DC)",
        "type": "Broadline Foodservice Distribution Center",
        "archetype": "#9",
        "archetypeName": "Gate + No GS (remote check-in)",
        "confidence": "medium",
        "zone": "perimeter",
        "truckGate": true,
        "guardShack": false,
        "remoteGs": true,
        "fastLaneOpportunity": true,
        "backupSensitive": false,
        "dropYard": true,
        "multipleFacilities": false,
        "scale": false,
        "shipRcvSeparate": false,
        "urbanRural": "Rural",
        "dockDoors": "50+",
        "dropArea": "25-50",
        "yardMetrics": {
          "dockDoorCount": 60,
          "trailersVisible": 38,
          "trailerParkingCapacity": 70,
          "truckGateCount": 1,
          "buildingCount": 1,
          "siteAreaAcres": 33,
          "railServed": false
        }
      }
    },
    {
      "type": "Feature",
      "geometry": {
        "type": "Polygon",
        "coordinates": [
          [
            [
              -79.69697,
              34.264483
            ],
            [
              -79.69697,
              34.263688
            ],
            [
              -79.696009,
              34.263688
            ],
            [
              -79.696009,
              34.264483
            ],
            [
              -79.69697,
              34.264483
            ]
          ]
        ]
      },
      "properties": {
        "account": "performance-food-group",
        "name": "Performance Foodservice - Florence SC (legacy DC)",
        "type": "Broadline Foodservice Distribution Center",
        "archetype": "#9",
        "archetypeName": "Gate + No GS (remote check-in)",
        "confidence": "medium",
        "zone": "truckGate"
      }
    },
    {
      "type": "Feature",
      "geometry": {
        "type": "Polygon",
        "coordinates": [
          [
            [
              -79.696283,
              34.264483
            ],
            [
              -79.696283,
              34.264142
            ],
            [
              -79.691202,
              34.264029
            ],
            [
              -79.691202,
              34.264369
            ],
            [
              -79.696283,
              34.264483
            ]
          ]
        ]
      },
      "properties": {
        "account": "performance-food-group",
        "name": "Performance Foodservice - Florence SC (legacy DC)",
        "type": "Broadline Foodservice Distribution Center",
        "archetype": "#9",
        "archetypeName": "Gate + No GS (remote check-in)",
        "confidence": "medium",
        "zone": "dockApron",
        "index": 1
      }
    },
    {
      "type": "Feature",
      "geometry": {
        "type": "Polygon",
        "coordinates": [
          [
            [
              -121.557047,
              36.981437
            ],
            [
              -121.557047,
              36.980231
            ],
            [
              -121.556497,
              36.978585
            ],
            [
              -121.552103,
              36.978695
            ],
            [
              -121.552103,
              36.979901
            ],
            [
              -121.552927,
              36.981547
            ],
            [
              -121.557047,
              36.981437
            ]
          ]
        ]
      },
      "properties": {
        "account": "performance-food-group",
        "name": "Performance Foodservice - Gilroy CA",
        "type": "Broadline Foodservice Distribution Center",
        "archetype": "#9",
        "archetypeName": "Gate + No GS (remote check-in)",
        "confidence": "medium",
        "zone": "perimeter",
        "truckGate": true,
        "guardShack": false,
        "remoteGs": true,
        "fastLaneOpportunity": true,
        "backupSensitive": false,
        "dropYard": true,
        "multipleFacilities": false,
        "scale": false,
        "shipRcvSeparate": false,
        "urbanRural": "Rural",
        "dockDoors": "25-50",
        "dropArea": "25-50",
        "yardMetrics": {
          "dockDoorCount": 45,
          "trailersVisible": 30,
          "trailerParkingCapacity": 60,
          "truckGateCount": 1,
          "buildingCount": 1,
          "siteAreaAcres": 22,
          "railServed": false
        }
      }
    },
    {
      "type": "Feature",
      "geometry": {
        "type": "Polygon",
        "coordinates": [
          [
            [
              -121.557047,
              36.979901
            ],
            [
              -121.557047,
              36.979243
            ],
            [
              -121.556085,
              36.979243
            ],
            [
              -121.556085,
              36.979901
            ],
            [
              -121.557047,
              36.979901
            ]
          ]
        ]
      },
      "properties": {
        "account": "performance-food-group",
        "name": "Performance Foodservice - Gilroy CA",
        "type": "Broadline Foodservice Distribution Center",
        "archetype": "#9",
        "archetypeName": "Gate + No GS (remote check-in)",
        "confidence": "medium",
        "zone": "truckGate"
      }
    },
    {
      "type": "Feature",
      "geometry": {
        "type": "Polygon",
        "coordinates": [
          [
            [
              -121.553613,
              36.981108
            ],
            [
              -121.553613,
              36.980779
            ],
            [
              -121.551279,
              36.980889
            ],
            [
              -121.551279,
              36.981218
            ],
            [
              -121.553613,
              36.981108
            ]
          ]
        ]
      },
      "properties": {
        "account": "performance-food-group",
        "name": "Performance Foodservice - Gilroy CA",
        "type": "Broadline Foodservice Distribution Center",
        "archetype": "#9",
        "archetypeName": "Gate + No GS (remote check-in)",
        "confidence": "medium",
        "zone": "dockApron",
        "index": 1
      }
    },
    {
      "type": "Feature",
      "geometry": {
        "type": "Polygon",
        "coordinates": [
          [
            [
              -74.171511,
              40.67184
            ],
            [
              -74.171305,
              40.669704
            ],
            [
              -74.169245,
              40.669756
            ],
            [
              -74.169451,
              40.671892
            ],
            [
              -74.171511,
              40.67184
            ]
          ]
        ]
      },
      "properties": {
        "account": "performance-food-group",
        "name": "Performance Foodservice - Metro NY (Elizabeth NJ)",
        "type": "Broadline Foodservice Distribution Center",
        "archetype": "#9",
        "archetypeName": "Gate + No GS (remote check-in)",
        "confidence": "medium",
        "zone": "perimeter",
        "truckGate": true,
        "guardShack": false,
        "remoteGs": true,
        "fastLaneOpportunity": false,
        "backupSensitive": true,
        "dropYard": true,
        "multipleFacilities": false,
        "scale": false,
        "shipRcvSeparate": false,
        "urbanRural": "Urban",
        "dockDoors": "25-50",
        "dropArea": "50+",
        "yardMetrics": {
          "dockDoorCount": 45,
          "trailersVisible": 55,
          "trailerParkingCapacity": 90,
          "truckGateCount": 1,
          "buildingCount": 1,
          "siteAreaAcres": 20,
          "railServed": false
        }
      }
    },
    {
      "type": "Feature",
      "geometry": {
        "type": "Polygon",
        "coordinates": [
          [
            [
              -74.171443,
              40.670069
            ],
            [
              -74.171443,
              40.669756
            ],
            [
              -74.170893,
              40.669756
            ],
            [
              -74.170893,
              40.670069
            ],
            [
              -74.171443,
              40.670069
            ]
          ]
        ]
      },
      "properties": {
        "account": "performance-food-group",
        "name": "Performance Foodservice - Metro NY (Elizabeth NJ)",
        "type": "Broadline Foodservice Distribution Center",
        "archetype": "#9",
        "archetypeName": "Gate + No GS (remote check-in)",
        "confidence": "medium",
        "zone": "truckGate"
      }
    },
    {
      "type": "Feature",
      "geometry": {
        "type": "Polygon",
        "coordinates": [
          [
            [
              -74.170138,
              40.672517
            ],
            [
              -74.170069,
              40.671162
            ],
            [
              -74.169108,
              40.671215
            ],
            [
              -74.169177,
              40.672569
            ],
            [
              -74.170138,
              40.672517
            ]
          ]
        ]
      },
      "properties": {
        "account": "performance-food-group",
        "name": "Performance Foodservice - Metro NY (Elizabeth NJ)",
        "type": "Broadline Foodservice Distribution Center",
        "archetype": "#9",
        "archetypeName": "Gate + No GS (remote check-in)",
        "confidence": "medium",
        "zone": "dropYard",
        "index": 1
      }
    },
    {
      "type": "Feature",
      "geometry": {
        "type": "Polygon",
        "coordinates": [
          [
            [
              -74.170207,
              40.672308
            ],
            [
              -74.170207,
              40.67059
            ],
            [
              -74.169932,
              40.67059
            ],
            [
              -74.169932,
              40.672308
            ],
            [
              -74.170207,
              40.672308
            ]
          ]
        ]
      },
      "properties": {
        "account": "performance-food-group",
        "name": "Performance Foodservice - Metro NY (Elizabeth NJ)",
        "type": "Broadline Foodservice Distribution Center",
        "archetype": "#9",
        "archetypeName": "Gate + No GS (remote check-in)",
        "confidence": "medium",
        "zone": "dockApron",
        "index": 1
      }
    },
    {
      "type": "Feature",
      "geometry": {
        "type": "Polygon",
        "coordinates": [
          [
            [
              -117.943179,
              34.006159
            ],
            [
              -117.943179,
              34.003939
            ],
            [
              -117.940227,
              34.003939
            ],
            [
              -117.940227,
              34.006159
            ],
            [
              -117.943179,
              34.006159
            ]
          ]
        ]
      },
      "properties": {
        "account": "performance-food-group",
        "name": "Performance Foodservice - Southern California (City of Industry)",
        "type": "Broadline Foodservice Distribution Center",
        "archetype": "#9",
        "archetypeName": "Gate + No GS (remote check-in)",
        "confidence": "high",
        "zone": "perimeter",
        "truckGate": true,
        "guardShack": false,
        "remoteGs": true,
        "fastLaneOpportunity": false,
        "backupSensitive": false,
        "dropYard": true,
        "multipleFacilities": false,
        "scale": false,
        "shipRcvSeparate": false,
        "urbanRural": "Urban",
        "dockDoors": "50+",
        "dropArea": "25-50",
        "yardMetrics": {
          "dockDoorCount": 50,
          "trailersVisible": 35,
          "trailerParkingCapacity": 65,
          "truckGateCount": 1,
          "buildingCount": 1,
          "siteAreaAcres": 24,
          "railServed": false
        }
      }
    },
    {
      "type": "Feature",
      "geometry": {
        "type": "Polygon",
        "coordinates": [
          [
            [
              -117.942287,
              34.00411
            ],
            [
              -117.942287,
              34.003825
            ],
            [
              -117.9416,
              34.003825
            ],
            [
              -117.9416,
              34.00411
            ],
            [
              -117.942287,
              34.00411
            ]
          ]
        ]
      },
      "properties": {
        "account": "performance-food-group",
        "name": "Performance Foodservice - Southern California (City of Industry)",
        "type": "Broadline Foodservice Distribution Center",
        "archetype": "#9",
        "archetypeName": "Gate + No GS (remote check-in)",
        "confidence": "high",
        "zone": "truckGate"
      }
    },
    {
      "type": "Feature",
      "geometry": {
        "type": "Polygon",
        "coordinates": [
          [
            [
              -117.941051,
              34.005419
            ],
            [
              -117.941051,
              34.004565
            ],
            [
              -117.940089,
              34.004565
            ],
            [
              -117.940089,
              34.005419
            ],
            [
              -117.941051,
              34.005419
            ]
          ]
        ]
      },
      "properties": {
        "account": "performance-food-group",
        "name": "Performance Foodservice - Southern California (City of Industry)",
        "type": "Broadline Foodservice Distribution Center",
        "archetype": "#9",
        "archetypeName": "Gate + No GS (remote check-in)",
        "confidence": "high",
        "zone": "dropYard",
        "index": 1
      }
    },
    {
      "type": "Feature",
      "geometry": {
        "type": "Polygon",
        "coordinates": [
          [
            [
              -117.941943,
              34.004395
            ],
            [
              -117.941943,
              34.004167
            ],
            [
              -117.940227,
              34.004167
            ],
            [
              -117.940227,
              34.004395
            ],
            [
              -117.941943,
              34.004395
            ]
          ]
        ]
      },
      "properties": {
        "account": "performance-food-group",
        "name": "Performance Foodservice - Southern California (City of Industry)",
        "type": "Broadline Foodservice Distribution Center",
        "archetype": "#9",
        "archetypeName": "Gate + No GS (remote check-in)",
        "confidence": "high",
        "zone": "dockApron",
        "index": 1
      }
    },
    {
      "type": "Feature",
      "geometry": {
        "type": "Polygon",
        "coordinates": [
          [
            [
              -88.36468,
              41.722835
            ],
            [
              -88.36468,
              41.71894
            ],
            [
              -88.359049,
              41.71894
            ],
            [
              -88.359049,
              41.722835
            ],
            [
              -88.36468,
              41.722835
            ]
          ]
        ]
      },
      "properties": {
        "account": "performance-food-group",
        "name": "Performance Foodservice - Chicago (Montgomery IL)",
        "type": "Broadline Foodservice Distribution Center",
        "archetype": "#3",
        "archetypeName": "No Gate / No GS",
        "confidence": "high",
        "zone": "perimeter",
        "truckGate": false,
        "guardShack": false,
        "remoteGs": false,
        "fastLaneOpportunity": false,
        "backupSensitive": false,
        "dropYard": false,
        "multipleFacilities": false,
        "scale": false,
        "shipRcvSeparate": false,
        "urbanRural": "Urban",
        "dockDoors": "25-50",
        "dropArea": "10-25",
        "yardMetrics": {
          "dockDoorCount": 34,
          "trailersVisible": 14,
          "trailerParkingCapacity": 25,
          "truckGateCount": 1,
          "buildingCount": 1,
          "siteAreaAcres": 14,
          "railServed": false
        }
      }
    },
    {
      "type": "Feature",
      "geometry": {
        "type": "Polygon",
        "coordinates": [
          [
            [
              -88.360697,
              41.71935
            ],
            [
              -88.360697,
              41.718735
            ],
            [
              -88.359599,
              41.718735
            ],
            [
              -88.359599,
              41.71935
            ],
            [
              -88.360697,
              41.71935
            ]
          ]
        ]
      },
      "properties": {
        "account": "performance-food-group",
        "name": "Performance Foodservice - Chicago (Montgomery IL)",
        "type": "Broadline Foodservice Distribution Center",
        "archetype": "#3",
        "archetypeName": "No Gate / No GS",
        "confidence": "high",
        "zone": "truckGate"
      }
    },
    {
      "type": "Feature",
      "geometry": {
        "type": "Polygon",
        "coordinates": [
          [
            [
              -88.364268,
              41.72181
            ],
            [
              -88.364268,
              41.71935
            ],
            [
              -88.361247,
              41.71935
            ],
            [
              -88.361247,
              41.72181
            ],
            [
              -88.364268,
              41.72181
            ]
          ]
        ]
      },
      "properties": {
        "account": "performance-food-group",
        "name": "Performance Foodservice - Chicago (Montgomery IL)",
        "type": "Broadline Foodservice Distribution Center",
        "archetype": "#3",
        "archetypeName": "No Gate / No GS",
        "confidence": "high",
        "zone": "dropYard",
        "index": 1
      }
    },
    {
      "type": "Feature",
      "geometry": {
        "type": "Polygon",
        "coordinates": [
          [
            [
              -88.360423,
              41.722425
            ],
            [
              -88.360423,
              41.72222
            ],
            [
              -88.359049,
              41.71935
            ],
            [
              -88.358637,
              41.71935
            ],
            [
              -88.358637,
              41.722425
            ],
            [
              -88.360423,
              41.722425
            ]
          ]
        ]
      },
      "properties": {
        "account": "performance-food-group",
        "name": "Performance Foodservice - Chicago (Montgomery IL)",
        "type": "Broadline Foodservice Distribution Center",
        "archetype": "#3",
        "archetypeName": "No Gate / No GS",
        "confidence": "high",
        "zone": "dockApron",
        "index": 1
      }
    },
    {
      "type": "Feature",
      "geometry": {
        "type": "Polygon",
        "coordinates": [
          [
            [
              -71.134678,
              41.943469
            ],
            [
              -71.135685,
              41.945981
            ],
            [
              -71.139734,
              41.945071
            ],
            [
              -71.138727,
              41.942559
            ],
            [
              -71.134678,
              41.943469
            ]
          ]
        ]
      },
      "properties": {
        "account": "performance-food-group",
        "name": "Performance Foodservice - Boston (Taunton MA)",
        "type": "Broadline Foodservice Distribution Center",
        "archetype": "#3",
        "archetypeName": "No Gate / No GS",
        "confidence": "high",
        "zone": "perimeter",
        "truckGate": false,
        "guardShack": false,
        "remoteGs": false,
        "fastLaneOpportunity": false,
        "backupSensitive": false,
        "dropYard": true,
        "multipleFacilities": false,
        "scale": false,
        "shipRcvSeparate": false,
        "urbanRural": "Rural",
        "dockDoors": "50+",
        "dropArea": "50+",
        "yardMetrics": {
          "dockDoorCount": 50,
          "trailersVisible": 75,
          "trailerParkingCapacity": 95,
          "truckGateCount": 1,
          "buildingCount": 1,
          "siteAreaAcres": 26,
          "railServed": false
        }
      }
    },
    {
      "type": "Feature",
      "geometry": {
        "type": "Polygon",
        "coordinates": [
          [
            [
              -71.137049,
              41.945175
            ],
            [
              -71.137154,
              41.945435
            ],
            [
              -71.137501,
              41.945357
            ],
            [
              -71.137396,
              41.945097
            ],
            [
              -71.137049,
              41.945175
            ]
          ]
        ]
      },
      "properties": {
        "account": "performance-food-group",
        "name": "Performance Foodservice - Boston (Taunton MA)",
        "type": "Broadline Foodservice Distribution Center",
        "archetype": "#3",
        "archetypeName": "No Gate / No GS",
        "confidence": "high",
        "zone": "truckGate"
      }
    },
    {
      "type": "Feature",
      "geometry": {
        "type": "Polygon",
        "coordinates": [
          [
            [
              -71.136058,
              41.943921
            ],
            [
              -71.136148,
              41.944147
            ],
            [
              -71.13904,
              41.943497
            ],
            [
              -71.13895,
              41.943271
            ],
            [
              -71.136058,
              41.943921
            ]
          ]
        ]
      },
      "properties": {
        "account": "performance-food-group",
        "name": "Performance Foodservice - Boston (Taunton MA)",
        "type": "Broadline Foodservice Distribution Center",
        "archetype": "#3",
        "archetypeName": "No Gate / No GS",
        "confidence": "high",
        "zone": "dockApron",
        "index": 1
      }
    },
    {
      "type": "Feature",
      "geometry": {
        "type": "Polygon",
        "coordinates": [
          [
            [
              -83.875197,
              34.239422
            ],
            [
              -83.875197,
              34.237038
            ],
            [
              -83.871352,
              34.237038
            ],
            [
              -83.871352,
              34.239422
            ],
            [
              -83.875197,
              34.239422
            ]
          ]
        ]
      },
      "properties": {
        "account": "performance-food-group",
        "name": "Performance Foodservice - Atlanta (Oakwood GA)",
        "type": "Broadline Foodservice Distribution Center",
        "archetype": "#3",
        "archetypeName": "No Gate / No GS",
        "confidence": "medium",
        "zone": "perimeter",
        "truckGate": false,
        "guardShack": false,
        "remoteGs": false,
        "fastLaneOpportunity": false,
        "backupSensitive": false,
        "dropYard": true,
        "multipleFacilities": true,
        "scale": false,
        "shipRcvSeparate": true,
        "urbanRural": "Rural",
        "dockDoors": "50+",
        "dropArea": "50+",
        "yardMetrics": {
          "dockDoorCount": 60,
          "trailersVisible": 55,
          "trailerParkingCapacity": 90,
          "truckGateCount": 2,
          "buildingCount": 4,
          "siteAreaAcres": 38,
          "railServed": false
        }
      }
    },
    {
      "type": "Feature",
      "geometry": {
        "type": "Polygon",
        "coordinates": [
          [
            [
              -83.875472,
              34.237832
            ],
            [
              -83.875472,
              34.237151
            ],
            [
              -83.874511,
              34.237151
            ],
            [
              -83.874511,
              34.237832
            ],
            [
              -83.875472,
              34.237832
            ]
          ]
        ]
      },
      "properties": {
        "account": "performance-food-group",
        "name": "Performance Foodservice - Atlanta (Oakwood GA)",
        "type": "Broadline Foodservice Distribution Center",
        "archetype": "#3",
        "archetypeName": "No Gate / No GS",
        "confidence": "medium",
        "zone": "truckGate"
      }
    },
    {
      "type": "Feature",
      "geometry": {
        "type": "Polygon",
        "coordinates": [
          [
            [
              -97.263974,
              32.769938
            ],
            [
              -97.263974,
              32.766936
            ],
            [
              -97.259305,
              32.766936
            ],
            [
              -97.259305,
              32.769938
            ],
            [
              -97.263974,
              32.769938
            ]
          ]
        ]
      },
      "properties": {
        "account": "performance-food-group",
        "name": "Performance Foodservice - Dallas Fort Worth (Fort Worth TX)",
        "type": "Broadline Foodservice Distribution Center",
        "archetype": "#9",
        "archetypeName": "Gate + No GS (remote check-in)",
        "confidence": "medium",
        "zone": "perimeter",
        "truckGate": true,
        "guardShack": false,
        "remoteGs": true,
        "fastLaneOpportunity": false,
        "backupSensitive": false,
        "dropYard": false,
        "multipleFacilities": false,
        "scale": false,
        "shipRcvSeparate": false,
        "urbanRural": "Rural",
        "dockDoors": "50+",
        "dropArea": "NONE",
        "yardMetrics": {
          "dockDoorCount": 60,
          "trailersVisible": 0,
          "trailerParkingCapacity": 100,
          "truckGateCount": 1,
          "buildingCount": 1,
          "siteAreaAcres": 40,
          "railServed": false
        }
      }
    },
    {
      "type": "Feature",
      "geometry": {
        "type": "Polygon",
        "coordinates": [
          [
            [
              -97.264249,
              32.767629
            ],
            [
              -97.264249,
              32.766936
            ],
            [
              -97.263288,
              32.766936
            ],
            [
              -97.263288,
              32.767629
            ],
            [
              -97.264249,
              32.767629
            ]
          ]
        ]
      },
      "properties": {
        "account": "performance-food-group",
        "name": "Performance Foodservice - Dallas Fort Worth (Fort Worth TX)",
        "type": "Broadline Foodservice Distribution Center",
        "archetype": "#9",
        "archetypeName": "Gate + No GS (remote check-in)",
        "confidence": "medium",
        "zone": "truckGate"
      }
    },
    {
      "type": "Feature",
      "geometry": {
        "type": "Polygon",
        "coordinates": [
          [
            [
              -95.388585,
              29.97969
            ],
            [
              -95.388585,
              29.975883
            ],
            [
              -95.385564,
              29.975883
            ],
            [
              -95.385564,
              29.97969
            ],
            [
              -95.388585,
              29.97969
            ]
          ]
        ]
      },
      "properties": {
        "account": "performance-food-group",
        "name": "Performance Foodservice - Houston TX",
        "type": "Broadline Foodservice Distribution Center",
        "archetype": "#7",
        "archetypeName": "Gate + GS (not BU sens.) + fast lane opp",
        "confidence": "medium",
        "zone": "perimeter",
        "truckGate": true,
        "guardShack": true,
        "remoteGs": false,
        "fastLaneOpportunity": true,
        "backupSensitive": false,
        "dropYard": true,
        "multipleFacilities": false,
        "scale": false,
        "shipRcvSeparate": false,
        "urbanRural": "Rural",
        "dockDoors": "50+",
        "dropArea": "50+",
        "yardMetrics": {
          "dockDoorCount": 60,
          "trailersVisible": 6,
          "trailerParkingCapacity": 120,
          "truckGateCount": 1,
          "buildingCount": 1,
          "siteAreaAcres": 41,
          "railServed": false
        }
      }
    },
    {
      "type": "Feature",
      "geometry": {
        "type": "Polygon",
        "coordinates": [
          [
            [
              -95.388723,
              29.976597
            ],
            [
              -95.388723,
              29.975883
            ],
            [
              -95.387761,
              29.975883
            ],
            [
              -95.387761,
              29.976597
            ],
            [
              -95.388723,
              29.976597
            ]
          ]
        ]
      },
      "properties": {
        "account": "performance-food-group",
        "name": "Performance Foodservice - Houston TX",
        "type": "Broadline Foodservice Distribution Center",
        "archetype": "#7",
        "archetypeName": "Gate + GS (not BU sens.) + fast lane opp",
        "confidence": "medium",
        "zone": "truckGate"
      }
    },
    {
      "type": "Feature",
      "geometry": {
        "type": "Polygon",
        "coordinates": [
          [
            [
              -95.388173,
              29.979333
            ],
            [
              -95.388173,
              29.976716
            ],
            [
              -95.387761,
              29.976716
            ],
            [
              -95.387761,
              29.979333
            ],
            [
              -95.388173,
              29.979333
            ]
          ]
        ]
      },
      "properties": {
        "account": "performance-food-group",
        "name": "Performance Foodservice - Houston TX",
        "type": "Broadline Foodservice Distribution Center",
        "archetype": "#7",
        "archetypeName": "Gate + GS (not BU sens.) + fast lane opp",
        "confidence": "medium",
        "zone": "dockApron",
        "index": 1
      }
    },
    {
      "type": "Feature",
      "geometry": {
        "type": "Polygon",
        "coordinates": [
          [
            [
              -93.545659,
              45.199063
            ],
            [
              -93.545659,
              45.195773
            ],
            [
              -93.542089,
              45.195773
            ],
            [
              -93.542089,
              45.199063
            ],
            [
              -93.545659,
              45.199063
            ]
          ]
        ]
      },
      "properties": {
        "account": "performance-food-group",
        "name": "Performance Foodservice - Twin Cities (Rogers MN)",
        "type": "Broadline Foodservice Distribution Center",
        "archetype": "#3",
        "archetypeName": "No Gate / No GS",
        "confidence": "high",
        "zone": "perimeter",
        "truckGate": false,
        "guardShack": false,
        "remoteGs": false,
        "fastLaneOpportunity": false,
        "backupSensitive": false,
        "dropYard": true,
        "multipleFacilities": false,
        "scale": false,
        "shipRcvSeparate": false,
        "urbanRural": "Rural",
        "dockDoors": "50+",
        "dropArea": "50+",
        "yardMetrics": {
          "dockDoorCount": 55,
          "trailersVisible": 90,
          "trailerParkingCapacity": 110,
          "truckGateCount": 1,
          "buildingCount": 1,
          "siteAreaAcres": 23,
          "railServed": false
        }
      }
    },
    {
      "type": "Feature",
      "geometry": {
        "type": "Polygon",
        "coordinates": [
          [
            [
              -93.545385,
              45.19887
            ],
            [
              -93.545385,
              45.198289
            ],
            [
              -93.544423,
              45.198289
            ],
            [
              -93.544423,
              45.19887
            ],
            [
              -93.545385,
              45.19887
            ]
          ]
        ]
      },
      "properties": {
        "account": "performance-food-group",
        "name": "Performance Foodservice - Twin Cities (Rogers MN)",
        "type": "Broadline Foodservice Distribution Center",
        "archetype": "#3",
        "archetypeName": "No Gate / No GS",
        "confidence": "high",
        "zone": "truckGate"
      }
    },
    {
      "type": "Feature",
      "geometry": {
        "type": "Polygon",
        "coordinates": [
          [
            [
              -93.545385,
              45.197902
            ],
            [
              -93.545385,
              45.195967
            ],
            [
              -93.543737,
              45.195967
            ],
            [
              -93.543737,
              45.197902
            ],
            [
              -93.545385,
              45.197902
            ]
          ]
        ]
      },
      "properties": {
        "account": "performance-food-group",
        "name": "Performance Foodservice - Twin Cities (Rogers MN)",
        "type": "Broadline Foodservice Distribution Center",
        "archetype": "#3",
        "archetypeName": "No Gate / No GS",
        "confidence": "high",
        "zone": "dropYard",
        "index": 1
      }
    },
    {
      "type": "Feature",
      "geometry": {
        "type": "Polygon",
        "coordinates": [
          [
            [
              -93.543599,
              45.197902
            ],
            [
              -93.543599,
              45.195967
            ],
            [
              -93.542363,
              45.195967
            ],
            [
              -93.542363,
              45.197902
            ],
            [
              -93.543599,
              45.197902
            ]
          ]
        ]
      },
      "properties": {
        "account": "performance-food-group",
        "name": "Performance Foodservice - Twin Cities (Rogers MN)",
        "type": "Broadline Foodservice Distribution Center",
        "archetype": "#3",
        "archetypeName": "No Gate / No GS",
        "confidence": "high",
        "zone": "dockApron",
        "index": 1
      }
    },
    {
      "type": "Feature",
      "geometry": {
        "type": "Polygon",
        "coordinates": [
          [
            [
              -104.865332,
              39.877878
            ],
            [
              -104.865332,
              39.875876
            ],
            [
              -104.861761,
              39.875876
            ],
            [
              -104.861761,
              39.877878
            ],
            [
              -104.865332,
              39.877878
            ]
          ]
        ]
      },
      "properties": {
        "account": "performance-food-group",
        "name": "Performance Foodservice - Denver (Commerce City CO)",
        "type": "Broadline Foodservice Distribution Center",
        "archetype": "#9",
        "archetypeName": "Gate + No GS (remote check-in)",
        "confidence": "medium",
        "zone": "perimeter",
        "truckGate": true,
        "guardShack": false,
        "remoteGs": true,
        "fastLaneOpportunity": true,
        "backupSensitive": false,
        "dropYard": true,
        "multipleFacilities": false,
        "scale": false,
        "shipRcvSeparate": false,
        "urbanRural": "Rural",
        "dockDoors": "25-50",
        "dropArea": "50+",
        "yardMetrics": {
          "dockDoorCount": 45,
          "trailersVisible": 4,
          "trailerParkingCapacity": 90,
          "truckGateCount": 1,
          "buildingCount": 1,
          "siteAreaAcres": 26,
          "railServed": false
        }
      }
    },
    {
      "type": "Feature",
      "geometry": {
        "type": "Polygon",
        "coordinates": [
          [
            [
              -104.865332,
              39.876245
            ],
            [
              -104.865332,
              39.875928
            ],
            [
              -104.864782,
              39.875928
            ],
            [
              -104.864782,
              39.876245
            ],
            [
              -104.865332,
              39.876245
            ]
          ]
        ]
      },
      "properties": {
        "account": "performance-food-group",
        "name": "Performance Foodservice - Denver (Commerce City CO)",
        "type": "Broadline Foodservice Distribution Center",
        "archetype": "#9",
        "archetypeName": "Gate + No GS (remote check-in)",
        "confidence": "medium",
        "zone": "truckGate"
      }
    },
    {
      "type": "Feature",
      "geometry": {
        "type": "Polygon",
        "coordinates": [
          [
            [
              -104.867941,
              39.879459
            ],
            [
              -104.867941,
              39.876403
            ],
            [
              -104.866018,
              39.876403
            ],
            [
              -104.866018,
              39.879459
            ],
            [
              -104.867941,
              39.879459
            ]
          ]
        ]
      },
      "properties": {
        "account": "performance-food-group",
        "name": "Performance Foodservice - Denver (Commerce City CO)",
        "type": "Broadline Foodservice Distribution Center",
        "archetype": "#9",
        "archetypeName": "Gate + No GS (remote check-in)",
        "confidence": "medium",
        "zone": "dropYard",
        "index": 1
      }
    },
    {
      "type": "Feature",
      "geometry": {
        "type": "Polygon",
        "coordinates": [
          [
            [
              -104.865126,
              39.877667
            ],
            [
              -104.865126,
              39.876086
            ],
            [
              -104.864851,
              39.876086
            ],
            [
              -104.864851,
              39.877667
            ],
            [
              -104.865126,
              39.877667
            ]
          ]
        ]
      },
      "properties": {
        "account": "performance-food-group",
        "name": "Performance Foodservice - Denver (Commerce City CO)",
        "type": "Broadline Foodservice Distribution Center",
        "archetype": "#9",
        "archetypeName": "Gate + No GS (remote check-in)",
        "confidence": "medium",
        "zone": "dockApron",
        "index": 1
      }
    },
    {
      "type": "Feature",
      "geometry": {
        "type": "Polygon",
        "coordinates": [
          [
            [
              -83.064716,
              42.475463
            ],
            [
              -83.064716,
              42.473437
            ],
            [
              -83.062724,
              42.473437
            ],
            [
              -83.062724,
              42.475463
            ],
            [
              -83.064716,
              42.475463
            ]
          ]
        ]
      },
      "properties": {
        "account": "performance-food-group",
        "name": "Performance Foodservice - Detroit (Warren MI)",
        "type": "Broadline Foodservice Distribution Center",
        "archetype": "#9",
        "archetypeName": "Gate + No GS (remote check-in)",
        "confidence": "high",
        "zone": "perimeter",
        "truckGate": true,
        "guardShack": false,
        "remoteGs": true,
        "fastLaneOpportunity": false,
        "backupSensitive": true,
        "dropYard": true,
        "multipleFacilities": false,
        "scale": false,
        "shipRcvSeparate": false,
        "urbanRural": "Urban",
        "dockDoors": "25-50",
        "dropArea": "10-25",
        "yardMetrics": {
          "dockDoorCount": 35,
          "trailersVisible": 28,
          "trailerParkingCapacity": 45,
          "truckGateCount": 1,
          "buildingCount": 2,
          "siteAreaAcres": 14.5,
          "railServed": false
        }
      }
    },
    {
      "type": "Feature",
      "geometry": {
        "type": "Polygon",
        "coordinates": [
          [
            [
              -83.064784,
              42.475108
            ],
            [
              -83.064784,
              42.474804
            ],
            [
              -83.064304,
              42.474804
            ],
            [
              -83.064304,
              42.475108
            ],
            [
              -83.064784,
              42.475108
            ]
          ]
        ]
      },
      "properties": {
        "account": "performance-food-group",
        "name": "Performance Foodservice - Detroit (Warren MI)",
        "type": "Broadline Foodservice Distribution Center",
        "archetype": "#9",
        "archetypeName": "Gate + No GS (remote check-in)",
        "confidence": "high",
        "zone": "truckGate"
      }
    },
    {
      "type": "Feature",
      "geometry": {
        "type": "Polygon",
        "coordinates": [
          [
            [
              -83.06451,
              42.475361
            ],
            [
              -83.06451,
              42.475159
            ],
            [
              -83.063274,
              42.475159
            ],
            [
              -83.063274,
              42.475361
            ],
            [
              -83.06451,
              42.475361
            ]
          ]
        ]
      },
      "properties": {
        "account": "performance-food-group",
        "name": "Performance Foodservice - Detroit (Warren MI)",
        "type": "Broadline Foodservice Distribution Center",
        "archetype": "#9",
        "archetypeName": "Gate + No GS (remote check-in)",
        "confidence": "high",
        "zone": "dockApron",
        "index": 1
      }
    },
    {
      "type": "Feature",
      "geometry": {
        "type": "Polygon",
        "coordinates": [
          [
            [
              -121.325461,
              37.934716
            ],
            [
              -121.325461,
              37.9306
            ],
            [
              -121.320655,
              37.9306
            ],
            [
              -121.320655,
              37.934716
            ],
            [
              -121.325461,
              37.934716
            ]
          ]
        ]
      },
      "properties": {
        "account": "performance-food-group",
        "name": "Performance Foodservice - Northern California (Stockton CA)",
        "type": "Broadline Foodservice Distribution Center",
        "archetype": "#1",
        "archetypeName": "Gate + GS (not BU sens.)",
        "confidence": "high",
        "zone": "perimeter",
        "truckGate": true,
        "guardShack": true,
        "remoteGs": false,
        "fastLaneOpportunity": false,
        "backupSensitive": false,
        "dropYard": true,
        "multipleFacilities": false,
        "scale": false,
        "shipRcvSeparate": false,
        "urbanRural": "Urban",
        "dockDoors": "50+",
        "dropArea": "25-50",
        "yardMetrics": {
          "dockDoorCount": 64,
          "trailersVisible": 12,
          "trailerParkingCapacity": 70,
          "truckGateCount": 1,
          "buildingCount": 1,
          "siteAreaAcres": 13.8,
          "railServed": true
        }
      }
    },
    {
      "type": "Feature",
      "geometry": {
        "type": "Polygon",
        "coordinates": [
          [
            [
              -121.325599,
              37.931467
            ],
            [
              -121.325599,
              37.930817
            ],
            [
              -121.324637,
              37.930817
            ],
            [
              -121.324637,
              37.931467
            ],
            [
              -121.325599,
              37.931467
            ]
          ]
        ]
      },
      "properties": {
        "account": "performance-food-group",
        "name": "Performance Foodservice - Northern California (Stockton CA)",
        "type": "Broadline Foodservice Distribution Center",
        "archetype": "#1",
        "archetypeName": "Gate + GS (not BU sens.)",
        "confidence": "high",
        "zone": "truckGate"
      }
    },
    {
      "type": "Feature",
      "geometry": {
        "type": "Polygon",
        "coordinates": [
          [
            [
              -121.325049,
              37.934283
            ],
            [
              -121.325049,
              37.93125
            ],
            [
              -121.3245,
              37.93125
            ],
            [
              -121.3245,
              37.934283
            ],
            [
              -121.325049,
              37.934283
            ]
          ]
        ]
      },
      "properties": {
        "account": "performance-food-group",
        "name": "Performance Foodservice - Northern California (Stockton CA)",
        "type": "Broadline Foodservice Distribution Center",
        "archetype": "#1",
        "archetypeName": "Gate + GS (not BU sens.)",
        "confidence": "high",
        "zone": "dockApron",
        "index": 1
      }
    },
    {
      "type": "Feature",
      "geometry": {
        "type": "Polygon",
        "coordinates": [
          [
            [
              -122.464233,
              45.537058
            ],
            [
              -122.464233,
              45.534653
            ],
            [
              -122.462723,
              45.534653
            ],
            [
              -122.46286,
              45.537058
            ],
            [
              -122.464233,
              45.537058
            ]
          ]
        ]
      },
      "properties": {
        "account": "performance-food-group",
        "name": "Performance Foodservice - Pacific Northwest (Portland OR)",
        "type": "Broadline Foodservice Distribution Center",
        "archetype": "#3",
        "archetypeName": "No Gate / No GS",
        "confidence": "medium",
        "zone": "perimeter",
        "truckGate": false,
        "guardShack": false,
        "remoteGs": false,
        "fastLaneOpportunity": false,
        "backupSensitive": false,
        "dropYard": true,
        "multipleFacilities": false,
        "scale": false,
        "shipRcvSeparate": false,
        "urbanRural": "Urban",
        "dockDoors": "10-25",
        "dropArea": "25-50",
        "yardMetrics": {
          "dockDoorCount": 22,
          "trailersVisible": 30,
          "trailerParkingCapacity": 45,
          "truckGateCount": 1,
          "buildingCount": 1,
          "siteAreaAcres": 4.6,
          "railServed": false
        }
      }
    },
    {
      "type": "Feature",
      "geometry": {
        "type": "Polygon",
        "coordinates": [
          [
            [
              -122.464233,
              45.536962
            ],
            [
              -122.464233,
              45.534942
            ],
            [
              -122.463753,
              45.534942
            ],
            [
              -122.463821,
              45.536962
            ],
            [
              -122.464233,
              45.536962
            ]
          ]
        ]
      },
      "properties": {
        "account": "performance-food-group",
        "name": "Performance Foodservice - Pacific Northwest (Portland OR)",
        "type": "Broadline Foodservice Distribution Center",
        "archetype": "#3",
        "archetypeName": "No Gate / No GS",
        "confidence": "medium",
        "zone": "dockApron",
        "index": 1
      }
    },
    {
      "type": "Feature",
      "geometry": {
        "type": "Polygon",
        "coordinates": [
          [
            [
              -112.221011,
              33.444204
            ],
            [
              -112.221011,
              33.441912
            ],
            [
              -112.218401,
              33.441912
            ],
            [
              -112.218401,
              33.444204
            ],
            [
              -112.221011,
              33.444204
            ]
          ]
        ]
      },
      "properties": {
        "account": "performance-food-group",
        "name": "Performance Foodservice - Arizona (Phoenix AZ)",
        "type": "Broadline Foodservice Distribution Center",
        "archetype": "#9",
        "archetypeName": "Gate + No GS (remote check-in)",
        "confidence": "high",
        "zone": "perimeter",
        "truckGate": true,
        "guardShack": false,
        "remoteGs": true,
        "fastLaneOpportunity": true,
        "backupSensitive": false,
        "dropYard": true,
        "multipleFacilities": false,
        "scale": false,
        "shipRcvSeparate": false,
        "urbanRural": "Urban",
        "dockDoors": "10-25",
        "dropArea": "50+",
        "yardMetrics": {
          "dockDoorCount": 24,
          "trailersVisible": 40,
          "trailerParkingCapacity": 80,
          "truckGateCount": 1,
          "buildingCount": 2,
          "siteAreaAcres": 12.5,
          "railServed": false
        }
      }
    },
    {
      "type": "Feature",
      "geometry": {
        "type": "Polygon",
        "coordinates": [
          [
            [
              -112.221079,
              33.443173
            ],
            [
              -112.221079,
              33.442829
            ],
            [
              -112.220599,
              33.442829
            ],
            [
              -112.220599,
              33.443173
            ],
            [
              -112.221079,
              33.443173
            ]
          ]
        ]
      },
      "properties": {
        "account": "performance-food-group",
        "name": "Performance Foodservice - Arizona (Phoenix AZ)",
        "type": "Broadline Foodservice Distribution Center",
        "archetype": "#9",
        "archetypeName": "Gate + No GS (remote check-in)",
        "confidence": "high",
        "zone": "truckGate"
      }
    },
    {
      "type": "Feature",
      "geometry": {
        "type": "Polygon",
        "coordinates": [
          [
            [
              -112.219843,
              33.442715
            ],
            [
              -112.219843,
              33.442027
            ],
            [
              -112.218676,
              33.442027
            ],
            [
              -112.218676,
              33.442715
            ],
            [
              -112.219843,
              33.442715
            ]
          ]
        ]
      },
      "properties": {
        "account": "performance-food-group",
        "name": "Performance Foodservice - Arizona (Phoenix AZ)",
        "type": "Broadline Foodservice Distribution Center",
        "archetype": "#9",
        "archetypeName": "Gate + No GS (remote check-in)",
        "confidence": "high",
        "zone": "dropYard",
        "index": 1
      }
    },
    {
      "type": "Feature",
      "geometry": {
        "type": "Polygon",
        "coordinates": [
          [
            [
              -112.220873,
              33.443058
            ],
            [
              -112.220873,
              33.442829
            ],
            [
              -112.219981,
              33.442829
            ],
            [
              -112.219981,
              33.443058
            ],
            [
              -112.220873,
              33.443058
            ]
          ]
        ]
      },
      "properties": {
        "account": "performance-food-group",
        "name": "Performance Foodservice - Arizona (Phoenix AZ)",
        "type": "Broadline Foodservice Distribution Center",
        "archetype": "#9",
        "archetypeName": "Gate + No GS (remote check-in)",
        "confidence": "high",
        "zone": "dockApron",
        "index": 1
      }
    },
    {
      "type": "Feature",
      "geometry": {
        "type": "Polygon",
        "coordinates": [
          [
            [
              -94.367361,
              38.89
            ],
            [
              -94.367361,
              38.888504
            ],
            [
              -94.364752,
              38.888504
            ],
            [
              -94.364752,
              38.89
            ],
            [
              -94.367361,
              38.89
            ]
          ]
        ]
      },
      "properties": {
        "account": "performance-food-group",
        "name": "Performance Foodservice - Kansas City (Lee's Summit MO)",
        "type": "Broadline Foodservice Distribution Center",
        "archetype": "#3",
        "archetypeName": "No Gate / No GS",
        "confidence": "high",
        "zone": "perimeter",
        "truckGate": false,
        "guardShack": false,
        "remoteGs": false,
        "fastLaneOpportunity": false,
        "backupSensitive": false,
        "dropYard": true,
        "multipleFacilities": false,
        "scale": false,
        "shipRcvSeparate": false,
        "urbanRural": "Rural",
        "dockDoors": "25-50",
        "dropArea": "50+",
        "yardMetrics": {
          "dockDoorCount": 30,
          "trailersVisible": 55,
          "trailerParkingCapacity": 90,
          "truckGateCount": 1,
          "buildingCount": 1,
          "siteAreaAcres": 13,
          "railServed": false
        }
      }
    },
    {
      "type": "Feature",
      "geometry": {
        "type": "Polygon",
        "coordinates": [
          [
            [
              -94.3664,
              38.888504
            ],
            [
              -94.3664,
              38.888236
            ],
            [
              -94.365851,
              38.888236
            ],
            [
              -94.365851,
              38.888504
            ],
            [
              -94.3664,
              38.888504
            ]
          ]
        ]
      },
      "properties": {
        "account": "performance-food-group",
        "name": "Performance Foodservice - Kansas City (Lee's Summit MO)",
        "type": "Broadline Foodservice Distribution Center",
        "archetype": "#3",
        "archetypeName": "No Gate / No GS",
        "confidence": "high",
        "zone": "truckGate"
      }
    },
    {
      "type": "Feature",
      "geometry": {
        "type": "Polygon",
        "coordinates": [
          [
            [
              -94.367361,
              38.888717
            ],
            [
              -94.367361,
              38.88829
            ],
            [
              -94.365576,
              38.88829
            ],
            [
              -94.365576,
              38.888717
            ],
            [
              -94.367361,
              38.888717
            ]
          ]
        ]
      },
      "properties": {
        "account": "performance-food-group",
        "name": "Performance Foodservice - Kansas City (Lee's Summit MO)",
        "type": "Broadline Foodservice Distribution Center",
        "archetype": "#3",
        "archetypeName": "No Gate / No GS",
        "confidence": "high",
        "zone": "dropYard",
        "index": 1
      }
    },
    {
      "type": "Feature",
      "geometry": {
        "type": "Polygon",
        "coordinates": [
          [
            [
              -94.367087,
              38.889145
            ],
            [
              -94.367087,
              38.888504
            ],
            [
              -94.366537,
              38.888504
            ],
            [
              -94.366537,
              38.889145
            ],
            [
              -94.367087,
              38.889145
            ]
          ]
        ]
      },
      "properties": {
        "account": "performance-food-group",
        "name": "Performance Foodservice - Kansas City (Lee's Summit MO)",
        "type": "Broadline Foodservice Distribution Center",
        "archetype": "#3",
        "archetypeName": "No Gate / No GS",
        "confidence": "high",
        "zone": "dockApron",
        "index": 1
      }
    },
    {
      "type": "Feature",
      "geometry": {
        "type": "Polygon",
        "coordinates": [
          [
            [
              -86.289473,
              36.176619
            ],
            [
              -86.289473,
              36.174513
            ],
            [
              -86.286452,
              36.174513
            ],
            [
              -86.286452,
              36.176619
            ],
            [
              -86.289473,
              36.176619
            ]
          ]
        ]
      },
      "properties": {
        "account": "performance-food-group",
        "name": "Performance Foodservice - Nashville (Lebanon TN)",
        "type": "Broadline Foodservice Distribution Center",
        "archetype": "#3",
        "archetypeName": "No Gate / No GS",
        "confidence": "high",
        "zone": "perimeter",
        "truckGate": false,
        "guardShack": false,
        "remoteGs": false,
        "fastLaneOpportunity": false,
        "backupSensitive": false,
        "dropYard": true,
        "multipleFacilities": true,
        "scale": false,
        "shipRcvSeparate": false,
        "urbanRural": "Rural",
        "dockDoors": "50+",
        "dropArea": "50+",
        "yardMetrics": {
          "dockDoorCount": 70,
          "trailersVisible": 110,
          "trailerParkingCapacity": 150,
          "truckGateCount": 1,
          "buildingCount": 3,
          "siteAreaAcres": 51.9,
          "railServed": false
        }
      }
    },
    {
      "type": "Feature",
      "geometry": {
        "type": "Polygon",
        "coordinates": [
          [
            [
              -86.289611,
              36.175622
            ],
            [
              -86.289611,
              36.174957
            ],
            [
              -86.288787,
              36.174957
            ],
            [
              -86.288787,
              36.175622
            ],
            [
              -86.289611,
              36.175622
            ]
          ]
        ]
      },
      "properties": {
        "account": "performance-food-group",
        "name": "Performance Foodservice - Nashville (Lebanon TN)",
        "type": "Broadline Foodservice Distribution Center",
        "archetype": "#3",
        "archetypeName": "No Gate / No GS",
        "confidence": "high",
        "zone": "truckGate"
      }
    },
    {
      "type": "Feature",
      "geometry": {
        "type": "Polygon",
        "coordinates": [
          [
            [
              -86.289473,
              36.175622
            ],
            [
              -86.289473,
              36.174513
            ],
            [
              -86.287551,
              36.174513
            ],
            [
              -86.287551,
              36.175622
            ],
            [
              -86.289473,
              36.175622
            ]
          ]
        ]
      },
      "properties": {
        "account": "performance-food-group",
        "name": "Performance Foodservice - Nashville (Lebanon TN)",
        "type": "Broadline Foodservice Distribution Center",
        "archetype": "#3",
        "archetypeName": "No Gate / No GS",
        "confidence": "high",
        "zone": "dropYard",
        "index": 1
      }
    },
    {
      "type": "Feature",
      "geometry": {
        "type": "Polygon",
        "coordinates": [
          [
            [
              -83.373423,
              36.18015
            ],
            [
              -83.374247,
              36.177489
            ],
            [
              -83.371225,
              36.177046
            ],
            [
              -83.370401,
              36.179706
            ],
            [
              -83.373423,
              36.18015
            ]
          ]
        ]
      },
      "properties": {
        "account": "performance-food-group",
        "name": "Performance Foodservice - East Tennessee (Morristown TN)",
        "type": "Broadline Foodservice Distribution Center",
        "archetype": "#1",
        "archetypeName": "Gate + GS (not BU sens.)",
        "confidence": "high",
        "zone": "perimeter",
        "truckGate": true,
        "guardShack": true,
        "remoteGs": false,
        "fastLaneOpportunity": false,
        "backupSensitive": false,
        "dropYard": true,
        "multipleFacilities": false,
        "scale": false,
        "shipRcvSeparate": false,
        "urbanRural": "Rural",
        "dockDoors": "25-50",
        "dropArea": "25-50",
        "yardMetrics": {
          "dockDoorCount": 45,
          "trailersVisible": 55,
          "trailerParkingCapacity": 90,
          "truckGateCount": 1,
          "buildingCount": 2,
          "siteAreaAcres": 51.4,
          "railServed": false
        }
      }
    },
    {
      "type": "Feature",
      "geometry": {
        "type": "Polygon",
        "coordinates": [
          [
            [
              -83.37356,
              36.178154
            ],
            [
              -83.373697,
              36.177489
            ],
            [
              -83.372736,
              36.177378
            ],
            [
              -83.372599,
              36.178043
            ],
            [
              -83.37356,
              36.178154
            ]
          ]
        ]
      },
      "properties": {
        "account": "performance-food-group",
        "name": "Performance Foodservice - East Tennessee (Morristown TN)",
        "type": "Broadline Foodservice Distribution Center",
        "archetype": "#1",
        "archetypeName": "Gate + GS (not BU sens.)",
        "confidence": "high",
        "zone": "truckGate"
      }
    },
    {
      "type": "Feature",
      "geometry": {
        "type": "Polygon",
        "coordinates": [
          [
            [
              -83.37356,
              36.179374
            ],
            [
              -83.373697,
              36.178709
            ],
            [
              -83.371637,
              36.178487
            ],
            [
              -83.3715,
              36.179152
            ],
            [
              -83.37356,
              36.179374
            ]
          ]
        ]
      },
      "properties": {
        "account": "performance-food-group",
        "name": "Performance Foodservice - East Tennessee (Morristown TN)",
        "type": "Broadline Foodservice Distribution Center",
        "archetype": "#1",
        "archetypeName": "Gate + GS (not BU sens.)",
        "confidence": "high",
        "zone": "dockApron",
        "index": 1
      }
    },
    {
      "type": "Feature",
      "geometry": {
        "type": "Polygon",
        "coordinates": [
          [
            [
              -85.550099,
              38.211879
            ],
            [
              -85.550099,
              38.2108
            ],
            [
              -85.548313,
              38.2108
            ],
            [
              -85.548313,
              38.211879
            ],
            [
              -85.550099,
              38.211879
            ]
          ]
        ]
      },
      "properties": {
        "account": "performance-food-group",
        "name": "Performance Foodservice - Louisville KY",
        "type": "Broadline Foodservice Distribution Center",
        "archetype": "#3",
        "archetypeName": "No Gate / No GS",
        "confidence": "medium",
        "zone": "perimeter",
        "truckGate": false,
        "guardShack": false,
        "remoteGs": false,
        "fastLaneOpportunity": false,
        "backupSensitive": false,
        "dropYard": false,
        "multipleFacilities": false,
        "scale": false,
        "shipRcvSeparate": false,
        "urbanRural": "Urban",
        "dockDoors": "25-50",
        "dropArea": "10-25",
        "yardMetrics": {
          "dockDoorCount": 28,
          "trailersVisible": 14,
          "trailerParkingCapacity": 25,
          "truckGateCount": 1,
          "buildingCount": 1,
          "siteAreaAcres": 21.8,
          "railServed": false
        }
      }
    },
    {
      "type": "Feature",
      "geometry": {
        "type": "Polygon",
        "coordinates": [
          [
            [
              -85.550167,
              38.211232
            ],
            [
              -85.550167,
              38.210908
            ],
            [
              -85.549687,
              38.210908
            ],
            [
              -85.549687,
              38.211232
            ],
            [
              -85.550167,
              38.211232
            ]
          ]
        ]
      },
      "properties": {
        "account": "performance-food-group",
        "name": "Performance Foodservice - Louisville KY",
        "type": "Broadline Foodservice Distribution Center",
        "archetype": "#3",
        "archetypeName": "No Gate / No GS",
        "confidence": "medium",
        "zone": "truckGate"
      }
    },
    {
      "type": "Feature",
      "geometry": {
        "type": "Polygon",
        "coordinates": [
          [
            [
              -85.549961,
              38.211016
            ],
            [
              -85.549961,
              38.2108
            ],
            [
              -85.548657,
              38.2108
            ],
            [
              -85.548657,
              38.211016
            ],
            [
              -85.549961,
              38.211016
            ]
          ]
        ]
      },
      "properties": {
        "account": "performance-food-group",
        "name": "Performance Foodservice - Louisville KY",
        "type": "Broadline Foodservice Distribution Center",
        "archetype": "#3",
        "archetypeName": "No Gate / No GS",
        "confidence": "medium",
        "zone": "dockApron",
        "index": 1
      }
    },
    {
      "type": "Feature",
      "geometry": {
        "type": "Polygon",
        "coordinates": [
          [
            [
              -84.450061,
              39.232215
            ],
            [
              -84.450473,
              39.228598
            ],
            [
              -84.447727,
              39.228172
            ],
            [
              -84.446903,
              39.232002
            ],
            [
              -84.450061,
              39.232215
            ]
          ]
        ]
      },
      "properties": {
        "account": "performance-food-group",
        "name": "Performance Foodservice - Cincinnati OH",
        "type": "Broadline Foodservice Distribution Center",
        "archetype": "#3",
        "archetypeName": "No Gate / No GS",
        "confidence": "high",
        "zone": "perimeter",
        "truckGate": false,
        "guardShack": false,
        "remoteGs": false,
        "fastLaneOpportunity": false,
        "backupSensitive": false,
        "dropYard": true,
        "multipleFacilities": false,
        "scale": false,
        "shipRcvSeparate": false,
        "urbanRural": "Urban",
        "dockDoors": "25-50",
        "dropArea": "50+",
        "yardMetrics": {
          "dockDoorCount": 35,
          "trailersVisible": 75,
          "trailerParkingCapacity": 110,
          "truckGateCount": 2,
          "buildingCount": 2,
          "siteAreaAcres": 42.7,
          "railServed": false
        }
      }
    },
    {
      "type": "Feature",
      "geometry": {
        "type": "Polygon",
        "coordinates": [
          [
            [
              -84.449787,
              39.232002
            ],
            [
              -84.449924,
              39.23147
            ],
            [
              -84.448963,
              39.231364
            ],
            [
              -84.448825,
              39.231896
            ],
            [
              -84.449787,
              39.232002
            ]
          ]
        ]
      },
      "properties": {
        "account": "performance-food-group",
        "name": "Performance Foodservice - Cincinnati OH",
        "type": "Broadline Foodservice Distribution Center",
        "archetype": "#3",
        "archetypeName": "No Gate / No GS",
        "confidence": "high",
        "zone": "truckGate"
      }
    },
    {
      "type": "Feature",
      "geometry": {
        "type": "Polygon",
        "coordinates": [
          [
            [
              -84.449787,
              39.231151
            ],
            [
              -84.449924,
              39.230406
            ],
            [
              -84.448551,
              39.2303
            ],
            [
              -84.448413,
              39.231045
            ],
            [
              -84.449787,
              39.231151
            ]
          ]
        ]
      },
      "properties": {
        "account": "performance-food-group",
        "name": "Performance Foodservice - Cincinnati OH",
        "type": "Broadline Foodservice Distribution Center",
        "archetype": "#3",
        "archetypeName": "No Gate / No GS",
        "confidence": "high",
        "zone": "dockApron",
        "index": 1
      }
    },
    {
      "type": "Feature",
      "geometry": {
        "type": "Polygon",
        "coordinates": [
          [
            [
              -76.495609,
              40.78785
            ],
            [
              -76.495059,
              40.786186
            ],
            [
              -76.489154,
              40.787226
            ],
            [
              -76.489703,
              40.78889
            ],
            [
              -76.495609,
              40.78785
            ]
          ]
        ]
      },
      "properties": {
        "account": "performance-food-group",
        "name": "Performance Foodservice - Eastern PA (Coal Township PA)",
        "type": "Broadline Foodservice Distribution Center",
        "archetype": "#3",
        "archetypeName": "No Gate / No GS",
        "confidence": "medium",
        "zone": "perimeter",
        "truckGate": false,
        "guardShack": false,
        "remoteGs": false,
        "fastLaneOpportunity": false,
        "backupSensitive": false,
        "dropYard": true,
        "multipleFacilities": true,
        "scale": false,
        "shipRcvSeparate": false,
        "urbanRural": "Rural",
        "dockDoors": "25-50",
        "dropArea": "25-50",
        "yardMetrics": {
          "dockDoorCount": 42,
          "trailersVisible": 36,
          "trailerParkingCapacity": 70,
          "truckGateCount": 1,
          "buildingCount": 2,
          "siteAreaAcres": 24.5,
          "railServed": false
        }
      }
    },
    {
      "type": "Feature",
      "geometry": {
        "type": "Polygon",
        "coordinates": [
          [
            [
              -76.495609,
              40.787018
            ],
            [
              -76.495471,
              40.786394
            ],
            [
              -76.49451,
              40.786602
            ],
            [
              -76.494647,
              40.787226
            ],
            [
              -76.495609,
              40.787018
            ]
          ]
        ]
      },
      "properties": {
        "account": "performance-food-group",
        "name": "Performance Foodservice - Eastern PA (Coal Township PA)",
        "type": "Broadline Foodservice Distribution Center",
        "archetype": "#3",
        "archetypeName": "No Gate / No GS",
        "confidence": "medium",
        "zone": "truckGate"
      }
    },
    {
      "type": "Feature",
      "geometry": {
        "type": "Polygon",
        "coordinates": [
          [
            [
              -76.495197,
              40.78837
            ],
            [
              -76.494922,
              40.787538
            ],
            [
              -76.492862,
              40.78785
            ],
            [
              -76.493137,
              40.788682
            ],
            [
              -76.495197,
              40.78837
            ]
          ]
        ]
      },
      "properties": {
        "account": "performance-food-group",
        "name": "Performance Foodservice - Eastern PA (Coal Township PA)",
        "type": "Broadline Foodservice Distribution Center",
        "archetype": "#3",
        "archetypeName": "No Gate / No GS",
        "confidence": "medium",
        "zone": "dropYard",
        "index": 1
      }
    },
    {
      "type": "Feature",
      "geometry": {
        "type": "Polygon",
        "coordinates": [
          [
            [
              -76.49245,
              40.788578
            ],
            [
              -76.492313,
              40.788058
            ],
            [
              -76.489566,
              40.788162
            ],
            [
              -76.489703,
              40.788682
            ],
            [
              -76.49245,
              40.788578
            ]
          ]
        ]
      },
      "properties": {
        "account": "performance-food-group",
        "name": "Performance Foodservice - Eastern PA (Coal Township PA)",
        "type": "Broadline Foodservice Distribution Center",
        "archetype": "#3",
        "archetypeName": "No Gate / No GS",
        "confidence": "medium",
        "zone": "dockApron",
        "index": 1
      }
    },
    {
      "type": "Feature",
      "geometry": {
        "type": "Polygon",
        "coordinates": [
          [
            [
              -79.593323,
              40.180938
            ],
            [
              -79.592224,
              40.179941
            ],
            [
              -79.589477,
              40.18141
            ],
            [
              -79.590576,
              40.182407
            ],
            [
              -79.593323,
              40.180938
            ]
          ]
        ]
      },
      "properties": {
        "account": "performance-food-group",
        "name": "Performance Foodservice - Pittsburgh (Mt. Pleasant PA)",
        "type": "Broadline Foodservice Distribution Center",
        "archetype": "#3",
        "archetypeName": "No Gate / No GS",
        "confidence": "high",
        "zone": "perimeter",
        "truckGate": false,
        "guardShack": false,
        "remoteGs": false,
        "fastLaneOpportunity": false,
        "backupSensitive": false,
        "dropYard": true,
        "multipleFacilities": false,
        "scale": false,
        "shipRcvSeparate": true,
        "urbanRural": "Rural",
        "dockDoors": "50+",
        "dropArea": "25-50",
        "yardMetrics": {
          "dockDoorCount": 58,
          "trailersVisible": 34,
          "trailerParkingCapacity": 55,
          "truckGateCount": 1,
          "buildingCount": 1,
          "siteAreaAcres": 30.5,
          "railServed": false
        }
      }
    },
    {
      "type": "Feature",
      "geometry": {
        "type": "Polygon",
        "coordinates": [
          [
            [
              -79.593185,
              40.180938
            ],
            [
              -79.592911,
              40.180675
            ],
            [
              -79.59243,
              40.180938
            ],
            [
              -79.592705,
              40.1812
            ],
            [
              -79.593185,
              40.180938
            ]
          ]
        ]
      },
      "properties": {
        "account": "performance-food-group",
        "name": "Performance Foodservice - Pittsburgh (Mt. Pleasant PA)",
        "type": "Broadline Foodservice Distribution Center",
        "archetype": "#3",
        "archetypeName": "No Gate / No GS",
        "confidence": "high",
        "zone": "truckGate"
      }
    },
    {
      "type": "Feature",
      "geometry": {
        "type": "Polygon",
        "coordinates": [
          [
            [
              -79.591057,
              40.180938
            ],
            [
              -79.590645,
              40.180466
            ],
            [
              -79.589477,
              40.18099
            ],
            [
              -79.589889,
              40.181462
            ],
            [
              -79.591057,
              40.180938
            ]
          ]
        ]
      },
      "properties": {
        "account": "performance-food-group",
        "name": "Performance Foodservice - Pittsburgh (Mt. Pleasant PA)",
        "type": "Broadline Foodservice Distribution Center",
        "archetype": "#3",
        "archetypeName": "No Gate / No GS",
        "confidence": "high",
        "zone": "dropYard",
        "index": 1
      }
    },
    {
      "type": "Feature",
      "geometry": {
        "type": "Polygon",
        "coordinates": [
          [
            [
              -79.591743,
              40.18057
            ],
            [
              -79.591537,
              40.180308
            ],
            [
              -79.59037,
              40.180938
            ],
            [
              -79.590576,
              40.1812
            ],
            [
              -79.591743,
              40.18057
            ]
          ]
        ]
      },
      "properties": {
        "account": "performance-food-group",
        "name": "Performance Foodservice - Pittsburgh (Mt. Pleasant PA)",
        "type": "Broadline Foodservice Distribution Center",
        "archetype": "#3",
        "archetypeName": "No Gate / No GS",
        "confidence": "high",
        "zone": "dockApron",
        "index": 1
      }
    },
    {
      "type": "Feature",
      "geometry": {
        "type": "Polygon",
        "coordinates": [
          [
            [
              -77.543249,
              38.7925
            ],
            [
              -77.543249,
              38.791216
            ],
            [
              -77.541601,
              38.791216
            ],
            [
              -77.541601,
              38.7925
            ],
            [
              -77.543249,
              38.7925
            ]
          ]
        ]
      },
      "properties": {
        "account": "performance-food-group",
        "name": "Performance Foodservice - Manassas VA",
        "type": "Broadline Foodservice Distribution Center",
        "archetype": "#3",
        "archetypeName": "No Gate / No GS",
        "confidence": "high",
        "zone": "perimeter",
        "truckGate": false,
        "guardShack": false,
        "remoteGs": false,
        "fastLaneOpportunity": false,
        "backupSensitive": false,
        "dropYard": true,
        "multipleFacilities": false,
        "scale": false,
        "shipRcvSeparate": false,
        "urbanRural": "Urban",
        "dockDoors": "25-50",
        "dropArea": "10-25",
        "yardMetrics": {
          "dockDoorCount": 32,
          "trailersVisible": 24,
          "trailerParkingCapacity": 35,
          "truckGateCount": 1,
          "buildingCount": 1,
          "siteAreaAcres": 11.5,
          "railServed": false
        }
      }
    },
    {
      "type": "Feature",
      "geometry": {
        "type": "Polygon",
        "coordinates": [
          [
            [
              -77.543318,
              38.792232
            ],
            [
              -77.543318,
              38.791911
            ],
            [
              -77.542837,
              38.791911
            ],
            [
              -77.542837,
              38.792232
            ],
            [
              -77.543318,
              38.792232
            ]
          ]
        ]
      },
      "properties": {
        "account": "performance-food-group",
        "name": "Performance Foodservice - Manassas VA",
        "type": "Broadline Foodservice Distribution Center",
        "archetype": "#3",
        "archetypeName": "No Gate / No GS",
        "confidence": "high",
        "zone": "truckGate"
      }
    },
    {
      "type": "Feature",
      "geometry": {
        "type": "Polygon",
        "coordinates": [
          [
            [
              -77.543043,
              38.791697
            ],
            [
              -77.543043,
              38.791483
            ],
            [
              -77.541876,
              38.791483
            ],
            [
              -77.541876,
              38.791697
            ],
            [
              -77.543043,
              38.791697
            ]
          ]
        ]
      },
      "properties": {
        "account": "performance-food-group",
        "name": "Performance Foodservice - Manassas VA",
        "type": "Broadline Foodservice Distribution Center",
        "archetype": "#3",
        "archetypeName": "No Gate / No GS",
        "confidence": "high",
        "zone": "dockApron",
        "index": 1
      }
    },
    {
      "type": "Feature",
      "geometry": {
        "type": "Polygon",
        "coordinates": [
          [
            [
              -77.468791,
              37.695387
            ],
            [
              -77.468723,
              37.694409
            ],
            [
              -77.467624,
              37.693648
            ],
            [
              -77.467143,
              37.69267
            ],
            [
              -77.465427,
              37.693105
            ],
            [
              -77.465152,
              37.694028
            ],
            [
              -77.464877,
              37.695169
            ],
            [
              -77.466113,
              37.695495
            ],
            [
              -77.468791,
              37.695387
            ]
          ]
        ]
      },
      "properties": {
        "account": "performance-food-group",
        "name": "Performance Foodservice - Glen Allen VA",
        "type": "Broadline Foodservice Distribution Center",
        "archetype": "#3",
        "archetypeName": "No Gate / No GS",
        "confidence": "medium",
        "zone": "perimeter",
        "truckGate": false,
        "guardShack": false,
        "remoteGs": false,
        "fastLaneOpportunity": true,
        "backupSensitive": false,
        "dropYard": true,
        "multipleFacilities": false,
        "scale": false,
        "shipRcvSeparate": false,
        "urbanRural": "Urban",
        "dockDoors": "50+",
        "dropArea": "25-50",
        "yardMetrics": {
          "dockDoorCount": 70,
          "trailersVisible": 22,
          "trailerParkingCapacity": 60,
          "truckGateCount": 2,
          "buildingCount": 1,
          "siteAreaAcres": 30,
          "railServed": false
        }
      }
    },
    {
      "type": "Feature",
      "geometry": {
        "type": "Polygon",
        "coordinates": [
          [
            [
              -77.468585,
              37.694572
            ],
            [
              -77.468585,
              37.694246
            ],
            [
              -77.468105,
              37.694246
            ],
            [
              -77.468105,
              37.694572
            ],
            [
              -77.468585,
              37.694572
            ]
          ]
        ]
      },
      "properties": {
        "account": "performance-food-group",
        "name": "Performance Foodservice - Glen Allen VA",
        "type": "Broadline Foodservice Distribution Center",
        "archetype": "#3",
        "archetypeName": "No Gate / No GS",
        "confidence": "medium",
        "zone": "truckGate"
      }
    },
    {
      "type": "Feature",
      "geometry": {
        "type": "Polygon",
        "coordinates": [
          [
            [
              -77.468379,
              37.694789
            ],
            [
              -77.468379,
              37.694137
            ],
            [
              -77.468105,
              37.694137
            ],
            [
              -77.468105,
              37.694789
            ],
            [
              -77.468379,
              37.694789
            ]
          ]
        ]
      },
      "properties": {
        "account": "performance-food-group",
        "name": "Performance Foodservice - Glen Allen VA",
        "type": "Broadline Foodservice Distribution Center",
        "archetype": "#3",
        "archetypeName": "No Gate / No GS",
        "confidence": "medium",
        "zone": "dockApron",
        "index": 1
      }
    },
    {
      "type": "Feature",
      "geometry": {
        "type": "Polygon",
        "coordinates": [
          [
            [
              -76.547821,
              36.76918
            ],
            [
              -76.548096,
              36.7661
            ],
            [
              -76.542877,
              36.76588
            ],
            [
              -76.542603,
              36.76896
            ],
            [
              -76.547821,
              36.76918
            ]
          ]
        ]
      },
      "properties": {
        "account": "performance-food-group",
        "name": "Performance Foodservice - Tidewater (Suffolk VA)",
        "type": "Broadline Foodservice Distribution Center",
        "archetype": "#3",
        "archetypeName": "No Gate / No GS",
        "confidence": "medium",
        "zone": "perimeter",
        "truckGate": false,
        "guardShack": false,
        "remoteGs": false,
        "fastLaneOpportunity": false,
        "backupSensitive": false,
        "dropYard": true,
        "multipleFacilities": false,
        "scale": false,
        "shipRcvSeparate": false,
        "urbanRural": "Rural",
        "dockDoors": "50+",
        "dropArea": "50+",
        "yardMetrics": {
          "dockDoorCount": 55,
          "trailersVisible": 60,
          "trailerParkingCapacity": 90,
          "truckGateCount": 2,
          "buildingCount": 1,
          "siteAreaAcres": 38,
          "railServed": true
        }
      }
    },
    {
      "type": "Feature",
      "geometry": {
        "type": "Polygon",
        "coordinates": [
          [
            [
              -76.547959,
              36.76764
            ],
            [
              -76.548096,
              36.76698
            ],
            [
              -76.547135,
              36.76687
            ],
            [
              -76.546997,
              36.76753
            ],
            [
              -76.547959,
              36.76764
            ]
          ]
        ]
      },
      "properties": {
        "account": "performance-food-group",
        "name": "Performance Foodservice - Tidewater (Suffolk VA)",
        "type": "Broadline Foodservice Distribution Center",
        "archetype": "#3",
        "archetypeName": "No Gate / No GS",
        "confidence": "medium",
        "zone": "truckGate"
      }
    },
    {
      "type": "Feature",
      "geometry": {
        "type": "Polygon",
        "coordinates": [
          [
            [
              -76.547547,
              36.76896
            ],
            [
              -76.547547,
              36.76852
            ],
            [
              -76.543701,
              36.7683
            ],
            [
              -76.543701,
              36.76874
            ],
            [
              -76.547547,
              36.76896
            ]
          ]
        ]
      },
      "properties": {
        "account": "performance-food-group",
        "name": "Performance Foodservice - Tidewater (Suffolk VA)",
        "type": "Broadline Foodservice Distribution Center",
        "archetype": "#3",
        "archetypeName": "No Gate / No GS",
        "confidence": "medium",
        "zone": "dockApron",
        "index": 1
      }
    },
    {
      "type": "Feature",
      "geometry": {
        "type": "Polygon",
        "coordinates": [
          [
            [
              -81.365197,
              35.740149
            ],
            [
              -81.365197,
              35.736582
            ],
            [
              -81.363275,
              35.736582
            ],
            [
              -81.363275,
              35.740149
            ],
            [
              -81.365197,
              35.740149
            ]
          ]
        ]
      },
      "properties": {
        "account": "performance-food-group",
        "name": "Performance Foodservice - Hickory NC",
        "type": "Broadline Foodservice Distribution Center",
        "archetype": "#9",
        "archetypeName": "Gate + No GS (remote check-in)",
        "confidence": "medium",
        "zone": "perimeter",
        "truckGate": true,
        "guardShack": false,
        "remoteGs": true,
        "fastLaneOpportunity": false,
        "backupSensitive": false,
        "dropYard": true,
        "multipleFacilities": false,
        "scale": false,
        "shipRcvSeparate": false,
        "urbanRural": "Rural",
        "dockDoors": "25-50",
        "dropArea": "25-50",
        "yardMetrics": {
          "dockDoorCount": 35,
          "trailersVisible": 45,
          "trailerParkingCapacity": 70,
          "truckGateCount": 1,
          "buildingCount": 2,
          "siteAreaAcres": 14,
          "railServed": true
        }
      }
    },
    {
      "type": "Feature",
      "geometry": {
        "type": "Polygon",
        "coordinates": [
          [
            [
              -81.365266,
              35.739815
            ],
            [
              -81.365266,
              35.73948
            ],
            [
              -81.364785,
              35.73948
            ],
            [
              -81.364785,
              35.739815
            ],
            [
              -81.365266,
              35.739815
            ]
          ]
        ]
      },
      "properties": {
        "account": "performance-food-group",
        "name": "Performance Foodservice - Hickory NC",
        "type": "Broadline Foodservice Distribution Center",
        "archetype": "#9",
        "archetypeName": "Gate + No GS (remote check-in)",
        "confidence": "medium",
        "zone": "truckGate"
      }
    },
    {
      "type": "Feature",
      "geometry": {
        "type": "Polygon",
        "coordinates": [
          [
            [
              -81.365197,
              35.739257
            ],
            [
              -81.365197,
              35.738031
            ],
            [
              -81.364373,
              35.738031
            ],
            [
              -81.364373,
              35.739257
            ],
            [
              -81.365197,
              35.739257
            ]
          ]
        ]
      },
      "properties": {
        "account": "performance-food-group",
        "name": "Performance Foodservice - Hickory NC",
        "type": "Broadline Foodservice Distribution Center",
        "archetype": "#9",
        "archetypeName": "Gate + No GS (remote check-in)",
        "confidence": "medium",
        "zone": "dropYard",
        "index": 1
      }
    },
    {
      "type": "Feature",
      "geometry": {
        "type": "Polygon",
        "coordinates": [
          [
            [
              -81.364305,
              35.739815
            ],
            [
              -81.364305,
              35.739592
            ],
            [
              -81.363343,
              35.739592
            ],
            [
              -81.363343,
              35.739815
            ],
            [
              -81.364305,
              35.739815
            ]
          ]
        ]
      },
      "properties": {
        "account": "performance-food-group",
        "name": "Performance Foodservice - Hickory NC",
        "type": "Broadline Foodservice Distribution Center",
        "archetype": "#9",
        "archetypeName": "Gate + No GS (remote check-in)",
        "confidence": "medium",
        "zone": "dockApron",
        "index": 1
      }
    },
    {
      "type": "Feature",
      "geometry": {
        "type": "Polygon",
        "coordinates": [
          [
            [
              -90.195924,
              29.954584
            ],
            [
              -90.195924,
              29.954049
            ],
            [
              -90.194276,
              29.954049
            ],
            [
              -90.194276,
              29.954584
            ],
            [
              -90.195924,
              29.954584
            ]
          ]
        ]
      },
      "properties": {
        "account": "performance-food-group",
        "name": "Performance Foodservice - New Orleans (Harahan LA)",
        "type": "Broadline Foodservice Distribution Center",
        "archetype": "#9",
        "archetypeName": "Gate + No GS (remote check-in)",
        "confidence": "medium",
        "zone": "perimeter",
        "truckGate": true,
        "guardShack": false,
        "remoteGs": true,
        "fastLaneOpportunity": false,
        "backupSensitive": true,
        "dropYard": true,
        "multipleFacilities": false,
        "scale": false,
        "shipRcvSeparate": false,
        "urbanRural": "Urban",
        "dockDoors": "25-50",
        "dropArea": "25-50",
        "yardMetrics": {
          "dockDoorCount": 30,
          "trailersVisible": 35,
          "trailerParkingCapacity": 55,
          "truckGateCount": 1,
          "buildingCount": 1,
          "siteAreaAcres": 9.5,
          "railServed": false
        }
      }
    },
    {
      "type": "Feature",
      "geometry": {
        "type": "Polygon",
        "coordinates": [
          [
            [
              -90.195958,
              29.954197
            ],
            [
              -90.195958,
              29.954019
            ],
            [
              -90.195718,
              29.954019
            ],
            [
              -90.195718,
              29.954197
            ],
            [
              -90.195958,
              29.954197
            ]
          ]
        ]
      },
      "properties": {
        "account": "performance-food-group",
        "name": "Performance Foodservice - New Orleans (Harahan LA)",
        "type": "Broadline Foodservice Distribution Center",
        "archetype": "#9",
        "archetypeName": "Gate + No GS (remote check-in)",
        "confidence": "medium",
        "zone": "truckGate"
      }
    },
    {
      "type": "Feature",
      "geometry": {
        "type": "Polygon",
        "coordinates": [
          [
            [
              -90.195855,
              29.954078
            ],
            [
              -90.195855,
              29.9539
            ],
            [
              -90.194928,
              29.9539
            ],
            [
              -90.194928,
              29.954078
            ],
            [
              -90.195855,
              29.954078
            ]
          ]
        ]
      },
      "properties": {
        "account": "performance-food-group",
        "name": "Performance Foodservice - New Orleans (Harahan LA)",
        "type": "Broadline Foodservice Distribution Center",
        "archetype": "#9",
        "archetypeName": "Gate + No GS (remote check-in)",
        "confidence": "medium",
        "zone": "dockApron",
        "index": 1
      }
    },
    {
      "type": "Feature",
      "geometry": {
        "type": "Polygon",
        "coordinates": [
          [
            [
              -92.328373,
              34.72098
            ],
            [
              -92.329747,
              34.718045
            ],
            [
              -92.327549,
              34.717707
            ],
            [
              -92.326176,
              34.720642
            ],
            [
              -92.328373,
              34.72098
            ]
          ]
        ]
      },
      "properties": {
        "account": "performance-food-group",
        "name": "Performance Foodservice - Little Rock AR",
        "type": "Broadline Foodservice Distribution Center",
        "archetype": "#9",
        "archetypeName": "Gate + No GS (remote check-in)",
        "confidence": "high",
        "zone": "perimeter",
        "truckGate": true,
        "guardShack": false,
        "remoteGs": true,
        "fastLaneOpportunity": false,
        "backupSensitive": false,
        "dropYard": true,
        "multipleFacilities": false,
        "scale": false,
        "shipRcvSeparate": false,
        "urbanRural": "Urban",
        "dockDoors": "25-50",
        "dropArea": "25-50",
        "yardMetrics": {
          "dockDoorCount": 40,
          "trailersVisible": 40,
          "trailerParkingCapacity": 65,
          "truckGateCount": 1,
          "buildingCount": 2,
          "siteAreaAcres": 17,
          "railServed": false
        }
      }
    },
    {
      "type": "Feature",
      "geometry": {
        "type": "Polygon",
        "coordinates": [
          [
            [
              -92.328373,
              34.720867
            ],
            [
              -92.328442,
              34.720529
            ],
            [
              -92.327961,
              34.720472
            ],
            [
              -92.327893,
              34.720811
            ],
            [
              -92.328373,
              34.720867
            ]
          ]
        ]
      },
      "properties": {
        "account": "performance-food-group",
        "name": "Performance Foodservice - Little Rock AR",
        "type": "Broadline Foodservice Distribution Center",
        "archetype": "#9",
        "archetypeName": "Gate + No GS (remote check-in)",
        "confidence": "high",
        "zone": "truckGate"
      }
    },
    {
      "type": "Feature",
      "geometry": {
        "type": "Polygon",
        "coordinates": [
          [
            [
              -92.329609,
              34.718723
            ],
            [
              -92.329747,
              34.717989
            ],
            [
              -92.328648,
              34.71782
            ],
            [
              -92.328511,
              34.718553
            ],
            [
              -92.329609,
              34.718723
            ]
          ]
        ]
      },
      "properties": {
        "account": "performance-food-group",
        "name": "Performance Foodservice - Little Rock AR",
        "type": "Broadline Foodservice Distribution Center",
        "archetype": "#9",
        "archetypeName": "Gate + No GS (remote check-in)",
        "confidence": "high",
        "zone": "dropYard",
        "index": 1
      }
    },
    {
      "type": "Feature",
      "geometry": {
        "type": "Polygon",
        "coordinates": [
          [
            [
              -92.328099,
              34.719964
            ],
            [
              -92.328236,
              34.7194
            ],
            [
              -92.327412,
              34.719287
            ],
            [
              -92.327275,
              34.719852
            ],
            [
              -92.328099,
              34.719964
            ]
          ]
        ]
      },
      "properties": {
        "account": "performance-food-group",
        "name": "Performance Foodservice - Little Rock AR",
        "type": "Broadline Foodservice Distribution Center",
        "archetype": "#9",
        "archetypeName": "Gate + No GS (remote check-in)",
        "confidence": "high",
        "zone": "dockApron",
        "index": 1
      }
    },
    {
      "type": "Feature",
      "geometry": {
        "type": "Polygon",
        "coordinates": [
          [
            [
              -97.348373,
              31.14474
            ],
            [
              -97.348373,
              31.141214
            ],
            [
              -97.345627,
              31.141214
            ],
            [
              -97.345627,
              31.14474
            ],
            [
              -97.348373,
              31.14474
            ]
          ]
        ]
      },
      "properties": {
        "account": "performance-food-group",
        "name": "Performance Foodservice - Temple TX",
        "type": "Broadline Foodservice Distribution Center",
        "archetype": "#9",
        "archetypeName": "Gate + No GS (remote check-in)",
        "confidence": "high",
        "zone": "perimeter",
        "truckGate": true,
        "guardShack": false,
        "remoteGs": true,
        "fastLaneOpportunity": true,
        "backupSensitive": false,
        "dropYard": true,
        "multipleFacilities": false,
        "scale": false,
        "shipRcvSeparate": false,
        "urbanRural": "Rural",
        "dockDoors": "25-50",
        "dropArea": "50+",
        "yardMetrics": {
          "dockDoorCount": 45,
          "trailersVisible": 70,
          "trailerParkingCapacity": 120,
          "truckGateCount": 2,
          "buildingCount": 2,
          "siteAreaAcres": 36,
          "railServed": false
        }
      }
    },
    {
      "type": "Feature",
      "geometry": {
        "type": "Polygon",
        "coordinates": [
          [
            [
              -97.348511,
              31.14239
            ],
            [
              -97.348511,
              31.141684
            ],
            [
              -97.347549,
              31.141684
            ],
            [
              -97.347549,
              31.14239
            ],
            [
              -97.348511,
              31.14239
            ]
          ]
        ]
      },
      "properties": {
        "account": "performance-food-group",
        "name": "Performance Foodservice - Temple TX",
        "type": "Broadline Foodservice Distribution Center",
        "archetype": "#9",
        "archetypeName": "Gate + No GS (remote check-in)",
        "confidence": "high",
        "zone": "truckGate"
      }
    },
    {
      "type": "Feature",
      "geometry": {
        "type": "Polygon",
        "coordinates": [
          [
            [
              -97.347549,
              31.14427
            ],
            [
              -97.347549,
              31.14286
            ],
            [
              -97.345627,
              31.14286
            ],
            [
              -97.345627,
              31.14427
            ],
            [
              -97.347549,
              31.14427
            ]
          ]
        ]
      },
      "properties": {
        "account": "performance-food-group",
        "name": "Performance Foodservice - Temple TX",
        "type": "Broadline Foodservice Distribution Center",
        "archetype": "#9",
        "archetypeName": "Gate + No GS (remote check-in)",
        "confidence": "high",
        "zone": "dropYard",
        "index": 1
      }
    },
    {
      "type": "Feature",
      "geometry": {
        "type": "Polygon",
        "coordinates": [
          [
            [
              -97.348099,
              31.142625
            ],
            [
              -97.348099,
              31.142154
            ],
            [
              -97.345901,
              31.142154
            ],
            [
              -97.345901,
              31.142625
            ],
            [
              -97.348099,
              31.142625
            ]
          ]
        ]
      },
      "properties": {
        "account": "performance-food-group",
        "name": "Performance Foodservice - Temple TX",
        "type": "Broadline Foodservice Distribution Center",
        "archetype": "#9",
        "archetypeName": "Gate + No GS (remote check-in)",
        "confidence": "high",
        "zone": "dockApron",
        "index": 1
      }
    }
  ]
}
